model,phase,H,series_id,tier,sb_class,intermittency,cat_id,n,MAE,RMSE,sMAPE,WAPE,bias,mean_actual
Naive,val,3,FOODS_3_449_CA_3,high,smooth,regular,FOODS,289,8.92733564013841,11.416615100195887,49.7838874660962,45.891141942369266,-0.04152249134948097,19.453287197231834
Naive,val,3,HOUSEHOLD_1_114_CA_3,high,smooth,regular,HOUSEHOLD,289,6.626297577854671,9.27716249424557,58.78479962496805,54.902522935779814,0.1695501730103806,12.069204152249135
Naive,val,3,FOODS_3_784_CA_3,medium,intermittent,intermittent,FOODS,289,2.2145328719723185,3.5460392642591847,99.4441021092142,141.5929203539823,0.05536332179930796,1.5640138408304498
Naive,val,3,HOUSEHOLD_2_270_CA_3,medium,intermittent,intermittent,HOUSEHOLD,289,0.9896193771626297,2.030903117839067,52.068220130503875,99.30555555555556,0.0,0.9965397923875432
Naive,val,3,HOBBIES_1_377_CA_3,low,intermittent,intermittent,HOBBIES,289,1.5778546712802768,2.1290542436298656,141.21931125391333,156.16438356164383,-0.01384083044982699,1.0103806228373702
Naive,val,3,HOUSEHOLD_2_228_CA_3,low,intermittent,intermittent,HOUSEHOLD,289,1.5017301038062283,2.315884668827003,118.70983687592684,141.83006535947712,-0.020761245674740483,1.0588235294117647
Naive,val,3,FOODS_2_347_TX_2,high,smooth,regular,FOODS,289,7.159169550173011,8.798198934911047,73.76031724926712,63.739987677141094,-0.13494809688581316,11.231833910034602
Naive,val,3,HOUSEHOLD_1_247_TX_2,high,smooth,regular,HOUSEHOLD,289,6.470588235294118,8.310163868986686,69.53541974591208,62.878278412911904,0.006920415224913495,10.290657439446367
Naive,val,3,FOODS_3_729_TX_2,medium,lumpy,intermittent,FOODS,289,4.145328719723183,5.700725383334455,112.05758401304331,102.92096219931271,-0.020761245674740483,4.027681660899654
Naive,val,3,HOBBIES_1_034_TX_2,medium,intermittent,intermittent,HOBBIES,289,3.083044982698962,4.2965343723117995,113.50827844207384,98.45303867403315,-0.01730103806228374,3.131487889273356
Naive,val,3,FOODS_2_196_TX_2,low,intermittent,intermittent,FOODS,289,2.633217993079585,3.5572432077037304,123.6251009055193,112.90801186943621,-0.01730103806228374,2.332179930795848
Naive,val,3,HOUSEHOLD_2_315_TX_2,low,intermittent,intermittent,HOUSEHOLD,289,1.6297577854671281,2.3522057674273182,125.24348776943934,147.1875,-0.03806228373702422,1.1072664359861593
Naive,val,3,FOODS_2_056_WI_3,high,intermittent,intermittent,FOODS,289,7.249134948096886,9.31104192505349,60.93045534883713,54.929208180388045,-0.0657439446366782,13.197231833910035
Naive,val,3,HOBBIES_1_312_WI_3,high,lumpy,intermittent,HOBBIES,289,5.505190311418685,9.922362984553217,84.49437976260545,118.20208023774146,-0.03806228373702422,4.657439446366782
Naive,val,3,FOODS_3_128_WI_3,medium,intermittent,intermittent,FOODS,289,2.134948096885813,3.3207953355935165,97.05856427309713,120.5078125,0.0034602076124567475,1.7716262975778547
Naive,val,3,HOBBIES_1_036_WI_3,medium,lumpy,intermittent,HOBBIES,289,3.0311418685121105,4.836424656728109,125.20451040572136,140.83601286173632,0.02768166089965398,2.152249134948097
Naive,val,3,FOODS_3_520_WI_3,low,intermittent,intermittent,FOODS,289,1.6366782006920415,2.572815026897534,105.35635068507041,145.09202453987731,-0.01730103806228374,1.1280276816608996
Naive,val,3,HOUSEHOLD_1_464_WI_3,low,intermittent,intermittent,HOUSEHOLD,289,0.9065743944636678,1.4646940703516156,89.58312736859449,145.55555555555554,0.0,0.6228373702422145
Naive,val,7,FOODS_3_449_CA_3,high,smooth,regular,FOODS,285,19.94736842105263,25.04150939904494,50.42001655846585,44.052692754746225,0.15789473684210525,45.280701754385966
Naive,val,7,HOUSEHOLD_1_114_CA_3,high,smooth,regular,HOUSEHOLD,285,15.028070175438597,20.456629346266368,58.71094378370659,53.040247678018574,0.6,28.333333333333332
Naive,val,7,FOODS_3_784_CA_3,medium,intermittent,intermittent,FOODS,285,4.912280701754386,7.696889323821533,124.44153504920799,135.92233009708738,0.11929824561403508,3.6140350877192984
Naive,val,7,HOUSEHOLD_2_270_CA_3,medium,intermittent,intermittent,HOUSEHOLD,285,2.343859649122807,4.4603516500501685,69.6102359179083,99.4047619047619,0.0,2.357894736842105
Naive,val,7,HOBBIES_1_377_CA_3,low,intermittent,intermittent,HOBBIES,285,3.5719298245614035,4.567620594438295,171.59124500626862,151.48809523809524,0.0,2.357894736842105
Naive,val,7,HOUSEHOLD_2_228_CA_3,low,intermittent,intermittent,HOUSEHOLD,285,3.480701754385965,5.089376620566109,148.63847578016376,141.3105413105413,-0.007017543859649123,2.463157894736842
Naive,val,7,FOODS_2_347_TX_2,high,smooth,regular,FOODS,285,14.964912280701755,19.11415384454626,66.3522487851396,57.072126321423795,-0.3333333333333333,26.221052631578946
Naive,val,7,HOUSEHOLD_1_247_TX_2,high,smooth,regular,HOUSEHOLD,285,13.491228070175438,17.346924496108358,63.88615542045905,56.27927400468384,0.12280701754385964,23.971929824561403
Naive,val,7,FOODS_3_729_TX_2,medium,lumpy,intermittent,FOODS,285,8.884210526315789,12.144452202476883,110.58822543584188,94.37197167349981,-0.056140350877192984,9.414035087719299
Naive,val,7,HOBBIES_1_034_TX_2,medium,intermittent,intermittent,HOBBIES,285,6.63859649122807,8.751140276578298,126.51074480056957,90.52631578947368,-0.06315789473684211,7.333333333333333
Naive,val,7,FOODS_2_196_TX_2,low,intermittent,intermittent,FOODS,285,5.76140350877193,7.574657655398773,131.4466394395085,105.18898142216528,0.0,5.47719298245614
Naive,val,7,HOUSEHOLD_2_315_TX_2,low,intermittent,intermittent,HOUSEHOLD,285,3.7754385964912283,5.02694494087577,160.03311578548312,148.8243430152144,-0.056140350877192984,2.536842105263158
Naive,val,7,FOODS_2_056_WI_3,high,intermittent,intermittent,FOODS,285,16.287719298245612,20.84159134578167,57.21853956086061,52.72603362108133,0.056140350877192984,30.891228070175437
Naive,val,7,HOBBIES_1_312_WI_3,high,lumpy,intermittent,HOBBIES,285,11.957894736842105,21.54473110986747,85.13863847930398,109.7584541062802,-0.16140350877192983,10.894736842105264
Naive,val,7,FOODS_3_128_WI_3,medium,intermittent,intermittent,FOODS,285,4.726315789473684,7.012520131628231,102.23717475918934,113.95939086294416,0.05263157894736842,4.147368421052631
Naive,val,7,HOBBIES_1_036_WI_3,medium,lumpy,intermittent,HOBBIES,285,7.021052631578947,10.672312102540625,150.3560466446246,138.8619014573213,0.10175438596491228,5.056140350877193
Naive,val,7,FOODS_3_520_WI_3,low,intermittent,intermittent,FOODS,285,3.712280701754386,5.456044451123137,131.93412220725838,140.87882822902796,-0.007017543859649123,2.635087719298246
Naive,val,7,HOUSEHOLD_1_464_WI_3,low,intermittent,intermittent,HOUSEHOLD,285,2.1719298245614036,3.2243590414329133,133.54328509648698,147.7326968973747,0.0035087719298245615,1.4701754385964911
Naive,val,14,FOODS_3_449_CA_3,high,smooth,regular,FOODS,278,40.48201438848921,50.223171011743375,49.63473815525119,44.6480996588114,0.7841726618705036,90.66906474820144
Naive,val,14,HOUSEHOLD_1_114_CA_3,high,smooth,regular,HOUSEHOLD,278,31.08273381294964,40.861628233227606,63.25074629556512,54.41778449524529,1.2985611510791366,57.118705035971225
Naive,val,14,FOODS_3_784_CA_3,medium,intermittent,intermittent,FOODS,278,9.287769784172662,14.331381273576985,133.23636705082873,130.14112903225808,0.2158273381294964,7.136690647482014
Naive,val,14,HOUSEHOLD_2_270_CA_3,medium,intermittent,intermittent,HOUSEHOLD,278,5.093525179856115,9.222275191742558,96.61019544396889,105.35714285714286,0.0,4.83453237410072
Naive,val,14,HOBBIES_1_377_CA_3,low,intermittent,intermittent,HOBBIES,278,7.0215827338129495,8.801569513403878,176.50790318225464,147.4320241691843,0.02158273381294964,4.762589928057554
Naive,val,14,HOUSEHOLD_2_228_CA_3,low,intermittent,intermittent,HOUSEHOLD,278,7.237410071942446,10.049159741530202,168.82609010440973,146.22093023255815,0.03597122302158273,4.9496402877697845
Naive,val,14,FOODS_2_347_TX_2,high,smooth,regular,FOODS,278,29.140287769784173,36.74631092921403,64.2875936184803,55.49770500787833,-1.29136690647482,52.507194244604314
Naive,val,14,HOUSEHOLD_1_247_TX_2,high,smooth,regular,HOUSEHOLD,278,25.794964028776977,33.70561296466422,61.04544727731324,53.71133248445809,0.2697841726618705,48.02517985611511
Naive,val,14,FOODS_3_729_TX_2,medium,lumpy,intermittent,FOODS,278,17.77338129496403,23.900799179919673,111.96861667775451,93.59727221064595,-0.0035971223021582736,18.989208633093526
Naive,val,14,HOBBIES_1_034_TX_2,medium,intermittent,intermittent,HOBBIES,278,13.028776978417266,17.219906499633357,127.91879058702821,88.1265206812652,-0.02877697841726619,14.784172661870503
Naive,val,14,FOODS_2_196_TX_2,low,intermittent,intermittent,FOODS,278,11.715827338129497,15.28282526895596,134.19027824054643,105.78109775901267,-0.046762589928057555,11.075539568345324
Naive,val,14,HOUSEHOLD_2_315_TX_2,low,intermittent,intermittent,HOUSEHOLD,278,7.406474820143885,9.678835473088068,174.78844923870926,146.96645253390435,0.046762589928057555,5.039568345323741
Naive,val,14,FOODS_2_056_WI_3,high,intermittent,intermittent,FOODS,278,34.381294964028775,42.96593932926456,58.52221776784427,54.86796785304248,0.1366906474820144,62.66187050359712
Naive,val,14,HOBBIES_1_312_WI_3,high,lumpy,intermittent,HOBBIES,278,22.388489208633093,39.970222729376566,85.31936522541154,102.0327868852459,-0.8920863309352518,21.942446043165468
Naive,val,14,FOODS_3_128_WI_3,medium,intermittent,intermittent,FOODS,278,9.079136690647482,13.245061520289704,105.16934122965289,109.26406926406926,0.0,8.309352517985612
Naive,val,14,HOBBIES_1_036_WI_3,medium,lumpy,intermittent,HOBBIES,278,13.888489208633093,21.051581051032755,158.95997994407801,135.33123028391168,0.01079136690647482,10.262589928057555
Naive,val,14,FOODS_3_520_WI_3,low,intermittent,intermittent,FOODS,278,7.330935251798561,10.476420938634208,144.7226014042506,138.26322930800544,-0.06474820143884892,5.302158273381295
Naive,val,14,HOUSEHOLD_1_464_WI_3,low,intermittent,intermittent,HOUSEHOLD,278,4.514388489208633,6.409020172252958,170.4468564670959,151.3872135102533,-0.01079136690647482,2.9820143884892087
Naive,val,28,FOODS_3_449_CA_3,high,smooth,regular,FOODS,264,78.50757575757575,98.01062867532957,47.76870509228177,43.549336022860984,3.4242424242424243,180.27272727272728
Naive,val,28,HOUSEHOLD_1_114_CA_3,high,smooth,regular,HOUSEHOLD,264,64.34848484848484,82.63125463421358,74.33854213123075,56.162390901877814,3.6818181818181817,114.57575757575758
Naive,val,28,FOODS_3_784_CA_3,medium,intermittent,intermittent,FOODS,264,18.443181818181817,28.333444741313947,154.22532074974092,129.3914429976083,-0.14772727272727273,14.253787878787879
Naive,val,28,HOUSEHOLD_2_270_CA_3,medium,intermittent,intermittent,HOUSEHOLD,264,11.477272727272727,19.667501266317643,134.59301219290109,113.39820359281437,-0.045454545454545456,10.121212121212121
Naive,val,28,HOBBIES_1_377_CA_3,low,intermittent,intermittent,HOBBIES,264,14.378787878787879,17.746318440223543,175.28554612590247,147.704280155642,0.12878787878787878,9.734848484848484
Naive,val,28,HOUSEHOLD_2_228_CA_3,low,intermittent,intermittent,HOUSEHOLD,264,14.852272727272727,20.00274602360507,175.9104871270177,150.9819021948402,0.23863636363636365,9.837121212121213
Naive,val,28,FOODS_2_347_TX_2,high,smooth,regular,FOODS,264,58.34469696969697,72.72986027593876,65.53646746989034,55.97630555656503,-6.231060606060606,104.23106060606061
Naive,val,28,HOUSEHOLD_1_247_TX_2,high,smooth,regular,HOUSEHOLD,264,51.678030303030305,66.79902580490862,61.47490111411435,53.95262387788192,0.20075757575757575,95.7840909090909
Naive,val,28,FOODS_3_729_TX_2,medium,lumpy,intermittent,FOODS,264,35.18181818181818,47.33536060532721,107.57734630246534,91.68805528134254,0.7651515151515151,38.371212121212125
Naive,val,28,HOBBIES_1_034_TX_2,medium,intermittent,intermittent,HOBBIES,264,26.223484848484848,34.34500757685963,128.50175723245178,87.7996195307546,-0.8068181818181818,29.867424242424242
Naive,val,28,FOODS_2_196_TX_2,low,intermittent,intermittent,FOODS,264,24.227272727272727,30.344112303956948,137.34931686065073,108.11359026369168,-0.24242424242424243,22.40909090909091
Naive,val,28,HOUSEHOLD_2_315_TX_2,low,intermittent,intermittent,HOUSEHOLD,264,14.625,19.006677455010063,175.11097748295347,146.7502850627138,0.003787878787878788,9.965909090909092
Naive,val,28,FOODS_2_056_WI_3,high,intermittent,intermittent,FOODS,264,67.11363636363636,83.72768811794434,57.17832758860668,52.63189163498099,-1.7272727272727273,127.51515151515152
Naive,val,28,HOBBIES_1_312_WI_3,high,lumpy,intermittent,HOBBIES,264,45.303030303030305,78.07310094334086,92.67060561743423,101.76991150442478,-3.893939393939394,44.515151515151516
Naive,val,28,FOODS_3_128_WI_3,medium,intermittent,intermittent,FOODS,264,18.420454545454547,25.850751703506877,116.05166941643587,112.75214467887781,-0.32196969696969696,16.33712121212121
Naive,val,28,HOBBIES_1_036_WI_3,medium,lumpy,intermittent,HOBBIES,264,27.049242424242426,40.86966534551691,156.5162359968408,131.38914443422263,0.0946969696969697,20.58712121212121
Naive,val,28,FOODS_3_520_WI_3,low,intermittent,intermittent,FOODS,264,14.890151515151516,20.62884491250643,170.99441084558998,140.24259721726722,-0.4356060606060606,10.617424242424242
Naive,val,28,HOUSEHOLD_1_464_WI_3,low,intermittent,intermittent,HOUSEHOLD,264,9.268939393939394,12.603059993990398,186.16652860784282,153.22479649342517,-0.2159090909090909,6.049242424242424
SeasonalNaive,val,3,FOODS_3_449_CA_3,high,smooth,regular,FOODS,289,7.342560553633218,9.337204667536222,41.352567062770355,37.74457488438278,0.1522491349480969,19.453287197231834
SeasonalNaive,val,3,HOUSEHOLD_1_114_CA_3,high,smooth,regular,HOUSEHOLD,289,5.688581314878893,7.555561209487448,52.98250562854944,47.13302752293578,0.4290657439446367,12.069204152249135
SeasonalNaive,val,3,FOODS_3_784_CA_3,medium,intermittent,intermittent,FOODS,289,1.4740484429065743,2.1788540208767215,81.33306908393413,94.24778761061947,0.04152249134948097,1.5640138408304498
SeasonalNaive,val,3,HOUSEHOLD_2_270_CA_3,medium,intermittent,intermittent,HOUSEHOLD,289,0.9238754325259516,1.6772444034568532,60.0136330413147,92.70833333333333,0.010380622837370242,0.9965397923875432
SeasonalNaive,val,3,HOBBIES_1_377_CA_3,low,intermittent,intermittent,HOBBIES,289,1.041522491349481,1.3907753432396341,113.61344537815125,103.08219178082192,0.0034602076124567475,1.0103806228373702
SeasonalNaive,val,3,HOUSEHOLD_2_228_CA_3,low,intermittent,intermittent,HOUSEHOLD,289,1.231833910034602,1.7705784639167543,109.6902290327896,116.33986928104575,-0.020761245674740483,1.0588235294117647
SeasonalNaive,val,3,FOODS_2_347_TX_2,high,smooth,regular,FOODS,289,5.100346020761246,6.5892856305602105,50.281743345731336,45.40973505853358,-0.19377162629757785,11.231833910034602
SeasonalNaive,val,3,HOUSEHOLD_1_247_TX_2,high,smooth,regular,HOUSEHOLD,289,4.346020761245675,5.5506475821578585,47.22706196111795,42.23268325487559,-0.01384083044982699,10.290657439446367
SeasonalNaive,val,3,FOODS_3_729_TX_2,medium,lumpy,intermittent,FOODS,289,3.0484429065743943,3.8836896094691915,83.44845297693274,75.6872852233677,0.0726643598615917,4.027681660899654
SeasonalNaive,val,3,HOBBIES_1_034_TX_2,medium,intermittent,intermittent,HOBBIES,289,2.0,2.6464051480475277,92.42114783034567,63.86740331491713,-0.02768166089965398,3.131487889273356
SeasonalNaive,val,3,FOODS_2_196_TX_2,low,intermittent,intermittent,FOODS,289,1.9411764705882353,2.5579782241363413,97.55203511462415,83.23442136498517,-0.0034602076124567475,2.332179930795848
SeasonalNaive,val,3,HOUSEHOLD_2_315_TX_2,low,intermittent,intermittent,HOUSEHOLD,289,1.2906574394463668,1.6997862678588105,116.58098533531059,116.5625,-0.0034602076124567475,1.1072664359861593
SeasonalNaive,val,3,FOODS_2_056_WI_3,high,intermittent,intermittent,FOODS,289,6.356401384083045,7.7876221546457565,50.57272427752875,48.16465652857892,0.09342560553633218,13.197231833910035
SeasonalNaive,val,3,HOBBIES_1_312_WI_3,high,lumpy,intermittent,HOBBIES,289,4.43598615916955,6.736257316177714,69.59187504555472,95.24517087667162,-0.1245674740484429,4.657439446366782
SeasonalNaive,val,3,FOODS_3_128_WI_3,medium,intermittent,intermittent,FOODS,289,1.5986159169550174,2.3617482235158507,78.58717599202028,90.234375,0.05536332179930796,1.7716262975778547
SeasonalNaive,val,3,HOBBIES_1_036_WI_3,medium,lumpy,intermittent,HOBBIES,289,2.7439446366782008,3.8406854924483356,130.96441428621358,127.49196141479099,0.031141868512110725,2.152249134948097
SeasonalNaive,val,3,FOODS_3_520_WI_3,low,intermittent,intermittent,FOODS,289,1.1141868512110726,1.7028370383682505,80.20102158510463,98.77300613496932,0.020761245674740483,1.1280276816608996
SeasonalNaive,val,3,HOUSEHOLD_1_464_WI_3,low,intermittent,intermittent,HOUSEHOLD,289,0.7750865051903114,1.1129934075543824,100.44488383588728,124.44444444444444,0.0,0.6228373702422145
SeasonalNaive,val,7,FOODS_3_449_CA_3,high,smooth,regular,FOODS,285,12.157894736842104,15.618814565166353,29.035964719438372,26.85005811700891,0.5228070175438596,45.280701754385966
SeasonalNaive,val,7,HOUSEHOLD_1_114_CA_3,high,smooth,regular,HOUSEHOLD,285,9.74736842105263,12.70722960406895,41.07497010605187,34.40247678018576,0.8842105263157894,28.333333333333332
SeasonalNaive,val,7,FOODS_3_784_CA_3,medium,intermittent,intermittent,FOODS,285,2.3017543859649123,3.3245498310218435,66.57237291341902,63.689320388349515,0.08421052631578947,3.6140350877192984
SeasonalNaive,val,7,HOUSEHOLD_2_270_CA_3,medium,intermittent,intermittent,HOUSEHOLD,285,1.7578947368421052,2.934967646792601,72.64672656048322,74.55357142857143,0.010526315789473684,2.357894736842105
SeasonalNaive,val,7,HOBBIES_1_377_CA_3,low,intermittent,intermittent,HOBBIES,285,1.6070175438596492,2.031333500308033,75.9168122326017,68.1547619047619,0.014035087719298246,2.357894736842105
SeasonalNaive,val,7,HOUSEHOLD_2_228_CA_3,low,intermittent,intermittent,HOUSEHOLD,285,2.2736842105263158,2.815994417857306,98.22860180754918,92.3076923076923,-0.014035087719298246,2.463157894736842
SeasonalNaive,val,7,FOODS_2_347_TX_2,high,smooth,regular,FOODS,285,8.459649122807017,10.817951292894538,34.39336207488363,32.26281279272046,-0.5087719298245614,26.221052631578946
SeasonalNaive,val,7,HOUSEHOLD_1_247_TX_2,high,smooth,regular,HOUSEHOLD,285,6.610526315789474,8.11280123383096,29.327715134353642,27.576112412177984,0.10526315789473684,23.971929824561403
SeasonalNaive,val,7,FOODS_3_729_TX_2,medium,lumpy,intermittent,FOODS,285,4.63859649122807,5.882474714941818,52.151699257167614,49.273201639955275,0.12631578947368421,9.414035087719299
SeasonalNaive,val,7,HOBBIES_1_034_TX_2,medium,intermittent,intermittent,HOBBIES,285,2.898245614035088,3.6273812505500582,54.49144349857157,39.52153110047847,-0.04912280701754386,7.333333333333333
SeasonalNaive,val,7,FOODS_2_196_TX_2,low,intermittent,intermittent,FOODS,285,3.2491228070175437,4.151516315672895,68.27346429684872,59.32094811018578,-0.021052631578947368,5.47719298245614
SeasonalNaive,val,7,HOUSEHOLD_2_315_TX_2,low,intermittent,intermittent,HOUSEHOLD,285,1.9894736842105263,2.438722702779599,91.03379661274398,78.42323651452283,0.031578947368421054,2.536842105263158
SeasonalNaive,val,7,FOODS_2_056_WI_3,high,intermittent,intermittent,FOODS,285,10.852631578947369,13.336008503559734,37.442254736408394,35.1317582916856,0.23508771929824562,30.891228070175437
SeasonalNaive,val,7,HOBBIES_1_312_WI_3,high,lumpy,intermittent,HOBBIES,285,6.385964912280702,9.650379503491223,45.1512414006665,58.61513687600644,-0.38596491228070173,10.894736842105264
SeasonalNaive,val,7,FOODS_3_128_WI_3,medium,intermittent,intermittent,FOODS,285,2.3403508771929826,3.4269315209269657,51.58576380072745,56.42978003384095,0.05964912280701754,4.147368421052631
SeasonalNaive,val,7,HOBBIES_1_036_WI_3,medium,lumpy,intermittent,HOBBIES,285,4.656140350877193,6.195357628123729,93.91628789491222,92.08882720333102,0.06666666666666667,5.056140350877193
SeasonalNaive,val,7,FOODS_3_520_WI_3,low,intermittent,intermittent,FOODS,285,1.936842105263158,2.465196337506638,75.43500164552796,73.50199733688416,0.0,2.635087719298246
SeasonalNaive,val,7,HOUSEHOLD_1_464_WI_3,low,intermittent,intermittent,HOUSEHOLD,285,1.4035087719298245,1.8562365245538401,112.77471456418824,95.4653937947494,-0.007017543859649123,1.4701754385964911
SeasonalNaive,val,14,FOODS_3_449_CA_3,high,smooth,regular,FOODS,278,23.53956834532374,30.094694673347565,27.439697161919575,25.962072522415298,1.381294964028777,90.66906474820144
SeasonalNaive,val,14,HOUSEHOLD_1_114_CA_3,high,smooth,regular,HOUSEHOLD,278,18.23381294964029,23.622099761077596,41.554224921648085,31.922665155236476,1.6942446043165467,57.118705035971225
SeasonalNaive,val,14,FOODS_3_784_CA_3,medium,intermittent,intermittent,FOODS,278,4.323741007194244,6.2611052418020305,72.4586800432639,60.58467741935484,0.2014388489208633,7.136690647482014
SeasonalNaive,val,14,HOUSEHOLD_2_270_CA_3,medium,intermittent,intermittent,HOUSEHOLD,278,3.8776978417266186,5.843276896749488,94.86676737930956,80.20833333333333,0.02158273381294964,4.83453237410072
SeasonalNaive,val,14,HOBBIES_1_377_CA_3,low,intermittent,intermittent,HOBBIES,278,2.7553956834532376,3.5053915307954777,62.178729027738974,57.85498489425982,0.07194244604316546,4.762589928057554
SeasonalNaive,val,14,HOUSEHOLD_2_228_CA_3,low,intermittent,intermittent,HOUSEHOLD,278,4.273381294964029,5.269021724006986,93.7356445169885,86.33720930232558,-0.03597122302158273,4.9496402877697845
SeasonalNaive,val,14,FOODS_2_347_TX_2,high,smooth,regular,FOODS,278,15.255395683453237,19.109397288983278,30.572852379868593,29.05391518805234,-1.89568345323741,52.507194244604314
SeasonalNaive,val,14,HOUSEHOLD_1_247_TX_2,high,smooth,regular,HOUSEHOLD,278,10.183453237410072,13.161285061134102,22.256432179885298,21.20440416448206,-0.11151079136690648,48.02517985611511
SeasonalNaive,val,14,FOODS_3_729_TX_2,medium,lumpy,intermittent,FOODS,278,8.658273381294965,10.637756836081428,47.12977269001582,45.595756772115934,0.32014388489208634,18.989208633093526
SeasonalNaive,val,14,HOBBIES_1_034_TX_2,medium,intermittent,intermittent,HOBBIES,278,5.115107913669065,6.730687800914651,43.704100162002966,34.5985401459854,-0.2446043165467626,14.784172661870503
SeasonalNaive,val,14,FOODS_2_196_TX_2,low,intermittent,intermittent,FOODS,278,6.5071942446043165,8.2320220511342,69.50025906045462,58.75284183176356,-0.0539568345323741,11.075539568345324
SeasonalNaive,val,14,HOUSEHOLD_2_315_TX_2,low,intermittent,intermittent,HOUSEHOLD,278,3.2338129496402876,3.9797147506326227,73.7358191251547,64.1684511063526,0.13309352517985612,5.039568345323741
SeasonalNaive,val,14,FOODS_2_056_WI_3,high,intermittent,intermittent,FOODS,278,23.690647482014388,28.05082745416451,39.63483956658238,37.80711825487945,0.3597122302158273,62.66187050359712
SeasonalNaive,val,14,HOBBIES_1_312_WI_3,high,lumpy,intermittent,HOBBIES,278,10.62589928057554,16.163062962091892,42.07291540804627,48.42622950819672,-1.2877697841726619,21.942446043165468
SeasonalNaive,val,14,FOODS_3_128_WI_3,medium,intermittent,intermittent,FOODS,278,3.9928057553956835,5.813034225469073,49.027146936785236,48.05194805194805,-0.02877697841726619,8.309352517985612
SeasonalNaive,val,14,HOBBIES_1_036_WI_3,medium,lumpy,intermittent,HOBBIES,278,7.845323741007194,10.214427657686,80.88425500488789,76.44584647739222,-0.1906474820143885,10.262589928057555
SeasonalNaive,val,14,FOODS_3_520_WI_3,low,intermittent,intermittent,FOODS,278,3.4748201438848922,4.318273036109284,81.48379269737723,65.5359565807327,0.0,5.302158273381295
SeasonalNaive,val,14,HOUSEHOLD_1_464_WI_3,low,intermittent,intermittent,HOUSEHOLD,278,2.564748201438849,3.3409385662710296,107.12274512528428,86.00723763570566,-0.03237410071942446,2.9820143884892087
SeasonalNaive,val,28,FOODS_3_449_CA_3,high,smooth,regular,FOODS,264,38.03030303030303,49.74472714557674,22.303939588662082,21.095982518070265,3.5454545454545454,180.27272727272728
SeasonalNaive,val,28,HOUSEHOLD_1_114_CA_3,high,smooth,regular,HOUSEHOLD,264,36.75757575757576,45.944795596718485,48.47123120448876,32.08145993123512,4.121212121212121,114.57575757575758
SeasonalNaive,val,28,FOODS_3_784_CA_3,medium,intermittent,intermittent,FOODS,264,9.715909090909092,13.059160258862997,97.14185263050025,68.16369917618921,0.003787878787878788,14.253787878787879
SeasonalNaive,val,28,HOUSEHOLD_2_270_CA_3,medium,intermittent,intermittent,HOUSEHOLD,264,9.053030303030303,13.320922253994642,114.50952110109476,89.44610778443113,0.0,10.121212121212121
SeasonalNaive,val,28,HOBBIES_1_377_CA_3,low,intermittent,intermittent,HOBBIES,264,5.3106060606060606,6.653206107971668,58.02558010559886,54.552529182879375,0.09848484848484848,9.734848484848484
SeasonalNaive,val,28,HOUSEHOLD_2_228_CA_3,low,intermittent,intermittent,HOUSEHOLD,264,7.640151515151516,9.287699587969222,85.27802307397424,77.66653831343858,-0.06439393939393939,9.837121212121213
SeasonalNaive,val,28,FOODS_2_347_TX_2,high,smooth,regular,FOODS,264,29.079545454545453,35.92748378204478,29.749167622539506,27.899116909546827,-6.928030303030303,104.23106060606061
SeasonalNaive,val,28,HOUSEHOLD_1_247_TX_2,high,smooth,regular,HOUSEHOLD,264,19.875,25.424055061252044,21.9209321272829,20.74979238343813,-0.22348484848484848,95.7840909090909
SeasonalNaive,val,28,FOODS_3_729_TX_2,medium,lumpy,intermittent,FOODS,264,14.265151515151516,18.2133816938885,36.59882899144405,37.17670286278381,1.4924242424242424,38.371212121212125
SeasonalNaive,val,28,HOBBIES_1_034_TX_2,medium,intermittent,intermittent,HOBBIES,264,10.503787878787879,14.992043344266438,43.78512798701683,35.16804058338618,-0.9128787878787878,29.867424242424242
SeasonalNaive,val,28,FOODS_2_196_TX_2,low,intermittent,intermittent,FOODS,264,12.962121212121213,15.970854135523929,67.24715601217656,57.84313725490196,-0.7575757575757576,22.40909090909091
SeasonalNaive,val,28,HOUSEHOLD_2_315_TX_2,low,intermittent,intermittent,HOUSEHOLD,264,5.912878787878788,7.429211386020849,66.57110805788052,59.331052831622955,0.2916666666666667,9.965909090909092
SeasonalNaive,val,28,FOODS_2_056_WI_3,high,intermittent,intermittent,FOODS,264,34.67424242424242,42.61588478916795,29.243924831877994,27.192252851711025,-2.1515151515151514,127.51515151515152
SeasonalNaive,val,28,HOBBIES_1_312_WI_3,high,lumpy,intermittent,HOBBIES,264,23.174242424242426,33.90561766272529,51.23851930498644,52.05922396187883,-4.712121212121212,44.515151515151516
SeasonalNaive,val,28,FOODS_3_128_WI_3,medium,intermittent,intermittent,FOODS,264,9.291666666666666,12.759577507967032,64.17592514438205,56.87456526779504,0.08712121212121213,16.33712121212121
SeasonalNaive,val,28,HOBBIES_1_036_WI_3,medium,lumpy,intermittent,HOBBIES,264,12.920454545454545,17.126866188960122,65.88024979611673,62.759889604415825,0.04924242424242424,20.58712121212121
SeasonalNaive,val,28,FOODS_3_520_WI_3,low,intermittent,intermittent,FOODS,264,6.973484848484849,8.422777559581032,93.44229128430158,65.67962896896182,-0.29924242424242425,10.617424242424242
SeasonalNaive,val,28,HOUSEHOLD_1_464_WI_3,low,intermittent,intermittent,HOUSEHOLD,264,5.079545454545454,6.323656882187423,107.63980502709012,83.96994364433313,-0.5037878787878788,6.049242424242424
MovingAverage,val,3,FOODS_3_449_CA_3,high,smooth,regular,FOODS,289,5.248887790410281,6.928166919002931,28.787869835434744,26.982009452660463,0.5449826989619376,19.453287197231834
MovingAverage,val,3,HOUSEHOLD_1_114_CA_3,high,smooth,regular,HOUSEHOLD,289,4.877656945130994,6.183964755514923,59.48985012812624,40.414072739187425,0.7071181413741967,12.069204152249135
MovingAverage,val,3,FOODS_3_784_CA_3,medium,intermittent,intermittent,FOODS,289,1.4050914483440435,1.8591950333089093,117.78175095448924,89.83881163084702,0.04869006426099853,1.5640138408304498
MovingAverage,val,3,HOUSEHOLD_2_270_CA_3,medium,intermittent,intermittent,HOUSEHOLD,289,0.9398171033119129,1.509539669375115,128.15514450204896,94.30803571428571,0.006302521008403403,0.9965397923875432
MovingAverage,val,3,HOBBIES_1_377_CA_3,low,intermittent,intermittent,HOBBIES,289,0.8185862580326247,1.034078770709563,97.55676783208497,81.01761252446184,0.03213049925852693,1.0103806228373702
MovingAverage,val,3,HOUSEHOLD_2_228_CA_3,low,intermittent,intermittent,HOUSEHOLD,289,0.9817103311912999,1.3349183197541432,109.46881212293445,92.71708683473388,-0.019278299555116202,1.0588235294117647
MovingAverage,val,3,FOODS_2_347_TX_2,high,smooth,regular,FOODS,289,4.120489372219476,5.095240356999912,39.747017798463,36.68581110817709,-0.5053138902619873,11.231833910034602
MovingAverage,val,3,HOUSEHOLD_1_247_TX_2,high,smooth,regular,HOUSEHOLD,289,3.3599851705388035,4.177295308558942,36.110978062499505,32.650831011624554,-0.04683638161146805,10.290657439446367
MovingAverage,val,3,FOODS_3_729_TX_2,medium,lumpy,intermittent,FOODS,289,2.3088235294117645,2.926269998615107,63.30961340341537,57.32388316151203,0.16646070192782988,4.027681660899654
MovingAverage,val,3,HOBBIES_1_034_TX_2,medium,intermittent,intermittent,HOBBIES,289,1.707118141374197,2.323443932963528,73.36706978650807,54.51460142067877,-0.05066732575383093,3.131487889273356
MovingAverage,val,3,FOODS_2_196_TX_2,low,intermittent,intermittent,FOODS,289,1.694389520514088,2.192447080380355,87.14896018178288,72.65260703688004,-0.03769154720711814,2.332179930795848
MovingAverage,val,3,HOUSEHOLD_2_315_TX_2,low,intermittent,intermittent,HOUSEHOLD,289,0.9876421156697974,1.2489597394474088,108.86535839382691,89.19642857142858,0.007167572911517535,1.1072664359861593
MovingAverage,val,3,FOODS_2_056_WI_3,high,intermittent,intermittent,FOODS,289,5.021255561047949,6.02712456252539,41.07766140071731,38.04779384223537,0.14409293129016335,13.197231833910035
MovingAverage,val,3,HOBBIES_1_312_WI_3,high,lumpy,intermittent,HOBBIES,289,3.215521502718735,5.25738977396243,51.633902825614356,69.04054340904267,-0.3776569451309937,4.657439446366782
MovingAverage,val,3,FOODS_3_128_WI_3,medium,intermittent,intermittent,FOODS,289,1.3589965397923878,1.8749844054620661,79.67838261120296,76.70898437500001,0.0690805734058329,1.7716262975778547
MovingAverage,val,3,HOBBIES_1_036_WI_3,medium,lumpy,intermittent,HOBBIES,289,1.8698714780029657,2.572664920828035,101.37859921523267,86.87988056959118,-0.006796836381611459,2.152249134948097
MovingAverage,val,3,FOODS_3_520_WI_3,low,intermittent,intermittent,FOODS,289,1.0637666831438457,1.3395719746798924,122.33600967219758,94.30324276950043,0.011616411270390498,1.1280276816608996
MovingAverage,val,3,HOUSEHOLD_1_464_WI_3,low,intermittent,intermittent,HOUSEHOLD,289,0.7263964409293129,0.9004937876004231,149.6972524073089,116.62698412698411,-0.0014829461196243397,0.6228373702422145
MovingAverage,val,7,FOODS_3_449_CA_3,high,smooth,regular,FOODS,285,9.616666666666667,12.536586807099045,22.110482254416485,21.23789228981015,1.4394736842105267,45.280701754385966
MovingAverage,val,7,HOUSEHOLD_1_114_CA_3,high,smooth,regular,HOUSEHOLD,285,9.053508771929824,11.56411380392702,49.83531717617658,31.953560371517028,1.6096491228070176,28.333333333333332
MovingAverage,val,7,FOODS_3_784_CA_3,medium,intermittent,intermittent,FOODS,285,2.487719298245614,3.1345555660238706,99.12196386475469,68.83495145631068,0.11403508771929827,3.6140350877192984
MovingAverage,val,7,HOUSEHOLD_2_270_CA_3,medium,intermittent,intermittent,HOUSEHOLD,285,2.0342105263157895,3.2061139509797005,120.55925376979908,86.27232142857143,0.011403508771929825,2.357894736842105
MovingAverage,val,7,HOBBIES_1_377_CA_3,low,intermittent,intermittent,HOBBIES,285,1.3368421052631578,1.640095204767624,59.80151266658535,56.69642857142857,0.09122807017543845,2.357894736842105
MovingAverage,val,7,HOUSEHOLD_2_228_CA_3,low,intermittent,intermittent,HOUSEHOLD,285,1.868421052631579,2.3190666604128904,82.75589407543376,75.85470085470085,-0.036842105263157995,2.463157894736842
MovingAverage,val,7,FOODS_2_347_TX_2,high,smooth,regular,FOODS,285,7.0131578947368425,8.885097418731597,27.70193600990333,26.74628663187475,-1.404385964912281,26.221052631578946
MovingAverage,val,7,HOUSEHOLD_1_247_TX_2,high,smooth,regular,HOUSEHOLD,285,4.991228070175438,6.270405286434071,21.842515154761426,20.82113583138173,-0.08947368421052616,23.971929824561403
MovingAverage,val,7,FOODS_3_729_TX_2,medium,lumpy,intermittent,FOODS,285,3.4842105263157896,4.433475132938716,38.29548945508281,37.01080879612374,0.4526315789473681,9.414035087719299
MovingAverage,val,7,HOBBIES_1_034_TX_2,medium,intermittent,intermittent,HOBBIES,285,2.712280701754386,3.724386208703247,44.0988703666315,36.985645933014354,-0.14736842105263162,7.333333333333333
MovingAverage,val,7,FOODS_2_196_TX_2,low,intermittent,intermittent,FOODS,285,3.162280701754386,3.9710299605226376,65.6660523049908,57.73542600896861,-0.12894736842105264,5.47719298245614
MovingAverage,val,7,HOUSEHOLD_2_315_TX_2,low,intermittent,intermittent,HOUSEHOLD,285,1.4728070175438597,1.8495494946968392,65.8625634594388,58.056708160442604,0.06578947368421043,2.536842105263158
MovingAverage,val,7,FOODS_2_056_WI_3,high,intermittent,intermittent,FOODS,285,9.217543859649123,10.976669836601372,32.01022830732014,29.838709677419356,0.33333333333333365,30.891228070175437
MovingAverage,val,7,HOBBIES_1_312_WI_3,high,lumpy,intermittent,HOBBIES,285,5.207017543859649,8.427346880163205,38.25002888931458,47.7938808373591,-1.0052631578947369,10.894736842105264
MovingAverage,val,7,FOODS_3_128_WI_3,medium,intermittent,intermittent,FOODS,285,2.324561403508772,3.194499109626345,62.61364147900864,56.04906937394247,0.1368421052631579,4.147368421052631
MovingAverage,val,7,HOBBIES_1_036_WI_3,medium,lumpy,intermittent,HOBBIES,285,3.2464912280701754,4.316355065634844,68.83674351478976,64.20888272033311,-0.03596491228070188,5.056140350877193
MovingAverage,val,7,FOODS_3_520_WI_3,low,intermittent,intermittent,FOODS,285,1.7456140350877194,2.0808230490369692,92.79423151224937,66.24500665778962,0.017543859649122806,2.635087719298246
MovingAverage,val,7,HOUSEHOLD_1_464_WI_3,low,intermittent,intermittent,HOUSEHOLD,285,1.28859649122807,1.6672148221383754,105.9992791821338,87.6491646778043,-0.030701754385964963,1.4701754385964911
MovingAverage,val,14,FOODS_3_449_CA_3,high,smooth,regular,FOODS,278,15.956834532374101,19.292336421603178,17.892020586714526,17.59898436880108,2.762589928057553,90.66906474820144
MovingAverage,val,14,HOUSEHOLD_1_114_CA_3,high,smooth,regular,HOUSEHOLD,278,15.732014388489208,19.649880553209368,42.58893819186881,27.542666414761634,3.0341726618705023,57.118705035971225
MovingAverage,val,14,FOODS_3_784_CA_3,medium,intermittent,intermittent,FOODS,278,4.7913669064748206,5.895370699409261,100.6097021325803,67.13709677419355,0.276978417266187,7.136690647482014
MovingAverage,val,14,HOUSEHOLD_2_270_CA_3,medium,intermittent,intermittent,HOUSEHOLD,278,4.363309352517986,6.505255208194449,123.02366956378579,90.25297619047619,0.010791366906475025,4.83453237410072
MovingAverage,val,14,HOBBIES_1_377_CA_3,low,intermittent,intermittent,HOBBIES,278,1.9496402877697843,2.5625274169440466,40.95436190618232,40.93655589123867,0.16546762589928043,4.762589928057554
MovingAverage,val,14,HOUSEHOLD_2_228_CA_3,low,intermittent,intermittent,HOUSEHOLD,278,2.827338129496403,3.555065288940991,59.51476160878336,57.122093023255815,-0.12230215827338148,4.9496402877697845
MovingAverage,val,14,FOODS_2_347_TX_2,high,smooth,regular,FOODS,278,11.178057553956835,14.478494347174056,21.437215808235468,21.28862094951017,-3.602517985611511,52.507194244604314
MovingAverage,val,14,HOUSEHOLD_1_247_TX_2,high,smooth,regular,HOUSEHOLD,278,7.611510791366906,9.868742895168324,16.321083854433873,15.849000074900756,-0.3633093525179853,48.02517985611511
MovingAverage,val,14,FOODS_3_729_TX_2,medium,lumpy,intermittent,FOODS,278,5.379496402877698,6.509193830002818,28.662580649588502,28.32922902064785,0.9730215827338126,18.989208633093526
MovingAverage,val,14,HOBBIES_1_034_TX_2,medium,intermittent,intermittent,HOBBIES,278,5.224820143884892,7.249472816357609,36.510862793597134,35.34063260340633,-0.4370503597122302,14.784172661870503
MovingAverage,val,14,FOODS_2_196_TX_2,low,intermittent,intermittent,FOODS,278,5.485611510791367,6.977610648331722,55.01969877216338,49.529067879181554,-0.47841726618705016,11.075539568345324
MovingAverage,val,14,HOUSEHOLD_2_315_TX_2,low,intermittent,intermittent,HOUSEHOLD,278,2.179856115107914,2.651862383442894,46.45236466346114,43.25481798715204,0.17625899280575524,5.039568345323741
MovingAverage,val,14,FOODS_2_056_WI_3,high,intermittent,intermittent,FOODS,278,13.532374100719425,16.57178628631882,22.749416317814564,21.595866819747418,-0.00719424460431532,62.66187050359712
MovingAverage,val,14,HOBBIES_1_312_WI_3,high,lumpy,intermittent,HOBBIES,278,8.482014388489208,15.12067763317276,34.85561699781389,38.65573770491803,-2.4784172661870505,21.942446043165468
MovingAverage,val,14,FOODS_3_128_WI_3,medium,intermittent,intermittent,FOODS,278,4.221223021582734,5.864706657000149,60.85964109696159,50.8008658008658,0.22122302158273371,8.309352517985612
MovingAverage,val,14,HOBBIES_1_036_WI_3,medium,lumpy,intermittent,HOBBIES,278,4.426258992805756,5.68167887337395,44.788479684931914,43.13003855590606,-0.2751798561151082,10.262589928057555
MovingAverage,val,14,FOODS_3_520_WI_3,low,intermittent,intermittent,FOODS,278,2.949640287769784,3.56869885403509,75.45854758624667,55.63093622795115,-0.0035971223021583755,5.302158273381295
MovingAverage,val,14,HOUSEHOLD_1_464_WI_3,low,intermittent,intermittent,HOUSEHOLD,278,2.1870503597122304,2.874472112937879,76.80610034129599,73.34137515078407,-0.15107913669064768,2.9820143884892087
MovingAverage,val,28,FOODS_3_449_CA_3,high,smooth,regular,FOODS,264,25.53787878787879,29.735831869475202,13.939979613640622,14.166246427971087,6.280303030303029,180.27272727272728
MovingAverage,val,28,HOUSEHOLD_1_114_CA_3,high,smooth,regular,HOUSEHOLD,264,31.643939393939394,37.13774523597416,39.04874840830767,27.618354932557523,8.462121212121215,114.57575757575758
MovingAverage,val,28,FOODS_3_784_CA_3,medium,intermittent,intermittent,FOODS,264,10.598484848484848,12.586067332931718,103.24522225820544,74.35556736646294,0.40909090909090867,14.253787878787879
MovingAverage,val,28,HOUSEHOLD_2_270_CA_3,medium,intermittent,intermittent,HOUSEHOLD,264,9.916666666666666,14.914402232050534,126.62926129311643,97.97904191616766,0.045454545454545456,10.121212121212121
MovingAverage,val,28,HOBBIES_1_377_CA_3,low,intermittent,intermittent,HOBBIES,264,3.125,3.926888659671235,31.20482273711531,32.1011673151751,0.08712121212121136,9.734848484848484
MovingAverage,val,28,HOUSEHOLD_2_228_CA_3,low,intermittent,intermittent,HOUSEHOLD,264,3.7424242424242427,4.875728383813774,38.4800533326993,38.043896804004625,-0.20454545454545453,9.837121212121213
MovingAverage,val,28,FOODS_2_347_TX_2,high,smooth,regular,FOODS,264,20.75,26.15180044789778,20.249257292107703,19.907693425882183,-8.06818181818182,104.23106060606061
MovingAverage,val,28,HOUSEHOLD_1_247_TX_2,high,smooth,regular,HOUSEHOLD,264,14.772727272727273,18.266130273035806,16.06729441313554,15.422944596037489,-1.0378787878787878,95.7840909090909
MovingAverage,val,28,FOODS_3_729_TX_2,medium,lumpy,intermittent,FOODS,264,6.776515151515153,8.835834408643574,17.952698742993984,17.660414610069108,1.9204545454545459,38.371212121212125
MovingAverage,val,28,HOBBIES_1_034_TX_2,medium,intermittent,intermittent,HOBBIES,264,11.821969696969697,15.762801435370209,40.19525115699123,39.58148383005707,-1.5719696969696972,29.867424242424242
MovingAverage,val,28,FOODS_2_196_TX_2,low,intermittent,intermittent,FOODS,264,9.045454545454545,12.091193890471269,44.55913372702745,40.36511156186612,-1.5151515151515151,22.40909090909091
MovingAverage,val,28,HOUSEHOLD_2_315_TX_2,low,intermittent,intermittent,HOUSEHOLD,264,3.0265151515151514,3.856812155135378,31.174334723070086,30.368681109844164,0.6553030303030294,9.965909090909092
MovingAverage,val,28,FOODS_2_056_WI_3,high,intermittent,intermittent,FOODS,264,16.265151515151512,18.979055441579423,13.333947391761471,12.755465779467677,-2.0909090909090904,127.51515151515152
MovingAverage,val,28,HOBBIES_1_312_WI_3,high,lumpy,intermittent,HOBBIES,264,19.825757575757574,32.40230070394834,45.65451915616617,44.53710006807352,-7.007575757575759,44.515151515151516
MovingAverage,val,28,FOODS_3_128_WI_3,medium,intermittent,intermittent,FOODS,264,9.946969696969697,12.589678312014172,77.84247638487682,60.88569441224206,0.7272727272727274,16.33712121212121
MovingAverage,val,28,HOBBIES_1_036_WI_3,medium,lumpy,intermittent,HOBBIES,264,6.965909090909091,8.842690869762542,33.80051448340582,33.83624655013799,-0.6477272727272722,20.58712121212121
MovingAverage,val,28,FOODS_3_520_WI_3,low,intermittent,intermittent,FOODS,264,6.03030303030303,7.184790332446182,67.30313602575703,56.79628968961826,0.14393939393939328,10.617424242424242
MovingAverage,val,28,HOUSEHOLD_1_464_WI_3,low,intermittent,intermittent,HOUSEHOLD,264,4.15530303030303,5.2393470562425595,72.21584436919916,68.69129618033813,-0.5340909090909092,6.049242424242424
Croston,val,3,FOODS_3_449_CA_3,high,smooth,regular,FOODS,289,5.328017142363984,7.103156211351961,29.317906496988876,27.388775420547688,-0.5054793714350584,19.453287197231834
Croston,val,3,HOUSEHOLD_1_114_CA_3,high,smooth,regular,HOUSEHOLD,289,5.183773573545023,6.390117528525691,58.68839072631577,42.95041751016375,0.44425281167607966,12.069204152249135
Croston,val,3,FOODS_3_784_CA_3,medium,intermittent,intermittent,FOODS,289,1.6243139098642083,1.9413315685775312,127.60564718421064,103.85546901565402,0.10226173229237284,1.5640138408304498
Croston,val,3,HOUSEHOLD_2_270_CA_3,medium,intermittent,intermittent,HOUSEHOLD,289,1.3560270027967174,1.7556678526929124,156.28450611043078,136.07354298897616,0.32355259085217086,0.9965397923875432
Croston,val,3,HOBBIES_1_377_CA_3,low,intermittent,intermittent,HOBBIES,289,0.7578368516257022,0.9891705164687667,93.46431278343523,75.00508565747532,0.00774214961928498,1.0103806228373702
Croston,val,3,HOUSEHOLD_2_228_CA_3,low,intermittent,intermittent,HOUSEHOLD,289,0.9413996096929091,1.2711924456677899,104.64513953365642,88.90996313766364,0.020908167428611558,1.0588235294117647
Croston,val,3,FOODS_2_347_TX_2,high,smooth,regular,FOODS,289,4.113667237542981,5.1477880910272535,40.08104899856208,36.62507183148249,-0.8337259875695707,11.231833910034602
Croston,val,3,HOUSEHOLD_1_247_TX_2,high,smooth,regular,HOUSEHOLD,289,3.4956382395339847,4.341041113330919,37.54069496209201,33.96904677960059,-0.5006838122938819,10.290657439446367
Croston,val,3,FOODS_3_729_TX_2,medium,lumpy,intermittent,FOODS,289,2.3319925540845525,2.963064361738749,63.24341803229133,57.89912784625737,0.11535626652440543,4.027681660899654
Croston,val,3,HOBBIES_1_034_TX_2,medium,intermittent,intermittent,HOBBIES,289,1.6637298500423072,2.275131795509722,72.36079890882954,53.12905266985932,-0.22906047719144332,3.131487889273356
Croston,val,3,FOODS_2_196_TX_2,low,intermittent,intermittent,FOODS,289,1.671682378919562,2.1546886747757124,84.94497778107537,71.67896253824235,-0.07390497744671008,2.332179930795848
Croston,val,3,HOUSEHOLD_2_315_TX_2,low,intermittent,intermittent,HOUSEHOLD,289,0.9569152550262626,1.2187801211688012,105.32244028241453,86.42140896955934,0.01926434540944645,1.1072664359861593
Croston,val,3,FOODS_2_056_WI_3,high,intermittent,intermittent,FOODS,289,4.8880820238623715,6.021768259588476,40.42448683078164,37.038691790671876,-0.5760347637265825,13.197231833910035
Croston,val,3,HOBBIES_1_312_WI_3,high,lumpy,intermittent,HOBBIES,289,5.8765306334424015,7.067668699329257,122.59715869882062,126.17513767198022,1.6021006382366816,4.657439446366782
Croston,val,3,FOODS_3_128_WI_3,medium,intermittent,intermittent,FOODS,289,1.8390015586380222,2.1470245730667865,120.93111902815889,103.80301766531024,0.33616483977573675,1.7716262975778547
Croston,val,3,HOBBIES_1_036_WI_3,medium,lumpy,intermittent,HOBBIES,289,1.8772359799590195,2.5745119916323485,101.05327418318568,87.2220575897358,-0.0669649317047851,2.152249134948097
Croston,val,3,FOODS_3_520_WI_3,low,intermittent,intermittent,FOODS,289,1.1357883926492771,1.3593253597198283,120.50632604555544,100.68798940970585,0.07498901769675055,1.1280276816608996
Croston,val,3,HOUSEHOLD_1_464_WI_3,low,intermittent,intermittent,HOUSEHOLD,289,0.7243542138879889,0.8712880229457094,143.78850938696877,116.29909322979377,0.02630418046926101,0.6228373702422145
Croston,val,7,FOODS_3_449_CA_3,high,smooth,regular,FOODS,285,10.36757325398587,13.43126504750935,24.284894991405633,22.89622919322722,-0.9397379655898698,45.280701754385966
Croston,val,7,HOUSEHOLD_1_114_CA_3,high,smooth,regular,HOUSEHOLD,285,9.461018180695563,11.806968828081562,46.72947783788538,33.39182887304316,1.0724375361721519,28.333333333333332
Croston,val,7,FOODS_3_784_CA_3,medium,intermittent,intermittent,FOODS,285,2.9839024255170727,3.419197603566349,100.38978782102947,82.5642904147928,0.24859768738146804,3.6140350877192984
Croston,val,7,HOUSEHOLD_2_270_CA_3,medium,intermittent,intermittent,HOUSEHOLD,285,2.9606964710928563,3.7306960646202407,142.69804247129895,125.56525212224167,0.7508551793933118,2.357894736842105
Croston,val,7,HOBBIES_1_377_CA_3,low,intermittent,intermittent,HOBBIES,285,1.2304878210008834,1.5008804471649555,56.76944289014278,52.18586740851961,0.02476497175883397,2.357894736842105
Croston,val,7,HOUSEHOLD_2_228_CA_3,low,intermittent,intermittent,HOUSEHOLD,285,1.719865864144533,2.096271717200777,76.97560533967285,69.82361414261993,0.05811862921266209,2.463157894736842
Croston,val,7,FOODS_2_347_TX_2,high,smooth,regular,FOODS,285,7.286234870126941,9.125021186953527,29.217821464150152,27.787728328464848,-2.099336274265305,26.221052631578946
Croston,val,7,HOUSEHOLD_1_247_TX_2,high,smooth,regular,HOUSEHOLD,285,5.404654166778819,6.641835334268581,23.88885765199969,22.545761673477216,-1.1339619699218402,23.971929824561403
Croston,val,7,FOODS_3_729_TX_2,medium,lumpy,intermittent,FOODS,285,3.670294261771301,4.634911221973987,39.94093388057081,38.98747165877081,0.3038660522009561,9.414035087719299
Croston,val,7,HOBBIES_1_034_TX_2,medium,intermittent,intermittent,HOBBIES,285,2.5655675719595834,3.4521324508156974,42.838545195678364,34.98501234490341,-0.566183593234733,7.333333333333333
Croston,val,7,FOODS_2_196_TX_2,low,intermittent,intermittent,FOODS,285,3.011548552718422,3.8459792362776066,61.06001357811481,54.98342969409035,-0.20550132662620707,5.47719298245614
Croston,val,7,HOUSEHOLD_2_315_TX_2,low,intermittent,intermittent,HOUSEHOLD,285,1.390812469732699,1.7316703935531477,62.36519358942822,54.82455793552133,0.10036344518398038,2.536842105263158
Croston,val,7,FOODS_2_056_WI_3,high,intermittent,intermittent,FOODS,285,9.935405231455176,11.819499604185223,34.622109470000176,32.162545331266756,-1.2623099281875347,30.891228070175437
Croston,val,7,HOBBIES_1_312_WI_3,high,lumpy,intermittent,HOBBIES,285,11.81467271926767,13.833504174576504,108.68682266386914,108.44385587733609,3.6949371563588467,10.894736842105264
Croston,val,7,FOODS_3_128_WI_3,medium,intermittent,intermittent,FOODS,285,3.3334962649620055,3.926138179020789,99.44890966837919,80.37617897751029,0.7630970711658159,4.147368421052631
Croston,val,7,HOBBIES_1_036_WI_3,medium,lumpy,intermittent,HOBBIES,285,3.1590008614716334,4.23060697399643,67.34669879931859,62.47850419982064,-0.2095422695987748,5.056140350877193
Croston,val,7,FOODS_3_520_WI_3,low,intermittent,intermittent,FOODS,285,1.8122769749871273,2.1838633353346815,82.37822843390515,68.77482528246755,0.182905383066308,2.635087719298246
Croston,val,7,HOUSEHOLD_1_464_WI_3,low,intermittent,intermittent,HOUSEHOLD,285,1.219440375436216,1.5556106555389921,96.03142478240831,82.94522840079274,0.04673690077274203,1.4701754385964911
Croston,val,14,FOODS_3_449_CA_3,high,smooth,regular,FOODS,278,18.52831937490859,22.505574577619647,21.293544401998147,20.43510587250888,-1.7431147928511799,90.66906474820144
Croston,val,14,HOUSEHOLD_1_114_CA_3,high,smooth,regular,HOUSEHOLD,278,15.768031250180762,19.52195187364603,37.826558428555074,27.60572257415613,2.276906219022759,57.118705035971225
Croston,val,14,FOODS_3_784_CA_3,medium,intermittent,intermittent,FOODS,278,5.6744541047147825,6.349055137753235,96.27577288229264,79.51100005598335,0.510725358114508,7.136690647482014
Croston,val,14,HOUSEHOLD_2_270_CA_3,medium,intermittent,intermittent,HOUSEHOLD,278,5.75609145869208,7.233881891778722,131.33232223424613,119.06201082711297,1.4867894023600123,4.83453237410072
Croston,val,14,HOBBIES_1_377_CA_3,low,intermittent,intermittent,HOBBIES,278,1.6913989461015684,2.2494630698400955,36.394542167948096,35.5142679015284,0.018187400246906942,4.762589928057554
Croston,val,14,HOUSEHOLD_2_228_CA_3,low,intermittent,intermittent,HOUSEHOLD,278,2.4132666790576898,2.995632869742713,51.91936590225533,48.75640528910158,0.09959795133915685,4.9496402877697845
Croston,val,14,FOODS_2_347_TX_2,high,smooth,regular,FOODS,278,11.927440783272896,15.106173986221402,23.468788993781526,22.715822002807872,-5.033461370739301,52.507194244604314
Croston,val,14,HOUSEHOLD_1_247_TX_2,high,smooth,regular,HOUSEHOLD,278,8.125066713060265,10.4497744233451,17.70531321089144,16.91834728657594,-2.480737613972123,48.02517985611511
Croston,val,14,FOODS_3_729_TX_2,medium,lumpy,intermittent,FOODS,278,5.924458368460718,7.184628299602497,31.2255341149269,31.19907987179541,0.614067417653652,18.989208633093526
Croston,val,14,HOBBIES_1_034_TX_2,medium,intermittent,intermittent,HOBBIES,278,4.959117352574026,6.67299229187094,35.939726606097906,33.54342150889487,-1.319708960127334,14.784172661870503
Croston,val,14,FOODS_2_196_TX_2,low,intermittent,intermittent,FOODS,278,5.212975309263064,6.707320450085835,50.71286711952111,47.067461382758424,-0.5239692358352128,11.075539568345324
Croston,val,14,HOUSEHOLD_2_315_TX_2,low,intermittent,intermittent,HOUSEHOLD,278,1.9552309021160534,2.437304802801075,40.97263630606574,38.797586780033036,0.25479007190030345,5.039568345323741
Croston,val,14,FOODS_2_056_WI_3,high,intermittent,intermittent,FOODS,278,17.518215054061812,21.33209065855779,29.608531512761903,27.956738145976946,-3.025812940886647,62.66187050359712
Croston,val,14,HOBBIES_1_312_WI_3,high,lumpy,intermittent,HOBBIES,278,20.5821260493274,25.434150712384493,98.34973027463431,93.80050888054126,7.157754299084972,21.942446043165468
Croston,val,14,FOODS_3_128_WI_3,medium,intermittent,intermittent,FOODS,278,6.143030421256299,7.324167881626447,91.99568727515907,73.92911069737018,1.5067117922745987,8.309352517985612
Croston,val,14,HOBBIES_1_036_WI_3,medium,lumpy,intermittent,HOBBIES,278,4.318263719425093,5.445352527779764,43.86634712581183,42.07771868209519,-0.6267181113735575,10.262589928057555
Croston,val,14,FOODS_3_520_WI_3,low,intermittent,intermittent,FOODS,278,3.095903432201522,3.659994238442328,68.38115303770026,58.38949485427565,0.377326664352553,5.302158273381295
Croston,val,14,HOUSEHOLD_1_464_WI_3,low,intermittent,intermittent,HOUSEHOLD,278,2.018994292854912,2.558859408553194,69.76141113266638,67.70571935026122,0.058774711925317656,2.9820143884892087
Croston,val,28,FOODS_3_449_CA_3,high,smooth,regular,FOODS,264,26.544739836923913,31.75149684269349,15.159981583945994,14.72476743349284,-2.772930169934848,180.27272727272728
Croston,val,28,HOUSEHOLD_1_114_CA_3,high,smooth,regular,HOUSEHOLD,264,27.232363860831178,32.49259425126993,30.71818886217914,23.76799808006953,7.363875432587628,114.57575757575758
Croston,val,28,FOODS_3_784_CA_3,medium,intermittent,intermittent,FOODS,264,10.835919359190573,12.256462283409201,89.59921361450336,76.02133167223788,0.7462164236165243,14.253787878787879
Croston,val,28,HOUSEHOLD_2_270_CA_3,medium,intermittent,intermittent,HOUSEHOLD,264,11.791020280353706,14.946726828238088,116.82541560698895,116.49810456636894,2.865907708536893,10.121212121212121
Croston,val,28,HOBBIES_1_377_CA_3,low,intermittent,intermittent,HOBBIES,264,2.5930639336503565,3.2545679524026747,26.368796202213485,26.63692134177798,-0.18057453714800528,9.734848484848484
Croston,val,28,HOUSEHOLD_2_228_CA_3,low,intermittent,intermittent,HOUSEHOLD,264,2.813447346042906,3.506196421622774,28.473664106008805,28.60031187352049,0.26895090200511357,9.837121212121213
Croston,val,28,FOODS_2_347_TX_2,high,smooth,regular,FOODS,264,22.602509572306467,28.014992431185277,22.563797602376006,21.685003914267206,-11.80949755486443,104.23106060606061
Croston,val,28,HOUSEHOLD_1_247_TX_2,high,smooth,regular,HOUSEHOLD,264,15.078696758187982,19.18442166817667,16.643249371051418,15.742381240011179,-5.076832550784459,95.7840909090909
Croston,val,28,FOODS_3_729_TX_2,medium,lumpy,intermittent,FOODS,264,7.835170266380155,9.952246473925772,20.651884436356713,20.41939733785154,1.0379692940332141,38.371212121212125
Croston,val,28,HOBBIES_1_034_TX_2,medium,intermittent,intermittent,HOBBIES,264,11.382878171706928,14.752080850821308,39.43778430345448,38.11134860279808,-3.4212426966083065,29.867424242424242
Croston,val,28,FOODS_2_196_TX_2,low,intermittent,intermittent,FOODS,264,8.718717652667982,10.821778831584686,41.63226187856488,38.90705646221006,-1.365841806286148,22.40909090909091
Croston,val,28,HOUSEHOLD_2_315_TX_2,low,intermittent,intermittent,HOUSEHOLD,264,2.7454129810143866,3.426106164605561,27.258125316222902,27.54804359512725,0.7681468412688882,9.965909090909092
Croston,val,28,FOODS_2_056_WI_3,high,intermittent,intermittent,FOODS,264,21.324714987945615,26.10977706422781,18.018673523039404,16.723279339406023,-8.438060401519294,127.51515151515152
Croston,val,28,HOBBIES_1_312_WI_3,high,lumpy,intermittent,HOBBIES,264,37.531359452349086,47.507983903530985,90.43682700384126,84.3114269521797,12.998163986088267,44.515151515151516
Croston,val,28,FOODS_3_128_WI_3,medium,intermittent,intermittent,FOODS,264,12.936772617124381,15.080882823173718,93.30790163813263,79.18636612383114,3.402274115909993,16.33712121212121
Croston,val,28,HOBBIES_1_036_WI_3,medium,lumpy,intermittent,HOBBIES,264,6.329004314279312,7.9612110527232245,30.877760952500942,30.74254165537697,-1.6135104397684985,20.58712121212121
Croston,val,28,FOODS_3_520_WI_3,low,intermittent,intermittent,FOODS,264,5.623585743419572,6.687717795824143,56.28324341144704,52.96563097619576,0.979324422099335,10.617424242424242
Croston,val,28,HOUSEHOLD_1_464_WI_3,low,intermittent,intermittent,HOUSEHOLD,264,3.3933728283761653,4.393377827483212,55.88595242539264,56.095831351991706,0.0469645866866486,6.049242424242424
SES,val,3,FOODS_3_449_CA_3,high,smooth,regular,FOODS,289,5.26507341670062,6.941094102287292,29.08642745804996,27.065211978414787,0.32986961842349144,19.453287197231834
SES,val,3,HOUSEHOLD_1_114_CA_3,high,smooth,regular,HOUSEHOLD,289,4.79513969104477,6.027259221383237,58.90620591607465,39.73037186674135,0.831656788067387,12.069204152249135
SES,val,3,FOODS_3_784_CA_3,medium,intermittent,intermittent,FOODS,289,1.3813714879620242,1.8685915172993486,129.56772453677652,88.32220354447456,0.05450322729163941,1.5640138408304498
SES,val,3,HOUSEHOLD_2_270_CA_3,medium,intermittent,intermittent,HOUSEHOLD,289,0.7989632813810248,1.3347462687475493,159.08227516544613,80.17374594413756,0.007099084044780342,0.9965397923875432
SES,val,3,HOBBIES_1_377_CA_3,low,intermittent,intermittent,HOBBIES,289,0.7330926810949756,0.9775244176983792,91.34803551462427,72.55609069741368,0.0014178342741066302,1.0103806228373702
SES,val,3,HOUSEHOLD_2_228_CA_3,low,intermittent,intermittent,HOUSEHOLD,289,0.9150946174211142,1.245433948536078,102.97078759576772,86.42560275643856,0.035498793889444775,1.0588235294117647
SES,val,3,FOODS_2_347_TX_2,high,smooth,regular,FOODS,289,3.9990221223911746,5.010880939580986,38.74949685109657,35.604355926403244,-0.6130257301516299,11.231833910034602
SES,val,3,HOUSEHOLD_1_247_TX_2,high,smooth,regular,HOUSEHOLD,289,3.363125855476612,4.159111213769977,36.05373045836958,32.68135078119506,-0.30859649351705903,10.290657439446367
SES,val,3,FOODS_3_729_TX_2,medium,lumpy,intermittent,FOODS,289,2.330043222786752,2.9359312049859554,63.615556075442946,57.85072950046145,0.15770787196517114,4.027681660899654
SES,val,3,HOBBIES_1_034_TX_2,medium,intermittent,intermittent,HOBBIES,289,1.7344091765221503,2.3375917090487244,73.95907634224339,55.38610519501673,-0.09852813477898517,3.131487889273356
SES,val,3,FOODS_2_196_TX_2,low,intermittent,intermittent,FOODS,289,1.6164905951394908,2.09873973700823,83.56429176259883,69.3124305631028,-0.05607267991875756,2.332179930795848
SES,val,3,HOUSEHOLD_2_315_TX_2,low,intermittent,intermittent,HOUSEHOLD,289,1.0014242064167034,1.196237743865928,104.44684686356962,90.44112364200853,0.20274792936835628,1.1072664359861593
SES,val,3,FOODS_2_056_WI_3,high,intermittent,intermittent,FOODS,289,5.0443767346039605,6.367698387945989,41.36522206887289,38.22299098847784,-0.0330055134753931,13.197231833910035
SES,val,3,HOBBIES_1_312_WI_3,high,lumpy,intermittent,HOBBIES,289,3.669695212362108,5.394325747569519,121.30848975524935,78.79211860123694,-0.42477301861717454,4.657439446366782
SES,val,3,FOODS_3_128_WI_3,medium,intermittent,intermittent,FOODS,289,1.4610018648406566,1.9042890294354429,119.9561527819818,82.46670682401363,0.09899334937954164,1.7716262975778547
SES,val,3,HOBBIES_1_036_WI_3,medium,lumpy,intermittent,HOBBIES,289,1.7920490526072426,2.508753262784902,99.75533372524988,83.26401546679953,-0.16672147345005747,2.152249134948097
SES,val,3,FOODS_3_520_WI_3,low,intermittent,intermittent,FOODS,289,1.0859087687991922,1.3183296592305664,119.9877020174321,96.26614545489772,0.024473491178213267,1.1280276816608996
SES,val,3,HOUSEHOLD_1_464_WI_3,low,intermittent,intermittent,HOUSEHOLD,289,0.7117289431887168,0.8576540945031526,143.30040585975215,114.27203587863286,0.015273204545055324,0.6228373702422145
SES,val,7,FOODS_3_449_CA_3,high,smooth,regular,FOODS,285,10.19606438929844,13.263906682828734,23.584442226814943,22.517461068965943,1.0083568219523695,45.280701754385966
SES,val,7,HOUSEHOLD_1_114_CA_3,high,smooth,regular,HOUSEHOLD,285,8.786748871161452,11.168386465419928,47.82827524426698,31.012054839393357,1.9729661618990413,28.333333333333332
SES,val,7,FOODS_3_784_CA_3,medium,intermittent,intermittent,FOODS,285,2.2664697478371707,3.0695130069439567,100.5967305332095,62.71299787704793,0.10880742366335316,3.6140350877192984
SES,val,7,HOUSEHOLD_2_270_CA_3,medium,intermittent,intermittent,HOUSEHOLD,285,1.7138932692866782,2.74368517654938,148.6846941611358,72.68743775992608,0.015911373781290344,2.357894736842105
SES,val,7,HOBBIES_1_377_CA_3,low,intermittent,intermittent,HOBBIES,285,1.1933633270194173,1.4592920428616492,55.86922335227921,50.61139110126993,0.004501948171364851,2.357894736842105
SES,val,7,HOUSEHOLD_2_228_CA_3,low,intermittent,intermittent,HOUSEHOLD,285,1.6759189207538443,2.021926342166516,76.16655309014469,68.03944336393812,0.09452767078926458,2.463157894736842
SES,val,7,FOODS_2_347_TX_2,high,smooth,regular,FOODS,285,6.833829561341878,8.65110756745437,27.13116179882088,26.062376889902787,-1.5911462575606337,26.221052631578946
SES,val,7,HOUSEHOLD_1_247_TX_2,high,smooth,regular,HOUSEHOLD,285,4.970372867681867,6.138701049215469,21.970169577051415,20.734137401775936,-0.7160939112468817,23.971929824561403
SES,val,7,FOODS_3_729_TX_2,medium,lumpy,intermittent,FOODS,285,3.5822876747081587,4.5274502658548155,39.2659621731505,38.05262718195398,0.41363545374249255,9.414035087719299
SES,val,7,HOBBIES_1_034_TX_2,medium,intermittent,intermittent,HOBBIES,285,2.7041579275971697,3.6124216993159597,44.88477468178363,36.87488083087049,-0.27124203871459207,7.333333333333333
SES,val,7,FOODS_2_196_TX_2,low,intermittent,intermittent,FOODS,285,2.896584244023798,3.6854420891928825,60.08626253770012,52.88446569806421,-0.15693872069338896,5.47719298245614
SES,val,7,HOUSEHOLD_2_315_TX_2,low,intermittent,intermittent,HOUSEHOLD,285,1.347747815289009,1.6940402090638054,59.45787475545201,53.12698856948376,0.5198581024627114,2.536842105263158
SES,val,7,FOODS_2_056_WI_3,high,intermittent,intermittent,FOODS,285,10.964095970788621,13.334839995614324,37.48501635527502,35.492586911344354,0.1548150573567635,30.891228070175437
SES,val,7,HOBBIES_1_312_WI_3,high,lumpy,intermittent,HOBBIES,285,6.4698429664222745,8.953106550061154,105.72626002932437,59.38503205894841,-1.1037932542366249,10.894736842105264
SES,val,7,FOODS_3_128_WI_3,medium,intermittent,intermittent,FOODS,285,2.455649919851211,3.2492202852444474,98.89318690433252,59.20983309285914,0.20706631589216998,4.147368421052631
SES,val,7,HOBBIES_1_036_WI_3,medium,lumpy,intermittent,HOBBIES,285,2.957466498115069,4.0779422047012766,65.11567697107475,58.492571267369506,-0.4364204989301725,5.056140350877193
SES,val,7,FOODS_3_520_WI_3,low,intermittent,intermittent,FOODS,285,1.7226295808381316,2.026820591420768,82.19365777218977,65.37276039132722,0.060996538032528975,2.635087719298246
SES,val,7,HOUSEHOLD_1_464_WI_3,low,intermittent,intermittent,HOUSEHOLD,285,1.194324435067157,1.515690073920165,95.26074417744846,81.23686491506913,0.020404578447937614,1.4701754385964911
SES,val,14,FOODS_3_449_CA_3,high,smooth,regular,FOODS,278,18.419035921128465,22.710271130093915,20.815527406598143,20.314575839378378,2.1652707924494,90.66906474820144
SES,val,14,HOUSEHOLD_1_114_CA_3,high,smooth,regular,HOUSEHOLD,278,15.610615500212432,19.47940720107157,40.62621525147215,27.330128528616765,4.020225508140309,57.118705035971225
SES,val,14,FOODS_3_784_CA_3,medium,intermittent,intermittent,FOODS,278,4.292849708061122,5.654029930479667,98.016942853351,60.151825546420966,0.25054989371367586,7.136690647482014
SES,val,14,HOUSEHOLD_2_270_CA_3,medium,intermittent,intermittent,HOUSEHOLD,278,3.7611441301274673,5.488078045858982,144.84918356473264,77.79747531067231,0.025224556302104455,4.83453237410072
SES,val,14,HOBBIES_1_377_CA_3,low,intermittent,intermittent,HOBBIES,278,1.5810323645000381,2.095657776886786,34.662191055925696,33.196903121677536,-0.03637842223076149,4.762589928057554
SES,val,14,HOUSEHOLD_2_228_CA_3,low,intermittent,intermittent,HOUSEHOLD,278,2.397447605321364,2.9003226203333288,51.729960683737666,48.43680481681245,0.17082518843256994,4.9496402877697845
SES,val,14,FOODS_2_347_TX_2,high,smooth,regular,FOODS,278,10.59037459275693,13.963190254808273,20.38586619042391,20.169378206387794,-3.873308919253733,52.507194244604314
SES,val,14,HOUSEHOLD_1_247_TX_2,high,smooth,regular,HOUSEHOLD,278,7.484391089750286,9.305805534606515,16.211102188310754,15.584306216392624,-1.6884474486831673,48.02517985611511
SES,val,14,FOODS_3_729_TX_2,medium,lumpy,intermittent,FOODS,278,5.582768992940319,6.8672465682792225,29.30720615907323,29.39969274554667,0.8510469793245539,18.989208633093526
SES,val,14,HOBBIES_1_034_TX_2,medium,intermittent,intermittent,HOBBIES,278,5.132841300509566,6.905258519026443,36.31554983322171,34.71848860198685,-0.756112060549517,14.784172661870503
SES,val,14,FOODS_2_196_TX_2,low,intermittent,intermittent,FOODS,278,5.155987635789204,6.537076021103352,50.87070557568285,46.55292506493663,-0.44314707990749813,11.075539568345324
SES,val,14,HOUSEHOLD_2_315_TX_2,low,intermittent,intermittent,HOUSEHOLD,278,1.8337526179283008,2.3407023380458787,38.19472969172264,36.38709691535101,1.0738321437563059,5.039568345323741
SES,val,14,FOODS_2_056_WI_3,high,intermittent,intermittent,FOODS,278,23.4602343048296,28.096568655148534,39.25803405603325,37.43940951057766,0.24789914641078903,62.66187050359712
SES,val,14,HOBBIES_1_312_WI_3,high,lumpy,intermittent,HOBBIES,278,10.65144491225519,15.72528595569308,96.36337997785525,48.54265058372037,-2.678070537101139,21.942446043165468
SES,val,14,FOODS_3_128_WI_3,medium,intermittent,intermittent,FOODS,278,4.560710424700943,5.927001332151201,93.40548928168744,54.88647177778624,0.35412836300438494,8.309352517985612
SES,val,14,HOBBIES_1_036_WI_3,medium,lumpy,intermittent,HOBBIES,278,3.9826023487747215,5.171315884974624,41.05528198422832,38.80699099051429,-1.0821893808207343,10.262589928057555
SES,val,14,FOODS_3_520_WI_3,low,intermittent,intermittent,FOODS,278,2.7938255434327424,3.3332205559371477,64.51057967683948,52.6922320945931,0.11588173304044587,5.302158273381295
SES,val,14,HOUSEHOLD_1_464_WI_3,low,intermittent,intermittent,HOUSEHOLD,278,1.950476688300329,2.465634370894631,68.75887158245352,65.40802404674203,0.0003597533022487822,2.9820143884892087
SES,val,28,FOODS_3_449_CA_3,high,smooth,regular,FOODS,264,26.90176956288267,33.355497535444044,15.009574042111296,14.922817205835067,4.944191504038809,180.27272727272728
SES,val,28,HOUSEHOLD_1_114_CA_3,high,smooth,regular,HOUSEHOLD,264,31.553993078373153,37.1588147433433,37.435067247393675,27.539851139548112,10.107504814486182,114.57575757575758
SES,val,28,FOODS_3_784_CA_3,medium,intermittent,intermittent,FOODS,264,9.38198492073981,11.834710917194514,96.53049462242679,65.82099439477305,0.21010640001071298,14.253787878787879
SES,val,28,HOUSEHOLD_2_270_CA_3,medium,intermittent,intermittent,HOUSEHOLD,264,8.855041555499453,12.878628162017876,129.42788785084485,87.48993153637184,0.03141035626842725,10.121212121212121
SES,val,28,HOBBIES_1_377_CA_3,low,intermittent,intermittent,HOBBIES,264,2.2509254905724436,2.8844568404440607,23.164662948988138,23.122347451794752,-0.3087443259762346,9.734848484848484
SES,val,28,HOUSEHOLD_2_228_CA_3,low,intermittent,intermittent,HOUSEHOLD,264,2.6632947896948935,3.316109934937156,26.876225197090747,27.073924700787515,0.40882289210415856,9.837121212121213
SES,val,28,FOODS_2_347_TX_2,high,smooth,regular,FOODS,264,19.577159165815875,24.530354333250777,19.172569891620988,18.7824618227837,-8.752779606893032,104.23106060606061
SES,val,28,HOUSEHOLD_1_247_TX_2,high,smooth,regular,HOUSEHOLD,264,13.053748090105366,16.031756095729165,14.333733450367884,13.628305041277402,-3.833431298888184,95.7840909090909
SES,val,28,FOODS_3_729_TX_2,medium,lumpy,intermittent,FOODS,264,7.509934748145811,9.749090869101572,19.652454551663208,19.571794407803495,1.9327445687620715,38.371212121212125
SES,val,28,HOBBIES_1_034_TX_2,medium,intermittent,intermittent,HOBBIES,264,11.352488144516704,14.889805843125526,38.526636732919975,38.00959886052517,-2.48731568465098,29.867424242424242
SES,val,28,FOODS_2_196_TX_2,low,intermittent,intermittent,FOODS,264,8.841041129419805,11.198642122254451,41.817119588985605,39.45292187570704,-1.3344804152702365,22.40909090909091
SES,val,28,HOUSEHOLD_2_315_TX_2,low,intermittent,intermittent,HOUSEHOLD,264,2.8165006485522452,3.475108372425152,27.77020822980788,28.26135200371694,2.260892179603258,9.965909090909092
SES,val,28,FOODS_2_056_WI_3,high,intermittent,intermittent,FOODS,264,38.52134144136892,46.699656829108136,32.22128583516685,30.209226890807376,-2.097740297358167,127.51515151515152
SES,val,28,HOBBIES_1_312_WI_3,high,lumpy,intermittent,HOBBIES,264,22.050381119242083,31.307883651795162,93.5204216380351,49.53455254833143,-7.347305364249396,44.515151515151516
SES,val,28,FOODS_3_128_WI_3,medium,intermittent,intermittent,FOODS,264,10.648644849628381,12.851653881456572,99.25218781875613,65.18066868309512,0.9261509185419767,16.33712121212121
SES,val,28,HOBBIES_1_036_WI_3,medium,lumpy,intermittent,HOBBIES,264,5.827643311088805,7.3956865905768705,28.760715869537712,28.307227858830622,-2.4422801791530855,20.58712121212121
SES,val,28,FOODS_3_520_WI_3,low,intermittent,intermittent,FOODS,264,5.028645499648351,6.005140892104303,51.936904615911786,47.36219807018069,0.3596478129420081,10.617424242424242
SES,val,28,HOUSEHOLD_1_464_WI_3,low,intermittent,intermittent,HOUSEHOLD,264,3.246761912381674,4.204791562100264,54.82336423232663,53.67220694231445,-0.09990813400242443,6.049242424242424
Holt,val,3,FOODS_3_449_CA_3,high,smooth,regular,FOODS,289,5.259322326686189,6.937841233160714,29.049527462461683,27.035648388692795,0.33482805908500024,19.453287197231834
Holt,val,3,HOUSEHOLD_1_114_CA_3,high,smooth,regular,HOUSEHOLD,289,4.8005861285220615,6.035696596087953,59.02302148441934,39.7754985992797,0.8100117632758032,12.069204152249135
Holt,val,3,FOODS_3_784_CA_3,medium,intermittent,intermittent,FOODS,289,1.380982726056055,1.8399125894172947,128.16771795809666,88.29734686508846,0.05043187400891822,1.5640138408304498
Holt,val,3,HOUSEHOLD_2_270_CA_3,medium,intermittent,intermittent,HOUSEHOLD,289,0.8000263788094317,1.335344825593769,159.08897893175185,80.28042481802977,0.00721831533933723,0.9965397923875432
Holt,val,3,HOBBIES_1_377_CA_3,low,intermittent,intermittent,HOBBIES,289,0.729351484278658,0.9765250647958171,91.28126895446823,72.18581471114115,-0.006539982581166891,1.0103806228373702
Holt,val,3,HOUSEHOLD_2_228_CA_3,low,intermittent,intermittent,HOUSEHOLD,289,0.91933987743607,1.2360739900610205,102.3362305363811,86.8265439800733,0.07913832118627687,1.0588235294117647
Holt,val,3,FOODS_2_347_TX_2,high,smooth,regular,FOODS,289,3.999383911103436,5.009914317687437,38.75637452100173,35.60757702738426,-0.6239367058387365,11.231833910034602
Holt,val,3,HOUSEHOLD_1_247_TX_2,high,smooth,regular,HOUSEHOLD,289,3.3633726943803826,4.155734812189077,36.07149910897963,32.68374945110728,-0.3630543131059116,10.290657439446367
Holt,val,3,FOODS_3_729_TX_2,medium,lumpy,intermittent,FOODS,289,2.3329299839611854,2.9437667787767907,63.657822296497855,57.922402522747646,0.154315727318841,4.027681660899654
Holt,val,3,HOBBIES_1_034_TX_2,medium,intermittent,intermittent,HOBBIES,289,1.7370999292592397,2.3432353734772144,73.987437995521,55.472030890156944,-0.10935252639051482,3.131487889273356
Holt,val,3,FOODS_2_196_TX_2,low,intermittent,intermittent,FOODS,289,1.616571281634571,2.098677669718802,83.55624386154223,69.31589026593339,-0.05635470566102372,2.332179930795848
Holt,val,3,HOUSEHOLD_2_315_TX_2,low,intermittent,intermittent,HOUSEHOLD,289,1.0012064332401922,1.1961417755743495,104.4457893404882,90.42145600200487,0.20218093425505992,1.1072664359861593
Holt,val,3,FOODS_2_056_WI_3,high,intermittent,intermittent,FOODS,289,5.041083428622661,6.36204379695255,41.34043805584009,38.19803646753931,-0.03239947305621784,13.197231833910035
Holt,val,3,HOBBIES_1_312_WI_3,high,lumpy,intermittent,HOBBIES,289,3.6624353638121696,5.392554225098005,121.36090385231859,78.63624220963722,-0.4297592338542124,4.657439446366782
Holt,val,3,FOODS_3_128_WI_3,medium,intermittent,intermittent,FOODS,289,1.4534563270845442,1.9012625286286815,119.90214042591624,82.04079658738931,0.09744139672254873,1.7716262975778547
Holt,val,3,HOBBIES_1_036_WI_3,medium,lumpy,intermittent,HOBBIES,289,1.7623870343229004,2.5000938832093067,98.77364435125517,81.8858284436203,-0.1862240126145914,2.152249134948097
Holt,val,3,FOODS_3_520_WI_3,low,intermittent,intermittent,FOODS,289,1.0856953147608408,1.3185617207027296,120.08499171147076,96.24722268892117,0.02392888822596232,1.1280276816608996
Holt,val,3,HOUSEHOLD_1_464_WI_3,low,intermittent,intermittent,HOUSEHOLD,289,0.7160555750551078,0.8599037815008135,143.11492876290458,114.96670066162564,0.017304450102246342,0.6228373702422145
Holt,val,7,FOODS_3_449_CA_3,high,smooth,regular,FOODS,285,10.178252718913011,13.244810333648637,23.54137277725711,22.47812495071839,1.0188395499298968,45.280701754385966
Holt,val,7,HOUSEHOLD_1_114_CA_3,high,smooth,regular,HOUSEHOLD,285,8.783406410059445,11.177677775831262,47.93855991102569,31.00025791785687,1.9049425327251073,28.333333333333332
Holt,val,7,FOODS_3_784_CA_3,medium,intermittent,intermittent,FOODS,285,2.309109092777994,3.0113977167930384,100.9882372322456,63.89282441181829,0.10819333092486241,3.6140350877192984
Holt,val,7,HOUSEHOLD_2_270_CA_3,medium,intermittent,intermittent,HOUSEHOLD,285,1.7160018068310554,2.744935250572395,148.66266709469883,72.77686234328137,0.016175953907386947,2.357894736842105
Holt,val,7,HOBBIES_1_377_CA_3,low,intermittent,intermittent,HOBBIES,285,1.1897405313093148,1.4561988305638998,55.83876154579562,50.45774574749326,-0.014621998590513934,2.357894736842105
Holt,val,7,HOUSEHOLD_2_228_CA_3,low,intermittent,intermittent,HOUSEHOLD,285,1.6618808017713216,1.9849736190504241,75.49224799944231,67.46951973003227,0.19638209744851995,2.463157894736842
Holt,val,7,FOODS_2_347_TX_2,high,smooth,regular,FOODS,285,6.829112351401927,8.644744242891163,27.114351716787667,26.04438672754649,-1.61578790000956,26.221052631578946
Holt,val,7,HOUSEHOLD_1_247_TX_2,high,smooth,regular,HOUSEHOLD,285,4.985326277293171,6.134557419323106,22.048526350420573,20.796516232853538,-0.8452701592376085,23.971929824561403
Holt,val,7,FOODS_3_729_TX_2,medium,lumpy,intermittent,FOODS,285,3.622991643883972,4.567360185569229,39.6293454854751,38.485002553370556,0.40269145056237127,9.414035087719299
Holt,val,7,HOBBIES_1_034_TX_2,medium,intermittent,intermittent,HOBBIES,285,2.730617867483286,3.6441762621048905,45.0269840032733,37.235698192953905,-0.29908991291669806,7.333333333333333
Holt,val,7,FOODS_2_196_TX_2,low,intermittent,intermittent,FOODS,285,2.8963396977481737,3.6849124602067675,60.0697708097786,52.88000088777895,-0.1576723607672906,5.47719298245614
Holt,val,7,HOUSEHOLD_2_315_TX_2,low,intermittent,intermittent,HOUSEHOLD,285,1.347084000107224,1.6936346856238975,59.442886700471576,53.10082158099015,0.5185351138255923,2.536842105263158
Holt,val,7,FOODS_2_056_WI_3,high,intermittent,intermittent,FOODS,285,10.955947676066176,13.319956308170257,37.45946544614193,35.466209537470014,0.15596620773066697,30.891228070175437
Holt,val,7,HOBBIES_1_312_WI_3,high,lumpy,intermittent,HOBBIES,285,6.447359432213336,8.946933302251418,105.76971002189805,59.17866145509824,-1.1145948239757821,10.894736842105264
Holt,val,7,FOODS_3_128_WI_3,medium,intermittent,intermittent,FOODS,285,2.438896139578316,3.2379916902152632,98.90563447908298,58.80587138577159,0.20264665189536735,4.147368421052631
Holt,val,7,HOBBIES_1_036_WI_3,medium,lumpy,intermittent,HOBBIES,285,2.9093145127654436,4.045178695723956,64.71138968993925,57.54022457586061,-0.4768240520805343,5.056140350877193
Holt,val,7,FOODS_3_520_WI_3,low,intermittent,intermittent,FOODS,285,1.7230592132221925,2.0273346294161017,82.33704406255492,65.38906468286615,0.059749083548861694,2.635087719298246
Holt,val,7,HOUSEHOLD_1_464_WI_3,low,intermittent,intermittent,HOUSEHOLD,285,1.1978195523644208,1.516757481043444,95.13406205125797,81.47459962383293,0.024992530292446427,1.4701754385964911
Holt,val,14,FOODS_3_449_CA_3,high,smooth,regular,FOODS,278,18.36694251036914,22.640295748125883,20.754141069505685,20.257121391266445,2.183086014844647,90.66906474820144
Holt,val,14,HOUSEHOLD_1_114_CA_3,high,smooth,regular,HOUSEHOLD,278,15.587827961704305,19.464706932474478,40.79356461877449,27.29023347410918,3.846552873127606,57.118705035971225
Holt,val,14,FOODS_3_784_CA_3,medium,intermittent,intermittent,FOODS,278,4.352466725696104,5.560131203495882,95.9912012223018,60.98718496691113,0.24485826575992878,7.136690647482014
Holt,val,14,HOUSEHOLD_2_270_CA_3,medium,intermittent,intermittent,HOUSEHOLD,278,3.7643956652933466,5.4902373869776415,144.76477018870685,77.86473176722845,0.02569205527623389,4.83453237410072
Holt,val,14,HOBBIES_1_377_CA_3,low,intermittent,intermittent,HOBBIES,278,1.5708291187129555,2.08701891934555,34.501708200954454,32.98266578566478,-0.07605324210165924,4.762589928057554
Holt,val,14,HOUSEHOLD_2_228_CA_3,low,intermittent,intermittent,HOUSEHOLD,278,2.3120783438385315,2.796374402264485,50.07695646116073,46.712047935109865,0.37886864641053297,4.9496402877697845
Holt,val,14,FOODS_2_347_TX_2,high,smooth,regular,FOODS,278,10.57406367949235,13.94784090557537,20.35346895835506,20.138314056990293,-3.9155904416392104,52.507194244604314
Holt,val,14,HOUSEHOLD_1_247_TX_2,high,smooth,regular,HOUSEHOLD,278,7.527247592105149,9.298610567416942,16.328842831425895,15.673543784025401,-1.9493578779593335,48.02517985611511
Holt,val,14,FOODS_3_729_TX_2,medium,lumpy,intermittent,FOODS,278,5.685961152829085,6.988970156626098,29.756015230033462,29.943118023991016,0.8283628906573923,18.989208633093526
Holt,val,14,HOBBIES_1_034_TX_2,medium,intermittent,intermittent,HOBBIES,278,5.174706194937396,6.9677385992133765,36.51322883120437,35.00166234045246,-0.8210914063379746,14.784172661870503
Holt,val,14,FOODS_2_196_TX_2,low,intermittent,intermittent,FOODS,278,5.151400567476737,6.533815892454802,50.81617980343792,46.51150885867271,-0.44464600261877374,11.075539568345324
Holt,val,14,HOUSEHOLD_2_315_TX_2,low,intermittent,intermittent,HOUSEHOLD,278,1.8323439687794487,2.339489638529799,38.174539376244724,36.359145133525104,1.071186166344072,5.039568345323741
Holt,val,14,FOODS_2_056_WI_3,high,intermittent,intermittent,FOODS,278,23.429352327040014,28.0584500186311,39.20459559448381,37.390125986895086,0.24878340401707902,62.66187050359712
Holt,val,14,HOBBIES_1_312_WI_3,high,lumpy,intermittent,HOBBIES,278,10.603540281863182,15.710111151681117,96.41507671706744,48.32433112062237,-2.698232224801314,21.942446043165468
Holt,val,14,FOODS_3_128_WI_3,medium,intermittent,intermittent,FOODS,278,4.518646049960906,5.897505850559397,93.44713032478552,54.38024250602303,0.34414034822867795,8.309352517985612
Holt,val,14,HOBBIES_1_036_WI_3,medium,lumpy,intermittent,HOBBIES,278,3.9223836700975228,5.143294929411637,40.537176449305605,38.22021241805508,-1.1373200195295903,10.262589928057555
Holt,val,14,FOODS_3_520_WI_3,low,intermittent,intermittent,FOODS,278,2.796555972158187,3.336708217584429,64.61955260226011,52.74372864721683,0.11350953614477159,5.302158273381295
Holt,val,14,HOUSEHOLD_1_464_WI_3,low,intermittent,intermittent,HOUSEHOLD,278,1.954000548477792,2.454641264508167,68.92157880699268,65.52619450866419,0.010709653475747753,2.9820143884892087
Holt,val,28,FOODS_3_449_CA_3,high,smooth,regular,FOODS,264,26.824634502987642,33.22053869568253,14.961606118900454,14.880029225056182,4.982378861879232,180.27272727272728
Holt,val,28,HOUSEHOLD_1_114_CA_3,high,smooth,regular,HOUSEHOLD,264,31.45801796063613,37.06932079624959,37.588639532856426,27.4560854985716,9.656173305519822,114.57575757575758
Holt,val,28,FOODS_3_784_CA_3,medium,intermittent,intermittent,FOODS,264,9.670736720618217,11.67938634431765,94.73891729211459,67.84678432748363,0.20296457313786706,14.253787878787879
Holt,val,28,HOUSEHOLD_2_270_CA_3,medium,intermittent,intermittent,HOUSEHOLD,264,8.856004571651054,12.883806556506027,129.07531160604015,87.4994463666122,0.03275795419791948,10.121212121212121
Holt,val,28,HOBBIES_1_377_CA_3,low,intermittent,intermittent,HOBBIES,264,2.2274734610711246,2.865866766578588,22.94536223332213,22.88143944446603,-0.38945621344670234,9.734848484848484
Holt,val,28,HOUSEHOLD_2_228_CA_3,low,intermittent,intermittent,HOUSEHOLD,264,2.472112498510304,3.1482852239965915,24.911985336064394,25.130446654090107,0.8508405557254656,9.837121212121213
Holt,val,28,FOODS_2_347_TX_2,high,smooth,regular,FOODS,264,19.508622792577068,24.459570373626413,19.111132415587814,18.71670755256876,-8.810358650833573,104.23106060606061
Holt,val,28,HOUSEHOLD_1_247_TX_2,high,smooth,regular,HOUSEHOLD,264,13.033175856191795,15.937301098462676,14.330410365690561,13.606827326431107,-4.365619038002504,95.7840909090909
Holt,val,28,FOODS_3_729_TX_2,medium,lumpy,intermittent,FOODS,264,7.758508382719983,10.071218119932452,20.25060966865899,20.21960723630874,1.9143693511677085,38.371212121212125
Holt,val,28,HOBBIES_1_034_TX_2,medium,intermittent,intermittent,HOBBIES,264,11.469261479119938,14.964449927522084,38.87231534250522,38.40057109052205,-2.6596979637203924,29.867424242424242
Holt,val,28,FOODS_2_196_TX_2,low,intermittent,intermittent,FOODS,264,8.83381173016337,11.188755157851837,41.76778490122037,39.420660864826395,-1.3362063969268452,22.40909090909091
Holt,val,28,HOUSEHOLD_2_315_TX_2,low,intermittent,intermittent,HOUSEHOLD,264,2.8130929511234375,3.4716677744047337,27.743680898883206,28.227158460531644,2.255600224226807,9.965909090909092
Holt,val,28,FOODS_2_056_WI_3,high,intermittent,intermittent,FOODS,264,38.40988097678969,46.56648662592415,32.12715717480457,30.121817305942482,-2.0975050724380115,127.51515151515152
Holt,val,28,HOBBIES_1_312_WI_3,high,lumpy,intermittent,HOBBIES,264,21.976080030809214,31.279995823207848,93.6907604424305,49.367640641028196,-7.389234747854786,44.515151515151516
Holt,val,28,FOODS_3_128_WI_3,medium,intermittent,intermittent,FOODS,264,10.572441704919381,12.789010417564208,99.59451844756512,64.71422699046408,0.9083314401310578,16.33712121212121
Holt,val,28,HOBBIES_1_036_WI_3,medium,lumpy,intermittent,HOBBIES,264,5.878775712640652,7.367043163860229,29.15057451289395,28.55559867777612,-2.4594778634200805,20.58712121212121
Holt,val,28,FOODS_3_520_WI_3,low,intermittent,intermittent,FOODS,264,5.038279706911172,6.024345021634682,52.01201191649755,47.4529376605262,0.3568185027032789,10.617424242424242
Holt,val,28,HOUSEHOLD_1_464_WI_3,low,intermittent,intermittent,HOUSEHOLD,264,3.205137097092801,4.137785806029119,54.128219851254556,52.98410730322477,-0.06500878466899351,6.049242424242424
HoltWinters,val,3,FOODS_3_449_CA_3,high,smooth,regular,FOODS,289,5.305723108208623,6.960054068467993,29.56582569309415,27.274172505732693,0.32256427287252654,19.453287197231834
HoltWinters,val,3,HOUSEHOLD_1_114_CA_3,high,smooth,regular,HOUSEHOLD,289,4.850501680424802,6.207151222628784,57.45227050724342,40.189076423244494,0.8553518690500621,12.069204152249135
HoltWinters,val,3,FOODS_3_784_CA_3,medium,intermittent,intermittent,FOODS,289,1.478713417210795,1.9610550144484562,115.62098868402427,94.54605698538047,0.12885594187572377,1.5640138408304498
HoltWinters,val,3,HOUSEHOLD_2_270_CA_3,medium,intermittent,intermittent,HOUSEHOLD,289,0.9141113793344212,1.4194137626515242,122.51214913301808,91.72853771793324,0.1346739890023894,0.9965397923875432
HoltWinters,val,3,HOBBIES_1_377_CA_3,low,intermittent,intermittent,HOBBIES,289,0.7513679419156216,0.9828486060006915,100.81738503647892,74.36484082658036,-0.1902172174822169,1.0103806228373702
HoltWinters,val,3,HOUSEHOLD_2_228_CA_3,low,intermittent,intermittent,HOUSEHOLD,289,0.9323116738421079,1.2387770529170024,105.09419322875173,88.05165808508796,0.03474772324628272,1.0588235294117647
HoltWinters,val,3,FOODS_2_347_TX_2,high,smooth,regular,FOODS,289,3.8460200204938397,4.885794416084613,37.33455716634333,34.24213758233886,-0.5749763130936003,11.231833910034602
HoltWinters,val,3,HOUSEHOLD_1_247_TX_2,high,smooth,regular,HOUSEHOLD,289,3.1057582319646757,3.965715582217687,33.78727783441601,30.180367486139584,-0.2645105353768013,10.290657439446367
HoltWinters,val,3,FOODS_3_729_TX_2,medium,lumpy,intermittent,FOODS,289,2.3549777605672957,2.9449773606337124,64.22710888156854,58.46980866013303,0.1539727687387063,4.027681660899654
HoltWinters,val,3,HOBBIES_1_034_TX_2,medium,intermittent,intermittent,HOBBIES,289,1.7432084797846326,2.3042037539842295,75.61360427282838,55.66709952019435,-0.09218392943995861,3.131487889273356
HoltWinters,val,3,FOODS_2_196_TX_2,low,intermittent,intermittent,FOODS,289,1.5954411383933216,2.056732690443466,83.46321557800874,68.4098648361528,-0.05198102624479932,2.332179930795848
HoltWinters,val,3,HOUSEHOLD_2_315_TX_2,low,intermittent,intermittent,HOUSEHOLD,289,1.0314986212200221,1.2318624028651397,105.9407119937602,93.15721922893324,0.20415230418879793,1.1072664359861593
HoltWinters,val,3,FOODS_2_056_WI_3,high,intermittent,intermittent,FOODS,289,5.032215945068834,6.343476530825047,41.11920061224083,38.130844471024986,-0.030967970368600304,13.197231833910035
HoltWinters,val,3,HOBBIES_1_312_WI_3,high,lumpy,intermittent,HOBBIES,289,3.7037191661808664,5.417718504843642,122.13525890725876,79.52264777312558,-0.4079490274835141,4.657439446366782
HoltWinters,val,3,FOODS_3_128_WI_3,medium,intermittent,intermittent,FOODS,289,1.4774202768061775,1.9214065974683077,110.12759086777962,83.39344921816118,0.13123358109387132,1.7716262975778547
HoltWinters,val,3,HOBBIES_1_036_WI_3,medium,lumpy,intermittent,HOBBIES,289,1.76086697615123,2.5495110186102554,99.28982734889833,81.81520194657644,-0.15928243386745458,2.152249134948097
HoltWinters,val,3,FOODS_3_520_WI_3,low,intermittent,intermittent,FOODS,289,1.0713862363030142,1.3066944954364383,119.1523957216925,94.97871849434698,0.024793704806071626,1.1280276816608996
HoltWinters,val,3,HOUSEHOLD_1_464_WI_3,low,intermittent,intermittent,HOUSEHOLD,289,0.7041248211113572,0.860545455480439,143.60285400080593,113.05115183399013,0.012907086342022506,0.6228373702422145
HoltWinters,val,7,FOODS_3_449_CA_3,high,smooth,regular,FOODS,285,10.234612743580152,13.34796453785844,23.690483986145985,22.602593040839547,0.9606987295381884,45.280701754385966
HoltWinters,val,7,HOUSEHOLD_1_114_CA_3,high,smooth,regular,HOUSEHOLD,285,8.710069179006172,11.070758401502438,47.19540665404761,30.74142063178649,1.973666210411553,28.333333333333332
HoltWinters,val,7,FOODS_3_784_CA_3,medium,intermittent,intermittent,FOODS,285,2.3312133179538232,3.006904359939455,92.84493361846518,64.5044461763922,0.2790326454518982,3.6140350877192984
HoltWinters,val,7,HOUSEHOLD_2_270_CA_3,medium,intermittent,intermittent,HOUSEHOLD,285,1.847863422521444,2.7255965731670755,140.2982121448161,78.36920765157909,0.27010836642878816,2.357894736842105
HoltWinters,val,7,HOBBIES_1_377_CA_3,low,intermittent,intermittent,HOBBIES,285,1.1669659129606516,1.4960005930410143,56.750284365438475,49.49185791574192,-0.44461478012485756,2.357894736842105
HoltWinters,val,7,HOUSEHOLD_2_228_CA_3,low,intermittent,intermittent,HOUSEHOLD,285,1.6774192984885803,2.024462587072417,76.21328409191656,68.10035613522014,0.09059568614932566,2.463157894736842
HoltWinters,val,7,FOODS_2_347_TX_2,high,smooth,regular,FOODS,285,6.8487961980423036,8.668422701722385,27.180011370647673,26.119455592694454,-1.5230318154834939,26.221052631578946
HoltWinters,val,7,HOUSEHOLD_1_247_TX_2,high,smooth,regular,HOUSEHOLD,285,4.966019021870696,6.143942394168626,21.93811405148033,20.715975135145616,-0.6121924906860454,23.971929824561403
HoltWinters,val,7,FOODS_3_729_TX_2,medium,lumpy,intermittent,FOODS,285,3.5859578823664404,4.536154070708784,39.28369951754118,38.09161373367259,0.410879248190904,9.414035087719299
HoltWinters,val,7,HOBBIES_1_034_TX_2,medium,intermittent,intermittent,HOBBIES,285,2.6903751397131472,3.5950575001913094,44.84238592157235,36.6869337233611,-0.2579420143317113,7.333333333333333
HoltWinters,val,7,FOODS_2_196_TX_2,low,intermittent,intermittent,FOODS,285,2.8981073216020254,3.6882091862450603,60.20983718836632,52.91227332841622,-0.15236006242094394,5.47719298245614
HoltWinters,val,7,HOUSEHOLD_2_315_TX_2,low,intermittent,intermittent,HOUSEHOLD,285,1.3477483029437634,1.6940405073144096,59.457885764850495,53.12700779238901,0.5198590741129259,2.536842105263158
HoltWinters,val,7,FOODS_2_056_WI_3,high,intermittent,intermittent,FOODS,285,10.935528544140837,13.361680969376177,37.351631128377036,35.40010943980166,0.14536250123022962,30.891228070175437
HoltWinters,val,7,HOBBIES_1_312_WI_3,high,lumpy,intermittent,HOBBIES,285,6.480675110792439,8.937644027525007,105.18376443793598,59.48445753867456,-1.057914009220032,10.894736842105264
HoltWinters,val,7,FOODS_3_128_WI_3,medium,intermittent,intermittent,FOODS,285,2.4782268101339295,3.2252135476283335,97.40742318492444,59.754199736731806,0.2751643354634354,4.147368421052631
HoltWinters,val,7,HOBBIES_1_036_WI_3,medium,lumpy,intermittent,HOBBIES,285,2.9655399924239543,4.081739217401651,65.20107793144044,58.6522482887458,-0.4244272561706068,5.056140350877193
HoltWinters,val,7,FOODS_3_520_WI_3,low,intermittent,intermittent,FOODS,285,1.7229073101336905,2.0269131787258585,82.2334032103125,65.38330005167799,0.060662939848323036,2.635087719298246
HoltWinters,val,7,HOUSEHOLD_1_464_WI_3,low,intermittent,intermittent,HOUSEHOLD,285,1.194040814388556,1.509602111704094,95.25870909709786,81.21757329373231,0.014113612574799879,1.4701754385964911
HoltWinters,val,14,FOODS_3_449_CA_3,high,smooth,regular,FOODS,278,18.583915256283465,23.005964080189933,21.01259919026589,20.49642323751013,2.083487686642197,90.66906474820144
HoltWinters,val,14,HOUSEHOLD_1_114_CA_3,high,smooth,regular,HOUSEHOLD,278,15.373553420249,19.17433105710126,39.7638612671679,26.915094469609055,4.015483255717105,57.118705035971225
HoltWinters,val,14,FOODS_3_784_CA_3,medium,intermittent,intermittent,FOODS,278,4.316419555867379,5.4919453578333295,85.53066207669023,60.48208853483524,0.5959841376599453,7.136690647482014
HoltWinters,val,14,HOUSEHOLD_2_270_CA_3,medium,intermittent,intermittent,HOUSEHOLD,278,3.8217876042969623,5.412583376766784,125.08018220784449,79.05185669602348,0.5215407262583007,4.83453237410072
HoltWinters,val,14,HOBBIES_1_377_CA_3,low,intermittent,intermittent,HOBBIES,278,1.674777558001136,2.213354695207859,37.535956702296815,35.16526896709334,-0.9360304296460561,4.762589928057554
HoltWinters,val,14,HOUSEHOLD_2_228_CA_3,low,intermittent,intermittent,HOUSEHOLD,278,2.4025184012921836,2.907500498995571,51.82282155309698,48.53925258424616,0.1627485005736201,4.9496402877697845
HoltWinters,val,14,FOODS_2_347_TX_2,high,smooth,regular,FOODS,278,10.612047291721511,14.003727994606125,20.427341740302555,20.210653881609783,-3.757188953405192,52.507194244604314
HoltWinters,val,14,HOUSEHOLD_1_247_TX_2,high,smooth,regular,HOUSEHOLD,278,7.43990028282382,9.314431014529498,16.096005328757812,15.491665632724304,-1.478006065696012,48.02517985611511
HoltWinters,val,14,FOODS_3_729_TX_2,medium,lumpy,intermittent,FOODS,278,5.58929743476175,6.892464401968487,29.31960306258042,29.434072492210014,0.8468619911726665,18.989208633093526
HoltWinters,val,14,HOBBIES_1_034_TX_2,medium,intermittent,intermittent,HOBBIES,278,5.104489415046412,6.869890396447831,36.09290008864207,34.526716724644835,-0.724682389208961,14.784172661870503
HoltWinters,val,14,FOODS_2_196_TX_2,low,intermittent,intermittent,FOODS,278,5.18196573648578,6.556578592832254,51.198762616956564,46.78747888090441,-0.4337811543992705,11.075539568345324
HoltWinters,val,14,HOUSEHOLD_2_315_TX_2,low,intermittent,intermittent,HOUSEHOLD,278,1.8337536525889415,2.3407032296321026,38.19474451824546,36.38711744609034,1.0738340870586962,5.039568345323741
HoltWinters,val,14,FOODS_2_056_WI_3,high,intermittent,intermittent,FOODS,278,23.47758570518332,28.16924323180655,39.288033389833664,37.46710003467832,0.23134625731827363,62.66187050359712
HoltWinters,val,14,HOBBIES_1_312_WI_3,high,lumpy,intermittent,HOBBIES,278,10.64221264210593,15.650875496935118,95.66902837929298,48.5005756476303,-2.5841902931632137,21.942446043165468
HoltWinters,val,14,FOODS_3_128_WI_3,medium,intermittent,intermittent,FOODS,278,4.559963976485535,5.843879651221519,90.45732516382795,54.87748854818089,0.49347818979501856,8.309352517985612
HoltWinters,val,14,HOBBIES_1_036_WI_3,medium,lumpy,intermittent,HOBBIES,278,3.988924674608337,5.176247109955325,41.09920776158185,38.86859654893507,-1.0596090452312612,10.262589928057555
HoltWinters,val,14,FOODS_3_520_WI_3,low,intermittent,intermittent,FOODS,278,2.794463375833569,3.333996594884299,64.53534225417484,52.70426176945266,0.11524126062800259,5.302158273381295
HoltWinters,val,14,HOUSEHOLD_1_464_WI_3,low,intermittent,intermittent,HOUSEHOLD,278,1.9427830790335208,2.440019928614832,68.74352467213926,65.15002363948356,-0.012089220134525739,2.9820143884892087
HoltWinters,val,28,FOODS_3_449_CA_3,high,smooth,regular,FOODS,264,27.3147305245832,33.92064595231494,15.267529471746402,15.15189287798362,4.771408461309545,180.27272727272728
HoltWinters,val,28,HOUSEHOLD_1_114_CA_3,high,smooth,regular,HOUSEHOLD,264,31.100074569770918,36.49319878124733,36.50896083930621,27.143677884222168,10.049893739340567,114.57575757575758
HoltWinters,val,28,FOODS_3_784_CA_3,medium,intermittent,intermittent,FOODS,264,9.334320816647395,11.284879779434597,85.5238782777978,65.4865983416134,0.9444918356300556,14.253787878787879
HoltWinters,val,28,HOUSEHOLD_2_270_CA_3,medium,intermittent,intermittent,HOUSEHOLD,264,8.679760340895438,12.620354228712467,103.9953647577571,85.75811115255972,0.9987908419548777,10.121212121212121
HoltWinters,val,28,HOBBIES_1_377_CA_3,low,intermittent,intermittent,HOBBIES,264,2.566299968654634,3.3639844815330364,27.204809300106454,26.361991895907526,-2.081731078270445,9.734848484848484
HoltWinters,val,28,HOUSEHOLD_2_228_CA_3,low,intermittent,intermittent,HOUSEHOLD,264,2.672676428469843,3.3303189793364707,26.969265844736956,27.16929445960872,0.3912333257277773,9.837121212121213
HoltWinters,val,28,FOODS_2_347_TX_2,high,smooth,regular,FOODS,264,19.781421129414625,24.734585098963674,19.352907546789144,18.978432162537562,-8.601255089053739,104.23106060606061
HoltWinters,val,28,HOUSEHOLD_1_247_TX_2,high,smooth,regular,HOUSEHOLD,264,13.109283017813894,16.132766984167763,14.374869174204743,13.68628432278589,-3.40093261882134,95.7840909090909
HoltWinters,val,28,FOODS_3_729_TX_2,medium,lumpy,intermittent,FOODS,264,7.55496848092942,9.809413149345936,19.7592215040234,19.68915773904607,1.931384522871038,38.371212121212125
HoltWinters,val,28,HOBBIES_1_034_TX_2,medium,intermittent,intermittent,HOBBIES,264,11.286209742909733,14.84803895638816,38.311978329530284,37.787690198201254,-2.4018167956735588,29.867424242424242
HoltWinters,val,28,FOODS_2_196_TX_2,low,intermittent,intermittent,FOODS,264,8.876200656403293,11.256832798709286,42.084758231406944,39.609820373402115,-1.3242280657995804,22.40909090909091
HoltWinters,val,28,HOUSEHOLD_2_315_TX_2,low,intermittent,intermittent,HOUSEHOLD,264,2.816503153306723,3.475110900978607,27.770227724551955,28.261377136943175,2.2608960662164743,9.965909090909092
HoltWinters,val,28,FOODS_2_056_WI_3,high,intermittent,intermittent,FOODS,264,38.468403583502905,46.87538187855278,32.1883632389373,30.167711935731845,-2.139684039792427,127.51515151515152
HoltWinters,val,28,HOBBIES_1_312_WI_3,high,lumpy,intermittent,HOBBIES,264,21.90023657835785,31.020218039948077,92.37104408353737,49.19726392687604,-7.150533449484103,44.515151515151516
HoltWinters,val,28,FOODS_3_128_WI_3,medium,intermittent,intermittent,FOODS,264,10.489191593436596,12.605962787996267,94.69384041912602,64.20465060670672,1.2222010407422506,16.33712121212121
HoltWinters,val,28,HOBBIES_1_036_WI_3,medium,lumpy,intermittent,HOBBIES,264,5.835425903369967,7.4014649766070715,28.784458532276968,28.345031066967273,-2.4017772216724893,20.58712121212121
HoltWinters,val,28,FOODS_3_520_WI_3,low,intermittent,intermittent,FOODS,264,5.03150259031524,6.009587556453753,51.96147288772481,47.38910752205577,0.35877778828526613,10.617424242424242
HoltWinters,val,28,HOUSEHOLD_1_464_WI_3,low,intermittent,intermittent,HOUSEHOLD,264,3.1703442070059777,4.106564760958362,53.664875618673605,52.40894618970433,-0.11903107403500572,6.049242424242424
SARIMA,val,3,FOODS_3_449_CA_3,high,smooth,regular,FOODS,289,5.142832278044468,6.66814859842122,28.557384428837025,26.436829035127204,0.4429627973110324,19.453287197231834
SARIMA,val,3,HOUSEHOLD_1_114_CA_3,high,smooth,regular,HOUSEHOLD,289,4.75693780039397,6.128764449127559,57.37776428967448,39.41384817413582,0.5543557195613419,12.069204152249135
SARIMA,val,3,FOODS_3_784_CA_3,medium,intermittent,intermittent,FOODS,289,1.4315851664053352,1.9208043838473932,119.07038042192697,91.53276838299598,0.0913006783753362,1.5640138408304498
SARIMA,val,3,HOUSEHOLD_2_270_CA_3,medium,intermittent,intermittent,HOUSEHOLD,289,0.8955608134342639,1.4057480529508646,122.60714945848254,89.86703995920216,0.1176184665511601,0.9965397923875432
SARIMA,val,3,HOBBIES_1_377_CA_3,low,intermittent,intermittent,HOBBIES,289,0.7222213196037489,0.9749565953565623,92.24089800708929,71.48012375530254,-0.05522448595913316,1.0103806228373702
SARIMA,val,3,HOUSEHOLD_2_228_CA_3,low,intermittent,intermittent,HOUSEHOLD,289,0.9321809083820445,1.2388991957617799,105.22006598282128,88.03930801385975,0.03361016195003454,1.0588235294117647
SARIMA,val,3,FOODS_2_347_TX_2,high,smooth,regular,FOODS,289,3.844275409228365,4.92264514932205,37.160336284003364,34.22660484494755,-0.5364950263383702,11.231833910034602
SARIMA,val,3,HOUSEHOLD_1_247_TX_2,high,smooth,regular,HOUSEHOLD,289,3.3521561585854975,4.130214699605163,35.67044071891362,32.57475217993304,0.054119547539303,10.290657439446367
SARIMA,val,3,FOODS_3_729_TX_2,medium,lumpy,intermittent,FOODS,289,2.2813496772738207,2.857397249108419,63.124196954762546,56.64175745121427,0.10046872447299843,4.027681660899654
SARIMA,val,3,HOBBIES_1_034_TX_2,medium,intermittent,intermittent,HOBBIES,289,1.7105498748847112,2.287869945471595,72.71769519482947,54.62418937477145,-0.16274063096819114,3.131487889273356
SARIMA,val,3,FOODS_2_196_TX_2,low,intermittent,intermittent,FOODS,289,1.5412459137150583,2.027601396070983,84.05316254834352,66.08606365929552,-0.3225283122104189,2.332179930795848
SARIMA,val,3,HOUSEHOLD_2_315_TX_2,low,intermittent,intermittent,HOUSEHOLD,289,0.9825569545781466,1.2141533823346131,105.41246015288701,88.73717496033888,0.08860444655795319,1.1072664359861593
SARIMA,val,3,FOODS_2_056_WI_3,high,intermittent,intermittent,FOODS,289,5.022774287452279,6.262270641933638,40.727752042350964,38.059301758618474,-0.4259077797250411,13.197231833910035
SARIMA,val,3,HOBBIES_1_312_WI_3,high,lumpy,intermittent,HOBBIES,289,3.507723048420267,5.4217276466551265,116.95105760399305,75.31441017782,-0.6595522518236671,4.657439446366782
SARIMA,val,3,FOODS_3_128_WI_3,medium,intermittent,intermittent,FOODS,289,1.4210584069045626,1.8872180108779704,107.42530442287128,80.2120858584802,0.07552483036889175,1.7716262975778547
SARIMA,val,3,HOBBIES_1_036_WI_3,medium,lumpy,intermittent,HOBBIES,289,1.793850294676738,2.506951496335868,97.38578359182412,83.34770661761692,0.06869208615643906,2.152249134948097
SARIMA,val,3,FOODS_3_520_WI_3,low,intermittent,intermittent,FOODS,289,1.07394000602849,1.3036029913665732,116.09295713773304,95.20511096387536,0.07418085730723227,1.1280276816608996
SARIMA,val,3,HOUSEHOLD_1_464_WI_3,low,intermittent,intermittent,HOUSEHOLD,289,0.7159264883924248,0.865599139007299,146.36735039224652,114.94597508078377,-0.027216341961975997,0.6228373702422145
SARIMA,val,7,FOODS_3_449_CA_3,high,smooth,regular,FOODS,285,9.461183602589504,12.506291617134334,21.76262323258226,20.894516286230214,1.3769140399057078,45.280701754385966
SARIMA,val,7,HOUSEHOLD_1_114_CA_3,high,smooth,regular,HOUSEHOLD,285,8.622138946911301,10.973284955565646,47.57395677890444,30.431078636157537,1.1944095786033142,28.333333333333332
SARIMA,val,7,FOODS_3_784_CA_3,medium,intermittent,intermittent,FOODS,285,2.305167930692989,3.0984854128539654,95.53688878518447,63.783772839563284,0.16288424700025225,3.6140350877192984
SARIMA,val,7,HOUSEHOLD_2_270_CA_3,medium,intermittent,intermittent,HOUSEHOLD,285,1.8274073356293126,2.726626466767874,141.30217918838972,77.50165039499316,0.2367999307151,2.357894736842105
SARIMA,val,7,HOBBIES_1_377_CA_3,low,intermittent,intermittent,HOBBIES,285,1.1700801867544337,1.4425831247771206,55.66205084154774,49.6239364918175,-0.12845033278815743,2.357894736842105
SARIMA,val,7,HOUSEHOLD_2_228_CA_3,low,intermittent,intermittent,HOUSEHOLD,285,1.6826454666759307,2.0311588841864996,76.36737254937968,68.31252963000574,0.08966772006844456,2.463157894736842
SARIMA,val,7,FOODS_2_347_TX_2,high,smooth,regular,FOODS,285,6.299914011394069,8.275663286025498,24.69280774573968,24.026167446103436,-1.285277568274073,26.221052631578946
SARIMA,val,7,HOUSEHOLD_1_247_TX_2,high,smooth,regular,HOUSEHOLD,285,4.9184010255619555,6.086958348573717,21.64897743563454,20.517334488951366,0.1815977942853397,23.971929824561403
SARIMA,val,7,FOODS_3_729_TX_2,medium,lumpy,intermittent,FOODS,285,3.2920807710329987,4.255498106812272,36.729126700427635,34.969922465315115,0.223242093204761,9.414035087719299
SARIMA,val,7,HOBBIES_1_034_TX_2,medium,intermittent,intermittent,HOBBIES,285,2.672226256017597,3.5324690209952583,44.05295241114082,36.43944894569451,-0.43753084111469287,7.333333333333333
SARIMA,val,7,FOODS_2_196_TX_2,low,intermittent,intermittent,FOODS,285,2.68397543548461,3.513968968035692,58.54412904295945,49.00275458764343,-0.8537003832189552,5.47719298245614
SARIMA,val,7,HOUSEHOLD_2_315_TX_2,low,intermittent,intermittent,HOUSEHOLD,285,1.3139069307708986,1.641708504337875,59.54484772109381,51.793011793873596,0.2536852919376465,2.536842105263158
SARIMA,val,7,FOODS_2_056_WI_3,high,intermittent,intermittent,FOODS,285,8.96694532111515,10.804259665016666,31.19464319279671,29.027480878212376,-1.2916911675571152,30.891228070175437
SARIMA,val,7,HOBBIES_1_312_WI_3,high,lumpy,intermittent,HOBBIES,285,6.088110026835644,8.953196981518357,107.33845447107602,55.88120314486824,-1.6797427799875098,10.894736842105264
SARIMA,val,7,FOODS_3_128_WI_3,medium,intermittent,intermittent,FOODS,285,2.3549940279055885,3.138347279532593,97.73238785328243,56.78285092665759,0.13014473870588814,4.147368421052631
SARIMA,val,7,HOBBIES_1_036_WI_3,medium,lumpy,intermittent,HOBBIES,285,2.9853149977082394,4.054587593680929,64.67031777176157,59.04335699839336,0.12622547993098868,5.056140350877193
SARIMA,val,7,FOODS_3_520_WI_3,low,intermittent,intermittent,FOODS,285,1.7016348962970163,2.0061336051191243,79.49931838658057,64.57602469302924,0.17057023731094703,2.635087719298246
SARIMA,val,7,HOUSEHOLD_1_464_WI_3,low,intermittent,intermittent,HOUSEHOLD,285,1.1759620827980801,1.4985676051757832,95.68272881876813,79.98787436693385,-0.07898873260125237,1.4701754385964911
SARIMA,val,14,FOODS_3_449_CA_3,high,smooth,regular,FOODS,278,15.961150413146996,20.651152107282783,17.881433647899073,17.60374440551799,3.2874610768062027,90.66906474820144
SARIMA,val,14,HOUSEHOLD_1_114_CA_3,high,smooth,regular,HOUSEHOLD,278,15.09336643267918,18.909737910873922,40.128353030334566,26.424559911107828,2.1692683421096013,57.118705035971225
SARIMA,val,14,FOODS_3_784_CA_3,medium,intermittent,intermittent,FOODS,278,4.297444907615804,5.684529803216796,88.38451453804001,60.2162139272779,0.3141371669508727,7.136690647482014
SARIMA,val,14,HOUSEHOLD_2_270_CA_3,medium,intermittent,intermittent,HOUSEHOLD,278,3.7985442416270137,5.429518749192032,125.60355594292983,78.57107880746354,0.45913285457206177,4.83453237410072
SARIMA,val,14,HOBBIES_1_377_CA_3,low,intermittent,intermittent,HOBBIES,278,1.5703151197167347,2.0529734068837153,34.76931630873341,32.971873359611195,-0.3063532601629743,4.762589928057554
SARIMA,val,14,HOUSEHOLD_2_228_CA_3,low,intermittent,intermittent,HOUSEHOLD,278,2.4223221023031822,2.9302820271433823,52.12949728930229,48.93935642734626,0.1624334698623106,4.9496402877697845
SARIMA,val,14,FOODS_2_347_TX_2,high,smooth,regular,FOODS,278,8.991250109301507,12.702042653271588,16.726205070391963,17.123844148700545,-2.758563941849634,52.507194244604314
SARIMA,val,14,HOUSEHOLD_1_247_TX_2,high,smooth,regular,HOUSEHOLD,278,7.301417078068838,9.05259866141815,15.836248052149877,15.203310221729735,0.27578849068668115,48.02517985611511
SARIMA,val,14,FOODS_3_729_TX_2,medium,lumpy,intermittent,FOODS,278,4.847068262866188,5.968678351154849,26.17106295806153,25.52538316114416,0.35521846049959055,18.989208633093526
SARIMA,val,14,HOBBIES_1_034_TX_2,medium,intermittent,intermittent,HOBBIES,278,4.8483859503681765,6.670919409800778,33.93250941734035,32.79443538205239,-1.1226730492342012,14.784172661870503
SARIMA,val,14,FOODS_2_196_TX_2,low,intermittent,intermittent,FOODS,278,4.604278457261422,6.125588330817415,48.20338094718697,41.57159503470852,-2.060313966243219,11.075539568345324
SARIMA,val,14,HOUSEHOLD_2_315_TX_2,low,intermittent,intermittent,HOUSEHOLD,278,1.7099866000919588,2.1657546554989042,36.5440187925996,33.93121162209597,0.5532306297081864,5.039568345323741
SARIMA,val,14,FOODS_2_056_WI_3,high,intermittent,intermittent,FOODS,278,14.138494971824379,17.254836323366387,23.770280853524596,22.563155006700214,-3.8643625361757388,62.66187050359712
SARIMA,val,14,HOBBIES_1_312_WI_3,high,lumpy,intermittent,HOBBIES,278,9.902317223564886,15.72253858853373,98.71405788734994,45.128593248377676,-3.9422282624005804,21.942446043165468
SARIMA,val,14,FOODS_3_128_WI_3,medium,intermittent,intermittent,FOODS,278,4.223436145001592,5.631792690623062,90.63281114955491,50.82749992685898,0.15777838684824116,8.309352517985612
SARIMA,val,14,HOBBIES_1_036_WI_3,medium,lumpy,intermittent,HOBBIES,278,3.938352585384737,5.0675188809585245,40.14944777628297,38.37581558839667,0.09526084391721693,10.262589928057555
SARIMA,val,14,FOODS_3_520_WI_3,low,intermittent,intermittent,FOODS,278,2.7181640918245398,3.2286258719194225,62.53822768679712,51.26523863821045,0.32408456997949386,5.302158273381295
SARIMA,val,14,HOUSEHOLD_1_464_WI_3,low,intermittent,intermittent,HOUSEHOLD,278,1.8899177806142378,2.388392039424881,68.16909991665997,63.37721869852329,-0.20203526125461024,2.9820143884892087
SARIMA,val,28,FOODS_3_449_CA_3,high,smooth,regular,FOODS,264,20.515523381043813,26.33342032991938,11.226370644442742,11.380270155899241,8.644033955678758,180.27272727272728
SARIMA,val,28,HOUSEHOLD_1_114_CA_3,high,smooth,regular,HOUSEHOLD,264,30.151803334809035,35.535838317149896,36.8673239930977,26.316040995733882,5.203205574252263,114.57575757575758
SARIMA,val,28,FOODS_3_784_CA_3,medium,intermittent,intermittent,FOODS,264,9.15683306283889,11.752509315096102,87.19806343604078,64.24140123809373,0.1501338247175362,14.253787878787879
SARIMA,val,28,HOUSEHOLD_2_270_CA_3,medium,intermittent,intermittent,HOUSEHOLD,264,8.699254489202167,12.70475334055537,104.04089212691103,85.95071800708727,0.8920736388737116,10.121212121212121
SARIMA,val,28,HOBBIES_1_377_CA_3,low,intermittent,intermittent,HOBBIES,264,2.1456475988148997,2.8276081430162225,22.167117337891867,22.040893622067454,-0.8455057210898119,9.734848484848484
SARIMA,val,28,HOUSEHOLD_2_228_CA_3,low,intermittent,intermittent,HOUSEHOLD,264,2.7251143259948307,3.391912331952645,27.451413198255548,27.702355874572024,0.3920715635557753,9.837121212121213
SARIMA,val,28,FOODS_2_347_TX_2,high,smooth,regular,FOODS,264,13.495041927683932,18.974913814296986,12.557276094108913,12.94723650437387,-4.927942973261691,104.23106060606061
SARIMA,val,28,HOUSEHOLD_1_247_TX_2,high,smooth,regular,HOUSEHOLD,264,12.02029249938619,15.050465032834433,13.075780168700849,12.54936220128111,0.8357327995247501,95.7840909090909
SARIMA,val,28,FOODS_3_729_TX_2,medium,lumpy,intermittent,FOODS,264,5.295460491335369,7.225026360479241,14.414329384859062,13.800607795780232,0.43592724361615093,38.371212121212125
SARIMA,val,28,HOBBIES_1_034_TX_2,medium,intermittent,intermittent,HOBBIES,264,10.770574934916862,14.1535579798955,35.90474305649615,36.06127815875779,-3.220377190214869,29.867424242424242
SARIMA,val,28,FOODS_2_196_TX_2,low,intermittent,intermittent,FOODS,264,8.213171647785147,10.1810407467501,40.90984826072761,36.65107023352398,-5.160366168961952,22.40909090909091
SARIMA,val,28,HOUSEHOLD_2_315_TX_2,low,intermittent,intermittent,HOUSEHOLD,264,2.35314442988912,2.9441596939778925,23.99760697199981,23.611939547348072,1.267929722005088,9.965909090909092
SARIMA,val,28,FOODS_2_056_WI_3,high,intermittent,intermittent,FOODS,264,16.263043851227152,20.032835705795428,13.042284860646927,12.753812906142967,-10.822655629042679,127.51515151515152
SARIMA,val,28,HOBBIES_1_312_WI_3,high,lumpy,intermittent,HOBBIES,264,20.67838305975944,31.46837135367747,97.89161636585808,46.452460243162804,-10.346455723528535,44.515151515151516
SARIMA,val,28,FOODS_3_128_WI_3,medium,intermittent,intermittent,FOODS,264,9.921905938960206,12.225021355187785,96.23199108596361,60.732278411442024,0.4136466865925768,16.33712121212121
SARIMA,val,28,HOBBIES_1_036_WI_3,medium,lumpy,intermittent,HOBBIES,264,5.732881140577419,6.930922383102057,28.295062183884788,27.846929551286816,0.13201308180912782,20.58712121212121
SARIMA,val,28,FOODS_3_520_WI_3,low,intermittent,intermittent,FOODS,264,4.614240489381312,5.5335788961109,48.58921310155094,43.459132686288484,0.7030774578139923,10.617424242424242
SARIMA,val,28,HOUSEHOLD_1_464_WI_3,low,intermittent,intermittent,HOUSEHOLD,264,2.9511855371735853,3.903541833873405,50.86707943227139,48.78603517932539,-0.5068278608403529,6.049242424242424
XGBoost,val,3,FOODS_3_449_CA_3,high,smooth,regular,FOODS,289,5.23553449307346,6.730163493647539,28.659942059738665,26.91336656880523,1.241085959965795,19.453287197231834
XGBoost,val,3,HOUSEHOLD_1_114_CA_3,high,smooth,regular,HOUSEHOLD,289,4.6763091250274424,5.978738581601984,58.731052365524626,38.74579521596705,0.2961306157409114,12.069204152249135
XGBoost,val,3,FOODS_3_784_CA_3,medium,intermittent,intermittent,FOODS,289,1.4673676339645183,1.8234730648222053,119.26618194543903,93.82062969374907,0.4530989141445156,1.5640138408304498
XGBoost,val,3,HOUSEHOLD_2_270_CA_3,medium,intermittent,intermittent,HOUSEHOLD,289,0.9975461183586335,1.3969014883976083,152.1579793235254,100.10098201584898,0.3290589925378664,0.9965397923875432
XGBoost,val,3,HOBBIES_1_377_CA_3,low,intermittent,intermittent,HOBBIES,289,0.751106091745997,0.9860472118836094,93.59151804424774,74.33892483376476,-0.014292934052259452,1.0103806228373702
XGBoost,val,3,HOUSEHOLD_2_228_CA_3,low,intermittent,intermittent,HOUSEHOLD,289,1.0383896143997418,1.280519200063265,106.59417051711353,98.07013024886449,0.31918543938121996,1.0588235294117647
XGBoost,val,3,FOODS_2_347_TX_2,high,smooth,regular,FOODS,289,3.867387299719154,4.927566898583348,37.56715351126822,34.43237614352543,-0.5016138347374939,11.231833910034602
XGBoost,val,3,HOUSEHOLD_1_247_TX_2,high,smooth,regular,HOUSEHOLD,289,3.1835673177118533,3.985946421294925,34.43823567475476,30.936481332169656,0.13924346250646255,10.290657439446367
XGBoost,val,3,FOODS_3_729_TX_2,medium,lumpy,intermittent,FOODS,289,2.2494045458862937,2.893965694899671,63.458502461576195,55.8486180207164,-0.10046592715702254,4.027681660899654
XGBoost,val,3,HOBBIES_1_034_TX_2,medium,intermittent,intermittent,HOBBIES,289,1.6662810092153846,2.2537933189212573,72.08981461306256,53.21052062577306,-0.18130255240470067,3.131487889273356
XGBoost,val,3,FOODS_2_196_TX_2,low,intermittent,intermittent,FOODS,289,1.565742115351568,2.0496344091521923,83.32813771999938,67.13642007961471,-0.07534850396499501,2.332179930795848
XGBoost,val,3,HOUSEHOLD_2_315_TX_2,low,intermittent,intermittent,HOUSEHOLD,289,0.9787732781423417,1.2182800636929279,105.99342207772973,88.39546168223023,0.06809160680506882,1.1072664359861593
XGBoost,val,3,FOODS_2_056_WI_3,high,intermittent,intermittent,FOODS,289,3.7545688556552346,4.5974369479734865,31.879035396690213,28.449669619411715,-0.33995740553911996,13.197231833910035
XGBoost,val,3,HOBBIES_1_312_WI_3,high,lumpy,intermittent,HOBBIES,289,3.390797179540342,5.237751703439253,118.84187944177344,72.80389189354821,0.40142030954670327,4.657439446366782
XGBoost,val,3,FOODS_3_128_WI_3,medium,intermittent,intermittent,FOODS,289,1.3861240599704037,1.8191421962597094,116.226993125026,78.24020572879817,0.3077168449707922,1.7716262975778547
XGBoost,val,3,HOBBIES_1_036_WI_3,medium,lumpy,intermittent,HOBBIES,289,1.9139633275645827,2.620767504527328,99.43067332048003,88.92852116819363,0.22469899584265315,2.152249134948097
XGBoost,val,3,FOODS_3_520_WI_3,low,intermittent,intermittent,FOODS,289,1.0887469423992824,1.3058748528317736,118.6362941612534,96.5177504151511,0.2603312620964017,1.1280276816608996
XGBoost,val,3,HOUSEHOLD_1_464_WI_3,low,intermittent,intermittent,HOUSEHOLD,289,0.7162187803781569,0.860828949580532,134.67954071246703,114.99290418293741,0.19141985811164222,0.6228373702422145
XGBoost,val,7,FOODS_3_449_CA_3,high,smooth,regular,FOODS,285,9.221698265744928,11.911665761760908,21.365898343845327,20.36562577092061,2.309924610874109,45.280701754385966
XGBoost,val,7,HOUSEHOLD_1_114_CA_3,high,smooth,regular,HOUSEHOLD,285,8.874216383381894,11.078866254468378,49.13325297142177,31.320763706053743,0.5611305596535666,28.333333333333332
XGBoost,val,7,FOODS_3_784_CA_3,medium,intermittent,intermittent,FOODS,285,2.4370152641806686,3.025148813067174,90.58443043870068,67.43197575645539,1.1108724494775137,3.6140350877192984
XGBoost,val,7,HOUSEHOLD_2_270_CA_3,medium,intermittent,intermittent,HOUSEHOLD,285,2.0528925222785848,2.848378949371633,136.07401164184435,87.06463822163641,0.5202471198220002,2.357894736842105
XGBoost,val,7,HOBBIES_1_377_CA_3,low,intermittent,intermittent,HOBBIES,285,1.3058052573287695,1.5961586860514225,59.5336573670351,55.38013368135407,0.04576274219312166,2.357894736842105
XGBoost,val,7,HOUSEHOLD_2_228_CA_3,low,intermittent,intermittent,HOUSEHOLD,285,1.8236091045956864,2.1785184145219447,78.5894578484213,74.03541236606418,0.4837439134455564,2.463157894736842
XGBoost,val,7,FOODS_2_347_TX_2,high,smooth,regular,FOODS,285,6.644588018718519,8.49723146799784,26.369217765059368,25.34066085019106,-1.343071348625317,26.221052631578946
XGBoost,val,7,HOUSEHOLD_1_247_TX_2,high,smooth,regular,HOUSEHOLD,285,4.9060978103102295,6.069905795544155,21.616469615190297,20.466011064672358,-0.19357383125706723,23.971929824561403
XGBoost,val,7,FOODS_3_729_TX_2,medium,lumpy,intermittent,FOODS,285,3.419366819816723,4.4150154840525575,38.359070248291985,36.3220105720375,-0.19295350459584018,9.414035087719299
XGBoost,val,7,HOBBIES_1_034_TX_2,medium,intermittent,intermittent,HOBBIES,285,2.666294106265955,3.598509209537344,43.92250159064769,36.35855599453575,-0.47847352948105126,7.333333333333333
XGBoost,val,7,FOODS_2_196_TX_2,low,intermittent,intermittent,FOODS,285,2.8696596806509453,3.6746088348310826,60.29371936379009,52.3928897492325,-0.32585357950444804,5.47719298245614
XGBoost,val,7,HOUSEHOLD_2_315_TX_2,low,intermittent,intermittent,HOUSEHOLD,285,1.4188592517585086,1.7906845500104258,63.025801776789216,55.93013648010718,0.1686004964928878,2.536842105263158
XGBoost,val,7,FOODS_2_056_WI_3,high,intermittent,intermittent,FOODS,285,7.230257395694131,8.699782309508786,25.552518948352258,23.40553564030926,-1.974959771674976,30.891228070175437
XGBoost,val,7,HOBBIES_1_312_WI_3,high,lumpy,intermittent,HOBBIES,285,6.132871869363282,8.851858904421295,103.92955236172713,56.29206063666781,1.7485395559093408,10.894736842105264
XGBoost,val,7,FOODS_3_128_WI_3,medium,intermittent,intermittent,FOODS,285,2.3804927762140307,2.9742381672946347,93.93840936912052,57.397668462013435,0.6171794559871941,4.147368421052631
XGBoost,val,7,HOBBIES_1_036_WI_3,medium,lumpy,intermittent,HOBBIES,285,3.5686863547877263,4.700217680541544,70.27251474870349,70.58123602460111,0.8446836806180185,5.056140350877193
XGBoost,val,7,FOODS_3_520_WI_3,low,intermittent,intermittent,FOODS,285,1.6287991097098902,1.9274903784901725,82.22175087847468,61.81195023532872,0.36225460872315524,2.635087719298246
XGBoost,val,7,HOUSEHOLD_1_464_WI_3,low,intermittent,intermittent,HOUSEHOLD,285,1.2398575673500696,1.4987781072833013,93.68897889799499,84.33398727798803,0.4849764205384673,1.4701754385964911
XGBoost,val,14,FOODS_3_449_CA_3,high,smooth,regular,FOODS,278,16.467921716703785,20.62583914322894,18.36919226396921,18.16266856003988,6.817736371815633,90.66906474820144
XGBoost,val,14,HOUSEHOLD_1_114_CA_3,high,smooth,regular,HOUSEHOLD,278,15.878712573497415,20.060753143483304,42.34105453733433,27.79949679093319,0.021948349561622674,57.118705035971225
XGBoost,val,14,FOODS_3_784_CA_3,medium,intermittent,intermittent,FOODS,278,4.48700091687681,5.791625371545068,74.77921010904699,62.872291073173045,2.8706605692239973,7.136690647482014
XGBoost,val,14,HOUSEHOLD_2_270_CA_3,medium,intermittent,intermittent,HOUSEHOLD,278,4.562836865083777,5.968147929930567,123.97904542279873,94.38010777479836,1.5487525816872822,4.83453237410072
XGBoost,val,14,HOBBIES_1_377_CA_3,low,intermittent,intermittent,HOBBIES,278,1.7089844376063175,2.2124082805298335,38.02650524588913,35.883510094755,-0.5054241195857097,4.762589928057554
XGBoost,val,14,HOUSEHOLD_2_228_CA_3,low,intermittent,intermittent,HOUSEHOLD,278,3.1978184722310345,3.829641222187685,61.38370045841898,64.60708831978398,1.3690234662817538,4.9496402877697845
XGBoost,val,14,FOODS_2_347_TX_2,high,smooth,regular,FOODS,278,9.820593511457924,13.672838028664016,18.510800999724946,18.703329425123673,-4.282927300432603,52.507194244604314
XGBoost,val,14,HOUSEHOLD_1_247_TX_2,high,smooth,regular,HOUSEHOLD,278,7.023534795363172,9.060059301613633,15.267484747430895,14.624692330993648,-1.8151250400131556,48.02517985611511
XGBoost,val,14,FOODS_3_729_TX_2,medium,lumpy,intermittent,FOODS,278,5.240535917899591,6.480865526474256,28.321467252308448,27.597442416671463,-0.12727144296220738,18.989208633093526
XGBoost,val,14,HOBBIES_1_034_TX_2,medium,intermittent,intermittent,HOBBIES,278,4.842558042608577,6.762974049172417,33.84810426325342,32.75501547068575,-1.3279702766336126,14.784172661870503
XGBoost,val,14,FOODS_2_196_TX_2,low,intermittent,intermittent,FOODS,278,5.0228190902325744,6.331037908302023,50.477713447356486,45.35055885302552,-0.6176811482408922,11.075539568345324
XGBoost,val,14,HOUSEHOLD_2_315_TX_2,low,intermittent,intermittent,HOUSEHOLD,278,1.890624639799269,2.3272683708336057,40.14626384669223,37.51560669979991,0.2359011104638628,5.039568345323741
XGBoost,val,14,FOODS_2_056_WI_3,high,intermittent,intermittent,FOODS,278,9.950647628564628,12.198301186435543,16.882245803510028,15.879908385424608,-3.232426801173807,62.66187050359712
XGBoost,val,14,HOBBIES_1_312_WI_3,high,lumpy,intermittent,HOBBIES,278,11.44092237520561,17.42843981309774,98.59000349631427,52.140597054215725,3.834398206189382,21.942446043165468
XGBoost,val,14,FOODS_3_128_WI_3,medium,intermittent,intermittent,FOODS,278,4.262457198805088,5.322331014412292,86.00586267624955,51.29710395098765,1.65252488594261,8.309352517985612
XGBoost,val,14,HOBBIES_1_036_WI_3,medium,lumpy,intermittent,HOBBIES,278,4.470483759324328,5.886117905639579,43.3675536175216,43.56097038528437,0.7190884103020319,10.262589928057555
XGBoost,val,14,FOODS_3_520_WI_3,low,intermittent,intermittent,FOODS,278,2.686274803799691,3.3317098789394533,63.06725981908685,50.66379887763325,1.064598799609452,5.302158273381295
XGBoost,val,14,HOUSEHOLD_1_464_WI_3,low,intermittent,intermittent,HOUSEHOLD,278,1.9344927304082637,2.3322489017459698,67.93806786841513,64.87201194855214,0.35919963112837977,2.9820143884892087
XGBoost,val,28,FOODS_3_449_CA_3,high,smooth,regular,FOODS,264,25.456668506969105,33.04036383496907,13.85688408883965,14.12119786064852,15.16314847541578,180.27272727272728
XGBoost,val,28,HOUSEHOLD_1_114_CA_3,high,smooth,regular,HOUSEHOLD,264,33.45607269171512,39.849048320249636,38.11729299105118,29.199957652118464,4.671311089486787,114.57575757575758
XGBoost,val,28,FOODS_3_784_CA_3,medium,intermittent,intermittent,FOODS,264,10.412025993520563,12.808235707757406,78.28870001963307,73.04743189714134,7.828865018757907,14.253787878787879
XGBoost,val,28,HOUSEHOLD_2_270_CA_3,medium,intermittent,intermittent,HOUSEHOLD,264,9.804972207004374,12.701866152914898,104.88191399755355,96.87547390154022,3.65026015494809,10.121212121212121
XGBoost,val,28,HOBBIES_1_377_CA_3,low,intermittent,intermittent,HOBBIES,264,2.3471268848939375,2.987617638422966,23.973802318668774,24.110564109416323,-0.08264314405845874,9.734848484848484
XGBoost,val,28,HOUSEHOLD_2_228_CA_3,low,intermittent,intermittent,HOUSEHOLD,264,4.506801457116098,5.479594239733511,39.73631785384014,45.814231215966494,3.511881622401151,9.837121212121213
XGBoost,val,28,FOODS_2_347_TX_2,high,smooth,regular,FOODS,264,17.67969190713131,23.57417149492013,16.971825660372694,16.96201861933592,-7.201950781273119,104.23106060606061
XGBoost,val,28,HOUSEHOLD_1_247_TX_2,high,smooth,regular,HOUSEHOLD,264,12.834015643957889,15.953245577996428,13.946867767324223,13.398901134989847,-0.9938417492490826,95.7840909090909
XGBoost,val,28,FOODS_3_729_TX_2,medium,lumpy,intermittent,FOODS,264,7.219356283997044,9.327577541121821,19.662194422502168,18.814511934602365,-1.228460102370291,38.371212121212125
XGBoost,val,28,HOBBIES_1_034_TX_2,medium,intermittent,intermittent,HOBBIES,264,9.952497641245523,13.404490200243913,32.11988069242849,33.32224955344094,-3.309744560357296,29.867424242424242
XGBoost,val,28,FOODS_2_196_TX_2,low,intermittent,intermittent,FOODS,264,8.302205934669033,10.44403027603467,40.422252139225165,37.04838348128168,-1.531806104110949,22.40909090909091
XGBoost,val,28,HOUSEHOLD_2_315_TX_2,low,intermittent,intermittent,HOUSEHOLD,264,2.6088716767051,3.3299013577828047,25.982477601110652,26.177959811864177,1.357443838408499,9.965909090909092
XGBoost,val,28,FOODS_2_056_WI_3,high,intermittent,intermittent,FOODS,264,17.562289960456617,20.813382210333987,14.512667411268628,13.772708381536795,-12.068464568167022,127.51515151515152
XGBoost,val,28,HOBBIES_1_312_WI_3,high,lumpy,intermittent,HOBBIES,264,26.274564656344328,34.89319377851753,94.537750637141,59.02386886721326,10.092827153928353,44.515151515151516
XGBoost,val,28,FOODS_3_128_WI_3,medium,intermittent,intermittent,FOODS,264,9.363384459957931,10.825610328705672,80.65283893391565,57.31355199232307,4.888182058478847,16.33712121212121
XGBoost,val,28,HOBBIES_1_036_WI_3,medium,lumpy,intermittent,HOBBIES,264,7.286574081941084,9.439036005921423,32.97848091533245,35.39384650657675,1.5296215360814875,20.58712121212121
XGBoost,val,28,FOODS_3_520_WI_3,low,intermittent,intermittent,FOODS,264,5.097024979013385,6.366761878446375,49.446126371849004,48.006228842651936,3.3750282020279854,10.617424242424242
XGBoost,val,28,HOUSEHOLD_1_464_WI_3,low,intermittent,intermittent,HOUSEHOLD,264,3.2873175604776903,4.102181074372697,52.3879411929573,54.34263218322544,1.806920843594002,6.049242424242424
Naive,test,3,FOODS_3_449_CA_3,high,smooth,regular,FOODS,290,9.086206896551724,12.386171376955446,61.33239077088908,54.498448810754915,0.06551724137931035,16.67241379310345
Naive,test,3,HOUSEHOLD_1_114_CA_3,high,smooth,regular,HOUSEHOLD,290,6.324137931034483,9.290336098741864,59.00260312696519,65.1278409090909,-0.04827586206896552,9.710344827586207
Naive,test,3,FOODS_3_784_CA_3,medium,intermittent,intermittent,FOODS,290,2.889655172413793,4.673476148472871,106.03777587212844,132.59493670886076,-0.06896551724137931,2.179310344827586
Naive,test,3,HOUSEHOLD_2_270_CA_3,medium,intermittent,intermittent,HOUSEHOLD,290,1.0241379310344827,2.134284988888106,38.13849943160289,84.375,-0.02413793103448276,1.2137931034482758
Naive,test,3,HOBBIES_1_377_CA_3,low,intermittent,intermittent,HOBBIES,290,1.4551724137931035,2.102543615522021,125.94581280788178,154.57875457875457,0.0,0.9413793103448276
Naive,test,3,HOUSEHOLD_2_228_CA_3,low,intermittent,intermittent,HOUSEHOLD,290,1.7,2.7934652809480323,125.43178410794604,149.84802431610942,0.0034482758620689655,1.1344827586206896
Naive,test,3,FOODS_2_347_TX_2,high,smooth,regular,FOODS,290,10.168965517241379,14.62838525512689,64.96468797087974,55.38028169014085,0.11379310344827587,18.362068965517242
Naive,test,3,HOUSEHOLD_1_247_TX_2,high,smooth,regular,HOUSEHOLD,290,7.210344827586207,9.111379773629807,60.28328468862263,55.2443857331572,-0.03793103448275862,13.051724137931034
Naive,test,3,FOODS_3_729_TX_2,medium,lumpy,intermittent,FOODS,290,2.6862068965517243,3.757750611093346,126.51353267564434,116.96696696696696,-0.010344827586206896,2.296551724137931
Naive,test,3,HOBBIES_1_034_TX_2,medium,intermittent,intermittent,HOBBIES,290,2.896551724137931,3.760044020285236,120.06226722283091,101.08303249097473,-0.041379310344827586,2.8655172413793104
Naive,test,3,FOODS_2_196_TX_2,low,intermittent,intermittent,FOODS,290,1.8758620689655172,2.6639353828758554,112.22903803431188,111.47540983606558,-0.04827586206896552,1.6827586206896552
Naive,test,3,HOUSEHOLD_2_315_TX_2,low,intermittent,intermittent,HOUSEHOLD,290,1.8482758620689654,2.4885946733600197,141.41244961934618,146.84931506849315,-0.006896551724137931,1.2586206896551724
Naive,test,3,FOODS_2_056_WI_3,high,intermittent,intermittent,FOODS,290,6.086206896551724,7.706020933055506,65.05486543902593,56.06734434561626,0.017241379310344827,10.855172413793104
Naive,test,3,HOBBIES_1_312_WI_3,high,lumpy,intermittent,HOBBIES,290,8.844827586206897,14.476497004359906,114.20296159070537,107.4570590699623,0.06551724137931035,8.23103448275862
Naive,test,3,FOODS_3_128_WI_3,medium,intermittent,intermittent,FOODS,290,1.3344827586206895,2.837556014941561,43.61753187561877,83.94793926247289,0.0034482758620689655,1.589655172413793
Naive,test,3,HOBBIES_1_036_WI_3,medium,lumpy,intermittent,HOBBIES,290,3.7,6.050078369398372,133.9537054211559,149.6513249651325,-0.010344827586206896,2.472413793103448
Naive,test,3,FOODS_3_520_WI_3,low,intermittent,intermittent,FOODS,290,2.5206896551724136,3.437621471208013,135.55136513250105,118.66883116883118,-0.0034482758620689655,2.1241379310344826
Naive,test,3,HOUSEHOLD_1_464_WI_3,low,intermittent,intermittent,HOUSEHOLD,290,0.8620689655172413,1.4832396974191326,87.96059113300494,172.41379310344828,-0.013793103448275862,0.5
Naive,test,7,FOODS_3_449_CA_3,high,smooth,regular,FOODS,286,19.74125874125874,26.800219182904982,62.50527751460746,51.05805751492132,0.15384615384615385,38.66433566433567
Naive,test,7,HOUSEHOLD_1_114_CA_3,high,smooth,regular,HOUSEHOLD,286,14.283216783216783,20.580814611427073,62.89691682028064,62.519130700948885,-0.4020979020979021,22.846153846153847
Naive,test,7,FOODS_3_784_CA_3,medium,intermittent,intermittent,FOODS,286,6.426573426573427,10.265019696553406,134.48220252548387,128.62141357592722,-0.2727272727272727,4.996503496503497
Naive,test,7,HOUSEHOLD_2_270_CA_3,medium,intermittent,intermittent,HOUSEHOLD,286,2.2762237762237763,4.555408681089793,39.504100203208644,80.17241379310344,-0.024475524475524476,2.839160839160839
Naive,test,7,HOBBIES_1_377_CA_3,low,intermittent,intermittent,HOBBIES,286,3.2447552447552446,4.3948475871963195,169.4968882100676,149.19614147909968,-0.02097902097902098,2.174825174825175
Naive,test,7,HOUSEHOLD_2_228_CA_3,low,intermittent,intermittent,HOUSEHOLD,286,3.888111888111888,6.081037820883947,155.55408721170554,149.46236559139786,0.04195804195804196,2.6013986013986012
Naive,test,7,FOODS_2_347_TX_2,high,smooth,regular,FOODS,286,22.23076923076923,34.00812325831062,60.132956654551236,51.86816772719857,0.11888111888111888,42.86013986013986
Naive,test,7,HOUSEHOLD_1_247_TX_2,high,smooth,regular,HOUSEHOLD,286,15.15034965034965,19.01958872438506,55.54776783966632,49.87912973408542,0.07342657342657342,30.374125874125873
Naive,test,7,FOODS_3_729_TX_2,medium,lumpy,intermittent,FOODS,286,5.755244755244755,7.7554402290813345,140.77573587840553,107.09173715029277,-0.013986013986013986,5.374125874125874
Naive,test,7,HOBBIES_1_034_TX_2,medium,intermittent,intermittent,HOBBIES,286,6.524475524475524,8.17295557293705,123.53588369787445,97.79874213836477,-0.013986013986013986,6.671328671328672
Naive,test,7,FOODS_2_196_TX_2,low,intermittent,intermittent,FOODS,286,4.0979020979020975,5.5052422569485815,120.41576966828809,105.39568345323741,-0.11888111888111888,3.888111888111888
Naive,test,7,HOUSEHOLD_2_315_TX_2,low,intermittent,intermittent,HOUSEHOLD,286,4.20979020979021,5.309972146424517,169.12583348668534,142.1487603305785,-0.04895104895104895,2.9615384615384617
Naive,test,7,FOODS_2_056_WI_3,high,intermittent,intermittent,FOODS,286,13.506993006993007,17.060259304959217,61.654765611226345,53.48193271493839,0.05244755244755245,25.255244755244757
Naive,test,7,HOBBIES_1_312_WI_3,high,lumpy,intermittent,HOBBIES,286,19.062937062937063,30.942536409295204,111.82178385162238,98.91146589259797,-0.08391608391608392,19.272727272727273
Naive,test,7,FOODS_3_128_WI_3,medium,intermittent,intermittent,FOODS,286,3.234265734265734,6.495022300601799,49.32591478249342,87.26415094339623,-0.05944055944055944,3.7062937062937062
Naive,test,7,HOBBIES_1_036_WI_3,medium,lumpy,intermittent,HOBBIES,286,8.304195804195805,13.132328124062465,158.87908935023412,144.6406820950061,0.01048951048951049,5.741258741258742
Naive,test,7,FOODS_3_520_WI_3,low,intermittent,intermittent,FOODS,286,5.4020979020979025,7.252923211016032,137.04199947489295,108.80281690140845,0.05244755244755245,4.965034965034965
Naive,test,7,HOUSEHOLD_1_464_WI_3,low,intermittent,intermittent,HOUSEHOLD,286,2.06993006993007,3.3039497447878827,146.0585492938434,177.77777777777777,-0.013986013986013986,1.1643356643356644
Naive,test,14,FOODS_3_449_CA_3,high,smooth,regular,FOODS,279,41.29390681003584,55.776403330250524,66.41603783569931,53.88933065157397,0.899641577060932,76.62724014336918
Naive,test,14,HOUSEHOLD_1_114_CA_3,high,smooth,regular,HOUSEHOLD,279,29.666666666666668,41.27480247071348,67.78130023272504,64.67922169258419,-1.9103942652329748,45.867383512544805
Naive,test,14,FOODS_3_784_CA_3,medium,intermittent,intermittent,FOODS,279,12.756272401433693,20.115348372408796,154.48402585546268,128.62305746295627,-0.4336917562724014,9.917562724014337
Naive,test,14,HOUSEHOLD_2_270_CA_3,medium,intermittent,intermittent,HOUSEHOLD,279,4.290322580645161,8.738535756547478,40.33422555189033,75.04702194357367,-0.3978494623655914,5.7168458781362
Naive,test,14,HOBBIES_1_377_CA_3,low,intermittent,intermittent,HOBBIES,279,6.519713261648746,8.601283558460715,179.2202026549554,150.95435684647302,-0.0035842293906810036,4.318996415770609
Naive,test,14,HOUSEHOLD_2_228_CA_3,low,intermittent,intermittent,HOUSEHOLD,279,7.666666666666667,11.649449661651612,171.06285631462674,149.68509447165852,0.0967741935483871,5.121863799283154
Naive,test,14,FOODS_2_347_TX_2,high,smooth,regular,FOODS,279,45.86379928315412,70.10095127154572,60.757710793256805,53.60254691689008,-0.6093189964157706,85.56272401433692
Naive,test,14,HOUSEHOLD_1_247_TX_2,high,smooth,regular,HOUSEHOLD,279,29.42293906810036,36.81353771562555,54.75817824627981,48.525152213749486,0.03225806451612903,60.634408602150536
Naive,test,14,FOODS_3_729_TX_2,medium,lumpy,intermittent,FOODS,279,11.301075268817204,15.356340849990119,139.14441424407917,104.9251247920133,0.11827956989247312,10.770609318996415
Naive,test,14,HOBBIES_1_034_TX_2,medium,intermittent,intermittent,HOBBIES,279,13.0,15.925566109685976,126.06967653158456,97.21254355400697,-0.27598566308243727,13.372759856630825
Naive,test,14,FOODS_2_196_TX_2,low,intermittent,intermittent,FOODS,279,8.258064516129032,10.87267463706336,129.524256577562,106.56799259944496,-0.2724014336917563,7.749103942652329
Naive,test,14,HOUSEHOLD_2_315_TX_2,low,intermittent,intermittent,HOUSEHOLD,279,7.931899641577061,9.69739276936319,167.54951851742393,135.51745254133496,-0.08243727598566308,5.853046594982079
Naive,test,14,FOODS_2_056_WI_3,high,intermittent,intermittent,FOODS,279,27.946236559139784,35.1513369227288,63.18433446366751,55.88045581595356,-0.8853046594982079,50.01075268817204
Naive,test,14,HOBBIES_1_312_WI_3,high,lumpy,intermittent,HOBBIES,279,37.017921146953405,60.853252004883785,111.10261202482758,95.89600742804086,-0.21505376344086022,38.60215053763441
Naive,test,14,FOODS_3_128_WI_3,medium,intermittent,intermittent,FOODS,279,5.885304659498208,11.552591293359159,56.5268235589619,81.20672601384767,-0.7240143369175627,7.247311827956989
Naive,test,14,HOBBIES_1_036_WI_3,medium,lumpy,intermittent,HOBBIES,279,16.272401433691755,25.459504707050282,161.66078547022107,141.963727329581,0.27956989247311825,11.46236559139785
Naive,test,14,FOODS_3_520_WI_3,low,intermittent,intermittent,FOODS,279,10.695340501792115,14.090847076246511,132.8324511463706,106.57142857142857,0.05017921146953405,10.03584229390681
Naive,test,14,HOUSEHOLD_1_464_WI_3,low,intermittent,intermittent,HOUSEHOLD,279,4.028673835125448,6.157432784417842,188.2262607354586,170.8206686930091,-0.15053763440860216,2.3584229390681
Naive,test,28,FOODS_3_449_CA_3,high,smooth,regular,FOODS,265,89.56226415094339,120.86021865291403,69.10493758788816,59.00457438345266,1.3132075471698113,151.78867924528302
Naive,test,28,HOUSEHOLD_1_114_CA_3,high,smooth,regular,HOUSEHOLD,265,60.049056603773586,81.15708039421581,74.99460322579291,64.06457586859375,-4.554716981132075,93.73207547169811
Naive,test,28,FOODS_3_784_CA_3,medium,intermittent,intermittent,FOODS,265,25.467924528301886,39.91864367945819,164.8961666466261,129.9634122857693,-0.8943396226415095,19.59622641509434
Naive,test,28,HOUSEHOLD_2_270_CA_3,medium,intermittent,intermittent,HOUSEHOLD,265,8.350943396226414,16.704422643391677,46.988362703543935,74.53688110474907,-1.4830188679245282,11.20377358490566
Naive,test,28,HOBBIES_1_377_CA_3,low,intermittent,intermittent,HOBBIES,265,13.011320754716982,17.00033296011337,177.43700219370376,148.74892148403796,0.12830188679245283,8.747169811320754
Naive,test,28,HOUSEHOLD_2_228_CA_3,low,intermittent,intermittent,HOUSEHOLD,265,15.366037735849057,22.96527320945487,177.75323133821175,151.71385991058122,0.01509433962264151,10.128301886792453
Naive,test,28,FOODS_2_347_TX_2,high,smooth,regular,FOODS,265,106.30943396226415,162.9149100743339,63.538330295968215,61.68870981869142,1.2679245283018867,172.33207547169812
Naive,test,28,HOUSEHOLD_1_247_TX_2,high,smooth,regular,HOUSEHOLD,265,58.241509433962264,73.1072099792038,55.12756189635516,48.273489303140245,-0.9358490566037736,120.64905660377359
Naive,test,28,FOODS_3_729_TX_2,medium,lumpy,intermittent,FOODS,265,21.637735849056604,28.28587219863895,139.4511181714519,101.27163546450018,-0.9735849056603774,21.366037735849055
Naive,test,28,HOBBIES_1_034_TX_2,medium,intermittent,intermittent,HOBBIES,265,25.543396226415094,31.362337706476765,123.7979553759651,95.78321777274657,-0.7811320754716982,26.667924528301885
Naive,test,28,FOODS_2_196_TX_2,low,intermittent,intermittent,FOODS,265,17.260377358490565,21.70766319780722,151.19081504469108,110.32320308731308,-1.2754716981132075,15.645283018867925
Naive,test,28,HOUSEHOLD_2_315_TX_2,low,intermittent,intermittent,HOUSEHOLD,265,16.08301886792453,19.483326204732087,167.83605563269285,137.39522888459058,-0.0830188679245283,11.705660377358491
Naive,test,28,FOODS_2_056_WI_3,high,intermittent,intermittent,FOODS,265,53.50188679245283,68.17126047475564,61.476931591623305,54.19724770642202,-2.0377358490566038,98.71698113207547
Naive,test,28,HOBBIES_1_312_WI_3,high,lumpy,intermittent,HOBBIES,265,72.86037735849057,120.48916024211081,109.57520664106943,93.99279524875864,-1.1245283018867924,77.51698113207547
Naive,test,28,FOODS_3_128_WI_3,medium,intermittent,intermittent,FOODS,265,12.460377358490566,22.662744758744473,66.99832552707934,91.31637168141593,-1.2830188679245282,13.645283018867925
Naive,test,28,HOBBIES_1_036_WI_3,medium,lumpy,intermittent,HOBBIES,265,32.01509433962264,50.574361466417436,157.94585899464434,139.0363815142576,1.169811320754717,23.026415094339622
Naive,test,28,FOODS_3_520_WI_3,low,intermittent,intermittent,FOODS,265,20.845283018867924,27.491748333183438,130.3078282231109,102.86778398510242,-0.18867924528301888,20.264150943396228
Naive,test,28,HOUSEHOLD_1_464_WI_3,low,intermittent,intermittent,HOUSEHOLD,265,7.773584905660377,11.717427755593254,193.52768022496997,170.52980132450332,-0.22641509433962265,4.558490566037736
SeasonalNaive,test,3,FOODS_3_449_CA_3,high,smooth,regular,FOODS,290,7.175862068965517,10.134100848126586,51.89152649234562,43.040330920372284,0.03793103448275862,16.67241379310345
SeasonalNaive,test,3,HOUSEHOLD_1_114_CA_3,high,smooth,regular,HOUSEHOLD,290,5.441379310344828,7.588103211266145,56.77284803916338,56.03693181818182,-0.30344827586206896,9.710344827586207
SeasonalNaive,test,3,FOODS_3_784_CA_3,medium,intermittent,intermittent,FOODS,290,2.4275862068965517,3.4987682561645643,104.24714850171237,111.39240506329114,-0.15172413793103448,2.179310344827586
SeasonalNaive,test,3,HOUSEHOLD_2_270_CA_3,medium,intermittent,intermittent,HOUSEHOLD,290,0.7310344827586207,1.5040176081140944,27.98422650146788,60.22727272727273,-0.027586206896551724,1.2137931034482758
SeasonalNaive,test,3,HOBBIES_1_377_CA_3,low,intermittent,intermittent,HOBBIES,290,0.906896551724138,1.2553334493135746,103.46798029556649,96.33699633699634,-0.02413793103448276,0.9413793103448276
SeasonalNaive,test,3,HOUSEHOLD_2_228_CA_3,low,intermittent,intermittent,HOUSEHOLD,290,1.4068965517241379,2.1058211601702292,113.91396725879484,124.01215805471125,0.006896551724137931,1.1344827586206896
SeasonalNaive,test,3,FOODS_2_347_TX_2,high,smooth,regular,FOODS,290,8.858620689655172,14.510994642588818,49.282311601031466,48.244131455399064,-0.11379310344827587,18.362068965517242
SeasonalNaive,test,3,HOUSEHOLD_1_247_TX_2,high,smooth,regular,HOUSEHOLD,290,4.26551724137931,5.363027966132308,33.816053448118296,32.68163804491414,-0.06551724137931035,13.051724137931034
SeasonalNaive,test,3,FOODS_3_729_TX_2,medium,lumpy,intermittent,FOODS,290,1.703448275862069,2.167152907419763,92.61096183509976,74.17417417417417,0.034482758620689655,2.296551724137931
SeasonalNaive,test,3,HOBBIES_1_034_TX_2,medium,intermittent,intermittent,HOBBIES,290,2.2620689655172415,2.8779782175495447,91.34492710354779,78.94103489771359,-0.034482758620689655,2.8655172413793104
SeasonalNaive,test,3,FOODS_2_196_TX_2,low,intermittent,intermittent,FOODS,290,1.2655172413793103,1.7645943169602116,80.24993780166194,75.20491803278688,-0.08620689655172414,1.6827586206896552
SeasonalNaive,test,3,HOUSEHOLD_2_315_TX_2,low,intermittent,intermittent,HOUSEHOLD,290,1.196551724137931,1.5767710349165234,107.89490968801316,95.06849315068493,0.0034482758620689655,1.2586206896551724
SeasonalNaive,test,3,FOODS_2_056_WI_3,high,intermittent,intermittent,FOODS,290,4.9862068965517246,6.1464876429410955,49.37549386824103,45.93392630241423,-0.06206896551724138,10.855172413793104
SeasonalNaive,test,3,HOBBIES_1_312_WI_3,high,lumpy,intermittent,HOBBIES,290,6.810344827586207,10.202940752547766,87.50372602138344,82.73984080435693,-0.04482758620689655,8.23103448275862
SeasonalNaive,test,3,FOODS_3_128_WI_3,medium,intermittent,intermittent,FOODS,290,1.2137931034482758,2.160778914475375,46.23143523143523,76.35574837310195,-0.06896551724137931,1.589655172413793
SeasonalNaive,test,3,HOBBIES_1_036_WI_3,medium,lumpy,intermittent,HOBBIES,290,3.127586206896552,4.52845410175748,129.04317239525952,126.49930264993027,-0.04482758620689655,2.472413793103448
SeasonalNaive,test,3,FOODS_3_520_WI_3,low,intermittent,intermittent,FOODS,290,1.9068965517241379,2.421882994981242,97.23719958202717,89.77272727272727,0.010344827586206896,2.1241379310344826
SeasonalNaive,test,3,HOUSEHOLD_1_464_WI_3,low,intermittent,intermittent,HOUSEHOLD,290,0.7931034482758621,1.132589343358684,113.21839080459772,158.6206896551724,-0.013793103448275862,0.5
SeasonalNaive,test,7,FOODS_3_449_CA_3,high,smooth,regular,FOODS,286,12.15034965034965,17.75739774925298,39.572565434240396,31.425212515825645,0.28321678321678323,38.66433566433567
SeasonalNaive,test,7,HOUSEHOLD_1_114_CA_3,high,smooth,regular,HOUSEHOLD,286,8.895104895104895,12.588983973399818,41.167632425063765,38.93480257116621,-0.9370629370629371,22.846153846153847
SeasonalNaive,test,7,FOODS_3_784_CA_3,medium,intermittent,intermittent,FOODS,286,4.094405594405594,5.675058916548242,95.78701727987225,81.94541637508748,-0.2762237762237762,4.996503496503497
SeasonalNaive,test,7,HOUSEHOLD_2_270_CA_3,medium,intermittent,intermittent,HOUSEHOLD,286,1.3041958041958042,2.62385506166316,21.636896063924148,45.935960591133004,-0.10139860139860139,2.839160839160839
SeasonalNaive,test,7,HOBBIES_1_377_CA_3,low,intermittent,intermittent,HOBBIES,286,1.3216783216783217,1.736083527364399,72.38261738261738,60.77170418006431,-0.03496503496503497,2.174825174825175
SeasonalNaive,test,7,HOUSEHOLD_2_228_CA_3,low,intermittent,intermittent,HOUSEHOLD,286,2.4510489510489513,3.1969172213680666,96.02239252588905,94.22043010752688,0.05244755244755245,2.6013986013986012
SeasonalNaive,test,7,FOODS_2_347_TX_2,high,smooth,regular,FOODS,286,15.395104895104895,25.848604404306815,36.269984710750194,35.91939957578724,-0.33916083916083917,42.86013986013986
SeasonalNaive,test,7,HOUSEHOLD_1_247_TX_2,high,smooth,regular,HOUSEHOLD,286,6.010489510489511,7.6649689008989625,19.992997712479507,19.78818924830206,-0.017482517482517484,30.374125874125873
SeasonalNaive,test,7,FOODS_3_729_TX_2,medium,lumpy,intermittent,FOODS,286,2.160839160839161,2.8798795623612965,47.336547225440874,40.208197787898506,0.055944055944055944,5.374125874125874
SeasonalNaive,test,7,HOBBIES_1_034_TX_2,medium,intermittent,intermittent,HOBBIES,286,3.6468531468531467,4.5753214568559475,61.224434936214266,54.664570230607964,-0.05944055944055944,6.671328671328672
SeasonalNaive,test,7,FOODS_2_196_TX_2,low,intermittent,intermittent,FOODS,286,1.9685314685314685,2.7386127875258306,58.758653933479096,50.6294964028777,-0.15734265734265734,3.888111888111888
SeasonalNaive,test,7,HOUSEHOLD_2_315_TX_2,low,intermittent,intermittent,HOUSEHOLD,286,1.5734265734265733,2.013937450851951,58.81784881784882,53.128689492325854,-0.04195804195804196,2.9615384615384617
SeasonalNaive,test,7,FOODS_2_056_WI_3,high,intermittent,intermittent,FOODS,286,8.982517482517483,10.767894522493823,37.14124545948406,35.56693894503669,-0.1993006993006993,25.255244755244757
SeasonalNaive,test,7,HOBBIES_1_312_WI_3,high,lumpy,intermittent,HOBBIES,286,11.146853146853147,15.791473312222307,57.35447556076547,57.83744557329463,-0.1258741258741259,19.272727272727273
SeasonalNaive,test,7,FOODS_3_128_WI_3,medium,intermittent,intermittent,FOODS,286,1.965034965034965,3.4892442125516485,37.72652591449792,53.0188679245283,-0.2517482517482518,3.7062937062937062
SeasonalNaive,test,7,HOBBIES_1_036_WI_3,medium,lumpy,intermittent,HOBBIES,286,5.3426573426573425,6.925174507407157,94.57344481888299,93.0572472594397,-0.006993006993006993,5.741258741258742
SeasonalNaive,test,7,FOODS_3_520_WI_3,low,intermittent,intermittent,FOODS,286,2.923076923076923,3.6974759865790436,59.068689891396595,58.87323943661972,0.06293706293706294,4.965034965034965
SeasonalNaive,test,7,HOUSEHOLD_1_464_WI_3,low,intermittent,intermittent,HOUSEHOLD,286,1.2727272727272727,1.7158251496163426,117.43589743589745,109.30930930930931,-0.027972027972027972,1.1643356643356644
SeasonalNaive,test,14,FOODS_3_449_CA_3,high,smooth,regular,FOODS,279,27.738351254480285,38.6323076858297,40.52449837416556,36.199073857523736,0.9068100358422939,76.62724014336918
SeasonalNaive,test,14,HOUSEHOLD_1_114_CA_3,high,smooth,regular,HOUSEHOLD,279,16.72043010752688,23.520524096274745,42.41173417177437,36.453856372587325,-2.390681003584229,45.867383512544805
SeasonalNaive,test,14,FOODS_3_784_CA_3,medium,intermittent,intermittent,FOODS,279,7.465949820788531,9.840119764984943,91.81985395732877,75.28008673653777,-0.4910394265232975,9.917562724014337
SeasonalNaive,test,14,HOUSEHOLD_2_270_CA_3,medium,intermittent,intermittent,HOUSEHOLD,279,2.3835125448028673,4.890558528840478,23.234841126160113,41.692789968652036,-0.6200716845878136,5.7168458781362
SeasonalNaive,test,14,HOBBIES_1_377_CA_3,low,intermittent,intermittent,HOBBIES,279,2.283154121863799,2.979620143695643,58.621709070791916,52.863070539419084,0.03225806451612903,4.318996415770609
SeasonalNaive,test,14,HOUSEHOLD_2_228_CA_3,low,intermittent,intermittent,HOUSEHOLD,279,4.017921146953405,5.08811250749125,85.99935809553644,78.44646606018195,0.14695340501792115,5.121863799283154
SeasonalNaive,test,14,FOODS_2_347_TX_2,high,smooth,regular,FOODS,279,32.53763440860215,56.95253636010834,34.27470159419224,38.027815013404826,-0.35842293906810035,85.56272401433692
SeasonalNaive,test,14,HOUSEHOLD_1_247_TX_2,high,smooth,regular,HOUSEHOLD,279,9.379928315412187,12.09268270113767,15.695709346526797,15.469645918307029,-0.2974910394265233,60.634408602150536
SeasonalNaive,test,14,FOODS_3_729_TX_2,medium,lumpy,intermittent,FOODS,279,4.039426523297491,5.570338754072812,41.80510216304788,37.50415973377704,0.03225806451612903,10.770609318996415
SeasonalNaive,test,14,HOBBIES_1_034_TX_2,medium,intermittent,intermittent,HOBBIES,279,7.0,8.637046156426614,55.55940454935474,52.34521575984991,-0.24014336917562723,13.372759856630825
SeasonalNaive,test,14,FOODS_2_196_TX_2,low,intermittent,intermittent,FOODS,279,4.07168458781362,5.171607072589878,69.75794102524596,52.543940795559664,-0.3870967741935484,7.749103942652329
SeasonalNaive,test,14,HOUSEHOLD_2_315_TX_2,low,intermittent,intermittent,HOUSEHOLD,279,2.7204301075268815,3.534266462297841,48.444825708962036,46.478873239436616,0.03225806451612903,5.853046594982079
SeasonalNaive,test,14,FOODS_2_056_WI_3,high,intermittent,intermittent,FOODS,279,19.70250896057348,23.139052932419663,40.68922620150765,39.396545545760766,-1.028673835125448,50.01075268817204
SeasonalNaive,test,14,HOBBIES_1_312_WI_3,high,lumpy,intermittent,HOBBIES,279,20.63799283154122,27.060929525979624,53.610504221418665,53.46332404828227,-0.4731182795698925,38.60215053763441
SeasonalNaive,test,14,FOODS_3_128_WI_3,medium,intermittent,intermittent,FOODS,279,3.78494623655914,6.526483132503526,40.134837239186496,52.225519287833826,-0.8530465949820788,7.247311827956989
SeasonalNaive,test,14,HOBBIES_1_036_WI_3,medium,lumpy,intermittent,HOBBIES,279,8.688172043010752,11.076792879791158,75.91731087966558,75.79737335834896,0.2222222222222222,11.46236559139785
SeasonalNaive,test,14,FOODS_3_520_WI_3,low,intermittent,intermittent,FOODS,279,4.745519713261649,6.0629907331963135,47.583341805791065,47.285714285714285,-0.07168458781362007,10.03584229390681
SeasonalNaive,test,14,HOUSEHOLD_1_464_WI_3,low,intermittent,intermittent,HOUSEHOLD,279,2.1362007168458783,2.713301894087494,108.7060052651451,90.5775075987842,-0.24372759856630824,2.3584229390681
SeasonalNaive,test,28,FOODS_3_449_CA_3,high,smooth,regular,FOODS,265,64.5056603773585,87.32074900931147,44.04897349921597,42.497016706443915,1.3283018867924528,151.78867924528302
SeasonalNaive,test,28,HOUSEHOLD_1_114_CA_3,high,smooth,regular,HOUSEHOLD,265,34.35094339622641,45.8113852537546,50.601416959721824,36.64801320504046,-5.958490566037736,93.73207547169811
SeasonalNaive,test,28,FOODS_3_784_CA_3,medium,intermittent,intermittent,FOODS,265,14.245283018867925,18.165382794630883,95.40883176537537,72.69401116888119,-0.9245283018867925,19.59622641509434
SeasonalNaive,test,28,HOUSEHOLD_2_270_CA_3,medium,intermittent,intermittent,HOUSEHOLD,265,4.916981132075471,9.592646554758927,31.33650056395308,43.88683058268777,-1.739622641509434,11.20377358490566
SeasonalNaive,test,28,HOBBIES_1_377_CA_3,low,intermittent,intermittent,HOBBIES,265,4.279245283018868,5.5531734935131105,54.19409849919437,48.921484037963765,0.12830188679245283,8.747169811320754
SeasonalNaive,test,28,HOUSEHOLD_2_228_CA_3,low,intermittent,intermittent,HOUSEHOLD,265,7.509433962264151,9.738079311611981,80.47575945715376,74.14307004470939,0.21132075471698114,10.128301886792453
SeasonalNaive,test,28,FOODS_2_347_TX_2,high,smooth,regular,FOODS,265,80.36981132075472,136.6953919804148,38.732605965647814,46.63659455198388,1.2981132075471697,172.33207547169812
SeasonalNaive,test,28,HOUSEHOLD_1_247_TX_2,high,smooth,regular,HOUSEHOLD,265,17.69811320754717,22.77701588949239,14.888505452460016,14.669085449768547,-1.2377358490566037,120.64905660377359
SeasonalNaive,test,28,FOODS_3_729_TX_2,medium,lumpy,intermittent,FOODS,265,7.283018867924528,9.451365080600393,39.22277608514469,34.08689509007418,-1.1547169811320754,21.366037735849055
SeasonalNaive,test,28,HOBBIES_1_034_TX_2,medium,intermittent,intermittent,HOBBIES,265,12.2,15.292494151003968,49.30726268877424,45.74784208292062,-0.8264150943396227,26.667924528301885
SeasonalNaive,test,28,FOODS_2_196_TX_2,low,intermittent,intermittent,FOODS,265,8.581132075471698,10.327833797239197,76.91482686540091,54.848046309696095,-1.3962264150943395,15.645283018867925
SeasonalNaive,test,28,HOUSEHOLD_2_315_TX_2,low,intermittent,intermittent,HOUSEHOLD,265,5.592452830188679,7.122115437276118,49.62095485911443,47.77562862669246,0.022641509433962263,11.705660377358491
SeasonalNaive,test,28,FOODS_2_056_WI_3,high,intermittent,intermittent,FOODS,265,31.32075471698113,37.01728306187555,32.80906930556461,31.72782874617737,-1.8867924528301887,98.71698113207547
SeasonalNaive,test,28,HOBBIES_1_312_WI_3,high,lumpy,intermittent,HOBBIES,265,36.18867924528302,47.86041023564809,47.810756405418175,46.68484081394217,-2.981132075471698,77.51698113207547
SeasonalNaive,test,28,FOODS_3_128_WI_3,medium,intermittent,intermittent,FOODS,265,7.9849056603773585,13.140747516143017,50.90676930889321,58.517699115044245,-1.6,13.645283018867925
SeasonalNaive,test,28,HOBBIES_1_036_WI_3,medium,lumpy,intermittent,HOBBIES,265,14.99622641509434,19.026892586794986,68.60214518490105,65.1261881350377,0.36981132075471695,23.026415094339622
SeasonalNaive,test,28,FOODS_3_520_WI_3,low,intermittent,intermittent,FOODS,265,8.007547169811321,10.105481419357572,41.35757403552001,39.51582867783985,-0.18867924528301888,20.264150943396228
SeasonalNaive,test,28,HOUSEHOLD_1_464_WI_3,low,intermittent,intermittent,HOUSEHOLD,265,3.4339622641509435,4.277188284684404,93.42620967248574,75.33112582781457,-0.24150943396226415,4.558490566037736
MovingAverage,test,3,FOODS_3_449_CA_3,high,smooth,regular,FOODS,290,7.043103448275862,9.81243430526156,47.96302194969086,42.2440537745605,-0.10221674876847309,16.67241379310345
MovingAverage,test,3,HOUSEHOLD_1_114_CA_3,high,smooth,regular,HOUSEHOLD,290,4.586083743842365,6.369909207717737,59.95615386499228,47.22884537337663,-0.4166256157635468,9.710344827586207
MovingAverage,test,3,FOODS_3_784_CA_3,medium,intermittent,intermittent,FOODS,290,1.9279556650246306,2.6754472749507734,121.38671796401124,88.46632007233273,-0.12697044334975377,2.179310344827586
MovingAverage,test,3,HOUSEHOLD_2_270_CA_3,medium,intermittent,intermittent,HOUSEHOLD,290,0.59064039408867,1.24823943574598,26.72559095011813,48.660714285714285,-0.1438423645320197,1.2137931034482758
MovingAverage,test,3,HOBBIES_1_377_CA_3,low,intermittent,intermittent,HOBBIES,290,0.8193349753694581,1.018730720104409,112.48675138333704,87.03558346415488,-0.02992610837438425,0.9413793103448276
MovingAverage,test,3,HOUSEHOLD_2_228_CA_3,low,intermittent,intermittent,HOUSEHOLD,290,1.0176108374384238,1.499948685493374,107.97595294651121,89.69821971341729,-0.018349753694581295,1.1344827586206896
MovingAverage,test,3,FOODS_2_347_TX_2,high,smooth,regular,FOODS,290,9.338177339901478,14.890857622915934,44.38337957359005,50.85580147551978,-0.10197044334975354,18.362068965517242
MovingAverage,test,3,HOUSEHOLD_1_247_TX_2,high,smooth,regular,HOUSEHOLD,290,3.2442118226600987,4.125338256235518,25.5989732009085,24.856576712587284,-0.20307881773399014,13.051724137931034
MovingAverage,test,3,FOODS_3_729_TX_2,medium,lumpy,intermittent,FOODS,290,1.4198275862068965,1.7809505424417336,79.35656658285359,61.82432432432432,-0.013669950738916248,2.296551724137931
MovingAverage,test,3,HOBBIES_1_034_TX_2,medium,intermittent,intermittent,HOBBIES,290,1.726600985221675,2.1961076500701626,69.82036028993886,60.25442668041947,-0.051724137931034475,2.8655172413793104
MovingAverage,test,3,FOODS_2_196_TX_2,low,intermittent,intermittent,FOODS,290,1.1741379310344828,1.5454155716935607,95.60560531051046,69.77459016393442,-0.10000000000000002,1.6827586206896552
MovingAverage,test,3,HOUSEHOLD_2_315_TX_2,low,intermittent,intermittent,HOUSEHOLD,290,0.9618226600985222,1.2809778658320303,89.8984381770816,76.4187866927593,-0.004679802955665013,1.2586206896551724
MovingAverage,test,3,FOODS_2_056_WI_3,high,intermittent,intermittent,FOODS,290,4.117364532019705,5.002334518338092,40.15381409765503,37.92997821746234,-0.39544334975369466,10.855172413793104
MovingAverage,test,3,HOBBIES_1_312_WI_3,high,lumpy,intermittent,HOBBIES,290,5.2432266009852215,7.612107529093553,68.3124115769554,63.70070022143754,-0.1129310344827585,8.23103448275862
MovingAverage,test,3,FOODS_3_128_WI_3,medium,intermittent,intermittent,FOODS,290,1.1477832512315271,1.823764560190359,58.546748177705624,72.2032847846297,-0.14433497536945813,1.589655172413793
MovingAverage,test,3,HOBBIES_1_036_WI_3,medium,lumpy,intermittent,HOBBIES,290,2.2848522167487686,3.1309229583987808,103.3290902678222,92.41382745566847,0.003325123152709363,2.472413793103448
MovingAverage,test,3,FOODS_3_520_WI_3,low,intermittent,intermittent,FOODS,290,1.3600985221674877,1.7450719795853262,72.38079699195953,64.03061224489797,-0.01748768472906404,2.1241379310344826
MovingAverage,test,3,HOUSEHOLD_1_464_WI_3,low,intermittent,intermittent,HOUSEHOLD,290,0.6403940886699507,0.7703833459052286,160.5442822383552,128.07881773399015,-0.03669950738916259,0.5
MovingAverage,test,7,FOODS_3_449_CA_3,high,smooth,regular,FOODS,286,14.731643356643357,20.94600012720021,41.22092068075293,38.10137457044674,-0.12325174825174805,38.66433566433567
MovingAverage,test,7,HOUSEHOLD_1_114_CA_3,high,smooth,regular,HOUSEHOLD,286,8.902972027972028,12.015442060203107,53.97011824081507,38.9692378328742,-1.2298951048951048,22.846153846153847
MovingAverage,test,7,FOODS_3_784_CA_3,medium,intermittent,intermittent,FOODS,286,3.3173076923076925,4.593173903032249,92.57985891283779,66.3925822253324,-0.22814685314685315,4.996503496503497
MovingAverage,test,7,HOUSEHOLD_2_270_CA_3,medium,intermittent,intermittent,HOUSEHOLD,286,1.1617132867132867,2.5119904764640637,24.19510205988745,40.91748768472906,-0.4012237762237762,2.839160839160839
MovingAverage,test,7,HOBBIES_1_377_CA_3,low,intermittent,intermittent,HOBBIES,286,1.1424825174825175,1.4215345544553215,59.65834001635789,52.532154340836016,-0.041083916083916164,2.174825174825175
MovingAverage,test,7,HOUSEHOLD_2_228_CA_3,low,intermittent,intermittent,HOUSEHOLD,286,1.7517482517482517,2.3154807381947813,74.65217937313936,67.33870967741936,-0.012237762237762262,2.6013986013986012
MovingAverage,test,7,FOODS_2_347_TX_2,high,smooth,regular,FOODS,286,19.78846153846154,33.29094697285811,36.976000907886345,46.169848262359274,-0.17657342657342656,42.86013986013986
MovingAverage,test,7,HOUSEHOLD_1_247_TX_2,high,smooth,regular,HOUSEHOLD,286,4.4676573426573425,5.660194868028481,14.919255079549416,14.708760216415333,-0.4729020979020983,30.374125874125873
MovingAverage,test,7,FOODS_3_729_TX_2,medium,lumpy,intermittent,FOODS,286,1.917832167832168,2.6807882934177916,39.481755517866596,35.68640208197788,-0.09965034965034975,5.374125874125874
MovingAverage,test,7,HOBBIES_1_034_TX_2,medium,intermittent,intermittent,HOBBIES,286,2.9466783216783217,3.757887974377633,46.79010262526585,44.16928721174004,-0.13024475524475523,6.671328671328672
MovingAverage,test,7,FOODS_2_196_TX_2,low,intermittent,intermittent,FOODS,286,2.049825174825175,2.611708775356228,74.69884635016167,52.72032374100719,-0.22814685314685323,3.888111888111888
MovingAverage,test,7,HOUSEHOLD_2_315_TX_2,low,intermittent,intermittent,HOUSEHOLD,286,1.3758741258741258,1.7833975981275159,48.4852953724615,46.45808736717828,-0.04545454545454556,2.9615384615384617
MovingAverage,test,7,FOODS_2_056_WI_3,high,intermittent,intermittent,FOODS,286,7.580419580419581,9.174803021837063,31.15613549836788,30.015229129170706,-1.0262237762237763,25.255244755244757
MovingAverage,test,7,HOBBIES_1_312_WI_3,high,lumpy,intermittent,HOBBIES,286,8.95541958041958,12.071818522805604,46.606210760008885,46.466799709724235,-0.44143356643356646,19.272727272727273
MovingAverage,test,7,FOODS_3_128_WI_3,medium,intermittent,intermittent,FOODS,286,2.354020979020979,3.6190118131192253,54.61401231124291,63.514150943396224,-0.43269230769230765,3.7062937062937062
MovingAverage,test,7,HOBBIES_1_036_WI_3,medium,lumpy,intermittent,HOBBIES,286,3.835664335664336,4.746732405715381,70.72771339172853,66.80876979293545,0.052447552447552434,5.741258741258742
MovingAverage,test,7,FOODS_3_520_WI_3,low,intermittent,intermittent,FOODS,286,2.015734265734266,2.5248762345905194,42.2704632985297,40.598591549295776,-0.04195804195804204,4.965034965034965
MovingAverage,test,7,HOUSEHOLD_1_464_WI_3,low,intermittent,intermittent,HOUSEHOLD,286,0.9361888111888111,1.2178559343875928,96.48731508762178,80.4054054054054,-0.09003496503496514,1.1643356643356644
MovingAverage,test,14,FOODS_3_449_CA_3,high,smooth,regular,FOODS,279,28.664874551971327,41.3548656193472,38.129051545222225,37.40820431264325,-0.3924731182795691,76.62724014336918
MovingAverage,test,14,HOUSEHOLD_1_114_CA_3,high,smooth,regular,HOUSEHOLD,279,16.455197132616487,21.84393980245299,54.30808292712182,35.87559584277565,-2.6129032258064524,45.867383512544805
MovingAverage,test,14,FOODS_3_784_CA_3,medium,intermittent,intermittent,FOODS,279,5.258064516129032,7.038297692524958,69.96731926783293,53.017708709794,-0.4623655913978493,9.917562724014337
MovingAverage,test,14,HOUSEHOLD_2_270_CA_3,medium,intermittent,intermittent,HOUSEHOLD,279,2.057347670250896,4.661671673949049,25.62693037929845,35.98746081504702,-1.096774193548387,5.7168458781362
MovingAverage,test,14,HOBBIES_1_377_CA_3,low,intermittent,intermittent,HOBBIES,279,1.8548387096774193,2.2542274105861617,46.28228902942354,42.946058091286304,-0.001792114695340731,4.318996415770609
MovingAverage,test,14,HOUSEHOLD_2_228_CA_3,low,intermittent,intermittent,HOUSEHOLD,279,2.6379928315412187,3.3268754648202474,54.48157470249849,51.50454863540938,0.046594982078853084,5.121863799283154
MovingAverage,test,14,FOODS_2_347_TX_2,high,smooth,regular,FOODS,279,38.64336917562724,67.74134472348653,34.16306207016228,45.16379021447721,0.43548387096774194,85.56272401433692
MovingAverage,test,14,HOUSEHOLD_1_247_TX_2,high,smooth,regular,HOUSEHOLD,279,6.78673835125448,8.14590294362909,11.308482475991276,11.192882898859136,-1.1057347670250903,60.634408602150536
MovingAverage,test,14,FOODS_3_729_TX_2,medium,lumpy,intermittent,FOODS,279,3.2437275985663083,4.603450474633287,31.670331180477433,30.116472545757073,-0.46594982078853076,10.770609318996415
MovingAverage,test,14,HOBBIES_1_034_TX_2,medium,intermittent,intermittent,HOBBIES,279,4.560931899641577,5.894609043067175,34.45954604440609,34.10613776467435,-0.42831541218638003,13.372759856630825
MovingAverage,test,14,FOODS_2_196_TX_2,low,intermittent,intermittent,FOODS,279,3.7544802867383513,4.653110109567177,67.56016974889528,48.45050878815911,-0.5573476702508964,7.749103942652329
MovingAverage,test,14,HOUSEHOLD_2_315_TX_2,low,intermittent,intermittent,HOUSEHOLD,279,2.3530465949820787,3.015343082770191,38.83118084833567,40.20208205756277,-0.00896057347670268,5.853046594982079
MovingAverage,test,14,FOODS_2_056_WI_3,high,intermittent,intermittent,FOODS,279,11.865591397849462,14.684709088149626,24.154649329372962,23.726080412814447,-1.973118279569892,50.01075268817204
MovingAverage,test,14,HOBBIES_1_312_WI_3,high,lumpy,intermittent,HOBBIES,279,14.03763440860215,17.305628189265178,36.1928720141639,36.36490250696379,-1.5931899641577059,38.60215053763441
MovingAverage,test,14,FOODS_3_128_WI_3,medium,intermittent,intermittent,FOODS,279,4.727598566308243,6.851078454204352,57.98155400385689,65.2324431256182,-0.9749103942652327,7.247311827956989
MovingAverage,test,14,HOBBIES_1_036_WI_3,medium,lumpy,intermittent,HOBBIES,279,4.804659498207886,6.154303212279506,43.240387428058256,41.91682301438399,0.20967741935483852,11.46236559139785
MovingAverage,test,14,FOODS_3_520_WI_3,low,intermittent,intermittent,FOODS,279,2.67741935483871,3.2651631387391116,27.06483338026319,26.678571428571434,-0.24014336917562745,10.03584229390681
MovingAverage,test,14,HOUSEHOLD_1_464_WI_3,low,intermittent,intermittent,HOUSEHOLD,279,1.2078853046594982,1.5473413433935352,55.6153734521856,51.21580547112462,-0.24014336917562765,2.3584229390681
MovingAverage,test,28,FOODS_3_449_CA_3,high,smooth,regular,FOODS,265,52.93207547169811,79.12815018021965,34.25872205800463,34.87221559268099,-7.369811320754717,151.78867924528302
MovingAverage,test,28,HOUSEHOLD_1_114_CA_3,high,smooth,regular,HOUSEHOLD,265,32.5433962264151,44.1203328816194,61.539696970580714,34.71959418656146,-6.656603773584904,93.73207547169811
MovingAverage,test,28,FOODS_3_784_CA_3,medium,intermittent,intermittent,FOODS,265,9.716981132075471,12.643888821414949,64.73757002496944,49.585981128442135,-1.5735849056603781,19.59622641509434
MovingAverage,test,28,HOUSEHOLD_2_270_CA_3,medium,intermittent,intermittent,HOUSEHOLD,265,4.777358490566038,9.817581456773219,35.98637668902746,42.640619737285284,-2.8,11.20377358490566
MovingAverage,test,28,HOBBIES_1_377_CA_3,low,intermittent,intermittent,HOBBIES,265,3.3849056603773584,4.0061273823698595,41.112946643237166,38.69715271786023,-0.07924528301886881,8.747169811320754
MovingAverage,test,28,HOUSEHOLD_2_228_CA_3,low,intermittent,intermittent,HOUSEHOLD,265,4.932075471698113,6.279346198390822,47.11582059541709,48.69597615499255,0.2603773584905646,10.128301886792453
MovingAverage,test,28,FOODS_2_347_TX_2,high,smooth,regular,FOODS,265,83.90188679245283,137.65077496714866,37.42387273686789,48.68616974686871,2.611320754716981,172.33207547169812
MovingAverage,test,28,HOUSEHOLD_1_247_TX_2,high,smooth,regular,HOUSEHOLD,265,13.033962264150942,15.47389768073843,10.85694412848403,10.803202802452144,-2.4528301886792416,120.64905660377359
MovingAverage,test,28,FOODS_3_729_TX_2,medium,lumpy,intermittent,FOODS,265,6.418867924528301,8.183047363356966,33.35413630187841,30.042387848816666,-1.8528301886792449,21.366037735849055
MovingAverage,test,28,HOBBIES_1_034_TX_2,medium,intermittent,intermittent,HOBBIES,265,6.950943396226415,8.807372554897102,25.649275690251187,26.064808263761144,-1.781132075471698,26.667924528301885
MovingAverage,test,28,FOODS_2_196_TX_2,low,intermittent,intermittent,FOODS,265,7.0,8.541353345994537,56.84247452353949,44.741919922817175,-1.7320754716981137,15.645283018867925
MovingAverage,test,28,HOUSEHOLD_2_315_TX_2,low,intermittent,intermittent,HOUSEHOLD,265,4.581132075471699,5.628767082401308,38.362853289297234,39.13604126370085,0.030188679245282804,11.705660377358491
MovingAverage,test,28,FOODS_2_056_WI_3,high,intermittent,intermittent,FOODS,265,15.056603773584905,18.789198020781807,15.266275424724501,15.252293577981652,-3.2905660377358488,98.71698113207547
MovingAverage,test,28,HOBBIES_1_312_WI_3,high,lumpy,intermittent,HOBBIES,265,22.21509433962264,26.580955020678257,28.759428901525354,28.658358485055007,-5.890566037735847,77.51698113207547
MovingAverage,test,28,FOODS_3_128_WI_3,medium,intermittent,intermittent,FOODS,265,10.49056603773585,14.864926428874414,70.48440393922061,76.88053097345133,-1.6679245283018873,13.645283018867925
MovingAverage,test,28,HOBBIES_1_036_WI_3,medium,lumpy,intermittent,HOBBIES,265,6.720754716981132,8.300716040948084,30.25475767777821,29.187151753523434,0.12452830188679194,23.026415094339622
MovingAverage,test,28,FOODS_3_520_WI_3,low,intermittent,intermittent,FOODS,265,3.7056603773584924,4.518306578755215,19.002472291381057,18.28677839851025,-0.8679245283018866,20.264150943396228
MovingAverage,test,28,HOUSEHOLD_1_464_WI_3,low,intermittent,intermittent,HOUSEHOLD,265,1.3773584905660383,1.7255023878760758,32.11116346965405,30.215231788079482,-0.3283018867924533,4.558490566037736
Croston,test,3,FOODS_3_449_CA_3,high,smooth,regular,FOODS,290,6.152267936127893,8.653494631111194,44.39016678839987,36.90088317429346,-0.7909968255454981,16.67241379310345
Croston,test,3,HOUSEHOLD_1_114_CA_3,high,smooth,regular,HOUSEHOLD,290,5.907807274905768,7.062188419663913,92.35992319834556,60.84034480549264,0.14733591246123356,9.710344827586207
Croston,test,3,FOODS_3_784_CA_3,medium,intermittent,intermittent,FOODS,290,1.9450467091575476,2.6715030557964896,116.00356843606167,89.25056102146975,-0.18327397204732848,2.179310344827586
Croston,test,3,HOUSEHOLD_2_270_CA_3,medium,intermittent,intermittent,HOUSEHOLD,290,1.03168367477974,1.5946453967897805,155.6222526295974,84.99666638810358,-0.20904138778456902,1.2137931034482758
Croston,test,3,HOBBIES_1_377_CA_3,low,intermittent,intermittent,HOBBIES,290,0.7964859464395355,0.9965702850010284,110.23015875761484,84.60839724082977,-0.0453861389040884,0.9413793103448276
Croston,test,3,HOUSEHOLD_2_228_CA_3,low,intermittent,intermittent,HOUSEHOLD,290,0.9757368743038518,1.465669054359528,103.4211170810421,86.00720168635775,-0.04198581739250242,1.1344827586206896
Croston,test,3,FOODS_2_347_TX_2,high,smooth,regular,FOODS,290,7.946681140409889,12.460365679703793,41.45673722298311,43.277700107396576,-0.7595042145523239,18.362068965517242
Croston,test,3,HOUSEHOLD_1_247_TX_2,high,smooth,regular,HOUSEHOLD,290,3.4185290216827187,4.33175395238554,27.068528004639287,26.192164234821362,-0.7445786509775248,13.051724137931034
Croston,test,3,FOODS_3_729_TX_2,medium,lumpy,intermittent,FOODS,290,1.4210199201930238,1.7811021548043673,78.52698993516141,61.876242771167696,-0.06327773105389123,2.296551724137931
Croston,test,3,HOBBIES_1_034_TX_2,medium,intermittent,intermittent,HOBBIES,290,1.7228348779604508,2.1720055423602367,70.48377793502834,60.122998147837635,-0.0896395292908429,2.8655172413793104
Croston,test,3,FOODS_2_196_TX_2,low,intermittent,intermittent,FOODS,290,1.2643405575339137,1.5542296900637684,92.76094810947005,75.13499214853175,-0.05198623047118896,1.6827586206896552
Croston,test,3,HOUSEHOLD_2_315_TX_2,low,intermittent,intermittent,HOUSEHOLD,290,0.8996487807583361,1.2138734941818532,86.76102558932126,71.47894422463492,-0.0546102649522927,1.2586206896551724
Croston,test,3,FOODS_2_056_WI_3,high,intermittent,intermittent,FOODS,290,4.066445727408315,4.9701823007333505,39.97558218007563,37.460904096201126,-0.7222231507351582,10.855172413793104
Croston,test,3,HOBBIES_1_312_WI_3,high,lumpy,intermittent,HOBBIES,290,5.405380399792165,7.804498126874746,68.81622973190595,65.6707296162433,-0.19950951508907147,8.23103448275862
Croston,test,3,FOODS_3_128_WI_3,medium,intermittent,intermittent,FOODS,290,2.9573782463318663,3.2768205810309845,147.50520921435447,186.03897861957512,1.4238346950334373,1.589655172413793
Croston,test,3,HOBBIES_1_036_WI_3,medium,lumpy,intermittent,HOBBIES,290,2.225069257439614,3.0549813430993398,102.27228578766312,89.99582770676263,-0.06435520314687436,2.472413793103448
Croston,test,3,FOODS_3_520_WI_3,low,intermittent,intermittent,FOODS,290,1.378772583999311,1.7915934610713673,73.92768454234375,64.90974827269484,-0.14607588110208297,2.1241379310344826
Croston,test,3,HOUSEHOLD_1_464_WI_3,low,intermittent,intermittent,HOUSEHOLD,290,0.6216848050519808,0.7391023875954382,157.4321797473215,124.33696101039617,-0.025216382038140563,0.5
Croston,test,7,FOODS_3_449_CA_3,high,smooth,regular,FOODS,286,12.39977340073178,18.056401871133726,37.09731541926832,32.07031282880529,-1.7459405574499562,38.66433566433567
Croston,test,7,HOUSEHOLD_1_114_CA_3,high,smooth,regular,HOUSEHOLD,286,11.466265650428364,13.454455259288338,81.462309492612,50.189041567531554,0.07833601193834003,22.846153846153847
Croston,test,7,FOODS_3_784_CA_3,medium,intermittent,intermittent,FOODS,286,3.3818894551082566,4.5910662562368385,85.70569566423617,67.68512135486084,-0.3700321201985276,4.996503496503497
Croston,test,7,HOUSEHOLD_2_270_CA_3,medium,intermittent,intermittent,HOUSEHOLD,286,2.2975578160462655,3.364606868975206,152.9992201976816,80.92383440754087,-0.5722165983533181,2.839160839160839
Croston,test,7,HOBBIES_1_377_CA_3,low,intermittent,intermittent,HOBBIES,286,1.0856463584701808,1.3454030386658902,56.78282343797807,49.91878754380574,-0.08306375630958289,2.174825174825175
Croston,test,7,HOUSEHOLD_2_228_CA_3,low,intermittent,intermittent,HOUSEHOLD,286,1.652910381896079,2.1893987435278564,70.95237383851295,63.539296938478316,-0.05636356446389635,2.6013986013986012
Croston,test,7,FOODS_2_347_TX_2,high,smooth,regular,FOODS,286,16.394998082267758,27.390609739862672,33.44722997087573,38.25232053784124,-1.825302130762356,42.86013986013986
Croston,test,7,HOUSEHOLD_1_247_TX_2,high,smooth,regular,HOUSEHOLD,286,4.86963185735312,6.188000919188655,16.43910057900092,16.03217118916763,-1.703317746722758,30.374125874125873
Croston,test,7,FOODS_3_729_TX_2,medium,lumpy,intermittent,FOODS,286,2.0266891731245056,2.7309468566139055,41.35571568671109,37.711978107586766,-0.1997892890837362,5.374125874125874
Croston,test,7,HOBBIES_1_034_TX_2,medium,intermittent,intermittent,HOBBIES,286,2.878855768950234,3.6886475210865295,46.46883759437719,43.15265984904439,-0.22580475562209432,6.671328671328672
Croston,test,7,FOODS_2_196_TX_2,low,intermittent,intermittent,FOODS,286,2.0790227787038247,2.5365098063685974,67.61678217539696,53.471269308389736,-0.10837501039688635,3.888111888111888
Croston,test,7,HOUSEHOLD_2_315_TX_2,low,intermittent,intermittent,HOUSEHOLD,286,1.2222194179096157,1.598345072609754,44.61270627817899,41.26974657876625,-0.15530817369458894,2.9615384615384617
Croston,test,7,FOODS_2_056_WI_3,high,intermittent,intermittent,FOODS,286,8.146423947741797,9.834063668475844,33.83865684458722,32.25636507066529,-1.833731721471677,25.255244755244757
Croston,test,7,HOBBIES_1_312_WI_3,high,lumpy,intermittent,HOBBIES,286,8.973765611680166,12.656788827146483,45.5693528132085,46.56199138135935,-0.5949549759311741,19.272727272727273
Croston,test,7,FOODS_3_128_WI_3,medium,intermittent,intermittent,FOODS,286,6.62582706433483,7.31225689733023,142.27383161263532,178.77231513205297,3.3407754860816445,3.7062937062937062
Croston,test,7,HOBBIES_1_036_WI_3,medium,lumpy,intermittent,HOBBIES,286,3.5838649655294943,4.447578828154085,68.21540848676287,62.42298295623845,-0.10151584526997758,5.741258741258742
Croston,test,7,FOODS_3_520_WI_3,low,intermittent,intermittent,FOODS,286,2.1258168832137176,2.6793787820170887,44.961614754567236,42.815748492896,-0.35485766619769865,4.965034965034965
Croston,test,7,HOUSEHOLD_1_464_WI_3,low,intermittent,intermittent,HOUSEHOLD,286,0.8245275475911116,1.108610558913213,87.86515908673412,70.81527886217955,-0.05993496213473793,1.1643356643356644
Croston,test,14,FOODS_3_449_CA_3,high,smooth,regular,FOODS,279,24.69030584841233,36.82092118571478,34.10874481880767,32.221316860971235,-3.3896331446623407,76.62724014336918
Croston,test,14,HOUSEHOLD_1_114_CA_3,high,smooth,regular,HOUSEHOLD,279,20.42792469761197,23.75619222857822,73.37154114751556,44.53693045740204,0.04481658904977047,45.867383512544805
Croston,test,14,FOODS_3_784_CA_3,medium,intermittent,intermittent,FOODS,279,5.396828946839709,7.089858329671185,65.47281871735707,54.416887465423876,-0.7427684809889856,9.917562724014337
Croston,test,14,HOUSEHOLD_2_270_CA_3,medium,intermittent,intermittent,HOUSEHOLD,279,4.290819538049269,6.315430865096287,151.0968092039058,75.05571480349506,-1.4506202740955885,5.7168458781362
Croston,test,14,HOBBIES_1_377_CA_3,low,intermittent,intermittent,HOBBIES,279,1.6685603834134184,2.0327871241921245,41.38071973818632,38.63305784002853,-0.13395481067360857,4.318996415770609
Croston,test,14,HOUSEHOLD_2_228_CA_3,low,intermittent,intermittent,HOUSEHOLD,279,2.2117839467728295,2.9432349286067288,45.94470560633665,43.18318552481592,-0.02791588262955349,5.121863799283154
Croston,test,14,FOODS_2_347_TX_2,high,smooth,regular,FOODS,279,32.105737485141354,57.74675345986489,30.123461860973542,37.52304272098876,-3.0861123651896256,85.56272401433692
Croston,test,14,HOUSEHOLD_1_247_TX_2,high,smooth,regular,HOUSEHOLD,279,7.426274584342983,9.294429971637669,12.59367797440131,12.247624336653615,-3.5778195932100294,60.634408602150536
Croston,test,14,FOODS_3_729_TX_2,medium,lumpy,intermittent,FOODS,279,3.5602270327439918,4.771715762744885,35.116177021729,33.05501970501077,-0.6273181777111989,10.770609318996415
Croston,test,14,HOBBIES_1_034_TX_2,medium,intermittent,intermittent,HOBBIES,279,4.493232303853118,5.827482526265014,34.63228105206688,33.59988777204556,-0.6184199790901638,13.372759856630825
Croston,test,14,FOODS_2_196_TX_2,low,intermittent,intermittent,FOODS,279,3.4188670679063304,4.198692902110449,55.78467831561853,44.11951489111315,-0.2744204827714405,7.749103942652329
Croston,test,14,HOUSEHOLD_2_315_TX_2,low,intermittent,intermittent,HOUSEHOLD,279,1.9478285947055467,2.5520660469070675,33.1763829414291,33.27888413489575,-0.2350018121633237,5.853046594982079
Croston,test,14,FOODS_2_056_WI_3,high,intermittent,intermittent,FOODS,279,14.97498183608271,18.173962970501226,31.071509412407718,29.94352420459454,-3.8762486761541957,50.01075268817204
Croston,test,14,HOBBIES_1_312_WI_3,high,lumpy,intermittent,HOBBIES,279,14.816272853290355,18.918595453144714,37.28963797401435,38.38198817147641,-1.5625570402983417,38.60215053763441
Croston,test,14,FOODS_3_128_WI_3,medium,intermittent,intermittent,FOODS,279,12.915412278892916,14.192104285006197,138.3836534842659,178.20969464941265,6.9921900827965775,7.247311827956989
Croston,test,14,HOBBIES_1_036_WI_3,medium,lumpy,intermittent,HOBBIES,279,4.390376011114293,5.4470236289433345,40.233887433164526,38.30252992810781,-0.13993813865714502,11.46236559139785
Croston,test,14,FOODS_3_520_WI_3,low,intermittent,intermittent,FOODS,279,2.861994323431044,3.5952967306169277,29.751265712668406,28.517729151330755,-0.8780059182130863,10.03584229390681
Croston,test,14,HOUSEHOLD_1_464_WI_3,low,intermittent,intermittent,HOUSEHOLD,279,1.0266053520303193,1.3403403333423258,46.91126823388118,43.529315078489226,-0.15973752110529824,2.3584229390681
Croston,test,28,FOODS_3_449_CA_3,high,smooth,regular,FOODS,265,49.8846524643606,76.82336586076033,31.656879728502247,32.86454082899652,-9.601513513157453,151.78867924528302
Croston,test,28,HOUSEHOLD_1_114_CA_3,high,smooth,regular,HOUSEHOLD,265,38.09205755143858,44.64204992036353,65.55579926154226,40.639298084187054,-1.4830883600151232,93.73207547169811
Croston,test,28,FOODS_3_784_CA_3,medium,intermittent,intermittent,FOODS,265,9.881380276813276,11.919782163757088,62.37108137977082,50.42491379463736,-1.7132890151287266,19.59622641509434
Croston,test,28,HOUSEHOLD_2_270_CA_3,medium,intermittent,intermittent,HOUSEHOLD,265,8.619519501574318,12.616480995986537,151.68299464919855,76.93407436568522,-3.5163247328387377,11.20377358490566
Croston,test,28,HOBBIES_1_377_CA_3,low,intermittent,intermittent,HOBBIES,265,2.6941949382640966,3.266521828531648,32.15260739588165,30.80076180500369,-0.41918322656951407,8.747169811320754
Croston,test,28,HOUSEHOLD_2_228_CA_3,low,intermittent,intermittent,HOUSEHOLD,265,3.6629882731272168,4.856686361622598,36.297947814421306,36.16586782334994,0.10204698336190444,10.128301886792453
Croston,test,28,FOODS_2_347_TX_2,high,smooth,regular,FOODS,265,74.34432819934709,126.12141207984041,34.43171411232982,43.14015716218573,-4.285376899620589,172.33207547169812
Croston,test,28,HOUSEHOLD_1_247_TX_2,high,smooth,regular,HOUSEHOLD,265,14.457359429720524,17.39463493026269,12.364601575825553,11.982985890391403,-7.478267542687884,120.64905660377359
Croston,test,28,FOODS_3_729_TX_2,medium,lumpy,intermittent,FOODS,265,6.945753387282467,8.481360892319767,36.08380027985111,32.508383038323096,-2.1757010105004637,21.366037735849055
Croston,test,28,HOBBIES_1_034_TX_2,medium,intermittent,intermittent,HOBBIES,265,6.913203387508723,8.907800850842643,25.602782046790374,25.92328990646401,-1.8461720578346854,26.667924528301885
Croston,test,28,FOODS_2_196_TX_2,low,intermittent,intermittent,FOODS,265,5.694773113221114,7.031562809494712,42.039231341034444,36.399297515764474,-1.0534166626179216,15.645283018867925
Croston,test,28,HOUSEHOLD_2_315_TX_2,low,intermittent,intermittent,HOUSEHOLD,265,3.559788181385681,4.37376811459563,30.5424456606129,30.41082746831739,-0.42098043454643974,11.705660377358491
Croston,test,28,FOODS_2_056_WI_3,high,intermittent,intermittent,FOODS,265,18.72691913829778,23.139179428757643,19.70173427635252,18.970311818229785,-7.1643837350428194,98.71698113207547
Croston,test,28,HOBBIES_1_312_WI_3,high,lumpy,intermittent,HOBBIES,265,22.876498227344555,28.59205521455169,29.1498863884571,29.51159590227976,-5.562886382306784,77.51698113207547
Croston,test,28,FOODS_3_128_WI_3,medium,intermittent,intermittent,FOODS,265,25.27473955624773,27.584221697970843,133.8919680435279,185.22693535413853,15.924200083639887,13.645283018867925
Croston,test,28,HOBBIES_1_036_WI_3,medium,lumpy,intermittent,HOBBIES,265,6.216930680307608,7.6828326024238445,27.971150012130263,26.99912537334507,-0.39839218891825007,23.026415094339622
Croston,test,28,FOODS_3_520_WI_3,low,intermittent,intermittent,FOODS,265,4.308303404069566,5.293663674534055,23.4569570432663,21.260715122503445,-2.098706285842954,20.264150943396228
Croston,test,28,HOUSEHOLD_1_464_WI_3,low,intermittent,intermittent,HOUSEHOLD,265,0.9933553217447516,1.2005342709949351,21.823708037343305,21.791321213771454,-0.1563262791043261,4.558490566037736
SES,test,3,FOODS_3_449_CA_3,high,smooth,regular,FOODS,290,6.042203277950979,8.532331540630093,44.225104238161705,36.240722866717356,-0.05881422162806224,16.67241379310345
SES,test,3,HOUSEHOLD_1_114_CA_3,high,smooth,regular,HOUSEHOLD,290,4.612090762496487,6.265859953014759,89.51485249376994,47.496673335368655,-0.38813827665717376,9.710344827586207
SES,test,3,FOODS_3_784_CA_3,medium,intermittent,intermittent,FOODS,290,1.9592160085196235,2.681821908435753,123.62603441370045,89.90073456814727,-0.12594196517574074,2.179310344827586
SES,test,3,HOUSEHOLD_2_270_CA_3,medium,intermittent,intermittent,HOUSEHOLD,290,0.5938197369253833,1.1927170116209518,146.5630978191561,48.92264878078442,-0.06375858620062827,1.2137931034482758
SES,test,3,HOBBIES_1_377_CA_3,low,intermittent,intermittent,HOBBIES,290,0.7712877126239136,0.9872472934050951,105.69180324021048,81.93166178056227,-0.011383865017534859,0.9413793103448276
SES,test,3,HOUSEHOLD_2_228_CA_3,low,intermittent,intermittent,HOUSEHOLD,290,0.9685324896193128,1.4436152285166506,102.62997061062403,85.37216473848046,-0.019837749769309944,1.1344827586206896
SES,test,3,FOODS_2_347_TX_2,high,smooth,regular,FOODS,290,8.771960609337167,13.531603689712275,43.67398766056753,47.77217984427753,-0.07096935263318539,18.362068965517242
SES,test,3,HOUSEHOLD_1_247_TX_2,high,smooth,regular,HOUSEHOLD,290,3.303992866250776,4.156109590543486,26.119963301827433,25.314608486465655,-0.3648405177115119,13.051724137931034
SES,test,3,FOODS_3_729_TX_2,medium,lumpy,intermittent,FOODS,290,1.4076066760395785,1.773810602207255,78.40342036952273,61.292182590311974,-0.02744479679619003,2.296551724137931
SES,test,3,HOBBIES_1_034_TX_2,medium,intermittent,intermittent,HOBBIES,290,1.7120774372326293,2.164830650924287,70.22084770037162,59.747588062269855,-0.04723924100678022,2.8655172413793104
SES,test,3,FOODS_2_196_TX_2,low,intermittent,intermittent,FOODS,290,1.1752827431941113,1.5145219360504032,93.3893283197645,69.84262203407629,-0.09004672261118894,1.6827586206896552
SES,test,3,HOUSEHOLD_2_315_TX_2,low,intermittent,intermittent,HOUSEHOLD,290,0.9196859065820424,1.1885483211863137,87.54126660128713,73.07093504350473,0.014878330808775691,1.2586206896551724
SES,test,3,FOODS_2_056_WI_3,high,intermittent,intermittent,FOODS,290,4.088435792403972,5.150278453382886,40.51400448986542,37.66348093383583,0.013820481567187548,10.855172413793104
SES,test,3,HOBBIES_1_312_WI_3,high,lumpy,intermittent,HOBBIES,290,4.950330109441381,7.340880291003691,65.75751925590745,60.14225939413493,-0.42669973711732784,8.23103448275862
SES,test,3,FOODS_3_128_WI_3,medium,intermittent,intermittent,FOODS,290,1.2056557426888732,1.8488943699633111,144.76939361402523,75.84385366155601,-0.13594081449648826,1.589655172413793
SES,test,3,HOBBIES_1_036_WI_3,medium,lumpy,intermittent,HOBBIES,290,2.1935628974817574,3.0197969044313826,100.80213334306526,88.72151189256759,0.00742923624535611,2.472413793103448
SES,test,3,FOODS_3_520_WI_3,low,intermittent,intermittent,FOODS,290,1.333287353569519,1.7408691317103944,72.89834595956776,62.76839813882476,-0.22117676580693152,2.1241379310344826
SES,test,3,HOUSEHOLD_1_464_WI_3,low,intermittent,intermittent,HOUSEHOLD,290,0.6306804699643993,0.7474787443824689,157.65364191153765,126.13609399287986,-0.019037813220873046,0.5
SES,test,7,FOODS_3_449_CA_3,high,smooth,regular,FOODS,286,12.419354848463628,18.01971027414705,37.203119630957794,32.12095755706817,-0.05462860574933033,38.66433566433567
SES,test,7,HOUSEHOLD_1_114_CA_3,high,smooth,regular,HOUSEHOLD,286,8.806195742310068,11.54455887195467,80.75401653980187,38.545637929303325,-1.2054517144099177,22.846153846153847
SES,test,7,FOODS_3_784_CA_3,medium,intermittent,intermittent,FOODS,286,3.4837596280701657,4.837227301721942,94.21743530229246,69.72395056879408,-0.2525180481456091,4.996503496503497
SES,test,7,HOUSEHOLD_2_270_CA_3,medium,intermittent,intermittent,HOUSEHOLD,286,1.190990393972996,2.4031152514985856,143.35570999569387,41.94867643796513,-0.1978706401453811,2.839160839160839
SES,test,7,HOBBIES_1_377_CA_3,low,intermittent,intermittent,HOBBIES,286,1.0464905233489086,1.3129658307478513,54.353005767503014,48.11837454626814,-0.006198591124881262,2.174825174825175
SES,test,7,HOUSEHOLD_2_228_CA_3,low,intermittent,intermittent,HOUSEHOLD,286,1.6146544077498124,2.1229941451875,69.59842539716547,62.068704383930964,-0.0028153462399008494,2.6013986013986012
SES,test,7,FOODS_2_347_TX_2,high,smooth,regular,FOODS,286,18.420255453181962,29.58551593304049,36.0394980999914,42.97759063150629,-0.13524853280766327,42.86013986013986
SES,test,7,HOUSEHOLD_1_247_TX_2,high,smooth,regular,HOUSEHOLD,286,4.698132319007721,5.819246056976945,15.720938898053499,15.467547406886247,-0.8043857763626235,30.374125874125873
SES,test,7,FOODS_3_729_TX_2,medium,lumpy,intermittent,FOODS,286,1.9617190138847704,2.6302746818347913,40.567061766721295,36.50303435075109,-0.11297964901394766,5.374125874125874
SES,test,7,HOBBIES_1_034_TX_2,medium,intermittent,intermittent,HOBBIES,286,2.9503900967093752,3.734562857902184,47.609400241402994,44.22492492971077,-0.12333629942312921,6.671328671328672
SES,test,7,FOODS_2_196_TX_2,low,intermittent,intermittent,FOODS,286,1.9625106865725686,2.4663032294147498,70.16741883424665,50.47464535609304,-0.2016320136909022,3.888111888111888
SES,test,7,HOUSEHOLD_2_315_TX_2,low,intermittent,intermittent,HOUSEHOLD,286,1.1209655274614023,1.505938545647053,41.16251593107414,37.85078404415125,0.009959252900061173,2.9615384615384617
SES,test,7,FOODS_2_056_WI_3,high,intermittent,intermittent,FOODS,286,8.626560864031894,10.675528918581936,36.003652330604794,34.15750252129478,-0.12296236776769881,25.255244755244757
SES,test,7,HOBBIES_1_312_WI_3,high,lumpy,intermittent,HOBBIES,286,7.960884329159282,11.285987851988256,42.5629726558811,41.3064752928076,-1.146471254886748,19.272727272727273
SES,test,7,FOODS_3_128_WI_3,medium,intermittent,intermittent,FOODS,286,2.4952796324202735,3.7372667507982467,138.9095195704474,67.32546932756587,-0.40416105571996414,3.7062937062937062
SES,test,7,HOBBIES_1_036_WI_3,medium,lumpy,intermittent,HOBBIES,286,3.5010156633263034,4.38443098563884,67.0136877334146,60.979931772918555,0.05360454974002859,5.741258741258742
SES,test,7,FOODS_3_520_WI_3,low,intermittent,intermittent,FOODS,286,1.9979596058197575,2.5319680565462743,42.97468170526745,40.240594877778214,-0.5341413648257237,4.965034965034965
SES,test,7,HOUSEHOLD_1_464_WI_3,low,intermittent,intermittent,HOUSEHOLD,286,0.8640322292530169,1.142452731301658,89.78793118242105,74.20817344335221,-0.045840471359272696,1.1643356643356644
SES,test,14,FOODS_3_449_CA_3,high,smooth,regular,FOODS,279,25.83263512951616,37.32902998207016,35.917038680246776,33.71207821289587,-0.08358132547335641,76.62724014336918
SES,test,14,HOUSEHOLD_1_114_CA_3,high,smooth,regular,HOUSEHOLD,279,16.10068440834019,20.684524682765744,76.34823912692892,35.10268773874277,-2.6558215259952678,45.867383512544805
SES,test,14,FOODS_3_784_CA_3,medium,intermittent,intermittent,FOODS,279,5.8647814229997275,7.779524237724858,75.02008768175912,59.13530961391124,-0.4808395379950626,9.917562724014337
SES,test,14,HOUSEHOLD_2_270_CA_3,medium,intermittent,intermittent,HOUSEHOLD,279,2.026796760764369,4.403004209009894,142.01531168881075,35.45305932622313,-0.7539350374753842,5.7168458781362
SES,test,14,HOBBIES_1_377_CA_3,low,intermittent,intermittent,HOBBIES,279,1.6070149787368841,1.9566027562972654,39.771698171364086,37.20806465291209,0.01602389143181579,4.318996415770609
SES,test,14,HOUSEHOLD_2_228_CA_3,low,intermittent,intermittent,HOUSEHOLD,279,2.1401445648688364,2.787516346638593,44.59770144906227,41.78448800548673,0.07668258790930457,5.121863799283154
SES,test,14,FOODS_2_347_TX_2,high,smooth,regular,FOODS,279,36.109284404849774,60.03797087367898,33.6311444980609,42.202121099836994,0.4172790367251829,85.56272401433692
SES,test,14,HOUSEHOLD_1_247_TX_2,high,smooth,regular,HOUSEHOLD,279,7.382592299614902,8.82166904939823,12.27863349350287,12.175582263950805,-1.6238592586485165,60.634408602150536
SES,test,14,FOODS_3_729_TX_2,medium,lumpy,intermittent,FOODS,279,3.291358307381142,4.55178549101405,32.490176828231455,30.558701090161023,-0.4352077914268641,10.770609318996415
SES,test,14,HOBBIES_1_034_TX_2,medium,intermittent,intermittent,HOBBIES,279,4.835523219339691,6.096723461020624,37.21935709052225,36.15950088972859,-0.4134017807209794,13.372759856630825
SES,test,14,FOODS_2_196_TX_2,low,intermittent,intermittent,FOODS,279,3.475560194011891,4.302564275664787,61.0358175194097,44.85112368775752,-0.46885147094693014,7.749103942652329
SES,test,14,HOUSEHOLD_2_315_TX_2,low,intermittent,intermittent,HOUSEHOLD,279,1.7508494718629564,2.2120819379999994,30.016714681893703,29.913472299434467,0.08994884886219957,5.853046594982079
SES,test,14,FOODS_2_056_WI_3,high,intermittent,intermittent,FOODS,279,19.021892237743582,22.957712458941593,39.59989331646098,38.03560477553544,-0.9462018059254789,50.01075268817204
SES,test,14,HOBBIES_1_312_WI_3,high,lumpy,intermittent,HOBBIES,279,12.266454494789638,16.077376187831927,31.964071705522073,31.776609136920236,-2.6810322975474583,38.60215053763441
SES,test,14,FOODS_3_128_WI_3,medium,intermittent,intermittent,FOODS,279,5.010372586015067,7.099317770566289,139.26342741924128,69.1342211423444,-0.8783071987911477,7.247311827956989
SES,test,14,HOBBIES_1_036_WI_3,medium,lumpy,intermittent,HOBBIES,279,4.331452828866073,5.3576275887935445,39.83111732096625,37.78847214676781,0.15137495767888468,11.46236559139785
SES,test,14,FOODS_3_520_WI_3,low,intermittent,intermittent,FOODS,279,2.6818780444839367,3.3313556135700164,28.293910965546097,26.7229990861078,-1.226287052580874,10.03584229390681
SES,test,14,HOUSEHOLD_1_464_WI_3,low,intermittent,intermittent,HOUSEHOLD,279,1.08599316720319,1.4233440574687404,48.8330261298959,46.047430645849545,-0.13908591598503978,2.3584229390681
SES,test,28,FOODS_3_449_CA_3,high,smooth,regular,FOODS,265,54.453133386780955,77.9657493345699,35.544443990857815,35.874304762074765,-3.456362007450952,151.78867924528302
SES,test,28,HOUSEHOLD_1_114_CA_3,high,smooth,regular,HOUSEHOLD,265,32.02511646139787,41.94826698989961,73.08287894403858,34.16665671834791,-7.17653021227783,93.73207547169811
SES,test,28,FOODS_3_784_CA_3,medium,intermittent,intermittent,FOODS,265,10.653619043082003,13.686432352985248,66.34750454591044,54.365666212530925,-1.1552660167013293,19.59622641509434
SES,test,28,HOUSEHOLD_2_270_CA_3,medium,intermittent,intermittent,HOUSEHOLD,265,4.308805534131056,8.960389229516633,146.49042504754857,38.45852026085315,-2.0789015895233467,11.20377358490566
SES,test,28,HOBBIES_1_377_CA_3,low,intermittent,intermittent,HOBBIES,265,2.345313727432988,2.9856691859912257,28.021060064282228,26.81225788480336,-0.11188057868933834,8.747169811320754
SES,test,28,HOUSEHOLD_2_228_CA_3,low,intermittent,intermittent,HOUSEHOLD,265,3.3811196180931185,4.505201267261003,33.4691618903187,33.38288743646335,0.293083482156477,10.128301886792453
SES,test,28,FOODS_2_347_TX_2,high,smooth,regular,FOODS,265,78.72149658732823,123.36470631940706,36.51990484292377,45.68011867312337,2.6323000627337434,172.33207547169812
SES,test,28,HOUSEHOLD_1_247_TX_2,high,smooth,regular,HOUSEHOLD,265,13.86371579413772,16.363410685692056,11.599248806894522,11.490944218211235,-2.881039886304155,120.64905660377359
SES,test,28,FOODS_3_729_TX_2,medium,lumpy,intermittent,FOODS,265,6.515047271159935,8.026387284263127,33.7327575285957,30.492538446792352,-1.7176761376624925,21.366037735849055
SES,test,28,HOBBIES_1_034_TX_2,medium,intermittent,intermittent,HOBBIES,265,7.307496776514994,9.15207319206976,27.145861451394243,27.401820373234376,-1.4136079982396508,26.667924528301885
SES,test,28,FOODS_2_196_TX_2,low,intermittent,intermittent,FOODS,265,6.073063666679261,7.634470529154084,47.38459531428488,38.81721832296199,-1.4858746187262324,15.645283018867925
SES,test,28,HOUSEHOLD_2_315_TX_2,low,intermittent,intermittent,HOUSEHOLD,265,2.7372751701290445,3.2526681011429344,23.569904803536886,23.38420116325586,0.1803305538432556,11.705660377358491
SES,test,28,FOODS_2_056_WI_3,high,intermittent,intermittent,FOODS,265,32.960562429133034,39.29148452141032,34.717060043576495,33.388948943884756,-1.9309140000793292,98.71698113207547
SES,test,28,HOBBIES_1_312_WI_3,high,lumpy,intermittent,HOBBIES,265,19.06890692801633,24.289131756867555,24.478120857152334,24.599651133893133,-7.194344960025862,77.51698113207547
SES,test,28,FOODS_3_128_WI_3,medium,intermittent,intermittent,FOODS,265,10.78877921552812,14.512595435664107,144.53905129816172,79.06599812264801,-1.236931198815276,13.645283018867925
SES,test,28,HOBBIES_1_036_WI_3,medium,lumpy,intermittent,HOBBIES,265,5.953937554690337,7.33968351011007,26.55423477238979,25.85698872489248,0.23177974716408842,23.026415094339622
SES,test,28,FOODS_3_520_WI_3,low,intermittent,intermittent,FOODS,265,3.969967548583566,4.8614581030464015,22.020670073999938,19.591087530254097,-2.8425596304779877,20.264150943396228
SES,test,28,HOUSEHOLD_1_464_WI_3,low,intermittent,intermittent,HOUSEHOLD,265,1.066473192201306,1.2782547534257263,23.47045319595152,23.395314232892886,-0.10647937537631744,4.558490566037736
Holt,test,3,FOODS_3_449_CA_3,high,smooth,regular,FOODS,290,6.049057588140339,8.544708168674626,44.21686682421589,36.28183455141051,-0.06211611684483358,16.67241379310345
Holt,test,3,HOUSEHOLD_1_114_CA_3,high,smooth,regular,HOUSEHOLD,290,4.619836235451825,6.271972781986544,89.53003109336896,47.57643850429792,-0.39216538626280195,9.710344827586207
Holt,test,3,FOODS_3_784_CA_3,medium,intermittent,intermittent,FOODS,290,1.937756789373509,2.651444062087347,121.88330981070663,88.91605520859457,-0.1321988244855064,2.179310344827586
Holt,test,3,HOUSEHOLD_2_270_CA_3,medium,intermittent,intermittent,HOUSEHOLD,290,0.5936686015631555,1.1925834367027128,146.56261093577152,48.9101972878736,-0.06439933045305904,1.2137931034482758
Holt,test,3,HOBBIES_1_377_CA_3,low,intermittent,intermittent,HOBBIES,290,0.7683532068692236,0.9864186136119542,105.23583491927226,81.61993772603473,-0.007337032192823339,0.9413793103448276
Holt,test,3,HOUSEHOLD_2_228_CA_3,low,intermittent,intermittent,HOUSEHOLD,290,0.9599713907102858,1.4339167557593868,102.02198905512665,84.617538998779,-0.022069998985191,1.1344827586206896
Holt,test,3,FOODS_2_347_TX_2,high,smooth,regular,FOODS,290,8.797450827973702,13.565794230730758,43.76320775204986,47.910999814316874,-0.07091271618867072,18.362068965517242
Holt,test,3,HOUSEHOLD_1_247_TX_2,high,smooth,regular,HOUSEHOLD,290,3.309128118072353,4.160460615104027,26.16316111812211,25.35395387690839,-0.3844920520642731,13.051724137931034
Holt,test,3,FOODS_3_729_TX_2,medium,lumpy,intermittent,FOODS,290,1.4081064201894335,1.7711926338830346,78.6027003838426,61.31394322146182,-0.025127949324228516,2.296551724137931
Holt,test,3,HOBBIES_1_034_TX_2,medium,intermittent,intermittent,HOBBIES,290,1.7107192109250098,2.163023312272793,70.13620800861104,59.700189069585186,-0.046793381680255854,2.8655172413793104
Holt,test,3,FOODS_2_196_TX_2,low,intermittent,intermittent,FOODS,290,1.1746749300235586,1.5144172680393555,93.40969019360715,69.80650198910492,-0.09003782478954445,1.6827586206896552
Holt,test,3,HOUSEHOLD_2_315_TX_2,low,intermittent,intermittent,HOUSEHOLD,290,0.9194804337130379,1.188540554926805,87.53771925356173,73.0546098018578,0.014244425108684379,1.2586206896551724
Holt,test,3,FOODS_2_056_WI_3,high,intermittent,intermittent,FOODS,290,4.084907733239897,5.14602629650747,40.47120480000468,37.630979753480624,0.013118935188713671,10.855172413793104
Holt,test,3,HOBBIES_1_312_WI_3,high,lumpy,intermittent,HOBBIES,290,4.950266442758991,7.340553580174721,65.75846714604344,60.14148589862201,-0.4253430359247519,8.23103448275862
Holt,test,3,FOODS_3_128_WI_3,medium,intermittent,intermittent,FOODS,290,1.1924633263800426,1.843195906227808,144.77680497205262,75.01396196316969,-0.13884093001866807,1.589655172413793
Holt,test,3,HOBBIES_1_036_WI_3,medium,lumpy,intermittent,HOBBIES,290,2.156515466374029,3.0093628716451706,100.60661227762321,87.22308022991191,-0.0956614723951801,2.472413793103448
Holt,test,3,FOODS_3_520_WI_3,low,intermittent,intermittent,FOODS,290,1.3341871356825061,1.7410007035239412,72.84201200640695,62.81075801102708,-0.21141815663671346,2.1241379310344826
Holt,test,3,HOUSEHOLD_1_464_WI_3,low,intermittent,intermittent,HOUSEHOLD,290,0.6294054946597014,0.743906147335998,156.99595881088368,125.88109893194029,-0.012832673281453487,0.5
Holt,test,7,FOODS_3_449_CA_3,high,smooth,regular,FOODS,286,12.444536086702364,18.04523971910657,37.22956864598521,32.186085375265655,-0.06394481984450696,38.66433566433567
Holt,test,7,HOUSEHOLD_1_114_CA_3,high,smooth,regular,HOUSEHOLD,286,8.834073282909179,11.561511268361006,80.80870077272748,38.66766083428261,-1.2133440125776755,22.846153846153847
Holt,test,7,FOODS_3_784_CA_3,medium,intermittent,intermittent,FOODS,286,3.3988815675794495,4.680360597229536,92.38642908627493,68.02520142251383,-0.26187780269790756,4.996503496503497
Holt,test,7,HOUSEHOLD_2_270_CA_3,medium,intermittent,intermittent,HOUSEHOLD,286,1.1904450743080432,2.4022528779637216,143.35249597253866,41.92946936602222,-0.1996535019741569,2.839160839160839
Holt,test,7,HOBBIES_1_377_CA_3,low,intermittent,intermittent,HOBBIES,286,1.045225634423664,1.3113252127012147,54.256851154512184,48.06021405870866,0.0034390337125940833,2.174825174825175
Holt,test,7,HOUSEHOLD_2_228_CA_3,low,intermittent,intermittent,HOUSEHOLD,286,1.5908222872118827,2.089405157681822,68.869455133521,61.152577169704095,-0.006979162569741462,2.6013986013986012
Holt,test,7,FOODS_2_347_TX_2,high,smooth,regular,FOODS,286,18.478886485499135,29.650108074537282,36.138865472867124,43.114386807413545,-0.13282429915913663,42.86013986013986
Holt,test,7,HOUSEHOLD_1_247_TX_2,high,smooth,regular,HOUSEHOLD,286,4.728098458420379,5.847925840547143,15.822346756262503,15.566204202926539,-0.8476833544518217,30.374125874125873
Holt,test,7,FOODS_3_729_TX_2,medium,lumpy,intermittent,FOODS,286,1.9571489523116143,2.629865415774246,40.4698640101418,36.41799611978671,-0.10627219779634316,5.374125874125874
Holt,test,7,HOBBIES_1_034_TX_2,medium,intermittent,intermittent,HOBBIES,286,2.941882643081975,3.726583305600634,47.46964558293,44.09740230196252,-0.12258347756864552,6.671328671328672
Holt,test,7,FOODS_2_196_TX_2,low,intermittent,intermittent,FOODS,286,1.961143391288438,2.4660002287095972,70.19321802563535,50.43947930831774,-0.20169490183762284,3.888111888111888
Holt,test,7,HOUSEHOLD_2_315_TX_2,low,intermittent,intermittent,HOUSEHOLD,286,1.1212551441132301,1.505929490158538,41.17482683004685,37.86056330771946,0.008480139555767225,2.9615384615384617
Holt,test,7,FOODS_2_056_WI_3,high,intermittent,intermittent,FOODS,286,8.621765055176585,10.665138238002385,35.979395990956036,34.138513163235544,-0.12528281694573168,25.255244755244757
Holt,test,7,HOBBIES_1_312_WI_3,high,lumpy,intermittent,HOBBIES,286,7.963051412081351,11.28622382699741,42.57567244226006,41.31771959098814,-1.1425482467127637,19.272727272727273
Holt,test,7,FOODS_3_128_WI_3,medium,intermittent,intermittent,FOODS,286,2.4542669890499944,3.7054879931032376,138.8403172591245,66.21890178002815,-0.4122291118625962,3.7062937062937062
Holt,test,7,HOBBIES_1_036_WI_3,medium,lumpy,intermittent,HOBBIES,286,3.452901464480156,4.3557426383733135,66.87727041041688,60.14188908899663,-0.19233460262966662,5.741258741258742
Holt,test,7,FOODS_3_520_WI_3,low,intermittent,intermittent,FOODS,286,1.9982668612011225,2.531336656279746,42.93191180945255,40.24678326081134,-0.5110327546192419,4.965034965034965
Holt,test,7,HOUSEHOLD_1_464_WI_3,low,intermittent,intermittent,HOUSEHOLD,286,0.8563366385135546,1.1291522015577302,89.17379537709252,73.54723081527825,-0.030354413383531502,1.1643356643356644
Holt,test,14,FOODS_3_449_CA_3,high,smooth,regular,FOODS,279,25.844890106691803,37.343265359802494,35.905093208561325,33.72807119026621,-0.10994005981684644,76.62724014336918
Holt,test,14,HOUSEHOLD_1_114_CA_3,high,smooth,regular,HOUSEHOLD,279,16.152941022899288,20.719008574134552,76.36075493368439,35.21661753058453,-2.6719627532248342,45.867383512544805
Holt,test,14,FOODS_3_784_CA_3,medium,intermittent,intermittent,FOODS,279,5.533445878778604,7.354031101151832,70.34589598625354,55.7944127278363,-0.5187906549013215,9.917562724014337
Holt,test,14,HOUSEHOLD_2_270_CA_3,medium,intermittent,intermittent,HOUSEHOLD,279,2.0242226141829875,4.400212282242471,142.00254076754243,35.40803193461151,-0.7569275844392124,5.7168458781362
Holt,test,14,HOBBIES_1_377_CA_3,low,intermittent,intermittent,HOBBIES,279,1.6031236707947314,1.951115072530909,39.658713422206475,37.117967149521164,0.03557675743894199,4.318996415770609
Holt,test,14,HOUSEHOLD_2_228_CA_3,low,intermittent,intermittent,HOUSEHOLD,279,2.067081948809519,2.7028267753024795,43.21207438184575,40.358003059332106,0.06843772992039263,5.121863799283154
Holt,test,14,FOODS_2_347_TX_2,high,smooth,regular,FOODS,279,36.208555895048306,60.09308261824327,33.736707586833745,42.31814299061024,0.42447947024875965,85.56272401433692
Holt,test,14,HOUSEHOLD_1_247_TX_2,high,smooth,regular,HOUSEHOLD,279,7.462683634681586,8.911842006677922,12.417935172270909,12.307671183284048,-1.6987340906918473,60.634408602150536
Holt,test,14,FOODS_3_729_TX_2,medium,lumpy,intermittent,FOODS,279,3.2734645901460806,4.546498675719876,32.2301734367629,30.39256641100687,-0.42283412056849934,10.770609318996415
Holt,test,14,HOBBIES_1_034_TX_2,medium,intermittent,intermittent,HOBBIES,279,4.80932628123907,6.069226784152,37.019467636865,35.96360312156796,-0.41195748822085443,13.372759856630825
Holt,test,14,FOODS_2_196_TX_2,low,intermittent,intermittent,FOODS,279,3.475754243410013,4.303683192549331,61.11041347633892,44.85362784048999,-0.4691988229415419,7.749103942652329
Holt,test,14,HOUSEHOLD_2_315_TX_2,low,intermittent,intermittent,HOUSEHOLD,279,1.7507540453024721,2.211963624060417,30.01569206548187,29.911841925253505,0.08699062201932874,5.853046594982079
Holt,test,14,FOODS_2_056_WI_3,high,intermittent,intermittent,FOODS,279,19.002115875827684,22.929070203598965,39.55218790304711,37.996060555836905,-0.9488871345220834,50.01075268817204
Holt,test,14,HOBBIES_1_312_WI_3,high,lumpy,intermittent,HOBBIES,279,12.27213522713252,16.080087588076132,31.9797945744196,31.791325240204017,-2.6725375941689737,38.60215053763441
Holt,test,14,FOODS_3_128_WI_3,medium,intermittent,intermittent,FOODS,279,4.906171831790877,7.0168045473108815,139.10546203173692,67.69643625468123,-0.902641272667538,7.247311827956989
Holt,test,14,HOBBIES_1_036_WI_3,medium,lumpy,intermittent,HOBBIES,279,4.273085728681877,5.331586162492113,39.6077089637062,37.27926573803138,-0.3561937133165302,11.46236559139785
Holt,test,14,FOODS_3_520_WI_3,low,intermittent,intermittent,FOODS,279,2.677214697054596,3.3235396891939852,28.20018265670587,26.67653215993687,-1.17966774474901,10.03584229390681
Holt,test,14,HOUSEHOLD_1_464_WI_3,low,intermittent,intermittent,HOUSEHOLD,279,1.0728992296395585,1.392527347818919,48.37858096270546,45.49223177347065,-0.10316949261562128,2.3584229390681
Holt,test,28,FOODS_3_449_CA_3,high,smooth,regular,FOODS,265,54.33989963101223,77.87975185465173,35.46336120302643,35.79970515666826,-3.5483878758469354,151.78867924528302
Holt,test,28,HOUSEHOLD_1_114_CA_3,high,smooth,regular,HOUSEHOLD,265,32.12566759656484,42.029648078080186,73.0052637894237,34.2739317729767,-7.2335583942213075,93.73207547169811
Holt,test,28,FOODS_3_784_CA_3,medium,intermittent,intermittent,FOODS,265,9.92754047790112,12.776551347530157,63.21759212914726,50.66047037634887,-1.3168167294018425,19.59622641509434
Holt,test,28,HOUSEHOLD_2_270_CA_3,medium,intermittent,intermittent,HOUSEHOLD,265,4.306099289553389,8.959010063999534,146.4877813017742,38.43436550123435,-2.085323399455184,11.20377358490566
Holt,test,28,HOBBIES_1_377_CA_3,low,intermittent,intermittent,HOBBIES,265,2.3330188857472596,2.9685070190043947,27.865775113517294,26.671699944910433,-0.06766756071992945,8.747169811320754
Holt,test,28,HOUSEHOLD_2_228_CA_3,low,intermittent,intermittent,HOUSEHOLD,265,3.1581339862120177,4.2371200079299545,31.418283796411767,31.18127817981314,0.2691772005172593,10.128301886792453
Holt,test,28,FOODS_2_347_TX_2,high,smooth,regular,FOODS,265,78.79266060445909,123.24838973048611,36.588485513165466,45.721413375189755,2.639526450862262,172.33207547169812
Holt,test,28,HOUSEHOLD_1_247_TX_2,high,smooth,regular,HOUSEHOLD,265,13.999471285942407,16.50658612637349,11.720109144052081,11.603465190712928,-2.994212523084172,120.64905660377359
Holt,test,28,FOODS_3_729_TX_2,medium,lumpy,intermittent,FOODS,265,6.397547189694637,7.967000122658915,33.11917379204441,29.942599881121136,-1.7248863044706004,21.366037735849055
Holt,test,28,HOBBIES_1_034_TX_2,medium,intermittent,intermittent,HOBBIES,265,7.2463288978665314,9.093211111409708,26.900879186867215,27.172451647582154,-1.407731220947442,26.667924528301885
Holt,test,28,FOODS_2_196_TX_2,low,intermittent,intermittent,FOODS,265,6.080770456297134,7.643051204000523,47.49729584860511,38.866477832096976,-1.4882555021667843,15.645283018867925
Holt,test,28,HOUSEHOLD_2_315_TX_2,low,intermittent,intermittent,HOUSEHOLD,265,2.7367616672919426,3.252345453715666,23.565898742342874,23.379814372416657,0.17441409954038217,11.705660377358491
Holt,test,28,FOODS_2_056_WI_3,high,intermittent,intermittent,FOODS,265,32.870267731308,39.18698401628699,34.61660018517269,33.29748069111857,-1.9328365951308406,98.71698113207547
Holt,test,28,HOBBIES_1_312_WI_3,high,lumpy,intermittent,HOBBIES,265,19.086551666428658,24.29999896995527,24.50097565436921,24.62241355079152,-7.181130541202896,77.51698113207547
Holt,test,28,FOODS_3_128_WI_3,medium,intermittent,intermittent,FOODS,265,10.6075363894238,14.399736547581252,144.64640680088425,77.73775285390782,-1.3306171307186994,13.645283018867925
Holt,test,28,HOBBIES_1_036_WI_3,medium,lumpy,intermittent,HOBBIES,265,6.028054960533473,7.301776812465021,27.004762435383412,26.178868642107023,-0.8089658125494696,23.026415094339622
Holt,test,28,FOODS_3_520_WI_3,low,intermittent,intermittent,FOODS,265,3.932266477929683,4.8219714423358795,21.759721217242422,19.405039416226554,-2.7469199305287426,20.264150943396228
Holt,test,28,HOUSEHOLD_1_464_WI_3,low,intermittent,intermittent,HOUSEHOLD,265,1.0376066137537772,1.2297819486232604,22.79160318052832,22.76206561628733,-0.033943959445259415,4.558490566037736
HoltWinters,test,3,FOODS_3_449_CA_3,high,smooth,regular,FOODS,290,5.9672563851951805,8.33731521121077,44.26530681971514,35.791196519267885,-0.04647903210123484,16.67241379310345
HoltWinters,test,3,HOUSEHOLD_1_114_CA_3,high,smooth,regular,HOUSEHOLD,290,4.808443702048662,6.197925369621148,84.55140755492668,49.51877392024546,-0.15303062313156704,9.710344827586207
HoltWinters,test,3,FOODS_3_784_CA_3,medium,intermittent,intermittent,FOODS,290,1.9563927692843588,2.664012618893511,122.58647683495647,89.7711871981747,-0.11812206082101503,2.179310344827586
HoltWinters,test,3,HOUSEHOLD_2_270_CA_3,medium,intermittent,intermittent,HOUSEHOLD,290,0.692939045342935,1.1672100208986764,92.9569842946239,57.08872816745771,0.08092887798216757,1.2137931034482758
HoltWinters,test,3,HOBBIES_1_377_CA_3,low,intermittent,intermittent,HOBBIES,290,0.7558555626310182,0.965099662762573,104.89304721676118,80.29234914395431,0.00019367052719963817,0.9413793103448276
HoltWinters,test,3,HOUSEHOLD_2_228_CA_3,low,intermittent,intermittent,HOUSEHOLD,290,0.9762277700745265,1.4478095636053228,103.97382449259361,86.05047213422878,-0.019418676238586473,1.1344827586206896
HoltWinters,test,3,FOODS_2_347_TX_2,high,smooth,regular,FOODS,290,8.701923370414866,13.360888097373495,43.49287105805518,47.390756383480024,-0.06858315402278839,18.362068965517242
HoltWinters,test,3,HOUSEHOLD_1_247_TX_2,high,smooth,regular,HOUSEHOLD,290,3.1660595710048822,3.9759723648313625,25.175307742935054,24.25778799448919,-0.3348446053351012,13.051724137931034
HoltWinters,test,3,FOODS_3_729_TX_2,medium,lumpy,intermittent,FOODS,290,1.441964851679381,1.80817363727595,79.99605962231364,62.788259307360434,-0.026282385848358118,2.296551724137931
HoltWinters,test,3,HOBBIES_1_034_TX_2,medium,intermittent,intermittent,HOBBIES,290,1.6960810077106674,2.1475223549015867,70.39127999095469,59.18934924622064,-0.04575995428954739,2.8655172413793104
HoltWinters,test,3,FOODS_2_196_TX_2,low,intermittent,intermittent,FOODS,290,1.1349056438484726,1.473027665240951,92.866367023107,67.4431632614871,-0.08931874387343286,1.6827586206896552
HoltWinters,test,3,HOUSEHOLD_2_315_TX_2,low,intermittent,intermittent,HOUSEHOLD,290,0.9236601358132512,1.1886643027998653,87.88178388491467,73.38669572214873,0.013897815197601238,1.2586206896551724
HoltWinters,test,3,FOODS_2_056_WI_3,high,intermittent,intermittent,FOODS,290,4.03065461863807,5.094429316720474,40.12774766734235,37.13118930765693,0.023648665354199152,10.855172413793104
HoltWinters,test,3,HOBBIES_1_312_WI_3,high,lumpy,intermittent,HOBBIES,290,4.948368716064841,7.357526470397493,65.7601350459083,60.11843014909107,-0.4209486629893757,8.23103448275862
HoltWinters,test,3,FOODS_3_128_WI_3,medium,intermittent,intermittent,FOODS,290,1.2591433616814636,1.8505660213296715,115.23759788874706,79.20858457432199,-0.062242863314874046,1.589655172413793
HoltWinters,test,3,HOBBIES_1_036_WI_3,medium,lumpy,intermittent,HOBBIES,290,2.058073008285305,2.975084422624665,99.99081506204777,83.2414466391546,-0.23877108714230294,2.472413793103448
HoltWinters,test,3,FOODS_3_520_WI_3,low,intermittent,intermittent,FOODS,290,1.319531038325551,1.7200369692968556,72.48973843252503,62.120779401689894,-0.21856495239924484,2.1241379310344826
HoltWinters,test,3,HOUSEHOLD_1_464_WI_3,low,intermittent,intermittent,HOUSEHOLD,290,0.6233679655416442,0.7559668883712507,157.5824407658301,124.67359310832883,-0.01791370868426698,0.5
HoltWinters,test,7,FOODS_3_449_CA_3,high,smooth,regular,FOODS,286,12.368116584048364,17.90918712525234,37.23817501818447,31.988436815317705,-0.017439399605893708,38.66433566433567
HoltWinters,test,7,HOUSEHOLD_1_114_CA_3,high,smooth,regular,HOUSEHOLD,286,9.106151914917023,11.475654809782373,78.86415128168072,39.858577405360705,-0.7061206306231113,22.846153846153847
HoltWinters,test,7,FOODS_3_784_CA_3,medium,intermittent,intermittent,FOODS,286,3.4084352547362844,4.700619405034284,91.2520453957935,68.21640887715726,-0.23431216721494935,4.996503496503497
HoltWinters,test,7,HOUSEHOLD_2_270_CA_3,medium,intermittent,intermittent,HOUSEHOLD,286,1.4636032928185967,2.4104981908584557,141.59852162964802,51.55055932833974,0.11440619750445051,2.839160839160839
HoltWinters,test,7,HOBBIES_1_377_CA_3,low,intermittent,intermittent,HOBBIES,286,1.0365253943510078,1.3024828614040451,53.8457724460337,47.66017086565727,0.020420931843552596,2.174825174825175
HoltWinters,test,7,HOUSEHOLD_2_228_CA_3,low,intermittent,intermittent,HOUSEHOLD,286,1.6160685586467116,2.1248719613927607,69.63147558241258,62.12306556088166,-0.002330597974883658,2.6013986013986012
HoltWinters,test,7,FOODS_2_347_TX_2,high,smooth,regular,FOODS,286,18.233428431133262,29.38121737745774,35.735432218519655,42.54169139585669,-0.14297670714549227,42.86013986013986
HoltWinters,test,7,HOUSEHOLD_1_247_TX_2,high,smooth,regular,HOUSEHOLD,286,4.676506183855164,5.792072735227123,15.646402479515057,15.39634820516377,-0.7636880363284589,30.374125874125873
HoltWinters,test,7,FOODS_3_729_TX_2,medium,lumpy,intermittent,FOODS,286,1.9701304169293858,2.63013169744031,40.73524128737672,36.65955102419026,-0.11189220628079831,5.374125874125874
HoltWinters,test,7,HOBBIES_1_034_TX_2,medium,intermittent,intermittent,HOBBIES,286,2.957306359085191,3.7438754157677487,47.713529880132874,44.32859636783882,-0.12347697895837169,6.671328671328672
HoltWinters,test,7,FOODS_2_196_TX_2,low,intermittent,intermittent,FOODS,286,1.9496836243811437,2.4550442354268958,70.22076388993675,50.144740699011436,-0.19735943490657445,3.888111888111888
HoltWinters,test,7,HOUSEHOLD_2_315_TX_2,low,intermittent,intermittent,HOUSEHOLD,286,1.1210514381471781,1.5059357079199678,41.166167537583114,37.85368492445017,0.00952049607287461,2.9615384615384617
HoltWinters,test,7,FOODS_2_056_WI_3,high,intermittent,intermittent,FOODS,286,8.621552322507956,10.676674118696216,36.05111952759042,34.1376708325803,-0.11586850914009673,25.255244755244757
HoltWinters,test,7,HOBBIES_1_312_WI_3,high,lumpy,intermittent,HOBBIES,286,7.963375132390689,11.287294170588705,42.57372844076842,41.31939927183848,-1.1444550607600639,19.272727272727273
HoltWinters,test,7,FOODS_3_128_WI_3,medium,intermittent,intermittent,FOODS,286,2.6201946841360737,3.7237672935054955,137.5302908746293,70.69581883612426,-0.23859663677859852,3.7062937062937062
HoltWinters,test,7,HOBBIES_1_036_WI_3,medium,lumpy,intermittent,HOBBIES,286,3.372861880660565,4.307218263768067,66.21946873787489,58.74777697131069,-0.5330410788378144,5.741258741258742
HoltWinters,test,7,FOODS_3_520_WI_3,low,intermittent,intermittent,FOODS,286,1.9975255880521006,2.53170386948856,42.95006465606532,40.23185339316203,-0.5289455603530393,4.965034965034965
HoltWinters,test,7,HOUSEHOLD_1_464_WI_3,low,intermittent,intermittent,HOUSEHOLD,286,0.8630174306337606,1.1418979088037327,89.67660185773777,74.1210165649416,-0.04540674177580413,1.1643356643356644
HoltWinters,test,14,FOODS_3_449_CA_3,high,smooth,regular,FOODS,279,25.825693615483647,37.25347556067756,36.02813706037824,33.703019405584634,0.020684981376192266,76.62724014336918
HoltWinters,test,14,HOUSEHOLD_1_114_CA_3,high,smooth,regular,HOUSEHOLD,279,16.48152641593223,20.340390003228347,72.76823375242635,35.93299890634595,-1.6326304332160675,45.867383512544805
HoltWinters,test,14,FOODS_3_784_CA_3,medium,intermittent,intermittent,FOODS,279,5.567137458987968,7.397748177704419,68.61855118220613,56.13412905882339,-0.4586668969048128,9.917562724014337
HoltWinters,test,14,HOUSEHOLD_2_270_CA_3,medium,intermittent,intermittent,HOUSEHOLD,279,2.5650478851330454,4.353908084678795,138.84218114031944,44.86823573367521,-0.1156475560603124,5.7168458781362
HoltWinters,test,14,HOBBIES_1_377_CA_3,low,intermittent,intermittent,HOBBIES,279,1.58323180062666,1.9233793494257607,39.20660525694464,36.657400197082005,0.07036095594140154,4.318996415770609
HoltWinters,test,14,HOUSEHOLD_2_228_CA_3,low,intermittent,intermittent,HOUSEHOLD,279,2.143226133309329,2.792233951774329,44.657560757988726,41.8446529876349,0.07763187719358702,5.121863799283154
HoltWinters,test,14,FOODS_2_347_TX_2,high,smooth,regular,FOODS,279,35.7978316284609,59.86385707645451,33.309018159154476,41.83811588614523,0.3936891109022401,85.56272401433692
HoltWinters,test,14,HOUSEHOLD_1_247_TX_2,high,smooth,regular,HOUSEHOLD,279,7.308095864347952,8.729598367081946,12.14980682006221,12.052720613306606,-1.5554176914656646,60.634408602150536
HoltWinters,test,14,FOODS_3_729_TX_2,medium,lumpy,intermittent,FOODS,279,3.3032112950327672,4.5514097462106164,32.630162600387976,30.66875045970523,-0.43301218524133606,10.770609318996415
HoltWinters,test,14,HOBBIES_1_034_TX_2,medium,intermittent,intermittent,HOBBIES,279,4.860756037000546,6.125570104252354,37.411588278647955,36.34818907325523,-0.4135101089095641,13.372759856630825
HoltWinters,test,14,FOODS_2_196_TX_2,low,intermittent,intermittent,FOODS,279,3.4682498383236156,4.290194065490859,61.359062091696984,44.75678561018912,-0.46162321889470354,7.749103942652329
HoltWinters,test,14,HOUSEHOLD_2_315_TX_2,low,intermittent,intermittent,HOUSEHOLD,279,1.7508211658057522,2.212046430010894,30.016411767896457,29.912988687067045,0.0890713351633873,5.853046594982079
HoltWinters,test,14,FOODS_2_056_WI_3,high,intermittent,intermittent,FOODS,279,18.944155875678728,22.98884005332012,39.392857413424714,37.88016547921139,-0.9346800613717686,50.01075268817204
HoltWinters,test,14,HOBBIES_1_312_WI_3,high,lumpy,intermittent,HOBBIES,279,12.264718618433296,16.07979188129773,31.958553468862345,31.772112298448373,-2.6772660973912674,38.60215053763441
HoltWinters,test,14,FOODS_3_128_WI_3,medium,intermittent,intermittent,FOODS,279,5.21563435256068,7.0439628140030335,136.0840477126624,71.96646806945745,-0.542291428713739,7.247311827956989
HoltWinters,test,14,HOBBIES_1_036_WI_3,medium,lumpy,intermittent,HOBBIES,279,4.140499807465062,5.228759767831698,38.67748807737011,36.12255929589595,-1.0459369922609105,11.46236559139785
HoltWinters,test,14,FOODS_3_520_WI_3,low,intermittent,intermittent,FOODS,279,2.680131232881948,3.329274010290359,28.26215261286255,26.70559335621656,-1.2158053687446209,10.03584229390681
HoltWinters,test,14,HOUSEHOLD_1_464_WI_3,low,intermittent,intermittent,HOUSEHOLD,279,1.0852927156731684,1.421942418471946,48.80427577283509,46.01773064936383,-0.1379951615120066,2.3584229390681
HoltWinters,test,28,FOODS_3_449_CA_3,high,smooth,regular,FOODS,265,54.90402176772708,78.28070254485553,35.87563016694943,36.17135483404852,-3.08713202797642,151.78867924528302
HoltWinters,test,28,HOUSEHOLD_1_114_CA_3,high,smooth,regular,HOUSEHOLD,265,31.695606928249575,40.41284614521139,66.56795494858467,33.81511266953636,-4.986026558029732,93.73207547169811
HoltWinters,test,28,FOODS_3_784_CA_3,medium,intermittent,intermittent,FOODS,265,9.983516440678999,12.80066873274431,62.58758414561929,50.94611701867773,-1.1769820089782146,19.59622641509434
HoltWinters,test,28,HOUSEHOLD_2_270_CA_3,medium,intermittent,intermittent,HOUSEHOLD,265,5.230573543766548,8.649329859785313,140.7382393087162,46.68581977427198,-0.7345598224958005,11.20377358490566
HoltWinters,test,28,HOBBIES_1_377_CA_3,low,intermittent,intermittent,HOBBIES,265,2.2500056348601696,2.888686015208642,26.928796368444964,25.72267011380263,0.01779844545052817,8.747169811320754
HoltWinters,test,28,HOUSEHOLD_2_228_CA_3,low,intermittent,intermittent,HOUSEHOLD,265,3.3945435065088456,4.520343811018801,33.593278740405665,33.51542582804933,0.29534429239942306,10.128301886792453
HoltWinters,test,28,FOODS_2_347_TX_2,high,smooth,regular,FOODS,265,78.49628876927427,123.73221589893072,36.323174515951905,45.549436200091264,2.6053376835933033,172.33207547169812
HoltWinters,test,28,HOUSEHOLD_1_247_TX_2,high,smooth,regular,HOUSEHOLD,265,13.7300251132791,16.21480379239635,11.480142750034743,11.380134664765926,-2.78676783791782,120.64905660377359
HoltWinters,test,28,FOODS_3_729_TX_2,medium,lumpy,intermittent,FOODS,265,6.508432857969823,8.0196113672167,33.71592255566876,30.46158084355357,-1.7177485375237618,21.366037735849055
HoltWinters,test,28,HOBBIES_1_034_TX_2,medium,intermittent,intermittent,HOBBIES,265,7.347322392653153,9.211450388853411,27.314079598101404,27.55115938945925,-1.4161328578253305,26.667924528301885
HoltWinters,test,28,FOODS_2_196_TX_2,low,intermittent,intermittent,FOODS,265,6.109999086574188,7.661762369384228,47.96178910921223,39.05329855142691,-1.482649113187496,15.645283018867925
HoltWinters,test,28,HOUSEHOLD_2_315_TX_2,low,intermittent,intermittent,HOUSEHOLD,265,2.7371228479591494,3.2525712734065384,23.56871697454177,23.382899893912786,0.17857552626829443,11.705660377358491
HoltWinters,test,28,FOODS_2_056_WI_3,high,intermittent,intermittent,FOODS,265,32.81308739256378,39.44049565697245,34.555723979603435,33.239557182834105,-1.9121056841846227,98.71698113207547
HoltWinters,test,28,HOBBIES_1_312_WI_3,high,lumpy,intermittent,HOBBIES,265,19.077813847309688,24.294740219529473,24.487272351472534,24.611141415329897,-7.188732275225612,77.51698113207547
HoltWinters,test,28,FOODS_3_128_WI_3,medium,intermittent,intermittent,FOODS,265,11.0249246027641,14.309572621325366,137.4004768651519,80.79659899702673,-0.5376376707711814,13.645283018867925
HoltWinters,test,28,HOBBIES_1_036_WI_3,medium,lumpy,intermittent,HOBBIES,265,5.775050164785745,7.0827214553715026,25.973159752748614,25.080109696299946,-2.1935827213527954,23.026415094339622
HoltWinters,test,28,FOODS_3_520_WI_3,low,intermittent,intermittent,FOODS,265,3.9603383794257287,4.8518920043507325,21.9550394265916,19.54356928394447,-2.8210639442725465,20.264150943396228
HoltWinters,test,28,HOUSEHOLD_1_464_WI_3,low,intermittent,intermittent,HOUSEHOLD,265,1.0642494773294382,1.2764230051455108,23.412334587048132,23.346532408303073,-0.10437765752370877,4.558490566037736
SARIMA,test,3,FOODS_3_449_CA_3,high,smooth,regular,FOODS,290,5.689462907662149,7.959027722403511,41.34310380302379,34.125010201075966,0.5020869305930933,16.67241379310345
SARIMA,test,3,HOUSEHOLD_1_114_CA_3,high,smooth,regular,HOUSEHOLD,290,4.700461321447315,6.181067581382552,81.32973670230619,48.40673946092761,-0.4038332811349794,9.710344827586207
SARIMA,test,3,FOODS_3_784_CA_3,medium,intermittent,intermittent,FOODS,290,1.9825708941905853,2.7057003994050235,124.56818162732384,90.97239862583383,-0.107082900487119,2.179310344827586
SARIMA,test,3,HOUSEHOLD_2_270_CA_3,medium,intermittent,intermittent,HOUSEHOLD,290,0.6865949271577634,1.1688811066683158,93.05179326610363,56.56605933970209,0.07347808064893085,1.2137931034482758
SARIMA,test,3,HOBBIES_1_377_CA_3,low,intermittent,intermittent,HOBBIES,290,0.7566845726534129,0.9692184739725662,104.89950634706457,80.38041247966657,-0.007688807525279065,0.9413793103448276
SARIMA,test,3,HOUSEHOLD_2_228_CA_3,low,intermittent,intermittent,HOUSEHOLD,290,0.9692191158457786,1.4440194172970795,103.36279284843405,85.43268802288019,-0.01963333943336059,1.1344827586206896
SARIMA,test,3,FOODS_2_347_TX_2,high,smooth,regular,FOODS,290,8.44241551212741,15.296144165742662,42.27137097279229,45.97747415055303,-2.8582224072861404,18.362068965517242
SARIMA,test,3,HOUSEHOLD_1_247_TX_2,high,smooth,regular,HOUSEHOLD,290,3.6497792039984986,4.68750173457687,29.20398331965267,27.963962197082285,-2.3006933917322248,13.051724137931034
SARIMA,test,3,FOODS_3_729_TX_2,medium,lumpy,intermittent,FOODS,290,1.9033437607310384,2.253050515038269,80.90223009747788,82.87833192372389,1.359105145832982,2.296551724137931
SARIMA,test,3,HOBBIES_1_034_TX_2,medium,intermittent,intermittent,HOBBIES,290,1.6829791561578042,2.1308460406096743,70.06487482589692,58.73212458312433,-0.07364936597221312,2.8655172413793104
SARIMA,test,3,FOODS_2_196_TX_2,low,intermittent,intermittent,FOODS,290,1.166508694352563,1.4665552256720988,91.23465683799918,69.32121339390231,-0.015235975404082386,1.6827586206896552
SARIMA,test,3,HOUSEHOLD_2_315_TX_2,low,intermittent,intermittent,HOUSEHOLD,290,0.8876874555771879,1.1977067102847785,87.19665047930748,70.52859236092725,-0.10586779825614899,1.2586206896551724
SARIMA,test,3,FOODS_2_056_WI_3,high,intermittent,intermittent,FOODS,290,4.14842609869607,5.041790413396484,39.490871269057486,38.2161235267427,0.9107808428812177,10.855172413793104
SARIMA,test,3,HOBBIES_1_312_WI_3,high,lumpy,intermittent,HOBBIES,290,4.970164495225073,7.376285300458796,65.98663650581057,60.383230147267334,-0.43466317313027464,8.23103448275862
SARIMA,test,3,FOODS_3_128_WI_3,medium,intermittent,intermittent,FOODS,290,1.1934842612975036,1.824130773210145,114.85216280747397,75.07818563476704,-0.11116379433119472,1.589655172413793
SARIMA,test,3,HOBBIES_1_036_WI_3,medium,lumpy,intermittent,HOBBIES,290,2.164622246557796,3.0136538607441556,100.60107209782647,87.55096952604754,-0.02925340256991718,2.472413793103448
SARIMA,test,3,FOODS_3_520_WI_3,low,intermittent,intermittent,FOODS,290,1.284221171353847,1.7317622288196537,74.86277552301634,60.45846423581422,-0.5608395253139258,2.1241379310344826
SARIMA,test,3,HOUSEHOLD_1_464_WI_3,low,intermittent,intermittent,HOUSEHOLD,290,0.6335445692702819,0.7449706488691201,154.9145016416224,126.7089138540564,0.018478046025567955,0.5
SARIMA,test,7,FOODS_3_449_CA_3,high,smooth,regular,FOODS,286,11.780015925572446,16.802581262145406,34.71607868832232,30.467395141198402,1.5813727414251175,38.66433566433567
SARIMA,test,7,HOUSEHOLD_1_114_CA_3,high,smooth,regular,HOUSEHOLD,286,8.94011877993646,11.573375392707877,80.1325783649696,39.131833043492925,-1.3409879519552164,22.846153846153847
SARIMA,test,7,FOODS_3_784_CA_3,medium,intermittent,intermittent,FOODS,286,3.536269227726653,4.919415905495382,93.90946421136378,70.77487747584485,-0.2188643122447703,4.996503496503497
SARIMA,test,7,HOUSEHOLD_2_270_CA_3,medium,intermittent,intermittent,HOUSEHOLD,286,1.4451632839936108,2.4144430395039618,141.78444234056758,50.901071332779885,0.09921955522529324,2.839160839160839
SARIMA,test,7,HOBBIES_1_377_CA_3,low,intermittent,intermittent,HOBBIES,286,1.0244604826227632,1.2929533292097495,53.44138775971938,47.10541768972834,0.0033358821416059497,2.174825174825175
SARIMA,test,7,HOUSEHOLD_2_228_CA_3,low,intermittent,intermittent,HOUSEHOLD,286,1.624817408267811,2.135044435649013,69.93292015175622,62.459378866208866,-0.003091829480690824,2.6013986013986012
SARIMA,test,7,FOODS_2_347_TX_2,high,smooth,regular,FOODS,286,17.018743324656192,32.29701265341274,34.065264803609274,39.70762433391803,-6.606273758597708,42.86013986013986
SARIMA,test,7,HOUSEHOLD_1_247_TX_2,high,smooth,regular,HOUSEHOLD,286,6.363970479505646,7.82550642133453,21.855792221044283,20.95194609345706,-5.36340575054085,30.374125874125873
SARIMA,test,7,FOODS_3_729_TX_2,medium,lumpy,intermittent,FOODS,286,3.7361092385981256,4.267273370953517,62.76512907720425,69.52031504483175,3.261420705879365,5.374125874125874
SARIMA,test,7,HOBBIES_1_034_TX_2,medium,intermittent,intermittent,HOBBIES,286,2.8876553675086765,3.6710084416937105,46.83792293627252,43.28456158844242,-0.18828902329501826,6.671328671328672
SARIMA,test,7,FOODS_2_196_TX_2,low,intermittent,intermittent,FOODS,286,1.9215190164724747,2.3341398761843846,66.7461322269439,49.42036319344675,0.00315347434797528,3.888111888111888
SARIMA,test,7,HOUSEHOLD_2_315_TX_2,low,intermittent,intermittent,HOUSEHOLD,286,1.1907531435723708,1.5537541103873336,43.9671923964951,40.20724900374239,-0.27322911962975754,2.9615384615384617
SARIMA,test,7,FOODS_2_056_WI_3,high,intermittent,intermittent,FOODS,286,7.6533582726417055,9.12296196004194,30.706890529222626,30.304035248172887,2.810354910606312,25.255244755244757
SARIMA,test,7,HOBBIES_1_312_WI_3,high,lumpy,intermittent,HOBBIES,286,8.044106972313003,11.367488785709442,42.91875889277264,41.7382908940769,-1.1704110229383597,19.272727272727273
SARIMA,test,7,FOODS_3_128_WI_3,medium,intermittent,intermittent,FOODS,286,2.4472659923809217,3.6380814192234405,138.10496268953844,66.03000696423997,-0.36592681985292624,3.7062937062937062
SARIMA,test,7,HOBBIES_1_036_WI_3,medium,lumpy,intermittent,HOBBIES,286,3.4691415102742735,4.354584797594647,66.78325801349902,60.42475468565422,-0.038734468161389646,5.741258741258742
SARIMA,test,7,FOODS_3_520_WI_3,low,intermittent,intermittent,FOODS,286,2.0949953043940095,2.701321064758561,46.38452376736638,42.194975849062445,-1.3183915703396882,4.965034965034965
SARIMA,test,7,HOUSEHOLD_1_464_WI_3,low,intermittent,intermittent,HOUSEHOLD,286,0.8609723850623187,1.1068265232594436,88.74671499591307,73.9453760143613,0.043001639297601084,1.1643356643356644
SARIMA,test,14,FOODS_3_449_CA_3,high,smooth,regular,FOODS,279,23.63265126079492,34.33808872151009,32.27373219544944,30.84105758810881,4.297580441951932,76.62724014336918
SARIMA,test,14,HOUSEHOLD_1_114_CA_3,high,smooth,regular,HOUSEHOLD,279,16.280604949294744,20.696829440859375,74.86072160885041,35.494950229375895,-3.1092690908446756,45.867383512544805
SARIMA,test,14,FOODS_3_784_CA_3,medium,intermittent,intermittent,FOODS,279,6.034715835362123,8.032498736677004,74.38924113234003,60.84877911333691,-0.41212480687235725,9.917562724014337
SARIMA,test,14,HOUSEHOLD_2_270_CA_3,medium,intermittent,intermittent,HOUSEHOLD,279,2.5312735579929924,4.372288054159412,139.12336768473835,44.27744969780846,-0.14703096670730856,5.7168458781362
SARIMA,test,14,HOBBIES_1_377_CA_3,low,intermittent,intermittent,HOBBIES,279,1.5575450794923569,1.8962365370824055,38.70317739943906,36.06266200650353,0.037187864405160934,4.318996415770609
SARIMA,test,14,HOUSEHOLD_2_228_CA_3,low,intermittent,intermittent,HOUSEHOLD,279,2.160380721598312,2.8139608508999987,44.993841606980325,42.17958161832954,0.07527139527145248,5.121863799283154
SARIMA,test,14,FOODS_2_347_TX_2,high,smooth,regular,FOODS,279,31.652361177840447,61.473657460325,30.386725265653645,36.99316675861882,-13.256086531365856,85.56272401433692
SARIMA,test,14,HOUSEHOLD_1_247_TX_2,high,smooth,regular,HOUSEHOLD,279,11.905084813749992,14.091352285834699,20.768221093682627,19.634206201077305,-11.37734211042781,60.634408602150536
SARIMA,test,14,FOODS_3_729_TX_2,medium,lumpy,intermittent,FOODS,279,7.797776986602016,8.84188649473879,61.88357141227968,72.39866153949959,7.259184070561235,10.770609318996415
SARIMA,test,14,HOBBIES_1_034_TX_2,medium,intermittent,intermittent,HOBBIES,279,4.6586222652131175,5.907400276517091,35.984662822255636,34.836655373745906,-0.5370581904077333,13.372759856630825
SARIMA,test,14,FOODS_2_196_TX_2,low,intermittent,intermittent,FOODS,279,3.1805210749315656,3.8829912202732593,53.8474823738889,41.04372710018071,0.04812651258746776,7.749103942652329
SARIMA,test,14,HOUSEHOLD_2_315_TX_2,low,intermittent,intermittent,HOUSEHOLD,279,1.779276215398118,2.3329033146872393,30.529285275343714,30.399146607230556,-0.47989311263670265,5.853046594982079
SARIMA,test,14,FOODS_2_056_WI_3,high,intermittent,intermittent,FOODS,279,13.0502995874823,16.17367057055741,25.709479491855188,26.0949873497281,6.9112359517546205,50.01075268817204
SARIMA,test,14,HOBBIES_1_312_WI_3,high,lumpy,intermittent,HOBBIES,279,12.46873844390384,16.291249118511825,32.493645439997856,32.30063162348348,-2.7680162114739693,38.60215053763441
SARIMA,test,14,FOODS_3_128_WI_3,medium,intermittent,intermittent,FOODS,279,4.884810345758262,6.8989920079209766,137.6062196711573,67.40168577975051,-0.8554097955141341,7.247311827956989
SARIMA,test,14,HOBBIES_1_036_WI_3,medium,lumpy,intermittent,HOBBIES,279,4.228172889234671,5.284229734992402,39.10821206722721,36.88743702615613,-0.047382089635771237,11.46236559139785
SARIMA,test,14,FOODS_3_520_WI_3,low,intermittent,intermittent,FOODS,279,3.2424080200841585,3.9509236455752843,35.621907882246106,32.30827991441001,-2.792224247701369,10.03584229390681
SARIMA,test,14,HOUSEHOLD_1_464_WI_3,low,intermittent,intermittent,HOUSEHOLD,279,1.0763319357024663,1.3433240756612856,48.48992878256117,45.637782684040744,0.053429339998179046,2.3584229390681
SARIMA,test,28,FOODS_3_449_CA_3,high,smooth,regular,FOODS,265,51.09814659661636,69.54718989257452,32.71190039051672,33.664003699540906,10.894915532341026,151.78867924528302
SARIMA,test,28,HOUSEHOLD_1_114_CA_3,high,smooth,regular,HOUSEHOLD,265,32.06993642019959,41.77628760646131,70.9194689854367,34.2144738167917,-8.70646411915239,93.73207547169811
SARIMA,test,28,FOODS_3_784_CA_3,medium,intermittent,intermittent,FOODS,265,11.148471982959089,14.365896047508585,68.1543154699549,56.8909122950926,-1.0237733068399222,19.59622641509434
SARIMA,test,28,HOUSEHOLD_2_270_CA_3,medium,intermittent,intermittent,HOUSEHOLD,265,5.183002609047919,8.720115570584536,141.24451480684337,46.26122234414613,-0.7983734721489539,11.20377358490566
SARIMA,test,28,HOBBIES_1_377_CA_3,low,intermittent,intermittent,HOBBIES,265,2.193762246281021,2.8172063036709774,26.34473074240034,25.079680554981476,-0.043998409990225563,8.747169811320754
SARIMA,test,28,HOUSEHOLD_2_228_CA_3,low,intermittent,intermittent,HOUSEHOLD,265,3.446328330200846,4.583948800854185,34.076786971959834,34.026714139464396,0.29047945073288844,10.128301886792453
SARIMA,test,28,FOODS_2_347_TX_2,high,smooth,regular,FOODS,265,62.697014565506095,113.93888266178404,30.707980565345455,36.38151191175246,-28.41254038836413,172.33207547169812
SARIMA,test,28,HOUSEHOLD_1_247_TX_2,high,smooth,regular,HOUSEHOLD,265,23.297085351450583,27.082300833371043,20.59925050967941,19.309794877187553,-23.091533861005594,120.64905660377359
SARIMA,test,28,FOODS_3_729_TX_2,medium,lumpy,intermittent,FOODS,265,16.252264090582525,18.2757041208808,62.253690611585554,76.06587749919409,15.716459900678446,21.366037735849055
SARIMA,test,28,HOBBIES_1_034_TX_2,medium,intermittent,intermittent,HOBBIES,265,6.7040879682775225,8.575114336539572,24.87470351481279,25.13914407235805,-1.5653936683203122,26.667924528301885
SARIMA,test,28,FOODS_2_196_TX_2,low,intermittent,intermittent,FOODS,265,4.71989041749936,6.1725018431310605,34.916882864802126,30.16813701488978,-0.04170816356975304,15.645283018867925
SARIMA,test,28,HOUSEHOLD_2_315_TX_2,low,intermittent,intermittent,HOUSEHOLD,265,2.885414711472696,3.6058659086758116,24.93497708633356,24.649738831085248,-0.9780553052573001,11.705660377358491
SARIMA,test,28,FOODS_2_056_WI_3,high,intermittent,intermittent,FOODS,265,19.571731219855295,22.73615625634355,18.686707442360888,19.826103873324364,16.546430518638218,98.71698113207547
SARIMA,test,28,HOBBIES_1_312_WI_3,high,lumpy,intermittent,HOBBIES,265,19.706493767734585,24.85226146705602,25.39346505219718,25.422163608459083,-7.582919338323472,77.51698113207547
SARIMA,test,28,FOODS_3_128_WI_3,medium,intermittent,intermittent,FOODS,265,10.548233998350732,14.225180014872898,141.67979250703448,77.30315291932921,-1.3564593932387865,13.645283018867925
SARIMA,test,28,HOBBIES_1_036_WI_3,medium,lumpy,intermittent,HOBBIES,265,5.851210745099022,7.089765775922681,26.18337990509892,25.410862790089162,-0.1849639966928358,23.026415094339622
SARIMA,test,28,FOODS_3_520_WI_3,low,intermittent,intermittent,FOODS,265,6.053859599984183,6.69441256648169,34.96165996890967,29.87472614517334,-5.962466266878006,20.264150943396228
SARIMA,test,28,HOUSEHOLD_1_464_WI_3,low,intermittent,intermittent,HOUSEHOLD,265,1.0083164044504436,1.2008176146348,22.000814705054804,22.11952377312645,0.2832373589962664,4.558490566037736
XGBoost,test,3,FOODS_3_449_CA_3,high,smooth,regular,FOODS,290,6.295413785967334,8.923538154284447,44.693674425695754,37.75946221159311,-1.1549113429825881,16.67241379310345
XGBoost,test,3,HOUSEHOLD_1_114_CA_3,high,smooth,regular,HOUSEHOLD,290,4.318292018873938,5.903961246194032,86.59825007899082,44.47104706936939,-0.12693319320678711,9.710344827586207
XGBoost,test,3,FOODS_3_784_CA_3,medium,intermittent,intermittent,FOODS,290,2.049086552755586,2.6404380913293943,117.37713845683673,94.0245411865696,0.1991712472562132,2.179310344827586
XGBoost,test,3,HOUSEHOLD_2_270_CA_3,medium,intermittent,intermittent,HOUSEHOLD,290,0.8403729309809619,1.2011820283635049,145.14104473628777,69.23526988195425,0.12396082348864654,1.2137931034482758
XGBoost,test,3,HOBBIES_1_377_CA_3,low,intermittent,intermittent,HOBBIES,290,0.7926743011022436,0.994176873891214,106.60261200298284,84.20349718668523,0.03477866598244371,0.9413793103448276
XGBoost,test,3,HOUSEHOLD_2_228_CA_3,low,intermittent,intermittent,HOUSEHOLD,290,1.0740748255417265,1.4733399758413777,105.97763553646632,94.67528857358683,0.21023804195995988,1.1344827586206896
XGBoost,test,3,FOODS_2_347_TX_2,high,smooth,regular,FOODS,290,7.971158737971865,14.19641574048963,40.508772933176694,43.41100533355569,-3.0271968841552734,18.362068965517242
XGBoost,test,3,HOUSEHOLD_1_247_TX_2,high,smooth,regular,HOUSEHOLD,290,3.258404228605073,4.141833142578276,25.795373052580416,24.96531641467559,-0.8876530515736547,13.051724137931034
XGBoost,test,3,FOODS_3_729_TX_2,medium,lumpy,intermittent,FOODS,290,1.4268928490836046,1.7759647143293902,77.98427157385717,62.13197090604284,-0.01864184963292089,2.296551724137931
XGBoost,test,3,HOBBIES_1_034_TX_2,medium,intermittent,intermittent,HOBBIES,290,1.6870312900378786,2.146263393004374,70.67738589233157,58.87353479073223,-0.22995738202127916,2.8655172413793104
XGBoost,test,3,FOODS_2_196_TX_2,low,intermittent,intermittent,FOODS,290,1.130552590715474,1.4644441348344328,91.62627893225753,67.18447772694415,-0.049215133847861456,1.6827586206896552
XGBoost,test,3,HOUSEHOLD_2_315_TX_2,low,intermittent,intermittent,HOUSEHOLD,290,0.9231618951106894,1.2277850460005668,87.8155238277858,73.34710947454792,-0.03285677515227219,1.2586206896551724
XGBoost,test,3,FOODS_2_056_WI_3,high,intermittent,intermittent,FOODS,290,3.2173206658198916,4.0058599211903525,32.03777042018858,29.63859571435097,0.2846978253331678,10.855172413793104
XGBoost,test,3,HOBBIES_1_312_WI_3,high,lumpy,intermittent,HOBBIES,290,5.728825606970951,7.850131430554162,71.29806839915038,69.60031110270532,0.8430087632146375,8.23103448275862
XGBoost,test,3,FOODS_3_128_WI_3,medium,intermittent,intermittent,FOODS,290,1.2472370059325777,1.7240170327492879,140.33553499670185,78.4595947332858,0.14062458872795106,1.589655172413793
XGBoost,test,3,HOBBIES_1_036_WI_3,medium,lumpy,intermittent,HOBBIES,290,2.234481188757666,3.1644657708407196,102.52040989005462,90.37650554249974,-0.022496440081760802,2.472413793103448
XGBoost,test,3,FOODS_3_520_WI_3,low,intermittent,intermittent,FOODS,290,1.3349321065277888,1.7517610825284726,71.9222958349502,62.84582969043162,-0.15247668110091112,2.1241379310344826
XGBoost,test,3,HOUSEHOLD_1_464_WI_3,low,intermittent,intermittent,HOUSEHOLD,290,0.7187521167870226,0.8301349947998761,141.11635836492863,143.75042335740451,0.31830188632011414,0.5
XGBoost,test,7,FOODS_3_449_CA_3,high,smooth,regular,FOODS,286,13.579660242254084,19.493843004451502,39.28630563873639,35.121928280743965,-2.487182003634793,38.66433566433567
XGBoost,test,7,HOUSEHOLD_1_114_CA_3,high,smooth,regular,HOUSEHOLD,286,8.520154291516418,11.244910954470118,78.32260955015047,37.29360464300115,-0.5596071077393485,22.846153846153847
XGBoost,test,7,FOODS_3_784_CA_3,medium,intermittent,intermittent,FOODS,286,3.5236522142703715,4.573220550822972,84.86250883124232,70.5223606215064,0.6196316047148271,4.996503496503497
XGBoost,test,7,HOUSEHOLD_2_270_CA_3,medium,intermittent,intermittent,HOUSEHOLD,286,1.5932889791479061,2.3696341281548476,139.5013874876464,56.11830640841147,-0.016283076308615557,2.839160839160839
XGBoost,test,7,HOBBIES_1_377_CA_3,low,intermittent,intermittent,HOBBIES,286,1.1513310431183634,1.4326821750596663,57.15375526846876,52.93901580897941,0.20500059290365738,2.174825174825175
XGBoost,test,7,HOUSEHOLD_2_228_CA_3,low,intermittent,intermittent,HOUSEHOLD,286,1.8616972538557919,2.407141212287601,72.92100561520913,71.56524389821996,0.5796165222471411,2.6013986013986012
XGBoost,test,7,FOODS_2_347_TX_2,high,smooth,regular,FOODS,286,17.714540034740956,32.94479055254649,36.003171556016135,41.33103646545858,-8.544371978386298,42.86013986013986
XGBoost,test,7,HOUSEHOLD_1_247_TX_2,high,smooth,regular,HOUSEHOLD,286,5.007077650590376,6.161712932488964,16.846695827786306,16.484680650038538,-1.8963829120555957,30.374125874125873
XGBoost,test,7,FOODS_3_729_TX_2,medium,lumpy,intermittent,FOODS,286,2.0355313774589057,2.68902045569667,41.49065785403083,37.876510992403844,-0.1322280543667453,5.374125874125874
XGBoost,test,7,HOBBIES_1_034_TX_2,medium,intermittent,intermittent,HOBBIES,286,2.910604657826724,3.7144673569178397,47.67875824349562,43.62856038461441,-0.4833056851700469,6.671328671328672
XGBoost,test,7,FOODS_2_196_TX_2,low,intermittent,intermittent,FOODS,286,1.9882622306997126,2.4669159430769514,71.17209968572689,51.136960250010596,-0.27050818680049654,3.888111888111888
XGBoost,test,7,HOUSEHOLD_2_315_TX_2,low,intermittent,intermittent,HOUSEHOLD,286,1.2685418187321482,1.6725556940674011,45.39284048847923,42.83387959355306,-0.06903803681993818,2.9615384615384617
XGBoost,test,7,FOODS_2_056_WI_3,high,intermittent,intermittent,FOODS,286,6.129773413384711,7.382379863760128,25.419380984213795,24.271288885892666,-0.7692835881159856,25.255244755244757
XGBoost,test,7,HOBBIES_1_312_WI_3,high,lumpy,intermittent,HOBBIES,286,9.663957442437018,12.782144072137955,48.548947941270285,50.14317540887132,1.2138105872627738,19.272727272727273
XGBoost,test,7,FOODS_3_128_WI_3,medium,intermittent,intermittent,FOODS,286,2.541039773425856,3.3532023311175316,132.67135143246776,68.56012973582969,0.21827607450785336,3.7062937062937062
XGBoost,test,7,HOBBIES_1_036_WI_3,medium,lumpy,intermittent,HOBBIES,286,4.0815246663727125,5.047068517156981,72.14713027125332,71.09111172853811,0.554248718948631,5.741258741258742
XGBoost,test,7,FOODS_3_520_WI_3,low,intermittent,intermittent,FOODS,286,2.227800130010485,2.766344110719905,46.98352122443706,44.869777266408356,-0.2757475284429697,4.965034965034965
XGBoost,test,7,HOUSEHOLD_1_464_WI_3,low,intermittent,intermittent,HOUSEHOLD,286,1.259319659817469,1.5057047342068928,97.90241360738537,108.15778459693577,0.7644663410378503,1.1643356643356644
XGBoost,test,14,FOODS_3_449_CA_3,high,smooth,regular,FOODS,279,25.744605375447154,37.688551048042235,35.980485691355376,33.5971977162157,-6.000274289038874,76.62724014336918
XGBoost,test,14,HOUSEHOLD_1_114_CA_3,high,smooth,regular,HOUSEHOLD,279,15.9400859528545,19.79338922633241,69.86462606147231,34.752551229556964,-0.8919987883619083,45.867383512544805
XGBoost,test,14,FOODS_3_784_CA_3,medium,intermittent,intermittent,FOODS,279,5.415612943710819,6.593525696616814,63.47532553438053,54.60628880720342,1.3012265748875116,9.917562724014337
XGBoost,test,14,HOUSEHOLD_2_270_CA_3,medium,intermittent,intermittent,HOUSEHOLD,279,2.9870367511626212,4.149656089445746,136.62191155471774,52.24973376641827,-0.0541411249441058,5.7168458781362
XGBoost,test,14,HOBBIES_1_377_CA_3,low,intermittent,intermittent,HOBBIES,279,1.6131519237299548,2.0182997685322848,39.839744071778966,37.35015657432841,0.09958446239485108,4.318996415770609
XGBoost,test,14,HOUSEHOLD_2_228_CA_3,low,intermittent,intermittent,HOUSEHOLD,279,2.762859326536937,3.289308753939402,52.43840712896688,53.942459909293596,1.238218617695634,5.121863799283154
XGBoost,test,14,FOODS_2_347_TX_2,high,smooth,regular,FOODS,279,32.30746885183464,61.01275214496667,31.3585550416297,37.75881287559427,-15.740118334370274,85.56272401433692
XGBoost,test,14,HOUSEHOLD_1_247_TX_2,high,smooth,regular,HOUSEHOLD,279,9.076798989354069,10.858717771516668,15.367614341473182,14.969716368326448,-5.67638443704147,60.634408602150536
XGBoost,test,14,FOODS_3_729_TX_2,medium,lumpy,intermittent,FOODS,279,3.35717839408519,4.591413757851189,32.55894365861467,31.169809382687788,-0.3698820264535993,10.770609318996415
XGBoost,test,14,HOBBIES_1_034_TX_2,medium,intermittent,intermittent,HOBBIES,279,4.6548712809026025,5.930518769829906,36.63361147364657,34.80860593331081,-1.3130503692080042,13.372759856630825
XGBoost,test,14,FOODS_2_196_TX_2,low,intermittent,intermittent,FOODS,279,3.3720140269153007,4.103754577262468,58.034539356475804,43.51488961652955,-0.03595406522033035,7.749103942652329
XGBoost,test,14,HOUSEHOLD_2_315_TX_2,low,intermittent,intermittent,HOUSEHOLD,279,1.8687906094349414,2.4286494818469353,31.75714044605003,31.928510718453683,-0.35603090511855257,5.853046594982079
XGBoost,test,14,FOODS_2_056_WI_3,high,intermittent,intermittent,FOODS,279,9.576316587386593,11.55162265499632,19.52529791952724,19.148515214512,4.052697841411851,50.01075268817204
XGBoost,test,14,HOBBIES_1_312_WI_3,high,lumpy,intermittent,HOBBIES,279,15.11414290670853,18.463351262256367,37.02104972669858,39.15362925693296,3.258926254874062,38.60215053763441
XGBoost,test,14,FOODS_3_128_WI_3,medium,intermittent,intermittent,FOODS,279,4.752494636402335,5.80236304479945,126.89220922886821,65.57596456756932,0.5227044051693331,7.247311827956989
XGBoost,test,14,HOBBIES_1_036_WI_3,medium,lumpy,intermittent,HOBBIES,279,4.870972802562099,6.280736125508032,43.74687754965235,42.495353718412304,-0.08153645197550456,11.46236559139785
XGBoost,test,14,FOODS_3_520_WI_3,low,intermittent,intermittent,FOODS,279,2.973309315233675,3.668073663028293,30.07539888524351,29.626903533935547,-0.29712196746607406,10.03584229390681
XGBoost,test,14,HOUSEHOLD_1_464_WI_3,low,intermittent,intermittent,HOUSEHOLD,279,1.570158054324461,1.914056481454537,58.20372545376055,66.57661051011013,1.2492421861190521,2.3584229390681
XGBoost,test,28,FOODS_3_449_CA_3,high,smooth,regular,FOODS,265,47.044770582666935,71.70252520646966,31.536096108194446,30.993596371337357,-12.711170383669295,151.78867924528302
XGBoost,test,28,HOUSEHOLD_1_114_CA_3,high,smooth,regular,HOUSEHOLD,265,29.843813226807793,38.956950807787656,63.04114322524199,31.839488325230747,-2.0575082275102723,93.73207547169811
XGBoost,test,28,FOODS_3_784_CA_3,medium,intermittent,intermittent,FOODS,265,9.690673450254044,11.410150428328823,55.52701039688503,49.4517324151227,4.65083770392076,19.59622641509434
XGBoost,test,28,HOUSEHOLD_2_270_CA_3,medium,intermittent,intermittent,HOUSEHOLD,265,7.509531264035207,8.865816556423367,133.44527812837313,67.02680313133479,1.9100363947310537,11.20377358490566
XGBoost,test,28,HOBBIES_1_377_CA_3,low,intermittent,intermittent,HOBBIES,265,2.9464226902655835,3.5984072044542788,33.07986256893739,33.68429736498618,1.2412104354714448,8.747169811320754
XGBoost,test,28,HOUSEHOLD_2_228_CA_3,low,intermittent,intermittent,HOUSEHOLD,265,5.330354523208906,6.323622308489101,45.95582628252395,52.62831403317288,3.1842923812146458,10.128301886792453
XGBoost,test,28,FOODS_2_347_TX_2,high,smooth,regular,FOODS,265,63.12150783898696,111.56635781612808,31.8433640798928,36.62783475810533,-31.210907414274395,172.33207547169812
XGBoost,test,28,HOUSEHOLD_1_247_TX_2,high,smooth,regular,HOUSEHOLD,265,16.53393318608122,19.85245220924358,14.07915550269902,13.7041545549591,-10.880139735959611,120.64905660377359
XGBoost,test,28,FOODS_3_729_TX_2,medium,lumpy,intermittent,FOODS,265,6.06341531141749,7.972207607819797,30.007991751431746,28.378754106775606,-1.4994754503358085,21.366037735849055
XGBoost,test,28,HOBBIES_1_034_TX_2,medium,intermittent,intermittent,HOBBIES,265,7.12452918718446,8.96283826744105,27.27662239463556,26.715724276268315,-3.114789027088093,26.667924528301885
XGBoost,test,28,FOODS_2_196_TX_2,low,intermittent,intermittent,FOODS,265,5.395739119907595,6.594938533599516,38.98386108187582,34.4879610896168,0.3649920049703346,15.645283018867925
XGBoost,test,28,HOUSEHOLD_2_315_TX_2,low,intermittent,intermittent,HOUSEHOLD,265,3.3468334144016483,4.142554615920815,28.193900377892056,28.59158139317978,-0.17908472205108067,11.705660377358491
XGBoost,test,28,FOODS_2_056_WI_3,high,intermittent,intermittent,FOODS,265,15.04441726972472,18.698367301854717,14.803926693522218,15.23994868683888,7.073668425937869,98.71698113207547
XGBoost,test,28,HOBBIES_1_312_WI_3,high,lumpy,intermittent,HOBBIES,265,23.466572945072965,29.058923124140502,28.479596484778526,30.27281584287964,4.681522815632371,77.51698113207547
XGBoost,test,28,FOODS_3_128_WI_3,medium,intermittent,intermittent,FOODS,265,11.591112552498872,12.805737373006364,123.7220833015908,84.94592993396573,3.6802619052383134,13.645283018867925
XGBoost,test,28,HOBBIES_1_036_WI_3,medium,lumpy,intermittent,HOBBIES,265,7.59042302977364,9.681991759186879,30.81104158399529,32.96398070943977,2.1547789519687868,23.026415094339622
XGBoost,test,28,FOODS_3_520_WI_3,low,intermittent,intermittent,FOODS,265,4.263925008953742,5.125029156697274,22.045191738534943,21.041715593533365,-0.9147635154004367,20.264150943396228
XGBoost,test,28,HOUSEHOLD_1_464_WI_3,low,intermittent,intermittent,HOUSEHOLD,265,3.0988987742729908,3.518616527131661,50.88495148122934,67.9808092038363,3.092798936591958,4.558490566037736
