policy,method,L,SL,series,demand_units,fulfilled_units,stockout_units,stockout_days,series_days,avg_inventory_units,avg_inventory_value,n_orders,cycles_evaluated,cycles_with_stockout,holding_cost,ordering_cost,stockout_cost,total_cost,fill_rate,in_stock_rate,cycle_service_level,turnover,scenario
A_historical,gaussian,3,0.9,18,9470.0,9199.0,271.0,60,5256,576.3595890410959,940.3206914601873,143,140,40,188.06413829203746,143.0,56.27549991309644,387.3396382051339,0.9713833157338965,0.9885844748858448,0.7142857142857143,19.950652715140496,LOW
A_historical,gaussian,3,0.95,18,9470.0,9286.0,184.0,43,5256,594.3869863013699,976.2164273372659,145,141,29,195.24328546745318,145.0,42.679499879479415,382.9227853469326,0.9805702217529039,0.9918188736681888,0.7943262411347518,19.52852311291131,LOW
A_historical,gaussian,3,0.98,18,9470.0,9331.0,139.0,34,5256,614.3972602739726,1010.8659239593842,146,140,24,202.17318479187682,146.0,28.58399984836579,376.7571846402426,0.9853220696937698,0.993531202435312,0.8285714285714285,18.984052752446992,LOW
A_historical,gaussian,7,0.9,18,9470.0,9068.0,402.0,84,5256,636.013698630137,1040.0229135265088,139,137,45,208.00458270530177,139.0,83.17799988090994,430.1825825862117,0.9575501583949314,0.9840182648401826,0.6715328467153285,17.821943182062935,LOW
A_historical,gaussian,7,0.95,18,9470.0,9095.0,375.0,65,5256,675.9897260273973,1117.0857695270686,141,138,35,223.41715390541373,141.0,70.86074998676779,435.27790389218154,0.9604012671594508,0.9876331811263318,0.7463768115942029,16.81793311684035,LOW
A_historical,gaussian,7,0.98,18,9470.0,9122.0,348.0,51,5256,721.4589041095891,1185.5261125107334,143,139,23,237.10522250214666,143.0,60.688499996066106,440.7937224982128,0.9632523759239704,0.990296803652968,0.8345323741007195,15.804781027788062,LOW
A_historical,gaussian,14,0.9,18,9470.0,8820.0,650.0,104,5256,728.6609589041096,1204.5693251161542,138,131,31,240.91386502323084,138.0,126.85349991917613,505.76736494240697,0.9313621964097148,0.9802130898021308,0.7633587786259541,15.130493633941034,LOW
A_historical,gaussian,14,0.95,18,9470.0,8863.0,607.0,96,5256,750.1746575342465,1263.4555061300118,141,133,33,252.69110122600236,141.0,111.75525004416707,505.44635127016943,0.9359028511087645,0.9817351598173516,0.7518796992481203,14.76822749040178,LOW
A_historical,gaussian,14,0.98,18,9470.0,8934.0,536.0,76,5256,797.7876712328767,1355.3807762866559,142,135,25,271.07615525733115,142.0,90.56399994045498,503.64015519778616,0.9434002111932418,0.9855403348554034,0.8148148148148149,13.998085458931806,LOW
Croston,empirical,3,0.9,18,9470.0,9254.0,216.0,58,5256,575.1027397260274,972.9112298713562,146,146,37,194.58224597427125,146.0,41.392499783635145,381.97474575790636,0.9771911298838437,0.98896499238965,0.7465753424657534,20.11379741558983,LOW
Croston,empirical,3,0.95,18,9470.0,9304.0,166.0,38,5256,587.0650684931506,1009.3632983061343,148,147,24,201.8726596612269,148.0,32.93399980366231,382.8066594648892,0.9824709609292502,0.9927701674277016,0.8367346938775511,19.81041050500808,LOW
Croston,empirical,3,0.98,18,9470.0,9337.0,133.0,26,5256,622.7191780821918,1072.8141990710203,148,148,19,214.56283981420404,148.0,26.459999692440036,389.02283950664406,0.9859556494192185,0.9950532724505328,0.8716216216216216,18.742396911468703,LOW
Croston,empirical,7,0.9,18,9470.0,9106.0,364.0,57,5256,636.7191780821918,1095.9524112701824,146,143,28,219.19048225403648,146.0,61.98224963843824,427.1727318924747,0.9615628299894403,0.9891552511415526,0.8041958041958042,17.876797796925594,LOW
Croston,empirical,7,0.95,18,9470.0,9197.0,273.0,42,5256,669.2123287671233,1168.794219678824,149,146,21,233.75884393576482,149.0,43.553999787569055,426.31284372333386,0.9711721224920803,0.9920091324200914,0.8561643835616438,17.17877795404534,LOW
Croston,empirical,7,0.98,18,9470.0,9238.0,232.0,26,5256,709.6404109589041,1261.7717686215694,150,146,13,252.3543537243139,150.0,30.738749894499787,433.0931036188137,0.9755015839493136,0.9950532724505328,0.910958904109589,16.272325845136695,LOW
Croston,empirical,14,0.9,18,9470.0,9003.0,467.0,67,5256,769.0821917808219,1331.2071656475532,147,138,26,266.24143312951065,147.0,72.8354997843504,486.076932913861,0.9506863780359028,0.9872526636225266,0.8115942028985508,14.63270131628164,LOW
Croston,empirical,14,0.95,18,9470.0,9048.0,422.0,49,5256,829.7260273972603,1479.4937993921849,148,138,22,295.898759878437,148.0,58.85774962306024,502.7565095014972,0.9554382259767688,0.9906773211567732,0.8405797101449275,13.631005448241703,LOW
Croston,empirical,14,0.98,18,9470.0,9136.0,334.0,32,5256,877.8904109589041,1596.7160631554175,148,140,14,319.3432126310835,148.0,46.899749779701246,514.2429624107848,0.9647307286166843,0.9939117199391172,0.9,13.008457385388384,LOW
Croston,gaussian,3,0.9,18,9470.0,9253.0,217.0,53,5256,577.263698630137,946.9021549865603,147,146,38,189.38043099731206,147.0,52.27424987107516,388.65468086838723,0.9770855332629356,0.9899162861491628,0.7397260273972603,20.03633699372927,LOW
Croston,gaussian,3,0.95,18,9470.0,9308.0,162.0,40,5256,593.6027397260274,1005.3168669926181,148,147,26,201.06337339852362,148.0,32.18474968671799,381.2481230852416,0.9828933474128828,0.9923896499238964,0.8231292517006803,19.600650774236726,LOW
Croston,gaussian,3,0.98,18,9470.0,9332.0,138.0,24,5256,606.4246575342465,1025.93944288878,150,148,18,205.18788857775598,150.0,25.46474985480309,380.6526384325591,0.9854276663146779,0.995433789954338,0.8783783783783784,19.235695407621588,LOW
Croston,gaussian,7,0.9,18,9470.0,9098.0,372.0,63,5256,637.1369863013699,1081.9328738792096,146,142,30,216.38657477584195,146.0,64.83449961394074,427.2210743897827,0.9607180570221753,0.988013698630137,0.7887323943661972,17.849379716626174,LOW
Croston,gaussian,7,0.95,18,9470.0,9191.0,279.0,44,5256,665.5650684931506,1148.917623755846,148,145,22,229.7835247511692,148.0,47.95724962949754,425.7407743806668,0.9705385427666314,0.9916286149162862,0.8482758620689655,17.2616481000283,LOW
Croston,gaussian,7,0.98,18,9470.0,9245.0,225.0,27,5256,704.582191780822,1239.7367989947738,150,146,14,247.94735979895478,150.0,32.16824983656407,430.1156096355188,0.9762407602956705,0.9948630136986302,0.904109589041096,16.401564125246672,LOW
Croston,gaussian,14,0.9,18,9470.0,8973.0,497.0,70,5256,773.4041095890411,1339.4641926094685,146,138,30,267.8928385218937,146.0,85.12574973106385,499.01858825295756,0.947518479408659,0.9866818873668188,0.782608695652174,14.502444273227237,LOW
Croston,gaussian,14,0.95,18,9470.0,9065.0,405.0,50,5256,823.0068493150685,1434.3036928038073,149,139,21,286.8607385607615,149.0,59.288249713182466,495.1489882739439,0.957233368532207,0.9904870624048706,0.8489208633093526,13.768111419036444,LOW
Croston,gaussian,14,0.98,18,9470.0,9157.0,313.0,24,5256,910.2431506849315,1596.7493132894576,150,141,11,319.34986265789155,150.0,44.176499694585814,513.5263623524773,0.966948257655755,0.995433789954338,0.9219858156028369,12.574936698383317,LOW
Holt,empirical,3,0.9,18,9470.0,9243.0,227.0,44,5256,566.1780821917808,971.3614967637886,141,138,28,194.27229935275773,141.0,37.474499751627455,372.74679910438516,0.9760295670538542,0.9916286149162862,0.7971014492753623,20.406565289976047,LOW
Holt,empirical,3,0.95,18,9470.0,9269.0,201.0,27,5256,605.9589041095891,1042.6224318196307,141,137,19,208.52448636392614,141.0,29.87774970978499,379.40223607371115,0.9787750791974656,0.9948630136986302,0.8613138686131387,19.12052108059229,LOW
Holt,empirical,3,0.98,18,9470.0,9296.0,174.0,17,5256,636.0650684931506,1091.2012090972025,143,140,11,218.24024181944048,143.0,24.479249726235874,385.71949154567636,0.9816261879619852,0.996765601217656,0.9214285714285715,18.268571213206197,LOW
Holt,empirical,7,0.9,18,9470.0,9202.0,268.0,41,5256,645.4280821917808,1146.619945674563,141,135,18,229.3239891349126,141.0,38.40524976700545,408.72923890191805,0.9717001055966209,0.992199391171994,0.8666666666666667,17.821505319290054,LOW
Holt,empirical,7,0.95,18,9470.0,9239.0,231.0,29,5256,688.1130136986302,1212.0616035282612,142,137,14,242.41232070565223,142.0,37.274999736249455,421.68732044190165,0.9756071805702218,0.994482496194825,0.8978102189781022,16.78321695723365,LOW
Holt,empirical,7,0.98,18,9470.0,9277.0,193.0,19,5256,743.5787671232877,1326.0495561623002,141,136,9,265.20991123246,141.0,27.89624982476235,434.1061610572224,0.9796198521647307,0.9963850837138508,0.9338235294117647,15.59518710420265,LOW
Holt,empirical,14,0.9,18,9470.0,9018.0,452.0,52,5256,763.8150684931506,1424.3151004900467,141,134,22,284.8630200980093,141.0,71.24174988269809,497.10476998070743,0.9522703273495248,0.9901065449010654,0.835820895522388,14.758153465390928,LOW
Holt,empirical,14,0.95,18,9470.0,9126.0,344.0,37,5256,848.486301369863,1574.1787481252868,141,134,14,314.83574962505736,141.0,51.91574993133546,507.75149955639284,0.963674762407603,0.9929604261796042,0.8955223880597015,13.44453054997215,LOW
Holt,empirical,14,0.98,18,9470.0,9196.0,274.0,22,5256,947.8287671232877,1754.3897208052547,143,135,13,350.8779441610509,143.0,40.19099981188775,534.0689439729387,0.9710665258711721,0.995814307458143,0.9037037037037037,12.127718000043359,LOW
Holt,gaussian,3,0.9,18,9470.0,9234.0,236.0,38,5256,562.8595890410959,965.9185651688747,142,139,24,193.18371303377492,142.0,38.60699976235629,373.79071279613123,0.9750791974656811,0.9927701674277016,0.8273381294964028,20.506890572236927,LOW
Holt,gaussian,3,0.95,18,9470.0,9263.0,207.0,29,5256,598.431506849315,1018.2637265639353,141,138,20,203.65274531278706,141.0,32.28449964076281,376.9372449535499,0.9781414994720169,0.994482496194825,0.855072463768116,19.34849664076181,LOW
Holt,gaussian,3,0.98,18,9470.0,9292.0,178.0,20,5256,622.3835616438356,1068.9167572908614,142,138,14,213.78335145817226,142.0,25.902749723196038,381.6861011813683,0.9812038014783527,0.9961948249619482,0.8985507246376812,18.662125280626842,LOW
Holt,gaussian,7,0.9,18,9470.0,9169.0,301.0,42,5256,654.2876712328767,1162.6742299401596,139,134,20,232.53484598803192,139.0,43.17374970763923,414.70859569567114,0.9682154171066526,0.9920091324200914,0.8507462686567164,17.517141929945772,LOW
Holt,gaussian,7,0.95,18,9470.0,9226.0,244.0,35,5256,679.5890410958904,1194.4646584445277,141,137,15,238.89293168890555,141.0,38.85674972534181,418.74968141424733,0.974234424498416,0.9933409436834094,0.8905109489051095,16.969814553517438,LOW
Holt,gaussian,7,0.98,18,9470.0,9248.0,222.0,23,5256,713.9417808219179,1286.4850763052498,142,136,11,257.2970152610499,142.0,32.16974986195565,431.4667651230056,0.976557550158395,0.9956240487062404,0.9191176470588235,16.191796460898637,LOW
Holt,gaussian,14,0.9,18,9470.0,9041.0,429.0,44,5256,783.0787671232877,1435.1599229903456,141,134,19,287.03198459806913,141.0,66.26174982190135,494.29373441997046,0.9546990496304119,0.9916286149162862,0.8582089552238806,14.431817684849491,LOW
Holt,gaussian,14,0.95,18,9470.0,9099.0,371.0,38,5256,833.9657534246576,1562.8030769084821,141,134,17,312.56061538169644,141.0,55.07174978256227,508.6323651642587,0.9608236536430834,0.9927701674277016,0.8731343283582089,13.63814995195427,LOW
Holt,gaussian,14,0.98,18,9470.0,9172.0,298.0,28,5256,869.4212328767123,1686.174025464609,143,136,14,337.23480509292176,143.0,44.258249831199656,524.4930549241215,0.968532206969377,0.9946727549467276,0.8970588235294118,13.186933521355334,LOW
HoltWinters,empirical,3,0.9,18,9470.0,9226.0,244.0,46,5256,581.3561643835617,996.8222711468395,141,140,31,199.3644542293679,141.0,40.0387495905161,380.403203819884,0.974234424498416,0.991248097412481,0.7785714285714286,19.837236975423547,LOW
HoltWinters,empirical,3,0.95,18,9470.0,9266.0,204.0,31,5256,611.2602739726027,1061.0201337013139,141,137,21,212.20402674026275,141.0,32.0617496341467,385.2657763744094,0.9784582893347413,0.9941019786910198,0.8467153284671532,18.948556765720944,LOW
HoltWinters,empirical,3,0.98,18,9470.0,9307.0,163.0,16,5256,637.8116438356165,1102.5246922978185,143,139,10,220.50493845956373,143.0,23.93924973607064,387.44418819563435,0.9827877507919747,0.9969558599695586,0.9280575539568345,18.24010287745448,LOW
HoltWinters,empirical,7,0.9,18,9470.0,9205.0,265.0,39,5256,643.1198630136986,1146.087322479609,141,136,19,229.21746449592177,141.0,43.79774984568358,414.0152143416053,0.9720168954593453,0.992579908675799,0.8602941176470589,17.891299370044358,LOW
HoltWinters,empirical,7,0.95,18,9470.0,9247.0,223.0,26,5256,690.4897260273973,1230.34454872551,142,138,13,246.06890974510205,142.0,36.84149984568358,424.91040959078566,0.9764519535374868,0.9950532724505328,0.9057971014492754,16.73993046428235,LOW
HoltWinters,empirical,7,0.98,18,9470.0,9276.0,194.0,19,5256,744.263698630137,1335.8861864140997,140,137,10,267.17723728281993,140.0,28.925249826908118,436.10248710972803,0.9795142555438225,0.9963850837138508,0.927007299270073,15.579155642470953,LOW
HoltWinters,empirical,14,0.9,18,9470.0,9022.0,448.0,52,5256,795.486301369863,1481.290665546223,139,133,21,296.25813310924457,139.0,67.50599983334543,502.76413294259,0.9526927138331573,0.9901065449010654,0.8421052631578947,14.176862606659148,LOW
HoltWinters,empirical,14,0.95,18,9470.0,9070.0,400.0,41,5256,854.513698630137,1600.4510425221224,139,134,17,320.09020850442454,139.0,57.48824983835222,516.5784583427767,0.9577613516367476,0.992199391171994,0.8731343283582089,13.267780280380574,LOW
HoltWinters,empirical,14,0.98,18,9470.0,9178.0,292.0,26,5256,927.0582191780821,1759.7473573258274,142,134,14,351.94947146516546,142.0,41.84249981045724,535.7919712756227,0.9691657866948258,0.9950532724505328,0.8955223880597015,12.375166696835254,LOW
HoltWinters,gaussian,3,0.9,18,9470.0,9235.0,235.0,47,5256,577.7602739726027,991.4698841861665,141,140,30,198.29397683723332,141.0,38.21849956512452,377.51247640235783,0.9751847940865892,0.9910578386605784,0.7857142857142857,19.980172607968893,LOW
HoltWinters,gaussian,3,0.95,18,9470.0,9262.0,208.0,33,5256,602.6780821917808,1034.3153020937557,142,139,24,206.86306041875113,142.0,33.29324972033501,382.15631013908614,0.9780359028511088,0.9937214611872146,0.8273381294964028,19.210089668261524,LOW
HoltWinters,gaussian,3,0.98,18,9470.0,9288.0,182.0,25,5256,620.7705479452055,1075.9174523776524,142,138,17,215.18349047553048,142.0,28.46999960839749,385.653490083928,0.9807814149947202,0.9952435312024354,0.8768115942028986,18.70256254654787,LOW
HoltWinters,gaussian,7,0.9,18,9470.0,9218.0,252.0,39,5256,648.3732876712329,1157.814767834789,140,135,19,231.56295356695782,140.0,42.083999799191965,413.6469533661498,0.973389651531151,0.992579908675799,0.8592592592592593,17.7713983890136,LOW
HoltWinters,gaussian,7,0.95,18,9470.0,9233.0,237.0,35,5256,682.013698630137,1210.6361207833029,140,137,15,242.12722415666056,140.0,39.776999706029905,421.90422386269046,0.9749736008447729,0.9933409436834094,0.8905109489051095,16.922314057886595,LOW
HoltWinters,gaussian,7,0.98,18,9470.0,9272.0,198.0,20,5256,718.8527397260274,1301.2841072094766,141,138,12,260.25682144189534,141.0,29.59874979257584,430.85557123447114,0.9790918690601901,0.9961948249619482,0.9130434782608696,16.12291274624235,LOW
HoltWinters,gaussian,14,0.9,18,9470.0,9026.0,444.0,48,5256,801.4965753424658,1482.2312308648268,139,133,19,296.44624617296535,139.0,65.45549978613856,500.90174595910395,0.9531151003167898,0.9908675799086758,0.8571428571428572,14.076791276593017,LOW
HoltWinters,gaussian,14,0.95,18,9470.0,9066.0,404.0,42,5256,833.4349315068492,1584.355861236012,142,134,19,316.8711722472024,142.0,57.96749975681307,516.8386720040155,0.9573389651531151,0.9920091324200914,0.8582089552238806,13.597342241836271,LOW
HoltWinters,gaussian,14,0.98,18,9470.0,9126.0,344.0,31,5256,876.4965753424658,1708.8126730566971,143,134,16,341.7625346113394,143.0,49.36124970316889,534.1237843145083,0.963674762407603,0.9941019786910198,0.8805970149253731,13.014882568757155,LOW
MovingAverage,empirical,3,0.9,18,9470.0,9205.0,265.0,55,5256,581.1130136986302,985.1633149131111,142,141,37,197.03266298262224,142.0,45.28124991953374,384.31391290215595,0.9720168954593453,0.9895357686453576,0.7375886524822695,19.8003653829154,LOW
MovingAverage,empirical,3,0.95,18,9470.0,9305.0,165.0,24,5256,609.3664383561644,1042.7431333509414,145,142,17,208.54862667018827,145.0,28.089749841392045,381.6383765115803,0.9825765575501584,0.995433789954338,0.8802816901408451,19.087447663472616,LOW
MovingAverage,empirical,3,0.98,18,9470.0,9294.0,176.0,21,5256,633.263698630137,1079.0400753189235,147,145,13,215.8080150637847,147.0,28.28024971783162,391.0882647816163,0.9814149947201689,0.9960045662100456,0.9103448275862069,18.34543812495606,LOW
MovingAverage,empirical,7,0.9,18,9470.0,9120.0,350.0,58,5256,618.5719178082192,1068.6663158030337,148,143,27,213.73326316060675,148.0,56.979749831557285,418.71301299216407,0.9630411826821542,0.98896499238965,0.8111888111888113,18.429546624737714,LOW
MovingAverage,empirical,7,0.95,18,9470.0,9140.0,330.0,45,5256,675.4520547945206,1174.4888161128717,148,144,22,234.89776322257435,148.0,57.20699986517431,440.10476308774867,0.9651531151003168,0.9914383561643836,0.8472222222222222,16.914598036829723,LOW
MovingAverage,empirical,7,0.98,18,9470.0,9213.0,257.0,25,5256,719.4794520547945,1265.531391742805,148,144,13,253.106278348561,148.0,39.607499867677696,440.71377821623867,0.9728616684266104,0.9952435312024354,0.9097222222222222,16.006363999847682,LOW
MovingAverage,empirical,14,0.9,18,9470.0,8971.0,499.0,60,5256,760.9828767123288,1337.1464254608097,144,137,19,267.42928509216193,144.0,79.32824996709824,490.7575350592602,0.9473072861668427,0.9885844748858448,0.8613138686131387,14.735876907568167,LOW
MovingAverage,empirical,14,0.95,18,9470.0,9115.0,355.0,42,5256,836.1301369863014,1469.3743394152962,146,138,18,293.8748678830592,146.0,56.1367499113083,496.01161779436757,0.9625131995776135,0.9920091324200914,0.8695652173913043,13.626766332172844,LOW
MovingAverage,empirical,14,0.98,18,9470.0,9129.0,341.0,29,5256,932.2089041095891,1604.4668373856641,148,139,13,320.8933674771328,148.0,52.2719998419285,521.1653673190613,0.9639915522703274,0.994482496194825,0.9064748201438849,12.241086680994103,LOW
MovingAverage,gaussian,3,0.9,18,9470.0,9171.0,299.0,47,5256,572.5890410958904,962.4757639049259,143,141,31,192.49515278098517,143.0,54.2804996520281,389.77565243301325,0.9684266103484689,0.9910578386605784,0.7801418439716312,20.020903610134216,LOW
MovingAverage,gaussian,3,0.95,18,9470.0,9295.0,175.0,35,5256,600.2089041095891,1014.7714213465582,145,144,22,202.95428426931164,145.0,31.155749747157106,379.1100340164688,0.981520591341077,0.9933409436834094,0.8472222222222222,19.35784344491929,LOW
MovingAverage,gaussian,3,0.98,18,9470.0,9284.0,186.0,26,5256,635.1130136986302,1085.0244524141287,145,142,18,217.00489048282577,145.0,32.18774969726802,394.19264018009375,0.9803590285110877,0.9950532724505328,0.8732394366197183,18.27233854399767,LOW
MovingAverage,gaussian,7,0.9,18,9470.0,9109.0,361.0,59,5256,627.8253424657535,1084.3225825784752,147,143,28,216.86451651569504,147.0,61.40399972498418,425.2685162406792,0.9618796198521647,0.9887747336377474,0.8041958041958042,18.136015273421517,LOW
MovingAverage,gaussian,7,0.95,18,9470.0,9143.0,327.0,44,5256,664.5479452054794,1154.1041446113832,146,142,23,230.8208289222766,146.0,55.96124984622003,432.78207876849666,0.9654699049630412,0.9916286149162862,0.8380281690140845,17.19778096141161,LOW
MovingAverage,gaussian,7,0.98,18,9470.0,9240.0,230.0,19,5256,702.2979452054794,1243.6543532493383,149,142,8,248.73087064986765,149.0,33.597749876976025,431.3286205268437,0.9757127771911299,0.9963850837138508,0.9436619718309859,16.446011381423993,LOW
MovingAverage,gaussian,14,0.9,18,9470.0,9022.0,448.0,59,5256,778.4931506849315,1353.3002195908393,144,136,18,270.6600439181679,144.0,72.75524985194208,487.41529377010994,0.9526927138331573,0.9887747336377474,0.8676470588235294,14.486318845680099,LOW
MovingAverage,gaussian,14,0.95,18,9470.0,9065.0,405.0,46,5256,803.3664383561644,1441.5139800282986,147,138,20,288.3027960056597,147.0,62.996249842643756,498.2990458483035,0.957233368532207,0.991248097412481,0.855072463768116,14.10470920740207,LOW
MovingAverage,gaussian,14,0.98,18,9470.0,9148.0,322.0,29,5256,919.1472602739726,1597.9532404325391,148,138,14,319.5906480865078,148.0,47.794499820470826,515.3851479069787,0.9659978880675818,0.994482496194825,0.8985507246376812,12.44087916509868,LOW
Naive,empirical,3,0.9,18,9470.0,9447.0,23.0,4,5256,1173.7705479452054,1964.2114555807552,93,93,4,392.84229111615105,93.0,3.2579999685287486,489.10029108467984,0.997571277719113,0.9992389649923896,0.956989247311828,10.060526753437728,LOW
Naive,empirical,3,0.95,18,9470.0,9451.0,19.0,3,5256,1095.0479452054794,1992.1025259024475,95,95,3,398.4205051804895,95.0,2.477999961376191,495.8985051418657,0.9979936642027455,0.9994292237442922,0.968421052631579,10.788340411691488,LOW
Naive,empirical,3,0.98,18,9470.0,9468.0,2.0,1,5256,1115.414383561644,2013.977909442578,96,96,1,402.79558188851564,96.0,0.15000000000000002,498.9455818885156,0.9997888067581837,0.9998097412480974,0.9895833333333334,10.610406477106302,LOW
Naive,empirical,7,0.9,18,9470.0,9416.0,54.0,5,5256,1869.708904109589,3171.400834942578,88,88,2,634.2801669885157,88.0,8.731499952077868,731.0116669405935,0.9942977824709609,0.999048706240487,0.9772727272727273,6.295097581302489,LOW
Naive,empirical,7,0.95,18,9470.0,9422.0,48.0,5,5256,1900.5068493150684,3203.422311630049,92,91,2,640.6844623260098,92.0,7.625999951362612,740.3104622773724,0.9949313621964098,0.999048706240487,0.978021978021978,6.197031073181631,LOW
Naive,empirical,7,0.98,18,9470.0,9429.0,41.0,4,5256,1956.236301369863,3345.4020652179643,92,92,2,669.0804130435929,92.0,5.777999925613405,766.8584129692063,0.9956705385427667,0.9992389649923896,0.9782608695652174,6.0249623175618545,LOW
Naive,empirical,14,0.9,18,9470.0,9347.0,123.0,10,5256,2796.376712328767,4950.772062223088,88,85,4,990.1544124446176,88.0,20.074499899148947,1098.2289123437665,0.9870116156282999,0.9980974124809742,0.9529411764705882,4.178174545828629,LOW
Naive,empirical,14,0.95,18,9470.0,9358.0,112.0,9,5256,2867.2328767123286,5098.639702945702,89,86,4,1019.7279405891405,89.0,17.692499881982805,1126.4204404711234,0.9881731784582893,0.9982876712328768,0.9534883720930233,4.07971744988247,LOW
Naive,empirical,14,0.98,18,9470.0,9378.0,92.0,5,5256,2962.3253424657532,5332.751515024042,90,87,2,1066.5503030048085,90.0,12.281999802589421,1168.832302807398,0.990285110876452,0.999048706240487,0.9770114942528736,3.957195326237372,LOW
Naive,gaussian,3,0.9,18,9470.0,9450.0,20.0,2,5256,1070.9212328767123,2010.6602418727662,93,93,2,402.1320483745532,93.0,2.611499959230424,497.7435483337837,0.9978880675818373,0.9996194824961948,0.978494623655914,11.030222986866384,LOW
Naive,gaussian,3,0.95,18,9470.0,9454.0,16.0,1,5256,1102.7979452054794,2083.654779433918,93,93,1,416.73095588678365,93.0,2.1359999656677253,511.8669558524514,0.9983104540654699,0.9998097412480974,0.989247311827957,10.715924935640045,LOW
Naive,gaussian,3,0.98,18,9470.0,9458.0,12.0,1,5256,1151.791095890411,2162.6965021934,95,95,1,432.5393004386801,95.0,1.601999974250794,529.1413004129308,0.9987328405491024,0.9998097412480974,0.9894736842105263,10.264448164413375,LOW
Naive,gaussian,7,0.9,18,9470.0,9420.0,50.0,5,5256,1887.736301369863,3175.0850399211454,93,93,2,635.0170079842292,93.0,7.892999947071078,735.9100079313002,0.9947201689545935,0.999048706240487,0.978494623655914,6.237629689832898,LOW
Naive,gaussian,7,0.95,18,9470.0,9429.0,41.0,4,5256,1838.9554794520548,3287.1255539475032,94,94,2,657.4251107895006,94.0,6.082499939203264,757.5076107287039,0.9956705385427667,0.9992389649923896,0.9787234042553191,6.409208994832162,LOW
Naive,gaussian,7,0.98,18,9470.0,9435.0,35.0,2,5256,1933.8150684931506,3470.8819304798562,96,96,1,694.1763860959712,96.0,4.672499924898149,794.8488860208694,0.9963041182682154,0.9996194824961948,0.9895833333333334,6.098695884705157,LOW
Naive,gaussian,14,0.9,18,9470.0,9359.0,111.0,8,5256,2904.8698630136987,5205.579852936039,89,86,4,1041.1159705872078,89.0,17.254499870538716,1147.3704704577465,0.9882787750791975,0.9984779299847792,0.9534883720930233,4.027288846551964,LOW
Naive,gaussian,14,0.95,18,9470.0,9376.0,94.0,6,5256,3038.873287671233,5496.289589074254,94,91,4,1099.2579178148508,94.0,13.766999852657321,1207.0249176675081,0.9900739176346357,0.9988584474885844,0.9560439560439561,3.8566925602157434,LOW
Naive,gaussian,14,0.98,18,9470.0,9394.0,76.0,4,5256,3195.332191780822,5835.704486071471,94,91,4,1167.1408972142942,94.0,10.450499850511555,1271.5913970648057,0.9919746568109821,0.9992389649923896,0.9560439560439561,3.674891778139559,LOW
SARIMA,empirical,3,0.9,18,9470.0,9182.0,288.0,54,5256,583.7705479452055,1029.5419254068438,139,136,35,205.90838508136875,139.0,42.44399969279767,387.3523847741664,0.9695881731784582,0.9897260273972602,0.7426470588235294,19.660978170959925,LOW
SARIMA,empirical,3,0.95,18,9470.0,9246.0,224.0,36,5256,606.6883561643835,1073.3150349747032,140,139,24,214.66300699494064,140.0,35.24174969494344,389.9047566898841,0.9763463569165787,0.9931506849315068,0.8273381294964028,19.05014309664527,LOW
SARIMA,empirical,3,0.98,18,9470.0,9303.0,167.0,17,5256,641.7465753424658,1122.2148537660094,144,142,10,224.44297075320188,144.0,24.465749716758737,392.9087204699606,0.9823653643083421,0.996765601217656,0.9295774647887324,18.120470676129994,LOW
SARIMA,empirical,7,0.9,18,9470.0,9073.0,397.0,63,5256,633.4520547945206,1142.0139221607617,137,135,33,228.40278443215234,137.0,64.7542495787144,430.1570340108667,0.958078141499472,0.988013698630137,0.7555555555555555,17.903880671251244,LOW
SARIMA,empirical,7,0.95,18,9470.0,9139.0,331.0,41,5256,669.6849315068494,1210.7012544088575,141,139,21,242.1402508817715,141.0,51.293999612331405,434.4342504941029,0.9650475184794086,0.992199391171994,0.8489208633093526,17.058394869801788,LOW
SARIMA,empirical,7,0.98,18,9470.0,9159.0,311.0,32,5256,730.9520547945206,1314.268172229908,141,139,14,262.8536344459816,141.0,45.04199969172479,448.8956341377064,0.9671594508975713,0.9939117199391172,0.8992805755395683,15.662792005172461,LOW
SARIMA,empirical,14,0.9,18,9470.0,8895.0,575.0,67,5256,741.3287671232877,1367.4041418377055,139,132,18,273.4808283675411,139.0,81.83549966812136,494.3163280356624,0.9392819429778247,0.9872526636225266,0.8636363636363636,14.998406230944067,LOW
SARIMA,empirical,14,0.95,18,9470.0,8958.0,512.0,57,5256,821.3698630136986,1504.3715831694537,140,132,16,300.8743166338907,140.0,70.88174963593485,511.75606626982557,0.9459345300950369,0.9891552511415526,0.8787878787878788,13.632713475650434,LOW
SARIMA,empirical,14,0.98,18,9470.0,9029.0,441.0,43,5256,850.7157534246576,1584.3505862240718,144,134,15,316.8701172448143,144.0,60.32399960160257,521.1941168464169,0.9534318901795142,0.9918188736681888,0.8880597014925373,13.266769722514079,LOW
SARIMA,gaussian,3,0.9,18,9470.0,9191.0,279.0,58,5256,580.1712328767123,1002.8643739469043,137,137,38,200.57287478938085,137.0,46.52699963450433,384.0998744238852,0.9705385427666314,0.98896499238965,0.7226277372262774,19.80234342718848,LOW
SARIMA,gaussian,3,0.95,18,9470.0,9238.0,232.0,36,5256,599.8664383561644,1049.8919087329955,140,139,25,209.9783817465991,140.0,35.795999693870556,385.77438144046965,0.9755015839493136,0.9931506849315068,0.8201438848920863,19.250118462443123,LOW
SARIMA,gaussian,3,0.98,18,9470.0,9280.0,190.0,26,5256,620.4760273972603,1096.0336310938205,141,140,17,219.2067262187641,141.0,29.395499610900885,389.602225829665,0.9799366420274551,0.9950532724505328,0.8785714285714286,18.69532340944591,LOW
SARIMA,gaussian,7,0.9,18,9470.0,9084.0,386.0,54,5256,636.486301369863,1141.5890795727705,138,135,29,228.31781591455413,138.0,61.11224971711637,427.43006563167046,0.9592397043294615,0.9897260273972602,0.7851851851851852,17.840132577184242,LOW
SARIMA,gaussian,7,0.95,18,9470.0,9119.0,351.0,45,5256,661.1232876712329,1188.5829802917494,140,138,21,237.7165960583499,140.0,53.766749601066124,431.483345659416,0.9629355860612461,0.9914383561643836,0.8478260869565217,17.241489163316896,LOW
SARIMA,gaussian,7,0.98,18,9470.0,9169.0,301.0,31,5256,706.3732876712329,1279.3909599493627,141,139,15,255.87819198987253,141.0,43.35449966937305,440.2326916592456,0.9682154171066526,0.9941019786910198,0.8920863309352518,16.225486155889868,LOW
SARIMA,gaussian,14,0.9,18,9470.0,8915.0,555.0,63,5256,743.2294520547945,1340.4252312450171,139,132,17,268.0850462490034,139.0,79.55849967598917,486.6435459249926,0.9413938753959873,0.988013698630137,0.8712121212121212,14.993687305032186,LOW
SARIMA,gaussian,14,0.95,18,9470.0,8946.0,524.0,55,5256,787.2842465753424,1438.8852414017874,143,133,15,287.77704828035746,143.0,73.3537496030331,504.1307978833905,0.9446673706441394,0.9895357686453576,0.887218045112782,14.203891477117018,LOW
SARIMA,gaussian,14,0.98,18,9470.0,9026.0,444.0,40,5256,828.2191780821918,1555.2388813598718,145,135,16,311.0477762719744,145.0,61.35749958157541,517.4052758535498,0.9531151003167898,0.9923896499238964,0.8814814814814815,13.622601720145552,LOW
SES,empirical,3,0.9,18,9470.0,9244.0,226.0,39,5256,566.2808219178082,964.7980620686526,141,138,27,192.9596124137305,141.0,36.724499635398395,370.6841120491289,0.9761351636747624,0.992579908675799,0.8043478260869565,20.405070333950192,LOW
SES,empirical,3,0.95,18,9470.0,9279.0,191.0,22,5256,596.1267123287671,1030.811729726971,141,138,16,206.1623459453942,141.0,28.801499685645112,375.9638456310393,0.979831045406547,0.995814307458143,0.8840579710144928,19.45685331678817,LOW
SES,empirical,3,0.98,18,9470.0,9287.0,183.0,15,5256,635.0753424657535,1092.252383939085,143,141,10,218.45047678781697,143.0,25.81574973911048,387.2662265269274,0.980675818373812,0.9971461187214612,0.9290780141843972,18.279327228998824,LOW
SES,empirical,7,0.9,18,9470.0,9218.0,252.0,42,5256,654.8595890410959,1161.5254149207512,140,134,19,232.30508298415026,140.0,36.90374979525806,409.20883277940834,0.973389651531151,0.9920091324200914,0.8582089552238806,17.59537493659103,LOW
SES,empirical,7,0.95,18,9470.0,9254.0,216.0,28,5256,683.7671232876712,1209.5897404999764,142,138,13,241.9179480999953,142.0,35.272499768435964,419.19044786843125,0.9771911298838437,0.9946727549467276,0.9057971014492754,16.917309426024243,LOW
SES,empirical,7,0.98,18,9470.0,9272.0,198.0,20,5256,751.0171232876712,1334.996227173895,139,137,9,266.99924543477897,139.0,28.548749810457235,434.5479952452362,0.9790918690601901,0.9961948249619482,0.9343065693430657,15.432404456057311,LOW
SES,empirical,14,0.9,18,9470.0,8982.0,488.0,56,5256,784.054794520548,1452.2765760617917,140,132,24,290.45531521235836,140.0,76.95749976038934,507.4128149727477,0.9484688489968321,0.9893455098934552,0.8181818181818181,14.319789992312531,LOW
SES,empirical,14,0.95,18,9470.0,9132.0,338.0,39,5256,851.6609589041096,1577.9147343729253,142,132,16,315.58294687458505,142.0,50.33924993276597,507.92219680735104,0.9643083421330517,0.992579908675799,0.8787878787878788,13.40322094215574,LOW
SES,empirical,14,0.98,18,9470.0,9190.0,280.0,25,5256,932.5958904109589,1746.4896449543025,141,134,15,349.2979289908605,141.0,40.92899982333184,531.2269288141923,0.9704329461457233,0.9952435312024354,0.8880597014925373,12.317768197475012,LOW
SES,gaussian,3,0.9,18,9470.0,9236.0,234.0,35,5256,569.318493150685,964.9227193594182,141,137,25,192.98454387188366,141.0,36.963749693334115,370.94829356521774,0.9752903907074973,0.9933409436834094,0.8175182481751825,20.278631625170686,LOW
SES,gaussian,3,0.95,18,9470.0,9266.0,204.0,26,5256,593.6506849315068,1017.4156479120254,141,139,19,203.48312958240507,141.0,31.988999591767797,376.4721291741729,0.9784582893347413,0.9950532724505328,0.8633093525179856,19.510631915360033,LOW
SES,gaussian,3,0.98,18,9470.0,9290.0,180.0,21,5256,610.0068493150685,1052.6716990202665,143,138,15,210.5343398040533,143.0,25.797749716043477,379.33208952009676,0.9809926082365364,0.9960045662100456,0.8913043478260869,19.036671494818158,LOW
SES,gaussian,7,0.9,18,9470.0,9182.0,288.0,40,5256,657.1335616438356,1163.6015142197477,139,134,19,232.72030284394955,139.0,41.67449971586467,413.39480255981425,0.9695881731784582,0.9923896499238964,0.8582089552238806,17.466007931916845,LOW
SES,gaussian,7,0.95,18,9470.0,9233.0,237.0,33,5256,678.1643835616438,1200.0774115806776,141,136,14,240.01548231613552,141.0,36.77774978578092,417.79323210191643,0.9749736008447729,0.9937214611872146,0.8970588235294118,17.018366460631036,LOW
SES,gaussian,7,0.98,18,9470.0,9271.0,199.0,23,5256,722.4760273972603,1305.1103022674786,140,138,12,261.0220604534957,140.0,29.447249794006353,430.4693102475021,0.9789862724392819,0.9956240487062404,0.9130434782608696,16.040324606684585,LOW
SES,gaussian,14,0.9,18,9470.0,9056.0,414.0,46,5256,792.0102739726027,1457.8596757822045,141,131,19,291.5719351564409,141.0,64.42874976396563,497.0006849204065,0.9562829989440338,0.991248097412481,0.8549618320610687,14.292743884773877,LOW
SES,gaussian,14,0.95,18,9470.0,9095.0,375.0,38,5256,838.4246575342465,1568.6838679632094,140,133,18,313.7367735926419,140.0,54.81524979472162,508.55202338736353,0.9604012671594508,0.9927701674277016,0.8646616541353384,13.559656073850176,LOW
SES,gaussian,14,0.98,18,9470.0,9170.0,300.0,28,5256,876.1061643835617,1686.6184057067721,144,133,14,337.3236811413544,144.0,44.60024982690812,525.9239309682625,0.9683210137275607,0.9946727549467276,0.8947368421052632,13.083460048549192,LOW
SeasonalNaive,empirical,3,0.9,18,9470.0,9315.0,155.0,29,5256,699.6472602739726,1197.2897311613779,131,129,20,239.4579462322756,131.0,21.898500005900864,392.35644623817643,0.9836325237592397,0.994482496194825,0.8449612403100775,16.642314865122835,LOW
SeasonalNaive,empirical,3,0.95,18,9470.0,9352.0,118.0,15,5256,701.0958904109589,1223.0321122175617,134,131,11,244.60642244351234,134.0,16.382249906659133,394.98867235017144,0.9875395987328406,0.9971461187214612,0.916030534351145,16.67389605314576,LOW
SeasonalNaive,empirical,3,0.98,18,9470.0,9385.0,85.0,8,5256,752.3595890410959,1316.6307176168038,132,131,6,263.32614352336077,132.0,11.617499971389774,406.9436434947505,0.9910242872228089,0.9984779299847792,0.9541984732824428,15.592610462972656,LOW
SeasonalNaive,empirical,7,0.9,18,9470.0,9224.0,246.0,38,5256,747.931506849315,1323.0958168382922,132,128,17,264.6191633676584,132.0,32.33174990862609,428.9509132762845,0.9740232312565998,0.9927701674277016,0.8671875,15.41585010714482,LOW
SeasonalNaive,empirical,7,0.95,18,9470.0,9295.0,175.0,22,5256,811.6678082191781,1410.0762593450816,134,128,13,282.0152518690163,134.0,28.759499900043018,444.7747517690593,0.981520591341077,0.995814307458143,0.8984375,14.314661592273644,LOW
SeasonalNaive,empirical,7,0.98,18,9470.0,9292.0,178.0,19,5256,851.6780821917808,1528.9713315422812,134,129,9,305.79426630845626,134.0,23.618999889492997,463.4132661979492,0.9812038014783527,0.9963850837138508,0.9302325581395349,13.637781977562426,LOW
SeasonalNaive,empirical,14,0.9,18,9470.0,9129.0,341.0,35,5256,966.7123287671233,1777.4591772922504,130,120,15,355.4918354584501,130.0,52.31474980115892,537.806585259609,0.9639915522703274,0.9933409436834094,0.875,11.80418378914553,LOW
SeasonalNaive,empirical,14,0.95,18,9470.0,9163.0,307.0,26,5256,1063.6198630136987,1959.1987638416151,130,121,13,391.839752768323,130.0,45.67124977111818,567.5110025394412,0.9675818373812038,0.9950532724505328,0.8925619834710744,10.76864996442106,LOW
SeasonalNaive,empirical,14,0.98,18,9470.0,9271.0,199.0,16,5256,1177.722602739726,2134.5319590634067,130,121,13,426.9063918126813,130.0,29.03624986410142,585.9426416767827,0.9789862724392819,0.9969558599695586,0.8925619834710744,9.839965687201035,LOW
SeasonalNaive,gaussian,3,0.9,18,9470.0,9312.0,158.0,28,5256,696.236301369863,1184.3006802448465,131,127,17,236.86013604896934,131.0,22.605750037729745,390.4658860866991,0.9833157338965153,0.9946727549467276,0.8661417322834646,16.71846178818599,LOW
SeasonalNaive,gaussian,3,0.95,18,9470.0,9339.0,131.0,20,5256,713.1061643835617,1234.5662659694683,131,128,14,246.91325319389364,131.0,18.863250012695794,396.77650320658944,0.9861668426610348,0.9961948249619482,0.890625,16.370283392643604,LOW
SeasonalNaive,gaussian,3,0.98,18,9470.0,9378.0,92.0,10,5256,739.1643835616438,1297.2652183105072,130,127,8,259.45304366210144,130.0,12.761250002682212,402.2142936647836,0.990285110876452,0.9980974124809742,0.937007874015748,15.859124520469246,LOW
SeasonalNaive,gaussian,7,0.9,18,9470.0,9237.0,233.0,28,5256,765.5513698630137,1361.3091769424611,129,125,16,272.2618353884922,129.0,34.0109999164939,435.2728353049861,0.9753959873284055,0.9946727549467276,0.872,15.082266787748107,LOW
SeasonalNaive,gaussian,7,0.95,18,9470.0,9263.0,207.0,23,5256,798.2773972602739,1441.1755091732903,129,125,13,288.23510183465805,129.0,28.700999924540525,445.9361017591986,0.9781414994720169,0.9956240487062404,0.896,14.504669729769153,LOW
SeasonalNaive,gaussian,7,0.98,18,9470.0,9294.0,176.0,20,5256,837.804794520548,1521.1630234898362,130,126,10,304.2326046979672,130.0,22.693499878048904,456.9261045760161,0.9814149947201689,0.9961948249619482,0.9206349206349207,13.866595268947306,LOW
SeasonalNaive,gaussian,14,0.9,18,9470.0,9135.0,335.0,36,5256,999.2842465753424,1828.1677286219106,128,120,14,365.63354572438215,128.0,49.28099976181985,542.914545486202,0.9646251319957762,0.9931506849315068,0.8833333333333333,11.426928863467346,LOW
SeasonalNaive,gaussian,14,0.95,18,9470.0,9165.0,305.0,29,5256,1070.791095890411,1999.523869360677,130,121,13,399.9047738721354,130.0,44.45699974894525,574.3617736210806,0.96779303062302,0.994482496194825,0.8925619834710744,10.69886558075421,LOW
SeasonalNaive,gaussian,14,0.98,18,9470.0,9275.0,195.0,16,5256,1167.0650684931506,2196.553636287071,130,121,12,439.3107272574142,130.0,28.85174987912179,598.1624771365359,0.9794086589229145,0.9969558599695586,0.9008264462809917,9.934107628608235,LOW
XGBoost,empirical,3,0.9,18,9470.0,9167.0,303.0,37,5256,588.0753424657535,1025.1161755908433,140,137,25,205.02323511816866,140.0,40.13024969547988,385.15348481364856,0.9680042238648363,0.9929604261796042,0.8175182481751825,19.485173365634353,LOW
XGBoost,empirical,3,0.95,18,9470.0,9225.0,245.0,29,5256,614.3527397260274,1083.4492850304466,141,140,17,216.6898570060893,141.0,38.642249733209624,396.3321067392989,0.9741288278775079,0.994482496194825,0.8785714285714286,18.76975433550178,LOW
XGBoost,empirical,3,0.98,18,9470.0,9253.0,217.0,21,5256,638.9623287671233,1126.8945693012786,140,140,13,225.37891386025572,140.0,29.332499764859683,394.71141362511537,0.9770855332629356,0.9960045662100456,0.9071428571428571,18.101614882863377,LOW
XGBoost,empirical,7,0.9,18,9470.0,9045.0,425.0,65,5256,642.1335616438356,1146.2257401556797,138,132,32,229.24514803113593,138.0,65.02349980920555,432.2686478403415,0.9551214361140443,0.9876331811263318,0.7575757575757576,17.607318282907475,LOW
XGBoost,empirical,7,0.95,18,9470.0,9150.0,320.0,37,5256,670.5445205479452,1210.3639120616324,141,135,17,242.0727824123265,141.0,44.059499752521525,427.132282164848,0.9662090813093981,0.9929604261796042,0.8740740740740741,17.057032977696515,LOW
XGBoost,empirical,7,0.98,18,9470.0,9198.0,272.0,23,5256,726.8938356164383,1317.0021524325011,139,135,8,263.4004304865002,139.0,38.23199969530107,440.63243018180134,0.9712777191129884,0.9956240487062404,0.9407407407407408,15.817302935647554,LOW
XGBoost,empirical,14,0.9,18,9470.0,8882.0,588.0,75,5256,748.9828767123288,1362.507808849542,136,130,21,272.5015617699084,136.0,83.76824976950886,492.2698115394173,0.937909186906019,0.985730593607306,0.8384615384615385,14.82343634975286,LOW
XGBoost,empirical,14,0.95,18,9470.0,8966.0,504.0,61,5256,803.1164383561644,1465.8252922373072,140,131,22,293.16505844746143,140.0,70.11824959069492,503.28330803815635,0.946779303062302,0.9883942161339422,0.83206106870229,13.95501257942092,LOW
XGBoost,empirical,14,0.98,18,9470.0,9140.0,330.0,22,5256,906.7876712328767,1622.1087312952907,141,132,10,324.4217462590582,141.0,46.10699980258943,511.5287460616476,0.9651531151003168,0.995814307458143,0.9242424242424242,12.599421410820977,LOW
XGBoost,gaussian,3,0.9,18,9470.0,9209.0,261.0,35,5256,590.2705479452055,1031.6711722507869,140,138,23,206.33423445015737,140.0,41.81474974304439,388.1489841932018,0.9724392819429778,0.9933409436834094,0.8333333333333334,19.501650624568487,LOW
XGBoost,gaussian,3,0.95,18,9470.0,9235.0,235.0,29,5256,607.9041095890411,1061.981723651045,141,141,17,212.396344730209,141.0,36.25874975323678,389.65509448344574,0.9751847940865892,0.994482496194825,0.8794326241134752,18.989425828695044,LOW
XGBoost,gaussian,3,0.98,18,9470.0,9248.0,222.0,23,5256,632.681506849315,1101.2376995533295,139,138,14,220.24753991066592,139.0,31.17374973893167,390.4212896495976,0.976557550158395,0.9956240487062404,0.8985507246376812,18.271436536161048,LOW
XGBoost,gaussian,7,0.9,18,9470.0,9085.0,385.0,54,5256,645.554794520548,1140.8586346892462,140,133,25,228.1717269378492,140.0,59.335499730706225,427.50722666855546,0.9593453009503696,0.9897260273972602,0.8120300751879699,17.591457915565883,LOW
XGBoost,gaussian,7,0.95,18,9470.0,9137.0,333.0,39,5256,672.8458904109589,1205.8117788033737,140,134,17,241.16235576067476,140.0,48.08999973535539,429.25235549603013,0.9648363252375924,0.992579908675799,0.8731343283582089,16.974540771920537,LOW
XGBoost,gaussian,7,0.98,18,9470.0,9193.0,277.0,27,5256,713.167808219178,1279.731490767737,140,135,10,255.9462981535474,140.0,37.8899996995926,433.83629785313997,0.9707497360084477,0.9948630136986302,0.9259259259259259,16.112967898388916,LOW
XGBoost,gaussian,14,0.9,18,9470.0,8937.0,533.0,68,5256,764.9965753424658,1368.5015115513784,137,130,19,273.7003023102757,137.0,75.80774957388641,486.5080518841621,0.9437170010559662,0.987062404870624,0.8538461538461538,14.60300654940706,LOW
XGBoost,gaussian,14,0.95,18,9470.0,9015.0,455.0,49,5256,820.1164383561644,1472.57552195371,138,131,19,294.515104390742,138.0,61.971749545633806,494.48685393637584,0.9519535374868004,0.9906773211567732,0.8549618320610687,13.740426935700745,LOW
XGBoost,gaussian,14,0.98,18,9470.0,9061.0,409.0,40,5256,880.2054794520548,1589.7458614797215,141,133,12,317.9491722959443,141.0,54.78299948573114,513.7321717816754,0.9568109820485744,0.9923896499238964,0.9097744360902256,12.867734028480275,LOW
A_historical,gaussian,3,0.9,18,9470.0,9199.0,271.0,60,5256,576.3595890410959,940.3206914601873,143,140,40,188.06413829203746,143.0,225.10199965238576,556.1661379444232,0.9713833157338965,0.9885844748858448,0.7142857142857143,19.950652715140496,MEDIUM
A_historical,gaussian,3,0.95,18,9470.0,9286.0,184.0,43,5256,594.3869863013699,976.2164273372659,145,141,29,195.24328546745318,145.0,170.71799951791766,510.96128498537087,0.9805702217529039,0.9918188736681888,0.7943262411347518,19.52852311291131,MEDIUM
A_historical,gaussian,3,0.98,18,9470.0,9331.0,139.0,34,5256,614.3972602739726,1010.8659239593842,146,140,24,202.17318479187682,146.0,114.33599939346315,462.50918418534,0.9853220696937698,0.993531202435312,0.8285714285714285,18.984052752446992,MEDIUM
A_historical,gaussian,7,0.9,18,9470.0,9068.0,402.0,84,5256,636.013698630137,1040.0229135265088,139,137,45,208.00458270530177,139.0,332.71199952363975,679.7165822289415,0.9575501583949314,0.9840182648401826,0.6715328467153285,17.821943182062935,MEDIUM
A_historical,gaussian,7,0.95,18,9470.0,9095.0,375.0,65,5256,675.9897260273973,1117.0857695270686,141,138,35,223.41715390541373,141.0,283.44299994707114,647.8601538524848,0.9604012671594508,0.9876331811263318,0.7463768115942029,16.81793311684035,MEDIUM
A_historical,gaussian,7,0.98,18,9470.0,9122.0,348.0,51,5256,721.4589041095891,1185.5261125107334,143,139,23,237.10522250214666,143.0,242.75399998426442,622.8592224864111,0.9632523759239704,0.990296803652968,0.8345323741007195,15.804781027788062,MEDIUM
A_historical,gaussian,14,0.9,18,9470.0,8820.0,650.0,104,5256,728.6609589041096,1204.5693251161542,138,131,31,240.91386502323084,138.0,507.4139996767045,886.3278646999354,0.9313621964097148,0.9802130898021308,0.7633587786259541,15.130493633941034,MEDIUM
A_historical,gaussian,14,0.95,18,9470.0,8863.0,607.0,96,5256,750.1746575342465,1263.4555061300118,141,133,33,252.69110122600236,141.0,447.0210001766683,840.7121014026707,0.9359028511087645,0.9817351598173516,0.7518796992481203,14.76822749040178,MEDIUM
A_historical,gaussian,14,0.98,18,9470.0,8934.0,536.0,76,5256,797.7876712328767,1355.3807762866559,142,135,25,271.07615525733115,142.0,362.2559997618199,775.3321550191511,0.9434002111932418,0.9855403348554034,0.8148148148148149,13.998085458931806,MEDIUM
Croston,empirical,3,0.9,18,9470.0,9254.0,216.0,58,5256,575.1027397260274,972.9112298713562,146,146,37,194.58224597427125,146.0,165.56999913454058,506.1522451088118,0.9771911298838437,0.98896499238965,0.7465753424657534,20.11379741558983,MEDIUM
Croston,empirical,3,0.95,18,9470.0,9304.0,166.0,38,5256,587.0650684931506,1009.3632983061343,148,147,24,201.8726596612269,148.0,131.73599921464924,481.60865887587613,0.9824709609292502,0.9927701674277016,0.8367346938775511,19.81041050500808,MEDIUM
Croston,empirical,3,0.98,18,9470.0,9337.0,133.0,26,5256,622.7191780821918,1072.8141990710203,148,148,19,214.56283981420404,148.0,105.83999876976014,468.4028385839642,0.9859556494192185,0.9950532724505328,0.8716216216216216,18.742396911468703,MEDIUM
Croston,empirical,7,0.9,18,9470.0,9106.0,364.0,57,5256,636.7191780821918,1095.9524112701824,146,143,28,219.19048225403648,146.0,247.92899855375296,613.1194808077894,0.9615628299894403,0.9891552511415526,0.8041958041958042,17.876797796925594,MEDIUM
Croston,empirical,7,0.95,18,9470.0,9197.0,273.0,42,5256,669.2123287671233,1168.794219678824,149,146,21,233.75884393576482,149.0,174.21599915027622,556.974843086041,0.9711721224920803,0.9920091324200914,0.8561643835616438,17.17877795404534,MEDIUM
Croston,empirical,7,0.98,18,9470.0,9238.0,232.0,26,5256,709.6404109589041,1261.7717686215694,150,146,13,252.3543537243139,150.0,122.95499957799915,525.3093533023131,0.9755015839493136,0.9950532724505328,0.910958904109589,16.272325845136695,MEDIUM
Croston,empirical,14,0.9,18,9470.0,9003.0,467.0,67,5256,769.0821917808219,1331.2071656475532,147,138,26,266.24143312951065,147.0,291.3419991374016,704.5834322669123,0.9506863780359028,0.9872526636225266,0.8115942028985508,14.63270131628164,MEDIUM
Croston,empirical,14,0.95,18,9470.0,9048.0,422.0,49,5256,829.7260273972603,1479.4937993921849,148,138,22,295.898759878437,148.0,235.43099849224097,679.329758370678,0.9554382259767688,0.9906773211567732,0.8405797101449275,13.631005448241703,MEDIUM
Croston,empirical,14,0.98,18,9470.0,9136.0,334.0,32,5256,877.8904109589041,1596.7160631554175,148,140,14,319.3432126310835,148.0,187.59899911880498,654.9422117498884,0.9647307286166843,0.9939117199391172,0.9,13.008457385388384,MEDIUM
Croston,gaussian,3,0.9,18,9470.0,9253.0,217.0,53,5256,577.263698630137,946.9021549865603,147,146,38,189.38043099731206,147.0,209.09699948430065,545.4774304816127,0.9770855332629356,0.9899162861491628,0.7397260273972603,20.03633699372927,MEDIUM
Croston,gaussian,3,0.95,18,9470.0,9308.0,162.0,40,5256,593.6027397260274,1005.3168669926181,148,147,26,201.06337339852362,148.0,128.73899874687197,477.80237214539557,0.9828933474128828,0.9923896499238964,0.8231292517006803,19.600650774236726,MEDIUM
Croston,gaussian,3,0.98,18,9470.0,9332.0,138.0,24,5256,606.4246575342465,1025.93944288878,150,148,18,205.18788857775598,150.0,101.85899941921237,457.0468879969684,0.9854276663146779,0.995433789954338,0.8783783783783784,19.235695407621588,MEDIUM
Croston,gaussian,7,0.9,18,9470.0,9098.0,372.0,63,5256,637.1369863013699,1081.9328738792096,146,142,30,216.38657477584195,146.0,259.33799845576294,621.7245732316048,0.9607180570221753,0.988013698630137,0.7887323943661972,17.849379716626174,MEDIUM
Croston,gaussian,7,0.95,18,9470.0,9191.0,279.0,44,5256,665.5650684931506,1148.917623755846,148,145,22,229.7835247511692,148.0,191.82899851799016,569.6125232691594,0.9705385427666314,0.9916286149162862,0.8482758620689655,17.2616481000283,MEDIUM
Croston,gaussian,7,0.98,18,9470.0,9245.0,225.0,27,5256,704.582191780822,1239.7367989947738,150,146,14,247.94735979895478,150.0,128.6729993462563,526.6203591452111,0.9762407602956705,0.9948630136986302,0.904109589041096,16.401564125246672,MEDIUM
Croston,gaussian,14,0.9,18,9470.0,8973.0,497.0,70,5256,773.4041095890411,1339.4641926094685,146,138,30,267.8928385218937,146.0,340.5029989242554,754.3958374461491,0.947518479408659,0.9866818873668188,0.782608695652174,14.502444273227237,MEDIUM
Croston,gaussian,14,0.95,18,9470.0,9065.0,405.0,50,5256,823.0068493150685,1434.3036928038073,149,139,21,286.8607385607615,149.0,237.15299885272987,673.0137374134913,0.957233368532207,0.9904870624048706,0.8489208633093526,13.768111419036444,MEDIUM
Croston,gaussian,14,0.98,18,9470.0,9157.0,313.0,24,5256,910.2431506849315,1596.7493132894576,150,141,11,319.34986265789155,150.0,176.70599877834326,646.0558614362347,0.966948257655755,0.995433789954338,0.9219858156028369,12.574936698383317,MEDIUM
Holt,empirical,3,0.9,18,9470.0,9243.0,227.0,44,5256,566.1780821917808,971.3614967637886,141,138,28,194.27229935275773,141.0,149.89799900650982,485.1702983592676,0.9760295670538542,0.9916286149162862,0.7971014492753623,20.406565289976047,MEDIUM
Holt,empirical,3,0.95,18,9470.0,9269.0,201.0,27,5256,605.9589041095891,1042.6224318196307,141,137,19,208.52448636392614,141.0,119.51099883913996,469.0354852030661,0.9787750791974656,0.9948630136986302,0.8613138686131387,19.12052108059229,MEDIUM
Holt,empirical,3,0.98,18,9470.0,9296.0,174.0,17,5256,636.0650684931506,1091.2012090972025,143,140,11,218.24024181944048,143.0,97.9169989049435,459.157240724384,0.9816261879619852,0.996765601217656,0.9214285714285715,18.268571213206197,MEDIUM
Holt,empirical,7,0.9,18,9470.0,9202.0,268.0,41,5256,645.4280821917808,1146.619945674563,141,135,18,229.3239891349126,141.0,153.6209990680218,523.9449882029344,0.9717001055966209,0.992199391171994,0.8666666666666667,17.821505319290054,MEDIUM
Holt,empirical,7,0.95,18,9470.0,9239.0,231.0,29,5256,688.1130136986302,1212.0616035282612,142,137,14,242.41232070565223,142.0,149.09999894499782,533.51231965065,0.9756071805702218,0.994482496194825,0.8978102189781022,16.78321695723365,MEDIUM
Holt,empirical,7,0.98,18,9470.0,9277.0,193.0,19,5256,743.5787671232877,1326.0495561623002,141,136,9,265.20991123246,141.0,111.5849992990494,517.7949105315095,0.9796198521647307,0.9963850837138508,0.9338235294117647,15.59518710420265,MEDIUM
Holt,empirical,14,0.9,18,9470.0,9018.0,452.0,52,5256,763.8150684931506,1424.3151004900467,141,134,22,284.8630200980093,141.0,284.96699953079235,710.8300196288017,0.9522703273495248,0.9901065449010654,0.835820895522388,14.758153465390928,MEDIUM
Holt,empirical,14,0.95,18,9470.0,9126.0,344.0,37,5256,848.486301369863,1574.1787481252868,141,134,14,314.83574962505736,141.0,207.66299972534185,663.4987493503992,0.963674762407603,0.9929604261796042,0.8955223880597015,13.44453054997215,MEDIUM
Holt,empirical,14,0.98,18,9470.0,9196.0,274.0,22,5256,947.8287671232877,1754.3897208052547,143,135,13,350.8779441610509,143.0,160.763999247551,654.641943408602,0.9710665258711721,0.995814307458143,0.9037037037037037,12.127718000043359,MEDIUM
Holt,gaussian,3,0.9,18,9470.0,9234.0,236.0,38,5256,562.8595890410959,965.9185651688747,142,139,24,193.18371303377492,142.0,154.42799904942515,489.6117120832001,0.9750791974656811,0.9927701674277016,0.8273381294964028,20.506890572236927,MEDIUM
Holt,gaussian,3,0.95,18,9470.0,9263.0,207.0,29,5256,598.431506849315,1018.2637265639353,141,138,20,203.65274531278706,141.0,129.13799856305124,473.7907438758383,0.9781414994720169,0.994482496194825,0.855072463768116,19.34849664076181,MEDIUM
Holt,gaussian,3,0.98,18,9470.0,9292.0,178.0,20,5256,622.3835616438356,1068.9167572908614,142,138,14,213.78335145817226,142.0,103.61099889278415,459.3943503509564,0.9812038014783527,0.9961948249619482,0.8985507246376812,18.662125280626842,MEDIUM
Holt,gaussian,7,0.9,18,9470.0,9169.0,301.0,42,5256,654.2876712328767,1162.6742299401596,139,134,20,232.53484598803192,139.0,172.69499883055693,544.2298448185888,0.9682154171066526,0.9920091324200914,0.8507462686567164,17.517141929945772,MEDIUM
Holt,gaussian,7,0.95,18,9470.0,9226.0,244.0,35,5256,679.5890410958904,1194.4646584445277,141,137,15,238.89293168890555,141.0,155.42699890136723,535.3199305902727,0.974234424498416,0.9933409436834094,0.8905109489051095,16.969814553517438,MEDIUM
Holt,gaussian,7,0.98,18,9470.0,9248.0,222.0,23,5256,713.9417808219179,1286.4850763052498,142,136,11,257.2970152610499,142.0,128.6789994478226,527.9760147088725,0.976557550158395,0.9956240487062404,0.9191176470588235,16.191796460898637,MEDIUM
Holt,gaussian,14,0.9,18,9470.0,9041.0,429.0,44,5256,783.0787671232877,1435.1599229903456,141,134,19,287.03198459806913,141.0,265.0469992876054,693.0789838856745,0.9546990496304119,0.9916286149162862,0.8582089552238806,14.431817684849491,MEDIUM
Holt,gaussian,14,0.95,18,9470.0,9099.0,371.0,38,5256,833.9657534246576,1562.8030769084821,141,134,17,312.56061538169644,141.0,220.2869991302491,673.8476145119455,0.9608236536430834,0.9927701674277016,0.8731343283582089,13.63814995195427,MEDIUM
Holt,gaussian,14,0.98,18,9470.0,9172.0,298.0,28,5256,869.4212328767123,1686.174025464609,143,136,14,337.23480509292176,143.0,177.03299932479862,657.2678044177204,0.968532206969377,0.9946727549467276,0.8970588235294118,13.186933521355334,MEDIUM
HoltWinters,empirical,3,0.9,18,9470.0,9226.0,244.0,46,5256,581.3561643835617,996.8222711468395,141,140,31,199.3644542293679,141.0,160.1549983620644,500.51945259143235,0.974234424498416,0.991248097412481,0.7785714285714286,19.837236975423547,MEDIUM
HoltWinters,empirical,3,0.95,18,9470.0,9266.0,204.0,31,5256,611.2602739726027,1061.0201337013139,141,137,21,212.20402674026275,141.0,128.2469985365868,481.4510252768496,0.9784582893347413,0.9941019786910198,0.8467153284671532,18.948556765720944,MEDIUM
HoltWinters,empirical,3,0.98,18,9470.0,9307.0,163.0,16,5256,637.8116438356165,1102.5246922978185,143,139,10,220.50493845956373,143.0,95.75699894428256,459.2619374038463,0.9827877507919747,0.9969558599695586,0.9280575539568345,18.24010287745448,MEDIUM
HoltWinters,empirical,7,0.9,18,9470.0,9205.0,265.0,39,5256,643.1198630136986,1146.087322479609,141,136,19,229.21746449592177,141.0,175.19099938273433,545.4084638786561,0.9720168954593453,0.992579908675799,0.8602941176470589,17.891299370044358,MEDIUM
HoltWinters,empirical,7,0.95,18,9470.0,9247.0,223.0,26,5256,690.4897260273973,1230.34454872551,142,138,13,246.06890974510205,142.0,147.36599938273432,535.4349091278364,0.9764519535374868,0.9950532724505328,0.9057971014492754,16.73993046428235,MEDIUM
HoltWinters,empirical,7,0.98,18,9470.0,9276.0,194.0,19,5256,744.263698630137,1335.8861864140997,140,137,10,267.17723728281993,140.0,115.70099930763247,522.8782365904524,0.9795142555438225,0.9963850837138508,0.927007299270073,15.579155642470953,MEDIUM
HoltWinters,empirical,14,0.9,18,9470.0,9022.0,448.0,52,5256,795.486301369863,1481.290665546223,139,133,21,296.25813310924457,139.0,270.0239993333817,705.2821324426262,0.9526927138331573,0.9901065449010654,0.8421052631578947,14.176862606659148,MEDIUM
HoltWinters,empirical,14,0.95,18,9470.0,9070.0,400.0,41,5256,854.513698630137,1600.4510425221224,139,134,17,320.09020850442454,139.0,229.95299935340887,689.0432078578334,0.9577613516367476,0.992199391171994,0.8731343283582089,13.267780280380574,MEDIUM
HoltWinters,empirical,14,0.98,18,9470.0,9178.0,292.0,26,5256,927.0582191780821,1759.7473573258274,142,134,14,351.94947146516546,142.0,167.36999924182896,661.3194707069944,0.9691657866948258,0.9950532724505328,0.8955223880597015,12.375166696835254,MEDIUM
HoltWinters,gaussian,3,0.9,18,9470.0,9235.0,235.0,47,5256,577.7602739726027,991.4698841861665,141,140,30,198.29397683723332,141.0,152.87399826049807,492.1679750977314,0.9751847940865892,0.9910578386605784,0.7857142857142857,19.980172607968893,MEDIUM
HoltWinters,gaussian,3,0.95,18,9470.0,9262.0,208.0,33,5256,602.6780821917808,1034.3153020937557,142,139,24,206.86306041875113,142.0,133.17299888134005,482.0360593000912,0.9780359028511088,0.9937214611872146,0.8273381294964028,19.210089668261524,MEDIUM
HoltWinters,gaussian,3,0.98,18,9470.0,9288.0,182.0,25,5256,620.7705479452055,1075.9174523776524,142,138,17,215.18349047553048,142.0,113.87999843358996,471.06348890912045,0.9807814149947202,0.9952435312024354,0.8768115942028986,18.70256254654787,MEDIUM
HoltWinters,gaussian,7,0.9,18,9470.0,9218.0,252.0,39,5256,648.3732876712329,1157.814767834789,140,135,19,231.56295356695782,140.0,168.33599919676786,539.8989527637257,0.973389651531151,0.992579908675799,0.8592592592592593,17.7713983890136,MEDIUM
HoltWinters,gaussian,7,0.95,18,9470.0,9233.0,237.0,35,5256,682.013698630137,1210.6361207833029,140,137,15,242.12722415666056,140.0,159.10799882411962,541.2352229807801,0.9749736008447729,0.9933409436834094,0.8905109489051095,16.922314057886595,MEDIUM
HoltWinters,gaussian,7,0.98,18,9470.0,9272.0,198.0,20,5256,718.8527397260274,1301.2841072094766,141,138,12,260.25682144189534,141.0,118.39499917030336,519.6518206121987,0.9790918690601901,0.9961948249619482,0.9130434782608696,16.12291274624235,MEDIUM
HoltWinters,gaussian,14,0.9,18,9470.0,9026.0,444.0,48,5256,801.4965753424658,1482.2312308648268,139,133,19,296.44624617296535,139.0,261.82199914455424,697.2682453175196,0.9531151003167898,0.9908675799086758,0.8571428571428572,14.076791276593017,MEDIUM
HoltWinters,gaussian,14,0.95,18,9470.0,9066.0,404.0,42,5256,833.4349315068492,1584.355861236012,142,134,19,316.8711722472024,142.0,231.86999902725228,690.7411712744547,0.9573389651531151,0.9920091324200914,0.8582089552238806,13.597342241836271,MEDIUM
HoltWinters,gaussian,14,0.98,18,9470.0,9126.0,344.0,31,5256,876.4965753424658,1708.8126730566971,143,134,16,341.7625346113394,143.0,197.44499881267555,682.207533424015,0.963674762407603,0.9941019786910198,0.8805970149253731,13.014882568757155,MEDIUM
MovingAverage,empirical,3,0.9,18,9470.0,9205.0,265.0,55,5256,581.1130136986302,985.1633149131111,142,141,37,197.03266298262224,142.0,181.12499967813497,520.1576626607572,0.9720168954593453,0.9895357686453576,0.7375886524822695,19.8003653829154,MEDIUM
MovingAverage,empirical,3,0.95,18,9470.0,9305.0,165.0,24,5256,609.3664383561644,1042.7431333509414,145,142,17,208.54862667018827,145.0,112.35899936556818,465.90762603575644,0.9825765575501584,0.995433789954338,0.8802816901408451,19.087447663472616,MEDIUM
MovingAverage,empirical,3,0.98,18,9470.0,9294.0,176.0,21,5256,633.263698630137,1079.0400753189235,147,145,13,215.8080150637847,147.0,113.12099887132648,475.9290139351112,0.9814149947201689,0.9960045662100456,0.9103448275862069,18.34543812495606,MEDIUM
MovingAverage,empirical,7,0.9,18,9470.0,9120.0,350.0,58,5256,618.5719178082192,1068.6663158030337,148,143,27,213.73326316060675,148.0,227.91899932622914,589.6522624868359,0.9630411826821542,0.98896499238965,0.8111888111888113,18.429546624737714,MEDIUM
MovingAverage,empirical,7,0.95,18,9470.0,9140.0,330.0,45,5256,675.4520547945206,1174.4888161128717,148,144,22,234.89776322257435,148.0,228.82799946069724,611.7257626832716,0.9651531151003168,0.9914383561643836,0.8472222222222222,16.914598036829723,MEDIUM
MovingAverage,empirical,7,0.98,18,9470.0,9213.0,257.0,25,5256,719.4794520547945,1265.531391742805,148,144,13,253.106278348561,148.0,158.42999947071078,559.5362778192718,0.9728616684266104,0.9952435312024354,0.9097222222222222,16.006363999847682,MEDIUM
MovingAverage,empirical,14,0.9,18,9470.0,8971.0,499.0,60,5256,760.9828767123288,1337.1464254608097,144,137,19,267.42928509216193,144.0,317.312999868393,728.7422849605549,0.9473072861668427,0.9885844748858448,0.8613138686131387,14.735876907568167,MEDIUM
MovingAverage,empirical,14,0.95,18,9470.0,9115.0,355.0,42,5256,836.1301369863014,1469.3743394152962,146,138,18,293.8748678830592,146.0,224.5469996452332,664.4218675282925,0.9625131995776135,0.9920091324200914,0.8695652173913043,13.626766332172844,MEDIUM
MovingAverage,empirical,14,0.98,18,9470.0,9129.0,341.0,29,5256,932.2089041095891,1604.4668373856641,148,139,13,320.8933674771328,148.0,209.087999367714,677.9813668448469,0.9639915522703274,0.994482496194825,0.9064748201438849,12.241086680994103,MEDIUM
MovingAverage,gaussian,3,0.9,18,9470.0,9171.0,299.0,47,5256,572.5890410958904,962.4757639049259,143,141,31,192.49515278098517,143.0,217.1219986081124,552.6171513890976,0.9684266103484689,0.9910578386605784,0.7801418439716312,20.020903610134216,MEDIUM
MovingAverage,gaussian,3,0.95,18,9470.0,9295.0,175.0,35,5256,600.2089041095891,1014.7714213465582,145,144,22,202.95428426931164,145.0,124.62299898862842,472.57728325794005,0.981520591341077,0.9933409436834094,0.8472222222222222,19.35784344491929,MEDIUM
MovingAverage,gaussian,3,0.98,18,9470.0,9284.0,186.0,26,5256,635.1130136986302,1085.0244524141287,145,142,18,217.00489048282577,145.0,128.75099878907207,490.7558892718978,0.9803590285110877,0.9950532724505328,0.8732394366197183,18.27233854399767,MEDIUM
MovingAverage,gaussian,7,0.9,18,9470.0,9109.0,361.0,59,5256,627.8253424657535,1084.3225825784752,147,143,28,216.86451651569504,147.0,245.61599889993673,609.4805154156318,0.9618796198521647,0.9887747336377474,0.8041958041958042,18.136015273421517,MEDIUM
MovingAverage,gaussian,7,0.95,18,9470.0,9143.0,327.0,44,5256,664.5479452054794,1154.1041446113832,146,142,23,230.8208289222766,146.0,223.8449993848801,600.6658283071567,0.9654699049630412,0.9916286149162862,0.8380281690140845,17.19778096141161,MEDIUM
MovingAverage,gaussian,7,0.98,18,9470.0,9240.0,230.0,19,5256,702.2979452054794,1243.6543532493383,149,142,8,248.73087064986765,149.0,134.3909995079041,532.1218701577718,0.9757127771911299,0.9963850837138508,0.9436619718309859,16.446011381423993,MEDIUM
MovingAverage,gaussian,14,0.9,18,9470.0,9022.0,448.0,59,5256,778.4931506849315,1353.3002195908393,144,136,18,270.6600439181679,144.0,291.02099940776833,705.6810433259362,0.9526927138331573,0.9887747336377474,0.8676470588235294,14.486318845680099,MEDIUM
MovingAverage,gaussian,14,0.95,18,9470.0,9065.0,405.0,46,5256,803.3664383561644,1441.5139800282986,147,138,20,288.3027960056597,147.0,251.98499937057503,687.2877953762347,0.957233368532207,0.991248097412481,0.855072463768116,14.10470920740207,MEDIUM
MovingAverage,gaussian,14,0.98,18,9470.0,9148.0,322.0,29,5256,919.1472602739726,1597.9532404325391,148,138,14,319.5906480865078,148.0,191.1779992818833,658.7686473683912,0.9659978880675818,0.994482496194825,0.8985507246376812,12.44087916509868,MEDIUM
Naive,empirical,3,0.9,18,9470.0,9447.0,23.0,4,5256,1173.7705479452054,1964.2114555807552,93,93,4,392.84229111615105,93.0,13.031999874114994,498.87429099026605,0.997571277719113,0.9992389649923896,0.956989247311828,10.060526753437728,MEDIUM
Naive,empirical,3,0.95,18,9470.0,9451.0,19.0,3,5256,1095.0479452054794,1992.1025259024475,95,95,3,398.4205051804895,95.0,9.911999845504765,503.3325050259943,0.9979936642027455,0.9994292237442922,0.968421052631579,10.788340411691488,MEDIUM
Naive,empirical,3,0.98,18,9470.0,9468.0,2.0,1,5256,1115.414383561644,2013.977909442578,96,96,1,402.79558188851564,96.0,0.6000000000000001,499.39558188851566,0.9997888067581837,0.9998097412480974,0.9895833333333334,10.610406477106302,MEDIUM
Naive,empirical,7,0.9,18,9470.0,9416.0,54.0,5,5256,1869.708904109589,3171.400834942578,88,88,2,634.2801669885157,88.0,34.925999808311474,757.2061667968271,0.9942977824709609,0.999048706240487,0.9772727272727273,6.295097581302489,MEDIUM
Naive,empirical,7,0.95,18,9470.0,9422.0,48.0,5,5256,1900.5068493150684,3203.422311630049,92,91,2,640.6844623260098,92.0,30.503999805450448,763.1884621314603,0.9949313621964098,0.999048706240487,0.978021978021978,6.197031073181631,MEDIUM
Naive,empirical,7,0.98,18,9470.0,9429.0,41.0,4,5256,1956.236301369863,3345.4020652179643,92,92,2,669.0804130435929,92.0,23.11199970245362,784.1924127460464,0.9956705385427667,0.9992389649923896,0.9782608695652174,6.0249623175618545,MEDIUM
Naive,empirical,14,0.9,18,9470.0,9347.0,123.0,10,5256,2796.376712328767,4950.772062223088,88,85,4,990.1544124446176,88.0,80.29799959659579,1158.4524120412134,0.9870116156282999,0.9980974124809742,0.9529411764705882,4.178174545828629,MEDIUM
Naive,empirical,14,0.95,18,9470.0,9358.0,112.0,9,5256,2867.2328767123286,5098.639702945702,89,86,4,1019.7279405891405,89.0,70.76999952793122,1179.4979401170717,0.9881731784582893,0.9982876712328768,0.9534883720930233,4.07971744988247,MEDIUM
Naive,empirical,14,0.98,18,9470.0,9378.0,92.0,5,5256,2962.3253424657532,5332.751515024042,90,87,2,1066.5503030048085,90.0,49.127999210357686,1205.6783022151662,0.990285110876452,0.999048706240487,0.9770114942528736,3.957195326237372,MEDIUM
Naive,gaussian,3,0.9,18,9470.0,9450.0,20.0,2,5256,1070.9212328767123,2010.6602418727662,93,93,2,402.1320483745532,93.0,10.445999836921697,505.57804821147494,0.9978880675818373,0.9996194824961948,0.978494623655914,11.030222986866384,MEDIUM
Naive,gaussian,3,0.95,18,9470.0,9454.0,16.0,1,5256,1102.7979452054794,2083.654779433918,93,93,1,416.73095588678365,93.0,8.543999862670901,518.2749557494545,0.9983104540654699,0.9998097412480974,0.989247311827957,10.715924935640045,MEDIUM
Naive,gaussian,3,0.98,18,9470.0,9458.0,12.0,1,5256,1151.791095890411,2162.6965021934,95,95,1,432.5393004386801,95.0,6.407999897003176,533.9473003356832,0.9987328405491024,0.9998097412480974,0.9894736842105263,10.264448164413375,MEDIUM
Naive,gaussian,7,0.9,18,9470.0,9420.0,50.0,5,5256,1887.736301369863,3175.0850399211454,93,93,2,635.0170079842292,93.0,31.571999788284312,759.5890077725135,0.9947201689545935,0.999048706240487,0.978494623655914,6.237629689832898,MEDIUM
Naive,gaussian,7,0.95,18,9470.0,9429.0,41.0,4,5256,1838.9554794520548,3287.1255539475032,94,94,2,657.4251107895006,94.0,24.329999756813056,775.7551105463137,0.9956705385427667,0.9992389649923896,0.9787234042553191,6.409208994832162,MEDIUM
Naive,gaussian,7,0.98,18,9470.0,9435.0,35.0,2,5256,1933.8150684931506,3470.8819304798562,96,96,1,694.1763860959712,96.0,18.689999699592597,808.8663857955638,0.9963041182682154,0.9996194824961948,0.9895833333333334,6.098695884705157,MEDIUM
Naive,gaussian,14,0.9,18,9470.0,9359.0,111.0,8,5256,2904.8698630136987,5205.579852936039,89,86,4,1041.1159705872078,89.0,69.01799948215486,1199.1339700693627,0.9882787750791975,0.9984779299847792,0.9534883720930233,4.027288846551964,MEDIUM
Naive,gaussian,14,0.95,18,9470.0,9376.0,94.0,6,5256,3038.873287671233,5496.289589074254,94,91,4,1099.2579178148508,94.0,55.067999410629284,1248.32591722548,0.9900739176346357,0.9988584474885844,0.9560439560439561,3.8566925602157434,MEDIUM
Naive,gaussian,14,0.98,18,9470.0,9394.0,76.0,4,5256,3195.332191780822,5835.704486071471,94,91,4,1167.1408972142942,94.0,41.80199940204622,1302.9428966163405,0.9919746568109821,0.9992389649923896,0.9560439560439561,3.674891778139559,MEDIUM
SARIMA,empirical,3,0.9,18,9470.0,9182.0,288.0,54,5256,583.7705479452055,1029.5419254068438,139,136,35,205.90838508136875,139.0,169.77599877119067,514.6843838525594,0.9695881731784582,0.9897260273972602,0.7426470588235294,19.660978170959925,MEDIUM
SARIMA,empirical,3,0.95,18,9470.0,9246.0,224.0,36,5256,606.6883561643835,1073.3150349747032,140,139,24,214.66300699494064,140.0,140.96699877977375,495.6300057747144,0.9763463569165787,0.9931506849315068,0.8273381294964028,19.05014309664527,MEDIUM
SARIMA,empirical,3,0.98,18,9470.0,9303.0,167.0,17,5256,641.7465753424658,1122.2148537660094,144,142,10,224.44297075320188,144.0,97.86299886703495,466.3059696202368,0.9823653643083421,0.996765601217656,0.9295774647887324,18.120470676129994,MEDIUM
SARIMA,empirical,7,0.9,18,9470.0,9073.0,397.0,63,5256,633.4520547945206,1142.0139221607617,137,135,33,228.40278443215234,137.0,259.0169983148576,624.4197827470099,0.958078141499472,0.988013698630137,0.7555555555555555,17.903880671251244,MEDIUM
SARIMA,empirical,7,0.95,18,9470.0,9139.0,331.0,41,5256,669.6849315068494,1210.7012544088575,141,139,21,242.1402508817715,141.0,205.17599844932562,588.3162493310971,0.9650475184794086,0.992199391171994,0.8489208633093526,17.058394869801788,MEDIUM
SARIMA,empirical,7,0.98,18,9470.0,9159.0,311.0,32,5256,730.9520547945206,1314.268172229908,141,139,14,262.8536344459816,141.0,180.16799876689916,584.0216332128807,0.9671594508975713,0.9939117199391172,0.8992805755395683,15.662792005172461,MEDIUM
SARIMA,empirical,14,0.9,18,9470.0,8895.0,575.0,67,5256,741.3287671232877,1367.4041418377055,139,132,18,273.4808283675411,139.0,327.34199867248543,739.8228270400265,0.9392819429778247,0.9872526636225266,0.8636363636363636,14.998406230944067,MEDIUM
SARIMA,empirical,14,0.95,18,9470.0,8958.0,512.0,57,5256,821.3698630136986,1504.3715831694537,140,132,16,300.8743166338907,140.0,283.5269985437394,724.4013151776301,0.9459345300950369,0.9891552511415526,0.8787878787878788,13.632713475650434,MEDIUM
SARIMA,empirical,14,0.98,18,9470.0,9029.0,441.0,43,5256,850.7157534246576,1584.3505862240718,144,134,15,316.8701172448143,144.0,241.2959984064103,702.1661156512246,0.9534318901795142,0.9918188736681888,0.8880597014925373,13.266769722514079,MEDIUM
SARIMA,gaussian,3,0.9,18,9470.0,9191.0,279.0,58,5256,580.1712328767123,1002.8643739469043,137,137,38,200.57287478938085,137.0,186.1079985380173,523.6808733273982,0.9705385427666314,0.98896499238965,0.7226277372262774,19.80234342718848,MEDIUM
SARIMA,gaussian,3,0.95,18,9470.0,9238.0,232.0,36,5256,599.8664383561644,1049.8919087329955,140,139,25,209.9783817465991,140.0,143.18399877548222,493.1623805220813,0.9755015839493136,0.9931506849315068,0.8201438848920863,19.250118462443123,MEDIUM
SARIMA,gaussian,3,0.98,18,9470.0,9280.0,190.0,26,5256,620.4760273972603,1096.0336310938205,141,140,17,219.2067262187641,141.0,117.58199844360354,477.78872466236766,0.9799366420274551,0.9950532724505328,0.8785714285714286,18.69532340944591,MEDIUM
SARIMA,gaussian,7,0.9,18,9470.0,9084.0,386.0,54,5256,636.486301369863,1141.5890795727705,138,135,29,228.31781591455413,138.0,244.44899886846548,610.7668147830196,0.9592397043294615,0.9897260273972602,0.7851851851851852,17.840132577184242,MEDIUM
SARIMA,gaussian,7,0.95,18,9470.0,9119.0,351.0,45,5256,661.1232876712329,1188.5829802917494,140,138,21,237.7165960583499,140.0,215.0669984042645,592.7835944626144,0.9629355860612461,0.9914383561643836,0.8478260869565217,17.241489163316896,MEDIUM
SARIMA,gaussian,7,0.98,18,9470.0,9169.0,301.0,31,5256,706.3732876712329,1279.3909599493627,141,139,15,255.87819198987253,141.0,173.4179986774922,570.2961906673647,0.9682154171066526,0.9941019786910198,0.8920863309352518,16.225486155889868,MEDIUM
SARIMA,gaussian,14,0.9,18,9470.0,8915.0,555.0,63,5256,743.2294520547945,1340.4252312450171,139,132,17,268.0850462490034,139.0,318.2339987039567,725.3190449529601,0.9413938753959873,0.988013698630137,0.8712121212121212,14.993687305032186,MEDIUM
SARIMA,gaussian,14,0.95,18,9470.0,8946.0,524.0,55,5256,787.2842465753424,1438.8852414017874,143,133,15,287.77704828035746,143.0,293.4149984121324,724.1920466924898,0.9446673706441394,0.9895357686453576,0.887218045112782,14.203891477117018,MEDIUM
SARIMA,gaussian,14,0.98,18,9470.0,9026.0,444.0,40,5256,828.2191780821918,1555.2388813598718,145,135,16,311.0477762719744,145.0,245.42999832630164,701.477774598276,0.9531151003167898,0.9923896499238964,0.8814814814814815,13.622601720145552,MEDIUM
SES,empirical,3,0.9,18,9470.0,9244.0,226.0,39,5256,566.2808219178082,964.7980620686526,141,138,27,192.9596124137305,141.0,146.89799854159358,480.8576109553241,0.9761351636747624,0.992579908675799,0.8043478260869565,20.405070333950192,MEDIUM
SES,empirical,3,0.95,18,9470.0,9279.0,191.0,22,5256,596.1267123287671,1030.811729726971,141,138,16,206.1623459453942,141.0,115.20599874258045,462.3683446879746,0.979831045406547,0.995814307458143,0.8840579710144928,19.45685331678817,MEDIUM
SES,empirical,3,0.98,18,9470.0,9287.0,183.0,15,5256,635.0753424657535,1092.252383939085,143,141,10,218.45047678781697,143.0,103.26299895644192,464.7134757442589,0.980675818373812,0.9971461187214612,0.9290780141843972,18.279327228998824,MEDIUM
SES,empirical,7,0.9,18,9470.0,9218.0,252.0,42,5256,654.8595890410959,1161.5254149207512,140,134,19,232.30508298415026,140.0,147.61499918103223,519.9200821651825,0.973389651531151,0.9920091324200914,0.8582089552238806,17.59537493659103,MEDIUM
SES,empirical,7,0.95,18,9470.0,9254.0,216.0,28,5256,683.7671232876712,1209.5897404999764,142,138,13,241.9179480999953,142.0,141.08999907374385,525.0079471737391,0.9771911298838437,0.9946727549467276,0.9057971014492754,16.917309426024243,MEDIUM
SES,empirical,7,0.98,18,9470.0,9272.0,198.0,20,5256,751.0171232876712,1334.996227173895,139,137,9,266.99924543477897,139.0,114.19499924182894,520.1942446766079,0.9790918690601901,0.9961948249619482,0.9343065693430657,15.432404456057311,MEDIUM
SES,empirical,14,0.9,18,9470.0,8982.0,488.0,56,5256,784.054794520548,1452.2765760617917,140,132,24,290.45531521235836,140.0,307.82999904155736,738.2853142539157,0.9484688489968321,0.9893455098934552,0.8181818181818181,14.319789992312531,MEDIUM
SES,empirical,14,0.95,18,9470.0,9132.0,338.0,39,5256,851.6609589041096,1577.9147343729253,142,132,16,315.58294687458505,142.0,201.3569997310639,658.939946605649,0.9643083421330517,0.992579908675799,0.8787878787878788,13.40322094215574,MEDIUM
SES,empirical,14,0.98,18,9470.0,9190.0,280.0,25,5256,932.5958904109589,1746.4896449543025,141,134,15,349.2979289908605,141.0,163.71599929332737,654.0139282841878,0.9704329461457233,0.9952435312024354,0.8880597014925373,12.317768197475012,MEDIUM
SES,gaussian,3,0.9,18,9470.0,9236.0,234.0,35,5256,569.318493150685,964.9227193594182,141,137,25,192.98454387188366,141.0,147.85499877333646,481.8395426452201,0.9752903907074973,0.9933409436834094,0.8175182481751825,20.278631625170686,MEDIUM
SES,gaussian,3,0.95,18,9470.0,9266.0,204.0,26,5256,593.6506849315068,1017.4156479120254,141,139,19,203.48312958240507,141.0,127.95599836707119,472.4391279494763,0.9784582893347413,0.9950532724505328,0.8633093525179856,19.510631915360033,MEDIUM
SES,gaussian,3,0.98,18,9470.0,9290.0,180.0,21,5256,610.0068493150685,1052.6716990202665,143,138,15,210.5343398040533,143.0,103.1909988641739,456.7253386682272,0.9809926082365364,0.9960045662100456,0.8913043478260869,19.036671494818158,MEDIUM
SES,gaussian,7,0.9,18,9470.0,9182.0,288.0,40,5256,657.1335616438356,1163.6015142197477,139,134,19,232.72030284394955,139.0,166.69799886345868,538.4183017074082,0.9695881731784582,0.9923896499238964,0.8582089552238806,17.466007931916845,MEDIUM
SES,gaussian,7,0.95,18,9470.0,9233.0,237.0,33,5256,678.1643835616438,1200.0774115806776,141,136,14,240.01548231613552,141.0,147.11099914312368,528.1264814592593,0.9749736008447729,0.9937214611872146,0.8970588235294118,17.018366460631036,MEDIUM
SES,gaussian,7,0.98,18,9470.0,9271.0,199.0,23,5256,722.4760273972603,1305.1103022674786,140,138,12,261.0220604534957,140.0,117.78899917602541,518.8110596295212,0.9789862724392819,0.9956240487062404,0.9130434782608696,16.040324606684585,MEDIUM
SES,gaussian,14,0.9,18,9470.0,9056.0,414.0,46,5256,792.0102739726027,1457.8596757822045,141,131,19,291.5719351564409,141.0,257.7149990558625,690.2869342123034,0.9562829989440338,0.991248097412481,0.8549618320610687,14.292743884773877,MEDIUM
SES,gaussian,14,0.95,18,9470.0,9095.0,375.0,38,5256,838.4246575342465,1568.6838679632094,140,133,18,313.7367735926419,140.0,219.2609991788865,672.9977727715284,0.9604012671594508,0.9927701674277016,0.8646616541353384,13.559656073850176,MEDIUM
SES,gaussian,14,0.98,18,9470.0,9170.0,300.0,28,5256,876.1061643835617,1686.6184057067721,144,133,14,337.3236811413544,144.0,178.40099930763247,659.7246804489869,0.9683210137275607,0.9946727549467276,0.8947368421052632,13.083460048549192,MEDIUM
SeasonalNaive,empirical,3,0.9,18,9470.0,9315.0,155.0,29,5256,699.6472602739726,1197.2897311613779,131,129,20,239.4579462322756,131.0,87.59400002360346,458.05194625587905,0.9836325237592397,0.994482496194825,0.8449612403100775,16.642314865122835,MEDIUM
SeasonalNaive,empirical,3,0.95,18,9470.0,9352.0,118.0,15,5256,701.0958904109589,1223.0321122175617,134,131,11,244.60642244351234,134.0,65.52899962663653,444.1354220701489,0.9875395987328406,0.9971461187214612,0.916030534351145,16.67389605314576,MEDIUM
SeasonalNaive,empirical,3,0.98,18,9470.0,9385.0,85.0,8,5256,752.3595890410959,1316.6307176168038,132,131,6,263.32614352336077,132.0,46.4699998855591,441.7961434089199,0.9910242872228089,0.9984779299847792,0.9541984732824428,15.592610462972656,MEDIUM
SeasonalNaive,empirical,7,0.9,18,9470.0,9224.0,246.0,38,5256,747.931506849315,1323.0958168382922,132,128,17,264.6191633676584,132.0,129.32699963450435,525.9461630021627,0.9740232312565998,0.9927701674277016,0.8671875,15.41585010714482,MEDIUM
SeasonalNaive,empirical,7,0.95,18,9470.0,9295.0,175.0,22,5256,811.6678082191781,1410.0762593450816,134,128,13,282.0152518690163,134.0,115.03799960017207,531.0532514691884,0.981520591341077,0.995814307458143,0.8984375,14.314661592273644,MEDIUM
SeasonalNaive,empirical,7,0.98,18,9470.0,9292.0,178.0,19,5256,851.6780821917808,1528.9713315422812,134,129,9,305.79426630845626,134.0,94.47599955797199,534.2702658664282,0.9812038014783527,0.9963850837138508,0.9302325581395349,13.637781977562426,MEDIUM
SeasonalNaive,empirical,14,0.9,18,9470.0,9129.0,341.0,35,5256,966.7123287671233,1777.4591772922504,130,120,15,355.4918354584501,130.0,209.25899920463567,694.7508346630858,0.9639915522703274,0.9933409436834094,0.875,11.80418378914553,MEDIUM
SeasonalNaive,empirical,14,0.95,18,9470.0,9163.0,307.0,26,5256,1063.6198630136987,1959.1987638416151,130,121,13,391.839752768323,130.0,182.6849990844727,704.5247518527957,0.9675818373812038,0.9950532724505328,0.8925619834710744,10.76864996442106,MEDIUM
SeasonalNaive,empirical,14,0.98,18,9470.0,9271.0,199.0,16,5256,1177.722602739726,2134.5319590634067,130,121,13,426.9063918126813,130.0,116.14499945640569,673.0513912690869,0.9789862724392819,0.9969558599695586,0.8925619834710744,9.839965687201035,MEDIUM
SeasonalNaive,gaussian,3,0.9,18,9470.0,9312.0,158.0,28,5256,696.236301369863,1184.3006802448465,131,127,17,236.86013604896934,131.0,90.42300015091898,458.2831361998883,0.9833157338965153,0.9946727549467276,0.8661417322834646,16.71846178818599,MEDIUM
SeasonalNaive,gaussian,3,0.95,18,9470.0,9339.0,131.0,20,5256,713.1061643835617,1234.5662659694683,131,128,14,246.91325319389364,131.0,75.45300005078317,453.36625324467684,0.9861668426610348,0.9961948249619482,0.890625,16.370283392643604,MEDIUM
SeasonalNaive,gaussian,3,0.98,18,9470.0,9378.0,92.0,10,5256,739.1643835616438,1297.2652183105072,130,127,8,259.45304366210144,130.0,51.04500001072885,440.4980436728303,0.990285110876452,0.9980974124809742,0.937007874015748,15.859124520469246,MEDIUM
SeasonalNaive,gaussian,7,0.9,18,9470.0,9237.0,233.0,28,5256,765.5513698630137,1361.3091769424611,129,125,16,272.2618353884922,129.0,136.0439996659756,537.3058350544678,0.9753959873284055,0.9946727549467276,0.872,15.082266787748107,MEDIUM
SeasonalNaive,gaussian,7,0.95,18,9470.0,9263.0,207.0,23,5256,798.2773972602739,1441.1755091732903,129,125,13,288.23510183465805,129.0,114.8039996981621,532.0391015328202,0.9781414994720169,0.9956240487062404,0.896,14.504669729769153,MEDIUM
SeasonalNaive,gaussian,7,0.98,18,9470.0,9294.0,176.0,20,5256,837.804794520548,1521.1630234898362,130,126,10,304.2326046979672,130.0,90.77399951219562,525.0066042101628,0.9814149947201689,0.9961948249619482,0.9206349206349207,13.866595268947306,MEDIUM
SeasonalNaive,gaussian,14,0.9,18,9470.0,9135.0,335.0,36,5256,999.2842465753424,1828.1677286219106,128,120,14,365.63354572438215,128.0,197.1239990472794,690.7575447716615,0.9646251319957762,0.9931506849315068,0.8833333333333333,11.426928863467346,MEDIUM
SeasonalNaive,gaussian,14,0.95,18,9470.0,9165.0,305.0,29,5256,1070.791095890411,1999.523869360677,130,121,13,399.9047738721354,130.0,177.827998995781,707.7327728679164,0.96779303062302,0.994482496194825,0.8925619834710744,10.69886558075421,MEDIUM
SeasonalNaive,gaussian,14,0.98,18,9470.0,9275.0,195.0,16,5256,1167.0650684931506,2196.553636287071,130,121,12,439.3107272574142,130.0,115.40699951648716,684.7177267739013,0.9794086589229145,0.9969558599695586,0.9008264462809917,9.934107628608235,MEDIUM
XGBoost,empirical,3,0.9,18,9470.0,9167.0,303.0,37,5256,588.0753424657535,1025.1161755908433,140,137,25,205.02323511816866,140.0,160.52099878191953,505.54423390008816,0.9680042238648363,0.9929604261796042,0.8175182481751825,19.485173365634353,MEDIUM
XGBoost,empirical,3,0.95,18,9470.0,9225.0,245.0,29,5256,614.3527397260274,1083.4492850304466,141,140,17,216.6898570060893,141.0,154.5689989328385,512.2588559389278,0.9741288278775079,0.994482496194825,0.8785714285714286,18.76975433550178,MEDIUM
XGBoost,empirical,3,0.98,18,9470.0,9253.0,217.0,21,5256,638.9623287671233,1126.8945693012786,140,140,13,225.37891386025572,140.0,117.32999905943873,482.70891291969446,0.9770855332629356,0.9960045662100456,0.9071428571428571,18.101614882863377,MEDIUM
XGBoost,empirical,7,0.9,18,9470.0,9045.0,425.0,65,5256,642.1335616438356,1146.2257401556797,138,132,32,229.24514803113593,138.0,260.0939992368222,627.3391472679582,0.9551214361140443,0.9876331811263318,0.7575757575757576,17.607318282907475,MEDIUM
XGBoost,empirical,7,0.95,18,9470.0,9150.0,320.0,37,5256,670.5445205479452,1210.3639120616324,141,135,17,242.0727824123265,141.0,176.2379990100861,559.3107814224126,0.9662090813093981,0.9929604261796042,0.8740740740740741,17.057032977696515,MEDIUM
XGBoost,empirical,7,0.98,18,9470.0,9198.0,272.0,23,5256,726.8938356164383,1317.0021524325011,139,135,8,263.4004304865002,139.0,152.92799878120428,555.3284292677045,0.9712777191129884,0.9956240487062404,0.9407407407407408,15.817302935647554,MEDIUM
XGBoost,empirical,14,0.9,18,9470.0,8882.0,588.0,75,5256,748.9828767123288,1362.507808849542,136,130,21,272.5015617699084,136.0,335.0729990780354,743.5745608479439,0.937909186906019,0.985730593607306,0.8384615384615385,14.82343634975286,MEDIUM
XGBoost,empirical,14,0.95,18,9470.0,8966.0,504.0,61,5256,803.1164383561644,1465.8252922373072,140,131,22,293.16505844746143,140.0,280.47299836277966,713.6380568102411,0.946779303062302,0.9883942161339422,0.83206106870229,13.95501257942092,MEDIUM
XGBoost,empirical,14,0.98,18,9470.0,9140.0,330.0,22,5256,906.7876712328767,1622.1087312952907,141,132,10,324.4217462590582,141.0,184.4279992103577,649.8497454694159,0.9651531151003168,0.995814307458143,0.9242424242424242,12.599421410820977,MEDIUM
XGBoost,gaussian,3,0.9,18,9470.0,9209.0,261.0,35,5256,590.2705479452055,1031.6711722507869,140,138,23,206.33423445015737,140.0,167.25899897217755,513.593233422335,0.9724392819429778,0.9933409436834094,0.8333333333333334,19.501650624568487,MEDIUM
XGBoost,gaussian,3,0.95,18,9470.0,9235.0,235.0,29,5256,607.9041095890411,1061.981723651045,141,141,17,212.396344730209,141.0,145.0349990129471,498.4313437431561,0.9751847940865892,0.994482496194825,0.8794326241134752,18.989425828695044,MEDIUM
XGBoost,gaussian,3,0.98,18,9470.0,9248.0,222.0,23,5256,632.681506849315,1101.2376995533295,139,138,14,220.24753991066592,139.0,124.69499895572667,483.94253886639257,0.976557550158395,0.9956240487062404,0.8985507246376812,18.271436536161048,MEDIUM
XGBoost,gaussian,7,0.9,18,9470.0,9085.0,385.0,54,5256,645.554794520548,1140.8586346892462,140,133,25,228.1717269378492,140.0,237.3419989228249,605.5137258606741,0.9593453009503696,0.9897260273972602,0.8120300751879699,17.591457915565883,MEDIUM
XGBoost,gaussian,7,0.95,18,9470.0,9137.0,333.0,39,5256,672.8458904109589,1205.8117788033737,140,134,17,241.16235576067476,140.0,192.35999894142157,573.5223547020963,0.9648363252375924,0.992579908675799,0.8731343283582089,16.974540771920537,MEDIUM
XGBoost,gaussian,7,0.98,18,9470.0,9193.0,277.0,27,5256,713.167808219178,1279.731490767737,140,135,10,255.9462981535474,140.0,151.5599987983704,547.5062969519178,0.9707497360084477,0.9948630136986302,0.9259259259259259,16.112967898388916,MEDIUM
XGBoost,gaussian,14,0.9,18,9470.0,8937.0,533.0,68,5256,764.9965753424658,1368.5015115513784,137,130,19,273.7003023102757,137.0,303.23099829554565,713.9313006058213,0.9437170010559662,0.987062404870624,0.8538461538461538,14.60300654940706,MEDIUM
XGBoost,gaussian,14,0.95,18,9470.0,9015.0,455.0,49,5256,820.1164383561644,1472.57552195371,138,131,19,294.515104390742,138.0,247.88699818253522,680.4021025732773,0.9519535374868004,0.9906773211567732,0.8549618320610687,13.740426935700745,MEDIUM
XGBoost,gaussian,14,0.98,18,9470.0,9061.0,409.0,40,5256,880.2054794520548,1589.7458614797215,141,133,12,317.9491722959443,141.0,219.13199794292456,678.0811702388689,0.9568109820485744,0.9923896499238964,0.9097744360902256,12.867734028480275,MEDIUM
A_historical,gaussian,3,0.9,18,9470.0,9199.0,271.0,60,5256,576.3595890410959,940.3206914601873,143,140,40,188.06413829203746,143.0,675.3059989571573,1006.3701372491947,0.9713833157338965,0.9885844748858448,0.7142857142857143,19.950652715140496,HIGH
A_historical,gaussian,3,0.95,18,9470.0,9286.0,184.0,43,5256,594.3869863013699,976.2164273372659,145,141,29,195.24328546745318,145.0,512.153998553753,852.3972840212062,0.9805702217529039,0.9918188736681888,0.7943262411347518,19.52852311291131,HIGH
A_historical,gaussian,3,0.98,18,9470.0,9331.0,139.0,34,5256,614.3972602739726,1010.8659239593842,146,140,24,202.17318479187682,146.0,343.00799818038945,691.1811829722664,0.9853220696937698,0.993531202435312,0.8285714285714285,18.984052752446992,HIGH
A_historical,gaussian,7,0.9,18,9470.0,9068.0,402.0,84,5256,636.013698630137,1040.0229135265088,139,137,45,208.00458270530177,139.0,998.1359985709192,1345.140581276221,0.9575501583949314,0.9840182648401826,0.6715328467153285,17.821943182062935,HIGH
A_historical,gaussian,7,0.95,18,9470.0,9095.0,375.0,65,5256,675.9897260273973,1117.0857695270686,141,138,35,223.41715390541373,141.0,850.3289998412134,1214.7461537466272,0.9604012671594508,0.9876331811263318,0.7463768115942029,16.81793311684035,HIGH
A_historical,gaussian,7,0.98,18,9470.0,9122.0,348.0,51,5256,721.4589041095891,1185.5261125107334,143,139,23,237.10522250214666,143.0,728.2619999527933,1108.36722245494,0.9632523759239704,0.990296803652968,0.8345323741007195,15.804781027788062,HIGH
A_historical,gaussian,14,0.9,18,9470.0,8820.0,650.0,104,5256,728.6609589041096,1204.5693251161542,138,131,31,240.91386502323084,138.0,1522.2419990301134,1901.1558640533444,0.9313621964097148,0.9802130898021308,0.7633587786259541,15.130493633941034,HIGH
A_historical,gaussian,14,0.95,18,9470.0,8863.0,607.0,96,5256,750.1746575342465,1263.4555061300118,141,133,33,252.69110122600236,141.0,1341.0630005300047,1734.7541017560072,0.9359028511087645,0.9817351598173516,0.7518796992481203,14.76822749040178,HIGH
A_historical,gaussian,14,0.98,18,9470.0,8934.0,536.0,76,5256,797.7876712328767,1355.3807762866559,142,135,25,271.07615525733115,142.0,1086.7679992854598,1499.8441545427909,0.9434002111932418,0.9855403348554034,0.8148148148148149,13.998085458931806,HIGH
Croston,empirical,3,0.9,18,9470.0,9254.0,216.0,58,5256,575.1027397260274,972.9112298713562,146,146,37,194.58224597427125,146.0,496.7099974036218,837.292243377893,0.9771911298838437,0.98896499238965,0.7465753424657534,20.11379741558983,HIGH
Croston,empirical,3,0.95,18,9470.0,9304.0,166.0,38,5256,587.0650684931506,1009.3632983061343,148,147,24,201.8726596612269,148.0,395.2079976439477,745.0806573051746,0.9824709609292502,0.9927701674277016,0.8367346938775511,19.81041050500808,HIGH
Croston,empirical,3,0.98,18,9470.0,9337.0,133.0,26,5256,622.7191780821918,1072.8141990710203,148,148,19,214.56283981420404,148.0,317.5199963092805,680.0828361234845,0.9859556494192185,0.9950532724505328,0.8716216216216216,18.742396911468703,HIGH
Croston,empirical,7,0.9,18,9470.0,9106.0,364.0,57,5256,636.7191780821918,1095.9524112701824,146,143,28,219.19048225403648,146.0,743.7869956612589,1108.9774779152954,0.9615628299894403,0.9891552511415526,0.8041958041958042,17.876797796925594,HIGH
Croston,empirical,7,0.95,18,9470.0,9197.0,273.0,42,5256,669.2123287671233,1168.794219678824,149,146,21,233.75884393576482,149.0,522.6479974508287,905.4068413865934,0.9711721224920803,0.9920091324200914,0.8561643835616438,17.17877795404534,HIGH
Croston,empirical,7,0.98,18,9470.0,9238.0,232.0,26,5256,709.6404109589041,1261.7717686215694,150,146,13,252.3543537243139,150.0,368.8649987339974,771.2193524583114,0.9755015839493136,0.9950532724505328,0.910958904109589,16.272325845136695,HIGH
Croston,empirical,14,0.9,18,9470.0,9003.0,467.0,67,5256,769.0821917808219,1331.2071656475532,147,138,26,266.24143312951065,147.0,874.025997412205,1287.2674305417156,0.9506863780359028,0.9872526636225266,0.8115942028985508,14.63270131628164,HIGH
Croston,empirical,14,0.95,18,9470.0,9048.0,422.0,49,5256,829.7260273972603,1479.4937993921849,148,138,22,295.898759878437,148.0,706.2929954767229,1150.1917553551598,0.9554382259767688,0.9906773211567732,0.8405797101449275,13.631005448241703,HIGH
Croston,empirical,14,0.98,18,9470.0,9136.0,334.0,32,5256,877.8904109589041,1596.7160631554175,148,140,14,319.3432126310835,148.0,562.796997356415,1030.1402099874983,0.9647307286166843,0.9939117199391172,0.9,13.008457385388384,HIGH
Croston,gaussian,3,0.9,18,9470.0,9253.0,217.0,53,5256,577.263698630137,946.9021549865603,147,146,38,189.38043099731206,147.0,627.2909984529019,963.6714294502141,0.9770855332629356,0.9899162861491628,0.7397260273972603,20.03633699372927,HIGH
Croston,gaussian,3,0.95,18,9470.0,9308.0,162.0,40,5256,593.6027397260274,1005.3168669926181,148,147,26,201.06337339852362,148.0,386.2169962406159,735.2803696391395,0.9828933474128828,0.9923896499238964,0.8231292517006803,19.600650774236726,HIGH
Croston,gaussian,3,0.98,18,9470.0,9332.0,138.0,24,5256,606.4246575342465,1025.93944288878,150,148,18,205.18788857775598,150.0,305.5769982576371,660.7648868353931,0.9854276663146779,0.995433789954338,0.8783783783783784,19.235695407621588,HIGH
Croston,gaussian,7,0.9,18,9470.0,9098.0,372.0,63,5256,637.1369863013699,1081.9328738792096,146,142,30,216.38657477584195,146.0,778.0139953672888,1140.4005701431306,0.9607180570221753,0.988013698630137,0.7887323943661972,17.849379716626174,HIGH
Croston,gaussian,7,0.95,18,9470.0,9191.0,279.0,44,5256,665.5650684931506,1148.917623755846,148,145,22,229.7835247511692,148.0,575.4869955539705,953.2705203051397,0.9705385427666314,0.9916286149162862,0.8482758620689655,17.2616481000283,HIGH
Croston,gaussian,7,0.98,18,9470.0,9245.0,225.0,27,5256,704.582191780822,1239.7367989947738,150,146,14,247.94735979895478,150.0,386.0189980387688,783.9663578377236,0.9762407602956705,0.9948630136986302,0.904109589041096,16.401564125246672,HIGH
Croston,gaussian,14,0.9,18,9470.0,8973.0,497.0,70,5256,773.4041095890411,1339.4641926094685,146,138,30,267.8928385218937,146.0,1021.5089967727664,1435.40183529466,0.947518479408659,0.9866818873668188,0.782608695652174,14.502444273227237,HIGH
Croston,gaussian,14,0.95,18,9470.0,9065.0,405.0,50,5256,823.0068493150685,1434.3036928038073,149,139,21,286.8607385607615,149.0,711.4589965581896,1147.319735118951,0.957233368532207,0.9904870624048706,0.8489208633093526,13.768111419036444,HIGH
Croston,gaussian,14,0.98,18,9470.0,9157.0,313.0,24,5256,910.2431506849315,1596.7493132894576,150,141,11,319.34986265789155,150.0,530.1179963350297,999.4678589929213,0.966948257655755,0.995433789954338,0.9219858156028369,12.574936698383317,HIGH
Holt,empirical,3,0.9,18,9470.0,9243.0,227.0,44,5256,566.1780821917808,971.3614967637886,141,138,28,194.27229935275773,141.0,449.69399701952943,784.9662963722872,0.9760295670538542,0.9916286149162862,0.7971014492753623,20.406565289976047,HIGH
Holt,empirical,3,0.95,18,9470.0,9269.0,201.0,27,5256,605.9589041095891,1042.6224318196307,141,137,19,208.52448636392614,141.0,358.5329965174199,708.057482881346,0.9787750791974656,0.9948630136986302,0.8613138686131387,19.12052108059229,HIGH
Holt,empirical,3,0.98,18,9470.0,9296.0,174.0,17,5256,636.0650684931506,1091.2012090972025,143,140,11,218.24024181944048,143.0,293.7509967148305,654.991238534271,0.9816261879619852,0.996765601217656,0.9214285714285715,18.268571213206197,HIGH
Holt,empirical,7,0.9,18,9470.0,9202.0,268.0,41,5256,645.4280821917808,1146.619945674563,141,135,18,229.3239891349126,141.0,460.8629972040654,831.186986338978,0.9717001055966209,0.992199391171994,0.8666666666666667,17.821505319290054,HIGH
Holt,empirical,7,0.95,18,9470.0,9239.0,231.0,29,5256,688.1130136986302,1212.0616035282612,142,137,14,242.41232070565223,142.0,447.29999683499346,831.7123175406457,0.9756071805702218,0.994482496194825,0.8978102189781022,16.78321695723365,HIGH
Holt,empirical,7,0.98,18,9470.0,9277.0,193.0,19,5256,743.5787671232877,1326.0495561623002,141,136,9,265.20991123246,141.0,334.7549978971482,740.9649091296083,0.9796198521647307,0.9963850837138508,0.9338235294117647,15.59518710420265,HIGH
Holt,empirical,14,0.9,18,9470.0,9018.0,452.0,52,5256,763.8150684931506,1424.3151004900467,141,134,22,284.8630200980093,141.0,854.9009985923769,1280.7640186903864,0.9522703273495248,0.9901065449010654,0.835820895522388,14.758153465390928,HIGH
Holt,empirical,14,0.95,18,9470.0,9126.0,344.0,37,5256,848.486301369863,1574.1787481252868,141,134,14,314.83574962505736,141.0,622.9889991760256,1078.824748801083,0.963674762407603,0.9929604261796042,0.8955223880597015,13.44453054997215,HIGH
Holt,empirical,14,0.98,18,9470.0,9196.0,274.0,22,5256,947.8287671232877,1754.3897208052547,143,135,13,350.8779441610509,143.0,482.291997742653,976.169941903704,0.9710665258711721,0.995814307458143,0.9037037037037037,12.127718000043359,HIGH
Holt,gaussian,3,0.9,18,9470.0,9234.0,236.0,38,5256,562.8595890410959,965.9185651688747,142,139,24,193.18371303377492,142.0,463.2839971482755,798.4677101820504,0.9750791974656811,0.9927701674277016,0.8273381294964028,20.506890572236927,HIGH
Holt,gaussian,3,0.95,18,9470.0,9263.0,207.0,29,5256,598.431506849315,1018.2637265639353,141,138,20,203.65274531278706,141.0,387.41399568915375,732.0667410019408,0.9781414994720169,0.994482496194825,0.855072463768116,19.34849664076181,HIGH
Holt,gaussian,3,0.98,18,9470.0,9292.0,178.0,20,5256,622.3835616438356,1068.9167572908614,142,138,14,213.78335145817226,142.0,310.83299667835246,666.6163481365247,0.9812038014783527,0.9961948249619482,0.8985507246376812,18.662125280626842,HIGH
Holt,gaussian,7,0.9,18,9470.0,9169.0,301.0,42,5256,654.2876712328767,1162.6742299401596,139,134,20,232.53484598803192,139.0,518.0849964916707,889.6198424797026,0.9682154171066526,0.9920091324200914,0.8507462686567164,17.517141929945772,HIGH
Holt,gaussian,7,0.95,18,9470.0,9226.0,244.0,35,5256,679.5890410958904,1194.4646584445277,141,137,15,238.89293168890555,141.0,466.2809967041017,846.1739283930071,0.974234424498416,0.9933409436834094,0.8905109489051095,16.969814553517438,HIGH
Holt,gaussian,7,0.98,18,9470.0,9248.0,222.0,23,5256,713.9417808219179,1286.4850763052498,142,136,11,257.2970152610499,142.0,386.0369983434678,785.3340136045177,0.976557550158395,0.9956240487062404,0.9191176470588235,16.191796460898637,HIGH
Holt,gaussian,14,0.9,18,9470.0,9041.0,429.0,44,5256,783.0787671232877,1435.1599229903456,141,134,19,287.03198459806913,141.0,795.140997862816,1223.1729824608851,0.9546990496304119,0.9916286149162862,0.8582089552238806,14.431817684849491,HIGH
Holt,gaussian,14,0.95,18,9470.0,9099.0,371.0,38,5256,833.9657534246576,1562.8030769084821,141,134,17,312.56061538169644,141.0,660.8609973907473,1114.4216127724437,0.9608236536430834,0.9927701674277016,0.8731343283582089,13.63814995195427,HIGH
Holt,gaussian,14,0.98,18,9470.0,9172.0,298.0,28,5256,869.4212328767123,1686.174025464609,143,136,14,337.23480509292176,143.0,531.098997974396,1011.3338030673177,0.968532206969377,0.9946727549467276,0.8970588235294118,13.186933521355334,HIGH
HoltWinters,empirical,3,0.9,18,9470.0,9226.0,244.0,46,5256,581.3561643835617,996.8222711468395,141,140,31,199.3644542293679,141.0,480.4649950861932,820.8294493155611,0.974234424498416,0.991248097412481,0.7785714285714286,19.837236975423547,HIGH
HoltWinters,empirical,3,0.95,18,9470.0,9266.0,204.0,31,5256,611.2602739726027,1061.0201337013139,141,137,21,212.20402674026275,141.0,384.7409956097604,737.9450223500231,0.9784582893347413,0.9941019786910198,0.8467153284671532,18.948556765720944,HIGH
HoltWinters,empirical,3,0.98,18,9470.0,9307.0,163.0,16,5256,637.8116438356165,1102.5246922978185,143,139,10,220.50493845956373,143.0,287.2709968328477,650.7759352924114,0.9827877507919747,0.9969558599695586,0.9280575539568345,18.24010287745448,HIGH
HoltWinters,empirical,7,0.9,18,9470.0,9205.0,265.0,39,5256,643.1198630136986,1146.087322479609,141,136,19,229.21746449592177,141.0,525.572998148203,895.7904626441248,0.9720168954593453,0.992579908675799,0.8602941176470589,17.891299370044358,HIGH
HoltWinters,empirical,7,0.95,18,9470.0,9247.0,223.0,26,5256,690.4897260273973,1230.34454872551,142,138,13,246.06890974510205,142.0,442.097998148203,830.166907893305,0.9764519535374868,0.9950532724505328,0.9057971014492754,16.73993046428235,HIGH
HoltWinters,empirical,7,0.98,18,9470.0,9276.0,194.0,19,5256,744.263698630137,1335.8861864140997,140,137,10,267.17723728281993,140.0,347.1029979228975,754.2802352057174,0.9795142555438225,0.9963850837138508,0.927007299270073,15.579155642470953,HIGH
HoltWinters,empirical,14,0.9,18,9470.0,9022.0,448.0,52,5256,795.486301369863,1481.290665546223,139,133,21,296.25813310924457,139.0,810.0719980001452,1245.3301311093896,0.9526927138331573,0.9901065449010654,0.8421052631578947,14.176862606659148,HIGH
HoltWinters,empirical,14,0.95,18,9470.0,9070.0,400.0,41,5256,854.513698630137,1600.4510425221224,139,134,17,320.09020850442454,139.0,689.8589980602267,1148.9492065646511,0.9577613516367476,0.992199391171994,0.8731343283582089,13.267780280380574,HIGH
HoltWinters,empirical,14,0.98,18,9470.0,9178.0,292.0,26,5256,927.0582191780821,1759.7473573258274,142,134,14,351.94947146516546,142.0,502.1099977254869,996.0594691906523,0.9691657866948258,0.9950532724505328,0.8955223880597015,12.375166696835254,HIGH
HoltWinters,gaussian,3,0.9,18,9470.0,9235.0,235.0,47,5256,577.7602739726027,991.4698841861665,141,140,30,198.29397683723332,141.0,458.62199478149427,797.9159716187276,0.9751847940865892,0.9910578386605784,0.7857142857142857,19.980172607968893,HIGH
HoltWinters,gaussian,3,0.95,18,9470.0,9262.0,208.0,33,5256,602.6780821917808,1034.3153020937557,142,139,24,206.86306041875113,142.0,399.51899664402015,748.3820570627713,0.9780359028511088,0.9937214611872146,0.8273381294964028,19.210089668261524,HIGH
HoltWinters,gaussian,3,0.98,18,9470.0,9288.0,182.0,25,5256,620.7705479452055,1075.9174523776524,142,138,17,215.18349047553048,142.0,341.6399953007699,698.8234857763003,0.9807814149947202,0.9952435312024354,0.8768115942028986,18.70256254654787,HIGH
HoltWinters,gaussian,7,0.9,18,9470.0,9218.0,252.0,39,5256,648.3732876712329,1157.814767834789,140,135,19,231.56295356695782,140.0,505.00799759030355,876.5709511572613,0.973389651531151,0.992579908675799,0.8592592592592593,17.7713983890136,HIGH
HoltWinters,gaussian,7,0.95,18,9470.0,9233.0,237.0,35,5256,682.013698630137,1210.6361207833029,140,137,15,242.12722415666056,140.0,477.3239964723588,859.4512206290194,0.9749736008447729,0.9933409436834094,0.8905109489051095,16.922314057886595,HIGH
HoltWinters,gaussian,7,0.98,18,9470.0,9272.0,198.0,20,5256,718.8527397260274,1301.2841072094766,141,138,12,260.25682144189534,141.0,355.18499751091014,756.4418189528054,0.9790918690601901,0.9961948249619482,0.9130434782608696,16.12291274624235,HIGH
HoltWinters,gaussian,14,0.9,18,9470.0,9026.0,444.0,48,5256,801.4965753424658,1482.2312308648268,139,133,19,296.44624617296535,139.0,785.4659974336626,1220.912243606628,0.9531151003167898,0.9908675799086758,0.8571428571428572,14.076791276593017,HIGH
HoltWinters,gaussian,14,0.95,18,9470.0,9066.0,404.0,42,5256,833.4349315068492,1584.355861236012,142,134,19,316.8711722472024,142.0,695.6099970817568,1154.4811693289591,0.9573389651531151,0.9920091324200914,0.8582089552238806,13.597342241836271,HIGH
HoltWinters,gaussian,14,0.98,18,9470.0,9126.0,344.0,31,5256,876.4965753424658,1708.8126730566971,143,134,16,341.7625346113394,143.0,592.3349964380267,1077.0975310493661,0.963674762407603,0.9941019786910198,0.8805970149253731,13.014882568757155,HIGH
MovingAverage,empirical,3,0.9,18,9470.0,9205.0,265.0,55,5256,581.1130136986302,985.1633149131111,142,141,37,197.03266298262224,142.0,543.3749990344049,882.4076620170271,0.9720168954593453,0.9895357686453576,0.7375886524822695,19.8003653829154,HIGH
MovingAverage,empirical,3,0.95,18,9470.0,9305.0,165.0,24,5256,609.3664383561644,1042.7431333509414,145,142,17,208.54862667018827,145.0,337.0769980967046,690.6256247668929,0.9825765575501584,0.995433789954338,0.8802816901408451,19.087447663472616,HIGH
MovingAverage,empirical,3,0.98,18,9470.0,9294.0,176.0,21,5256,633.263698630137,1079.0400753189235,147,145,13,215.8080150637847,147.0,339.3629966139794,702.1710116777641,0.9814149947201689,0.9960045662100456,0.9103448275862069,18.34543812495606,HIGH
MovingAverage,empirical,7,0.9,18,9470.0,9120.0,350.0,58,5256,618.5719178082192,1068.6663158030337,148,143,27,213.73326316060675,148.0,683.7569979786874,1045.4902611392943,0.9630411826821542,0.98896499238965,0.8111888111888113,18.429546624737714,HIGH
MovingAverage,empirical,7,0.95,18,9470.0,9140.0,330.0,45,5256,675.4520547945206,1174.4888161128717,148,144,22,234.89776322257435,148.0,686.4839983820917,1069.381761604666,0.9651531151003168,0.9914383561643836,0.8472222222222222,16.914598036829723,HIGH
MovingAverage,empirical,7,0.98,18,9470.0,9213.0,257.0,25,5256,719.4794520547945,1265.531391742805,148,144,13,253.106278348561,148.0,475.2899984121324,876.3962767606935,0.9728616684266104,0.9952435312024354,0.9097222222222222,16.006363999847682,HIGH
MovingAverage,empirical,14,0.9,18,9470.0,8971.0,499.0,60,5256,760.9828767123288,1337.1464254608097,144,137,19,267.42928509216193,144.0,951.9389996051791,1363.3682846973409,0.9473072861668427,0.9885844748858448,0.8613138686131387,14.735876907568167,HIGH
MovingAverage,empirical,14,0.95,18,9470.0,9115.0,355.0,42,5256,836.1301369863014,1469.3743394152962,146,138,18,293.8748678830592,146.0,673.6409989356996,1113.515866818759,0.9625131995776135,0.9920091324200914,0.8695652173913043,13.626766332172844,HIGH
MovingAverage,empirical,14,0.98,18,9470.0,9129.0,341.0,29,5256,932.2089041095891,1604.4668373856641,148,139,13,320.8933674771328,148.0,627.263998103142,1096.157365580275,0.9639915522703274,0.994482496194825,0.9064748201438849,12.241086680994103,HIGH
MovingAverage,gaussian,3,0.9,18,9470.0,9171.0,299.0,47,5256,572.5890410958904,962.4757639049259,143,141,31,192.49515278098517,143.0,651.3659958243371,986.8611486053223,0.9684266103484689,0.9910578386605784,0.7801418439716312,20.020903610134216,HIGH
MovingAverage,gaussian,3,0.95,18,9470.0,9295.0,175.0,35,5256,600.2089041095891,1014.7714213465582,145,144,22,202.95428426931164,145.0,373.86899696588523,721.8232812351969,0.981520591341077,0.9933409436834094,0.8472222222222222,19.35784344491929,HIGH
MovingAverage,gaussian,3,0.98,18,9470.0,9284.0,186.0,26,5256,635.1130136986302,1085.0244524141287,145,142,18,217.00489048282577,145.0,386.2529963672162,748.2578868500419,0.9803590285110877,0.9950532724505328,0.8732394366197183,18.27233854399767,HIGH
MovingAverage,gaussian,7,0.9,18,9470.0,9109.0,361.0,59,5256,627.8253424657535,1084.3225825784752,147,143,28,216.86451651569504,147.0,736.8479966998102,1100.7125132155052,0.9618796198521647,0.9887747336377474,0.8041958041958042,18.136015273421517,HIGH
MovingAverage,gaussian,7,0.95,18,9470.0,9143.0,327.0,44,5256,664.5479452054794,1154.1041446113832,146,142,23,230.8208289222766,146.0,671.5349981546403,1048.355827076917,0.9654699049630412,0.9916286149162862,0.8380281690140845,17.19778096141161,HIGH
MovingAverage,gaussian,7,0.98,18,9470.0,9240.0,230.0,19,5256,702.2979452054794,1243.6543532493383,149,142,8,248.73087064986765,149.0,403.1729985237123,800.9038691735799,0.9757127771911299,0.9963850837138508,0.9436619718309859,16.446011381423993,HIGH
MovingAverage,gaussian,14,0.9,18,9470.0,9022.0,448.0,59,5256,778.4931506849315,1353.3002195908393,144,136,18,270.6600439181679,144.0,873.062998223305,1287.723042141473,0.9526927138331573,0.9887747336377474,0.8676470588235294,14.486318845680099,HIGH
MovingAverage,gaussian,14,0.95,18,9470.0,9065.0,405.0,46,5256,803.3664383561644,1441.5139800282986,147,138,20,288.3027960056597,147.0,755.9549981117251,1191.2577941173847,0.957233368532207,0.991248097412481,0.855072463768116,14.10470920740207,HIGH
MovingAverage,gaussian,14,0.98,18,9470.0,9148.0,322.0,29,5256,919.1472602739726,1597.9532404325391,148,138,14,319.5906480865078,148.0,573.5339978456499,1041.1246459321578,0.9659978880675818,0.994482496194825,0.8985507246376812,12.44087916509868,HIGH
Naive,empirical,3,0.9,18,9470.0,9447.0,23.0,4,5256,1173.7705479452054,1964.2114555807552,93,93,4,392.84229111615105,93.0,39.09599962234498,524.9382907384961,0.997571277719113,0.9992389649923896,0.956989247311828,10.060526753437728,HIGH
Naive,empirical,3,0.95,18,9470.0,9451.0,19.0,3,5256,1095.0479452054794,1992.1025259024475,95,95,3,398.4205051804895,95.0,29.735999536514292,523.1565047170038,0.9979936642027455,0.9994292237442922,0.968421052631579,10.788340411691488,HIGH
Naive,empirical,3,0.98,18,9470.0,9468.0,2.0,1,5256,1115.414383561644,2013.977909442578,96,96,1,402.79558188851564,96.0,1.8000000000000003,500.59558188851565,0.9997888067581837,0.9998097412480974,0.9895833333333334,10.610406477106302,HIGH
Naive,empirical,7,0.9,18,9470.0,9416.0,54.0,5,5256,1869.708904109589,3171.400834942578,88,88,2,634.2801669885157,88.0,104.7779994249344,827.0581664134501,0.9942977824709609,0.999048706240487,0.9772727272727273,6.295097581302489,HIGH
Naive,empirical,7,0.95,18,9470.0,9422.0,48.0,5,5256,1900.5068493150684,3203.422311630049,92,91,2,640.6844623260098,92.0,91.51199941635134,824.1964617423611,0.9949313621964098,0.999048706240487,0.978021978021978,6.197031073181631,HIGH
Naive,empirical,7,0.98,18,9470.0,9429.0,41.0,4,5256,1956.236301369863,3345.4020652179643,92,92,2,669.0804130435929,92.0,69.33599910736086,830.4164121509538,0.9956705385427667,0.9992389649923896,0.9782608695652174,6.0249623175618545,HIGH
Naive,empirical,14,0.9,18,9470.0,9347.0,123.0,10,5256,2796.376712328767,4950.772062223088,88,85,4,990.1544124446176,88.0,240.89399878978733,1319.048411234405,0.9870116156282999,0.9980974124809742,0.9529411764705882,4.178174545828629,HIGH
Naive,empirical,14,0.95,18,9470.0,9358.0,112.0,9,5256,2867.2328767123286,5098.639702945702,89,86,4,1019.7279405891405,89.0,212.3099985837937,1321.0379391729343,0.9881731784582893,0.9982876712328768,0.9534883720930233,4.07971744988247,HIGH
Naive,empirical,14,0.98,18,9470.0,9378.0,92.0,5,5256,2962.3253424657532,5332.751515024042,90,87,2,1066.5503030048085,90.0,147.38399763107304,1303.9343006358815,0.990285110876452,0.999048706240487,0.9770114942528736,3.957195326237372,HIGH
Naive,gaussian,3,0.9,18,9470.0,9450.0,20.0,2,5256,1070.9212328767123,2010.6602418727662,93,93,2,402.1320483745532,93.0,31.337999510765083,526.4700478853183,0.9978880675818373,0.9996194824961948,0.978494623655914,11.030222986866384,HIGH
Naive,gaussian,3,0.95,18,9470.0,9454.0,16.0,1,5256,1102.7979452054794,2083.654779433918,93,93,1,416.73095588678365,93.0,25.631999588012704,535.3629554747963,0.9983104540654699,0.9998097412480974,0.989247311827957,10.715924935640045,HIGH
Naive,gaussian,3,0.98,18,9470.0,9458.0,12.0,1,5256,1151.791095890411,2162.6965021934,95,95,1,432.5393004386801,95.0,19.223999691009528,546.7633001296896,0.9987328405491024,0.9998097412480974,0.9894736842105263,10.264448164413375,HIGH
Naive,gaussian,7,0.9,18,9470.0,9420.0,50.0,5,5256,1887.736301369863,3175.0850399211454,93,93,2,635.0170079842292,93.0,94.71599936485293,822.7330073490821,0.9947201689545935,0.999048706240487,0.978494623655914,6.237629689832898,HIGH
Naive,gaussian,7,0.95,18,9470.0,9429.0,41.0,4,5256,1838.9554794520548,3287.1255539475032,94,94,2,657.4251107895006,94.0,72.98999927043917,824.4151100599398,0.9956705385427667,0.9992389649923896,0.9787234042553191,6.409208994832162,HIGH
Naive,gaussian,7,0.98,18,9470.0,9435.0,35.0,2,5256,1933.8150684931506,3470.8819304798562,96,96,1,694.1763860959712,96.0,56.06999909877779,846.246385194749,0.9963041182682154,0.9996194824961948,0.9895833333333334,6.098695884705157,HIGH
Naive,gaussian,14,0.9,18,9470.0,9359.0,111.0,8,5256,2904.8698630136987,5205.579852936039,89,86,4,1041.1159705872078,89.0,207.05399844646462,1337.1699690336725,0.9882787750791975,0.9984779299847792,0.9534883720930233,4.027288846551964,HIGH
Naive,gaussian,14,0.95,18,9470.0,9376.0,94.0,6,5256,3038.873287671233,5496.289589074254,94,91,4,1099.2579178148508,94.0,165.20399823188788,1358.4619160467387,0.9900739176346357,0.9988584474885844,0.9560439560439561,3.8566925602157434,HIGH
Naive,gaussian,14,0.98,18,9470.0,9394.0,76.0,4,5256,3195.332191780822,5835.704486071471,94,91,4,1167.1408972142942,94.0,125.40599820613865,1386.546895420433,0.9919746568109821,0.9992389649923896,0.9560439560439561,3.674891778139559,HIGH
SARIMA,empirical,3,0.9,18,9470.0,9182.0,288.0,54,5256,583.7705479452055,1029.5419254068438,139,136,35,205.90838508136875,139.0,509.32799631357204,854.2363813949407,0.9695881731784582,0.9897260273972602,0.7426470588235294,19.660978170959925,HIGH
SARIMA,empirical,3,0.95,18,9470.0,9246.0,224.0,36,5256,606.6883561643835,1073.3150349747032,140,139,24,214.66300699494064,140.0,422.90099633932124,777.5640033342619,0.9763463569165787,0.9931506849315068,0.8273381294964028,19.05014309664527,HIGH
SARIMA,empirical,3,0.98,18,9470.0,9303.0,167.0,17,5256,641.7465753424658,1122.2148537660094,144,142,10,224.44297075320188,144.0,293.58899660110484,662.0319673543067,0.9823653643083421,0.996765601217656,0.9295774647887324,18.120470676129994,HIGH
SARIMA,empirical,7,0.9,18,9470.0,9073.0,397.0,63,5256,633.4520547945206,1142.0139221607617,137,135,33,228.40278443215234,137.0,777.0509949445726,1142.453779376725,0.958078141499472,0.988013698630137,0.7555555555555555,17.903880671251244,HIGH
SARIMA,empirical,7,0.95,18,9470.0,9139.0,331.0,41,5256,669.6849315068494,1210.7012544088575,141,139,21,242.1402508817715,141.0,615.5279953479768,998.6682462297483,0.9650475184794086,0.992199391171994,0.8489208633093526,17.058394869801788,HIGH
SARIMA,empirical,7,0.98,18,9470.0,9159.0,311.0,32,5256,730.9520547945206,1314.268172229908,141,139,14,262.8536344459816,141.0,540.5039963006975,944.3576307466791,0.9671594508975713,0.9939117199391172,0.8992805755395683,15.662792005172461,HIGH
SARIMA,empirical,14,0.9,18,9470.0,8895.0,575.0,67,5256,741.3287671232877,1367.4041418377055,139,132,18,273.4808283675411,139.0,982.0259960174562,1394.5068243849973,0.9392819429778247,0.9872526636225266,0.8636363636363636,14.998406230944067,HIGH
SARIMA,empirical,14,0.95,18,9470.0,8958.0,512.0,57,5256,821.3698630136986,1504.3715831694537,140,132,16,300.8743166338907,140.0,850.5809956312181,1291.455312265109,0.9459345300950369,0.9891552511415526,0.8787878787878788,13.632713475650434,HIGH
SARIMA,empirical,14,0.98,18,9470.0,9029.0,441.0,43,5256,850.7157534246576,1584.3505862240718,144,134,15,316.8701172448143,144.0,723.8879952192309,1184.758112464045,0.9534318901795142,0.9918188736681888,0.8880597014925373,13.266769722514079,HIGH
SARIMA,gaussian,3,0.9,18,9470.0,9191.0,279.0,58,5256,580.1712328767123,1002.8643739469043,137,137,38,200.57287478938085,137.0,558.323995614052,895.8968704034328,0.9705385427666314,0.98896499238965,0.7226277372262774,19.80234342718848,HIGH
SARIMA,gaussian,3,0.95,18,9470.0,9238.0,232.0,36,5256,599.8664383561644,1049.8919087329955,140,139,25,209.9783817465991,140.0,429.5519963264466,779.5303780730458,0.9755015839493136,0.9931506849315068,0.8201438848920863,19.250118462443123,HIGH
SARIMA,gaussian,3,0.98,18,9470.0,9280.0,190.0,26,5256,620.4760273972603,1096.0336310938205,141,140,17,219.2067262187641,141.0,352.7459953308106,712.9527215495747,0.9799366420274551,0.9950532724505328,0.8785714285714286,18.69532340944591,HIGH
SARIMA,gaussian,7,0.9,18,9470.0,9084.0,386.0,54,5256,636.486301369863,1141.5890795727705,138,135,29,228.31781591455413,138.0,733.3469966053964,1099.6648125199506,0.9592397043294615,0.9897260273972602,0.7851851851851852,17.840132577184242,HIGH
SARIMA,gaussian,7,0.95,18,9470.0,9119.0,351.0,45,5256,661.1232876712329,1188.5829802917494,140,138,21,237.7165960583499,140.0,645.2009952127935,1022.9175912711434,0.9629355860612461,0.9914383561643836,0.8478260869565217,17.241489163316896,HIGH
SARIMA,gaussian,7,0.98,18,9470.0,9169.0,301.0,31,5256,706.3732876712329,1279.3909599493627,141,139,15,255.87819198987253,141.0,520.2539960324766,917.1321880223492,0.9682154171066526,0.9941019786910198,0.8920863309352518,16.225486155889868,HIGH
SARIMA,gaussian,14,0.9,18,9470.0,8915.0,555.0,63,5256,743.2294520547945,1340.4252312450171,139,132,17,268.0850462490034,139.0,954.7019961118701,1361.7870423608736,0.9413938753959873,0.988013698630137,0.8712121212121212,14.993687305032186,HIGH
SARIMA,gaussian,14,0.95,18,9470.0,8946.0,524.0,55,5256,787.2842465753424,1438.8852414017874,143,133,15,287.77704828035746,143.0,880.244995236397,1311.0220435167544,0.9446673706441394,0.9895357686453576,0.887218045112782,14.203891477117018,HIGH
SARIMA,gaussian,14,0.98,18,9470.0,9026.0,444.0,40,5256,828.2191780821918,1555.2388813598718,145,135,16,311.0477762719744,145.0,736.2899949789049,1192.3377712508793,0.9531151003167898,0.9923896499238964,0.8814814814814815,13.622601720145552,HIGH
SES,empirical,3,0.9,18,9470.0,9244.0,226.0,39,5256,566.2808219178082,964.7980620686526,141,138,27,192.9596124137305,141.0,440.69399562478077,774.6536080385113,0.9761351636747624,0.992579908675799,0.8043478260869565,20.405070333950192,HIGH
SES,empirical,3,0.95,18,9470.0,9279.0,191.0,22,5256,596.1267123287671,1030.811729726971,141,138,16,206.1623459453942,141.0,345.61799622774134,692.7803421731355,0.979831045406547,0.995814307458143,0.8840579710144928,19.45685331678817,HIGH
SES,empirical,3,0.98,18,9470.0,9287.0,183.0,15,5256,635.0753424657535,1092.252383939085,143,141,10,218.45047678781697,143.0,309.78899686932573,671.2394736571426,0.980675818373812,0.9971461187214612,0.9290780141843972,18.279327228998824,HIGH
SES,empirical,7,0.9,18,9470.0,9218.0,252.0,42,5256,654.8595890410959,1161.5254149207512,140,134,19,232.30508298415026,140.0,442.84499754309667,815.1500805272469,0.973389651531151,0.9920091324200914,0.8582089552238806,17.59537493659103,HIGH
SES,empirical,7,0.95,18,9470.0,9254.0,216.0,28,5256,683.7671232876712,1209.5897404999764,142,138,13,241.9179480999953,142.0,423.26999722123156,807.1879453212268,0.9771911298838437,0.9946727549467276,0.9057971014492754,16.917309426024243,HIGH
SES,empirical,7,0.98,18,9470.0,9272.0,198.0,20,5256,751.0171232876712,1334.996227173895,139,137,9,266.99924543477897,139.0,342.58499772548686,748.5842431602658,0.9790918690601901,0.9961948249619482,0.9343065693430657,15.432404456057311,HIGH
SES,empirical,14,0.9,18,9470.0,8982.0,488.0,56,5256,784.054794520548,1452.2765760617917,140,132,24,290.45531521235836,140.0,923.4899971246722,1353.9453123370306,0.9484688489968321,0.9893455098934552,0.8181818181818181,14.319789992312531,HIGH
SES,empirical,14,0.95,18,9470.0,9132.0,338.0,39,5256,851.6609589041096,1577.9147343729253,142,132,16,315.58294687458505,142.0,604.0709991931917,1061.6539460677768,0.9643083421330517,0.992579908675799,0.8787878787878788,13.40322094215574,HIGH
SES,empirical,14,0.98,18,9470.0,9190.0,280.0,25,5256,932.5958904109589,1746.4896449543025,141,134,15,349.2979289908605,141.0,491.1479978799821,981.4459268708426,0.9704329461457233,0.9952435312024354,0.8880597014925373,12.317768197475012,HIGH
SES,gaussian,3,0.9,18,9470.0,9236.0,234.0,35,5256,569.318493150685,964.9227193594182,141,137,25,192.98454387188366,141.0,443.56499632000936,777.549540191893,0.9752903907074973,0.9933409436834094,0.8175182481751825,20.278631625170686,HIGH
SES,gaussian,3,0.95,18,9470.0,9266.0,204.0,26,5256,593.6506849315068,1017.4156479120254,141,139,19,203.48312958240507,141.0,383.8679951012135,728.3511246836187,0.9784582893347413,0.9950532724505328,0.8633093525179856,19.510631915360033,HIGH
SES,gaussian,3,0.98,18,9470.0,9290.0,180.0,21,5256,610.0068493150685,1052.6716990202665,143,138,15,210.5343398040533,143.0,309.57299659252175,663.1073363965751,0.9809926082365364,0.9960045662100456,0.8913043478260869,19.036671494818158,HIGH
SES,gaussian,7,0.9,18,9470.0,9182.0,288.0,40,5256,657.1335616438356,1163.6015142197477,139,134,19,232.72030284394955,139.0,500.093996590376,871.8142994343256,0.9695881731784582,0.9923896499238964,0.8582089552238806,17.466007931916845,HIGH
SES,gaussian,7,0.95,18,9470.0,9233.0,237.0,33,5256,678.1643835616438,1200.0774115806776,141,136,14,240.01548231613552,141.0,441.332997429371,822.3484797455066,0.9749736008447729,0.9937214611872146,0.8970588235294118,17.018366460631036,HIGH
SES,gaussian,7,0.98,18,9470.0,9271.0,199.0,23,5256,722.4760273972603,1305.1103022674786,140,138,12,261.0220604534957,140.0,353.36699752807624,754.389057981572,0.9789862724392819,0.9956240487062404,0.9130434782608696,16.040324606684585,HIGH
SES,gaussian,14,0.9,18,9470.0,9056.0,414.0,46,5256,792.0102739726027,1457.8596757822045,141,131,19,291.5719351564409,141.0,773.1449971675875,1205.7169323240284,0.9562829989440338,0.991248097412481,0.8549618320610687,14.292743884773877,HIGH
SES,gaussian,14,0.95,18,9470.0,9095.0,375.0,38,5256,838.4246575342465,1568.6838679632094,140,133,18,313.7367735926419,140.0,657.7829975366594,1111.5197711293013,0.9604012671594508,0.9927701674277016,0.8646616541353384,13.559656073850176,HIGH
SES,gaussian,14,0.98,18,9470.0,9170.0,300.0,28,5256,876.1061643835617,1686.6184057067721,144,133,14,337.3236811413544,144.0,535.2029979228975,1016.5266790642519,0.9683210137275607,0.9946727549467276,0.8947368421052632,13.083460048549192,HIGH
SeasonalNaive,empirical,3,0.9,18,9470.0,9315.0,155.0,29,5256,699.6472602739726,1197.2897311613779,131,129,20,239.4579462322756,131.0,262.7820000708104,633.239946303086,0.9836325237592397,0.994482496194825,0.8449612403100775,16.642314865122835,HIGH
SeasonalNaive,empirical,3,0.95,18,9470.0,9352.0,118.0,15,5256,701.0958904109589,1223.0321122175617,134,131,11,244.60642244351234,134.0,196.58699887990957,575.193421323422,0.9875395987328406,0.9971461187214612,0.916030534351145,16.67389605314576,HIGH
SeasonalNaive,empirical,3,0.98,18,9470.0,9385.0,85.0,8,5256,752.3595890410959,1316.6307176168038,132,131,6,263.32614352336077,132.0,139.4099996566773,534.7361431800381,0.9910242872228089,0.9984779299847792,0.9541984732824428,15.592610462972656,HIGH
SeasonalNaive,empirical,7,0.9,18,9470.0,9224.0,246.0,38,5256,747.931506849315,1323.0958168382922,132,128,17,264.6191633676584,132.0,387.98099890351307,784.6001622711715,0.9740232312565998,0.9927701674277016,0.8671875,15.41585010714482,HIGH
SeasonalNaive,empirical,7,0.95,18,9470.0,9295.0,175.0,22,5256,811.6678082191781,1410.0762593450816,134,128,13,282.0152518690163,134.0,345.11399880051624,761.1292506695326,0.981520591341077,0.995814307458143,0.8984375,14.314661592273644,HIGH
SeasonalNaive,empirical,7,0.98,18,9470.0,9292.0,178.0,19,5256,851.6780821917808,1528.9713315422812,134,129,9,305.79426630845626,134.0,283.4279986739159,723.2222649823722,0.9812038014783527,0.9963850837138508,0.9302325581395349,13.637781977562426,HIGH
SeasonalNaive,empirical,14,0.9,18,9470.0,9129.0,341.0,35,5256,966.7123287671233,1777.4591772922504,130,120,15,355.4918354584501,130.0,627.776997613907,1113.2688330723572,0.9639915522703274,0.9933409436834094,0.875,11.80418378914553,HIGH
SeasonalNaive,empirical,14,0.95,18,9470.0,9163.0,307.0,26,5256,1063.6198630136987,1959.1987638416151,130,121,13,391.839752768323,130.0,548.0549972534182,1069.8947500217412,0.9675818373812038,0.9950532724505328,0.8925619834710744,10.76864996442106,HIGH
SeasonalNaive,empirical,14,0.98,18,9470.0,9271.0,199.0,16,5256,1177.722602739726,2134.5319590634067,130,121,13,426.9063918126813,130.0,348.43499836921706,905.3413901818983,0.9789862724392819,0.9969558599695586,0.8925619834710744,9.839965687201035,HIGH
SeasonalNaive,gaussian,3,0.9,18,9470.0,9312.0,158.0,28,5256,696.236301369863,1184.3006802448465,131,127,17,236.86013604896934,131.0,271.2690004527569,639.1291365017263,0.9833157338965153,0.9946727549467276,0.8661417322834646,16.71846178818599,HIGH
SeasonalNaive,gaussian,3,0.95,18,9470.0,9339.0,131.0,20,5256,713.1061643835617,1234.5662659694683,131,128,14,246.91325319389364,131.0,226.35900015234952,604.2722533462431,0.9861668426610348,0.9961948249619482,0.890625,16.370283392643604,HIGH
SeasonalNaive,gaussian,3,0.98,18,9470.0,9378.0,92.0,10,5256,739.1643835616438,1297.2652183105072,130,127,8,259.45304366210144,130.0,153.13500003218655,542.588043694288,0.990285110876452,0.9980974124809742,0.937007874015748,15.859124520469246,HIGH
SeasonalNaive,gaussian,7,0.9,18,9470.0,9237.0,233.0,28,5256,765.5513698630137,1361.3091769424611,129,125,16,272.2618353884922,129.0,408.1319989979268,809.393834386419,0.9753959873284055,0.9946727549467276,0.872,15.082266787748107,HIGH
SeasonalNaive,gaussian,7,0.95,18,9470.0,9263.0,207.0,23,5256,798.2773972602739,1441.1755091732903,129,125,13,288.23510183465805,129.0,344.4119990944863,761.6471009291444,0.9781414994720169,0.9956240487062404,0.896,14.504669729769153,HIGH
SeasonalNaive,gaussian,7,0.98,18,9470.0,9294.0,176.0,20,5256,837.804794520548,1521.1630234898362,130,126,10,304.2326046979672,130.0,272.3219985365868,706.5546032345541,0.9814149947201689,0.9961948249619482,0.9206349206349207,13.866595268947306,HIGH
SeasonalNaive,gaussian,14,0.9,18,9470.0,9135.0,335.0,36,5256,999.2842465753424,1828.1677286219106,128,120,14,365.63354572438215,128.0,591.3719971418382,1085.0055428662204,0.9646251319957762,0.9931506849315068,0.8833333333333333,11.426928863467346,HIGH
SeasonalNaive,gaussian,14,0.95,18,9470.0,9165.0,305.0,29,5256,1070.791095890411,1999.523869360677,130,121,13,399.9047738721354,130.0,533.483996987343,1063.3887708594784,0.96779303062302,0.994482496194825,0.8925619834710744,10.69886558075421,HIGH
SeasonalNaive,gaussian,14,0.98,18,9470.0,9275.0,195.0,16,5256,1167.0650684931506,2196.553636287071,130,121,12,439.3107272574142,130.0,346.22099854946146,915.5317258068757,0.9794086589229145,0.9969558599695586,0.9008264462809917,9.934107628608235,HIGH
XGBoost,empirical,3,0.9,18,9470.0,9167.0,303.0,37,5256,588.0753424657535,1025.1161755908433,140,137,25,205.02323511816866,140.0,481.56299634575856,826.5862314639272,0.9680042238648363,0.9929604261796042,0.8175182481751825,19.485173365634353,HIGH
XGBoost,empirical,3,0.95,18,9470.0,9225.0,245.0,29,5256,614.3527397260274,1083.4492850304466,141,140,17,216.6898570060893,141.0,463.70699679851543,821.3968538046048,0.9741288278775079,0.994482496194825,0.8785714285714286,18.76975433550178,HIGH
XGBoost,empirical,3,0.98,18,9470.0,9253.0,217.0,21,5256,638.9623287671233,1126.8945693012786,140,140,13,225.37891386025572,140.0,351.9899971783162,717.3689110385719,0.9770855332629356,0.9960045662100456,0.9071428571428571,18.101614882863377,HIGH
XGBoost,empirical,7,0.9,18,9470.0,9045.0,425.0,65,5256,642.1335616438356,1146.2257401556797,138,132,32,229.24514803113593,138.0,780.2819977104665,1147.5271457416025,0.9551214361140443,0.9876331811263318,0.7575757575757576,17.607318282907475,HIGH
XGBoost,empirical,7,0.95,18,9470.0,9150.0,320.0,37,5256,670.5445205479452,1210.3639120616324,141,135,17,242.0727824123265,141.0,528.7139970302583,911.7867794425848,0.9662090813093981,0.9929604261796042,0.8740740740740741,17.057032977696515,HIGH
XGBoost,empirical,7,0.98,18,9470.0,9198.0,272.0,23,5256,726.8938356164383,1317.0021524325011,139,135,8,263.4004304865002,139.0,458.7839963436128,861.1844268301131,0.9712777191129884,0.9956240487062404,0.9407407407407408,15.817302935647554,HIGH
XGBoost,empirical,14,0.9,18,9470.0,8882.0,588.0,75,5256,748.9828767123288,1362.507808849542,136,130,21,272.5015617699084,136.0,1005.2189972341063,1413.7205590040148,0.937909186906019,0.985730593607306,0.8384615384615385,14.82343634975286,HIGH
XGBoost,empirical,14,0.95,18,9470.0,8966.0,504.0,61,5256,803.1164383561644,1465.8252922373072,140,131,22,293.16505844746143,140.0,841.4189950883391,1274.5840535358004,0.946779303062302,0.9883942161339422,0.83206106870229,13.95501257942092,HIGH
XGBoost,empirical,14,0.98,18,9470.0,9140.0,330.0,22,5256,906.7876712328767,1622.1087312952907,141,132,10,324.4217462590582,141.0,553.2839976310731,1018.7057438901313,0.9651531151003168,0.995814307458143,0.9242424242424242,12.599421410820977,HIGH
XGBoost,gaussian,3,0.9,18,9470.0,9209.0,261.0,35,5256,590.2705479452055,1031.6711722507869,140,138,23,206.33423445015737,140.0,501.77699691653265,848.1112313666899,0.9724392819429778,0.9933409436834094,0.8333333333333334,19.501650624568487,HIGH
XGBoost,gaussian,3,0.95,18,9470.0,9235.0,235.0,29,5256,607.9041095890411,1061.981723651045,141,141,17,212.396344730209,141.0,435.10499703884136,788.5013417690503,0.9751847940865892,0.994482496194825,0.8794326241134752,18.989425828695044,HIGH
XGBoost,gaussian,3,0.98,18,9470.0,9248.0,222.0,23,5256,632.681506849315,1101.2376995533295,139,138,14,220.24753991066592,139.0,374.08499686718,733.3325367778459,0.976557550158395,0.9956240487062404,0.8985507246376812,18.271436536161048,HIGH
XGBoost,gaussian,7,0.9,18,9470.0,9085.0,385.0,54,5256,645.554794520548,1140.8586346892462,140,133,25,228.1717269378492,140.0,712.0259967684748,1080.197723706324,0.9593453009503696,0.9897260273972602,0.8120300751879699,17.591457915565883,HIGH
XGBoost,gaussian,7,0.95,18,9470.0,9137.0,333.0,39,5256,672.8458904109589,1205.8117788033737,140,134,17,241.16235576067476,140.0,577.0799968242646,958.2423525849395,0.9648363252375924,0.992579908675799,0.8731343283582089,16.974540771920537,HIGH
XGBoost,gaussian,7,0.98,18,9470.0,9193.0,277.0,27,5256,713.167808219178,1279.731490767737,140,135,10,255.9462981535474,140.0,454.6799963951112,850.6262945486586,0.9707497360084477,0.9948630136986302,0.9259259259259259,16.112967898388916,HIGH
XGBoost,gaussian,14,0.9,18,9470.0,8937.0,533.0,68,5256,764.9965753424658,1368.5015115513784,137,130,19,273.7003023102757,137.0,909.692994886637,1320.3932971969125,0.9437170010559662,0.987062404870624,0.8538461538461538,14.60300654940706,HIGH
XGBoost,gaussian,14,0.95,18,9470.0,9015.0,455.0,49,5256,820.1164383561644,1472.57552195371,138,131,19,294.515104390742,138.0,743.6609945476057,1176.1760989383479,0.9519535374868004,0.9906773211567732,0.8549618320610687,13.740426935700745,HIGH
XGBoost,gaussian,14,0.98,18,9470.0,9061.0,409.0,40,5256,880.2054794520548,1589.7458614797215,141,133,12,317.9491722959443,141.0,657.3959938287736,1116.345166124718,0.9568109820485744,0.9923896499238964,0.9097744360902256,12.867734028480275,HIGH
