series_idx,series_id,tier,intermittency,policy,method,L,SL,cycles_evaluated,cycles_with_stockout,T,demand_units,fulfilled_units,stockout_units,fill_rate,stockout_days,stockout_freq,in_stock_rate,avg_inventory,max_inventory,turnover,n_orders,order_units,holding_unit_days,holding_cost,ordering_cost,avg_inventory_value,stockout_cost_LOW,total_cost_LOW,stockout_cost_MEDIUM,total_cost_MEDIUM,stockout_cost_HIGH,total_cost_HIGH,policy_label
0,FOODS_3_449_CA_3,high,regular,A_historical,gaussian,3,0.9,13,5,292,1628.0,1572.0,56.0,0.9656019656019657,8,0.0273972602739726,0.9726027397260274,59.27739726027397,168.0,33.149228724940784,13,1509.0,17309.0,16.431694678835672,13.0,82.15847339417836,8.316000080108644,37.74769475894432,33.264000320434576,62.695694999270245,99.79200096130373,129.2236956401394,A_historical
1,HOUSEHOLD_1_114_CA_3,high,regular,A_historical,gaussian,3,0.9,7,2,292,941.0,927.0,14.0,0.9851222104144527,3,0.010273972602739725,0.9897260273972602,64.16780821917808,161.0,18.058120296739073,7,917.0,18737.0,8.713988613184185,7.0,43.569943065920924,1.018500030040741,16.732488643224926,4.074000120162964,19.78798873334715,12.222000360488892,27.935988973673076,A_historical
2,FOODS_3_784_CA_3,medium,intermittent,A_historical,gaussian,3,0.9,4,1,292,213.0,211.0,2.0,0.9906103286384976,1,0.003424657534246575,0.9965753424657534,34.9041095890411,79.0,7.556416797488225,4,251.0,10192.0,4.886575342465753,4.0,24.432876712328767,0.15000000000000002,9.036575342465754,0.6000000000000001,9.486575342465754,1.8000000000000003,10.686575342465755,A_historical
3,HOUSEHOLD_2_270_CA_3,medium,intermittent,A_historical,gaussian,3,0.9,6,3,292,118.0,112.0,6.0,0.9491525423728814,4,0.0136986301369863,0.9863013698630136,5.815068493150685,34.0,24.075382803297998,6,142.0,1698.0,4.754400124223265,6.0,23.772000621116323,2.628000068664551,13.382400192887816,10.512000274658204,21.26640039888147,31.53600082397461,42.29040094819788,A_historical
4,HOBBIES_1_377_CA_3,low,intermittent,A_historical,gaussian,3,0.9,7,0,292,92.0,92.0,0.0,1.0,0,0.0,1.0,8.23972602739726,17.0,13.956774729842062,7,94.0,2406.0,11.512544677420838,7.0,57.56272338710419,0.0,18.512544677420838,0.0,18.512544677420838,0.0,18.512544677420838,A_historical
5,HOUSEHOLD_2_228_CA_3,low,intermittent,A_historical,gaussian,3,0.9,5,2,292,112.0,103.0,9.0,0.9196428571428571,4,0.0136986301369863,0.9863013698630136,11.304794520547945,23.0,11.388973038473189,6,120.0,3301.0,8.657211311777976,6.0,43.28605655888988,3.692249858379365,18.34946117015734,14.76899943351746,29.426210745295435,44.30699830055238,58.96420961233036,A_historical
6,FOODS_2_347_TX_2,high,regular,A_historical,gaussian,3,0.9,13,6,292,1785.0,1700.0,85.0,0.9523809523809523,11,0.03767123287671233,0.9623287671232876,73.11301369863014,273.0,29.06459318937655,13,1689.0,21349.0,18.219762720849413,13.0,91.09881360424707,11.34749981760979,42.567262538459204,45.38999927043916,76.60976199128858,136.1699978113175,167.38976053216692,A_historical
7,HOUSEHOLD_1_247_TX_2,high,regular,A_historical,gaussian,3,0.9,9,4,292,1273.0,1247.0,26.0,0.9795758051846033,5,0.017123287671232876,0.9828767123287672,71.91095890410959,149.0,21.676112010667683,9,1262.0,20998.0,9.765508507212548,9.0,48.82754253606274,1.8915000557899475,20.657008563002496,7.56600022315979,26.331508730372338,22.69800066947937,41.463509176691915,A_historical
8,FOODS_3_729_TX_2,medium,intermittent,A_historical,gaussian,3,0.9,8,0,292,224.0,224.0,0.0,1.0,0,0.0,1.0,17.523972602739725,50.0,15.9781121751026,8,256.0,5117.0,9.76435758104063,8.0,48.82178790520315,0.0,17.764357581040628,0.0,17.764357581040628,0.0,17.764357581040628,A_historical
9,HOBBIES_1_034_TX_2,medium,intermittent,A_historical,gaussian,3,0.9,9,3,292,281.0,274.0,7.0,0.9750889679715302,3,0.010273972602739725,0.9897260273972602,16.914383561643834,41.0,20.24903826685564,9,283.0,4939.0,11.034943474286223,9.0,55.17471737143111,2.446499919891358,22.48144339417758,9.785999679565432,29.820943153851655,29.357999038696292,49.392942512982515,A_historical
10,FOODS_2_196_TX_2,low,intermittent,A_historical,gaussian,3,0.9,6,1,292,165.0,164.0,1.0,0.9939393939393939,1,0.003424657534246575,0.9965753424657534,13.513698630136986,34.0,15.16979219462747,7,190.0,3946.0,7.454156272639967,7.0,37.27078136319983,0.29550000429153445,14.749656276931502,1.1820000171661378,15.636156289806104,3.5460000514984134,18.00015632413838,A_historical
11,HOUSEHOLD_2_315_TX_2,low,intermittent,A_historical,gaussian,3,0.9,7,0,292,122.0,122.0,0.0,1.0,0,0.0,1.0,10.736301369863014,21.0,14.204146730462519,7,123.0,3135.0,11.528640525634975,7.0,57.64320262817487,0.0,18.528640525634977,0.0,18.528640525634977,0.0,18.528640525634977,A_historical
12,FOODS_2_056_WI_3,high,intermittent,A_historical,gaussian,3,0.9,20,8,292,1064.0,1021.0,43.0,0.9595864661654135,10,0.03424657534246575,0.9657534246575342,26.811643835616437,64.0,47.60058755907524,21,1043.0,7829.0,26.200338427759196,21.0,131.00169213879596,22.510500061511998,69.7108384892712,90.04200024604799,137.24233867380718,270.12600073814394,317.32633916590316,A_historical
13,HOBBIES_1_312_WI_3,high,intermittent,A_historical,gaussian,3,0.9,6,2,292,799.0,787.0,12.0,0.9849812265331664,3,0.010273972602739725,0.9897260273972602,81.7431506849315,189.0,12.03464745066823,6,891.0,23869.0,6.523103342803373,6.0,32.61551671401687,0.5129999935626984,13.036103336366072,2.0519999742507937,14.575103317054168,6.155999922752381,18.679103265555753,A_historical
14,FOODS_3_128_WI_3,medium,intermittent,A_historical,gaussian,3,0.9,4,0,292,156.0,156.0,0.0,1.0,0,0.0,1.0,23.63013698630137,50.0,8.252173913043478,4,151.0,6900.0,9.858493213784204,4.0,49.29246606892102,0.0,13.858493213784204,0.0,13.858493213784204,0.0,13.858493213784204,A_historical
15,HOBBIES_1_036_WI_3,medium,intermittent,A_historical,gaussian,3,0.9,4,2,292,242.0,233.0,9.0,0.9628099173553719,6,0.02054794520547945,0.9794520547945206,34.13013698630137,79.0,8.53351394742123,4,255.0,9966.0,5.351605502236379,4.0,26.758027511181897,0.756000003218651,10.107605505455028,3.024000012874604,12.375605515110982,9.072000038623813,18.42360554086019,A_historical
16,FOODS_3_520_WI_3,low,intermittent,A_historical,gaussian,3,0.9,7,0,292,206.0,206.0,0.0,1.0,0,0.0,1.0,16.376712328767123,34.0,15.723546633207864,7,204.0,4782.0,9.125104153319581,7.0,45.6255207665979,0.0,16.125104153319583,0.0,16.125104153319583,0.0,16.125104153319583,A_historical
17,HOUSEHOLD_1_464_WI_3,low,intermittent,A_historical,gaussian,3,0.9,5,1,292,49.0,48.0,1.0,0.9795918367346939,1,0.003424657534246575,0.9965753424657534,6.2465753424657535,14.0,9.605263157894736,5,52.0,1824.0,8.281709822563275,5.0,41.40854911281638,0.7102500200271606,13.991959842590436,2.8410000801086426,16.122709902671918,8.523000240325928,21.804710062889203,A_historical
0,FOODS_3_449_CA_3,high,regular,A_historical,gaussian,3,0.95,14,4,292,1628.0,1597.0,31.0,0.980958230958231,5,0.017123287671232876,0.9828767123287672,59.53767123287671,180.0,33.52919183203912,14,1592.0,17385.0,16.50384262473616,14.0,82.51921312368079,4.603500044345857,35.107342669082016,18.41400017738343,48.91784280211959,55.24200053215028,85.74584315688644,A_historical
1,HOUSEHOLD_1_114_CA_3,high,regular,A_historical,gaussian,3,0.95,7,3,292,941.0,918.0,23.0,0.975557917109458,5,0.017123287671232876,0.9828767123287672,59.321917808219176,167.0,19.343609282992727,8,1019.0,17322.0,8.05591667596608,8.0,40.2795833798304,1.6732500493526459,17.729166725318727,6.6930001974105835,22.748916873376665,20.07900059223175,36.13491726819783,A_historical
2,FOODS_3_784_CA_3,medium,intermittent,A_historical,gaussian,3,0.95,3,0,292,213.0,213.0,0.0,1.0,0,0.0,1.0,42.80821917808219,87.0,6.219600000000001,4,280.0,12500.0,5.993150684931507,4.0,29.96575342465753,0.0,9.993150684931507,0.0,9.993150684931507,0.0,9.993150684931507,A_historical
3,HOUSEHOLD_2_270_CA_3,medium,intermittent,A_historical,gaussian,3,0.95,6,2,292,118.0,113.0,5.0,0.9576271186440678,3,0.010273972602739725,0.9897260273972602,6.373287671232877,35.0,22.162815690488983,6,144.0,1861.0,5.210800136148113,6.0,26.054000680740565,2.190000057220459,13.400800193368571,8.760000228881836,19.970800365029948,26.28000068664551,37.490800822793624,A_historical
4,HOBBIES_1_377_CA_3,low,intermittent,A_historical,gaussian,3,0.95,7,0,292,92.0,92.0,0.0,1.0,0,0.0,1.0,8.900684931506849,18.0,12.920353982300886,7,95.0,2599.0,12.436036415883938,7.0,62.18018207941969,0.0,19.43603641588394,0.0,19.43603641588394,0.0,19.43603641588394,A_historical
5,HOUSEHOLD_2_228_CA_3,low,intermittent,A_historical,gaussian,3,0.95,5,2,292,112.0,104.0,8.0,0.9285714285714286,3,0.010273972602739725,0.9897260273972602,12.102739726027398,24.0,10.741369552914543,6,125.0,3534.0,9.268277726695962,6.0,46.34138863347981,3.281999874114991,18.55027760081095,13.127999496459964,28.396277223155927,39.38399848937989,54.652276216075855,A_historical
6,FOODS_2_347_TX_2,high,regular,A_historical,gaussian,3,0.95,13,3,292,1785.0,1727.0,58.0,0.9675070028011205,5,0.017123287671232876,0.9828767123287672,76.5582191780822,259.0,28.197494967568776,13,1669.0,22355.0,19.07830791252933,13.0,95.39153956264666,7.742999875545504,39.82130778807483,30.971999502182015,63.05030741471134,92.91599850654605,124.99430641907537,A_historical
7,HOUSEHOLD_1_247_TX_2,high,regular,A_historical,gaussian,3,0.95,9,0,292,1273.0,1273.0,0.0,1.0,0,0.0,1.0,72.41095890410959,159.0,21.975264850548623,9,1263.0,21144.0,9.833408509215264,9.0,49.16704254607632,0.0,18.833408509215264,0.0,18.833408509215264,0.0,18.833408509215264,A_historical
8,FOODS_3_729_TX_2,medium,intermittent,A_historical,gaussian,3,0.95,8,0,292,224.0,224.0,0.0,1.0,0,0.0,1.0,17.513698630136986,51.0,15.987485334376222,8,257.0,5114.0,9.758632923478949,8.0,48.793164617394744,0.0,17.75863292347895,0.0,17.75863292347895,0.0,17.75863292347895,A_historical
9,HOBBIES_1_034_TX_2,medium,intermittent,A_historical,gaussian,3,0.95,9,3,292,281.0,273.0,8.0,0.9715302491103203,4,0.0136986301369863,0.9863013698630136,17.828767123287673,46.0,19.140414905877833,9,280.0,5206.0,11.63148729036932,9.0,58.15743645184661,2.795999908447266,23.427487198816586,11.183999633789064,31.815486924158385,33.55199890136719,54.18348619173651,A_historical
10,FOODS_2_196_TX_2,low,intermittent,A_historical,gaussian,3,0.95,6,0,292,165.0,165.0,0.0,1.0,0,0.0,1.0,15.397260273972602,33.0,13.395240213523133,7,192.0,4496.0,8.49312889046865,7.0,42.46564445234325,0.0,15.49312889046865,0.0,15.49312889046865,0.0,15.49312889046865,A_historical
11,HOUSEHOLD_2_315_TX_2,low,intermittent,A_historical,gaussian,3,0.95,7,0,292,122.0,122.0,0.0,1.0,0,0.0,1.0,11.017123287671232,23.0,13.842088902704383,7,122.0,3217.0,11.830187103976941,7.0,59.150935519884705,0.0,18.83018710397694,0.0,18.83018710397694,0.0,18.83018710397694,A_historical
12,FOODS_2_056_WI_3,high,intermittent,A_historical,gaussian,3,0.95,20,7,292,1064.0,1029.0,35.0,0.9671052631578947,10,0.03424657534246575,0.9657534246575342,28.243150684931507,65.0,45.54201527828301,20,1008.0,8247.0,27.599206924732414,20.0,137.99603462366207,18.322500050067905,65.92170697480032,73.29000020027162,120.88920712500403,219.87000060081485,267.4692075255473,A_historical
13,HOBBIES_1_312_WI_3,high,intermittent,A_historical,gaussian,3,0.95,6,2,292,799.0,791.0,8.0,0.9899874843554443,2,0.00684931506849315,0.9931506849315068,85.47945205479452,204.0,11.56710737179487,6,900.0,24960.0,6.821260188377066,6.0,34.10630094188533,0.3419999957084656,13.163260184085532,1.3679999828338625,14.189260171210929,4.1039999485015874,16.925260136878652,A_historical
14,FOODS_3_128_WI_3,medium,intermittent,A_historical,gaussian,3,0.95,5,0,292,156.0,156.0,0.0,1.0,0,0.0,1.0,22.40753424657534,50.0,8.702430077945897,5,191.0,6543.0,9.348423347505804,5.0,46.74211673752902,0.0,14.348423347505804,0.0,14.348423347505804,0.0,14.348423347505804,A_historical
15,HOBBIES_1_036_WI_3,medium,intermittent,A_historical,gaussian,3,0.95,4,1,292,242.0,237.0,5.0,0.9793388429752066,4,0.0136986301369863,0.9863013698630136,35.06506849315068,74.0,8.448578962789336,4,252.0,10239.0,5.498202763134485,4.0,27.491013815672424,0.42000000178813945,9.918202764922626,1.6800000071525578,11.178202770287044,5.040000021457674,14.53820278459216,A_historical
16,FOODS_3_520_WI_3,low,intermittent,A_historical,gaussian,3,0.95,7,1,292,206.0,204.0,2.0,0.9902912621359223,1,0.003424657534246575,0.9965753424657534,17.133561643835616,35.0,14.883070157905257,7,206.0,5003.0,9.54682059369675,7.0,47.734102968483754,0.597000002861023,17.143820596557774,2.388000011444092,18.934820605140843,7.164000034332275,23.710820628029026,A_historical
17,HOUSEHOLD_1_464_WI_3,low,intermittent,A_historical,gaussian,3,0.95,5,1,292,49.0,48.0,1.0,0.9795918367346939,1,0.003424657534246575,0.9965753424657534,6.287671232876712,14.0,9.542483660130719,5,53.0,1836.0,8.336194755606455,5.0,41.680973778032275,0.7102500200271606,14.046444775633615,2.8410000801086426,16.1771948357151,8.523000240325928,21.859194995932384,A_historical
0,FOODS_3_449_CA_3,high,regular,A_historical,gaussian,3,0.98,14,2,292,1628.0,1611.0,17.0,0.9895577395577395,2,0.00684931506849315,0.9931506849315068,61.705479452054796,182.0,32.63486513486514,14,1568.0,18018.0,17.104759068880995,14.0,85.52379534440497,2.5245000243186957,33.62925909319969,10.098000097274783,41.20275916615578,30.294000291824347,61.39875936070534,A_historical
1,HOUSEHOLD_1_114_CA_3,high,regular,A_historical,gaussian,3,0.98,7,3,292,941.0,921.0,20.0,0.9787460148777896,5,0.017123287671232876,0.9828767123287672,60.832191780821915,168.0,18.92501266677926,8,1024.0,17763.0,8.261011887494831,8.0,41.305059437474156,1.4550000429153442,17.716011930410176,5.820000171661377,22.08101205915621,17.46000051498413,33.72101240247896,A_historical
2,FOODS_3_784_CA_3,medium,intermittent,A_historical,gaussian,3,0.98,3,0,292,213.0,213.0,0.0,1.0,0,0.0,1.0,43.97260273972603,89.0,6.054906542056075,4,283.0,12840.0,6.156164383561643,4.0,30.78082191780822,0.0,10.156164383561643,0.0,10.156164383561643,0.0,10.156164383561643,A_historical
3,HOUSEHOLD_2_270_CA_3,medium,intermittent,A_historical,gaussian,3,0.98,6,2,292,118.0,113.0,5.0,0.9576271186440678,3,0.010273972602739725,0.9897260273972602,6.154109589041096,35.0,22.95214245965498,6,144.0,1797.0,5.031600131465964,6.0,25.15800065732982,2.190000057220459,13.221600188686423,8.760000228881836,19.7916003603478,26.28000068664551,37.31160081811147,A_historical
4,HOBBIES_1_377_CA_3,low,intermittent,A_historical,gaussian,3,0.98,6,0,292,92.0,92.0,0.0,1.0,0,0.0,1.0,9.349315068493151,22.0,12.3003663003663,7,101.0,2730.0,13.062862414529878,7.0,65.3143120726494,0.0,20.062862414529878,0.0,20.062862414529878,0.0,20.062862414529878,A_historical
5,HOUSEHOLD_2_228_CA_3,low,intermittent,A_historical,gaussian,3,0.98,5,2,292,112.0,105.0,7.0,0.9375,3,0.010273972602739725,0.9897260273972602,12.349315068493151,24.0,10.628119800332778,6,123.0,3606.0,9.457105116713537,6.0,47.28552558356768,2.871749889850617,18.328855006564154,11.486999559402468,26.944104676116005,34.4609986782074,49.91810379492094,A_historical
6,FOODS_2_347_TX_2,high,regular,A_historical,gaussian,3,0.98,13,4,292,1785.0,1731.0,54.0,0.9697478991596639,6,0.02054794520547945,0.9794520547945206,76.65753424657534,266.0,28.22618834882059,13,1674.0,22384.0,19.103057227200022,13.0,95.5152861360001,7.208999884128573,39.3120571113286,28.835999536514294,60.93905676371432,86.50799860954288,118.6110558367429,A_historical
7,HOUSEHOLD_1_247_TX_2,high,regular,A_historical,gaussian,3,0.98,9,0,292,1273.0,1273.0,0.0,1.0,0,0.0,1.0,74.79794520547945,161.0,21.27398012911497,9,1265.0,21841.0,10.157561258502202,9.0,50.787806292511014,0.0,19.157561258502202,0.0,19.157561258502202,0.0,19.157561258502202,A_historical
8,FOODS_3_729_TX_2,medium,intermittent,A_historical,gaussian,3,0.98,8,0,292,224.0,224.0,0.0,1.0,0,0.0,1.0,18.982876712328768,52.0,14.750135305791087,8,258.0,5543.0,10.577258954799339,8.0,52.886294773996696,0.0,18.57725895479934,0.0,18.57725895479934,0.0,18.57725895479934,A_historical
9,HOBBIES_1_034_TX_2,medium,intermittent,A_historical,gaussian,3,0.98,9,3,292,281.0,273.0,8.0,0.9715302491103203,4,0.0136986301369863,0.9863013698630136,17.623287671232877,47.0,19.36358336572095,9,281.0,5146.0,11.497432500238286,9.0,57.487162501191435,2.795999908447266,23.293432408685554,11.183999633789064,31.68143213402735,33.55199890136719,54.049431401605474,A_historical
10,FOODS_2_196_TX_2,low,intermittent,A_historical,gaussian,3,0.98,6,0,292,165.0,165.0,0.0,1.0,0,0.0,1.0,14.907534246575343,36.0,13.835286009648517,7,196.0,4353.0,8.222996009833192,7.0,41.114980049165965,0.0,15.222996009833192,0.0,15.222996009833192,0.0,15.222996009833192,A_historical
11,HOUSEHOLD_2_315_TX_2,low,intermittent,A_historical,gaussian,3,0.98,7,0,292,122.0,122.0,0.0,1.0,0,0.0,1.0,11.897260273972602,22.0,12.818077144502016,7,124.0,3474.0,12.77527820926823,7.0,63.87639104634114,0.0,19.77527820926823,0.0,19.77527820926823,0.0,19.77527820926823,A_historical
12,FOODS_2_056_WI_3,high,intermittent,A_historical,gaussian,3,0.98,21,4,292,1064.0,1049.0,15.0,0.9859022556390977,4,0.0136986301369863,0.9863013698630136,29.284246575342465,65.0,44.776634311776405,21,1041.0,8551.0,28.61656583162203,21.0,143.08282915811014,7.852500021457674,57.4690658530797,31.410000085830696,81.02656591745273,94.23000025749208,143.8465660891141,A_historical
13,HOBBIES_1_312_WI_3,high,intermittent,A_historical,gaussian,3,0.98,6,1,292,799.0,793.0,6.0,0.9924906132665833,1,0.003424657534246575,0.9965753424657534,89.0958904109589,205.0,11.125653444034441,6,899.0,26016.0,7.109851965577634,6.0,35.54925982788817,0.2564999967813492,13.366351962358982,1.0259999871253969,14.13585195270303,3.0779999613761904,16.187851926953822,A_historical
14,FOODS_3_128_WI_3,medium,intermittent,A_historical,gaussian,3,0.98,4,0,292,156.0,156.0,0.0,1.0,0,0.0,1.0,25.325342465753426,52.0,7.699797160243407,5,199.0,7395.0,10.565732944338288,5.0,52.828664721691446,0.0,15.565732944338288,0.0,15.565732944338288,0.0,15.565732944338288,A_historical
15,HOBBIES_1_036_WI_3,medium,intermittent,A_historical,gaussian,3,0.98,4,1,292,242.0,237.0,5.0,0.9793388429752066,4,0.0136986301369863,0.9863013698630136,36.67465753424658,81.0,8.07778504062004,4,253.0,10709.0,5.750586325852838,4.0,28.75293162926419,0.42000000178813945,10.170586327640978,1.6800000071525578,11.430586333005396,5.040000021457674,14.790586347310512,A_historical
16,FOODS_3_520_WI_3,low,intermittent,A_historical,gaussian,3,0.98,7,1,292,206.0,205.0,1.0,0.9951456310679612,1,0.003424657534246575,0.9965753424657534,18.397260273972602,36.0,13.928704393149665,7,207.0,5372.0,10.250953473783518,7.0,51.25476736891759,0.2985000014305115,17.54945347521403,1.194000005722046,18.444953479505564,3.5820000171661377,20.832953490949656,A_historical
17,HOUSEHOLD_1_464_WI_3,low,intermittent,A_historical,gaussian,3,0.98,5,1,292,49.0,48.0,1.0,0.9795918367346939,1,0.003424657534246575,0.9965753424657534,6.390410958904109,13.0,9.389067524115756,5,53.0,1866.0,8.472407088214403,5.0,42.36203544107202,0.7102500200271606,14.182657108241564,2.8410000801086426,16.313407168323046,8.523000240325928,21.99540732854033,A_historical
0,FOODS_3_449_CA_3,high,regular,A_historical,gaussian,7,0.9,13,6,292,1628.0,1541.0,87.0,0.9465601965601965,13,0.04452054794520548,0.9554794520547946,69.33219178082192,220.0,27.782909360335886,13,1512.0,20245.0,19.218883746780758,13.0,96.0944187339038,12.919500124454501,45.13838387123526,51.678000497818005,83.89688424459877,155.034001493454,187.25288524023478,A_historical
1,HOUSEHOLD_1_114_CA_3,high,regular,A_historical,gaussian,7,0.9,7,2,292,941.0,915.0,26.0,0.9723698193411264,5,0.017123287671232876,0.9828767123287672,66.42123287671232,186.0,17.219644238205724,7,925.0,19395.0,9.020003690703275,7.0,45.10001845351637,1.8915000557899475,17.911503746493224,7.56600022315979,23.586003913863067,22.69800066947937,38.71800436018265,A_historical
2,FOODS_3_784_CA_3,medium,intermittent,A_historical,gaussian,7,0.9,3,0,292,213.0,213.0,0.0,1.0,0,0.0,1.0,45.136986301369866,87.0,5.8987101669195745,4,284.0,13180.0,6.3191780821917805,4.0,31.595890410958905,0.0,10.31917808219178,0.0,10.31917808219178,0.0,10.31917808219178,A_historical
3,HOUSEHOLD_2_270_CA_3,medium,intermittent,A_historical,gaussian,7,0.9,5,2,292,118.0,104.0,14.0,0.8813559322033898,9,0.030821917808219176,0.9691780821917808,6.006849315068493,34.0,21.641961231470923,5,115.0,1754.0,4.911200128320146,5.0,24.556000641600725,6.132000160217286,16.043200288537435,24.528000640869145,34.43920076918929,73.58400192260743,83.49520205092757,A_historical
4,HOBBIES_1_377_CA_3,low,intermittent,A_historical,gaussian,7,0.9,7,1,292,92.0,90.0,2.0,0.9782608695652174,1,0.003424657534246575,0.9965753424657534,9.955479452054794,18.0,11.30030959752322,7,95.0,2907.0,13.909795252395002,7.0,69.54897626197501,1.4969999313354494,22.40679518373045,5.987999725341798,26.897794977736798,17.963999176025393,38.873794428420396,A_historical
5,HOUSEHOLD_2_228_CA_3,low,intermittent,A_historical,gaussian,7,0.9,5,3,292,112.0,106.0,6.0,0.9464285714285714,4,0.0136986301369863,0.9863013698630136,13.318493150684931,32.0,9.948572897917202,6,125.0,3889.0,10.199301663588171,6.0,50.99650831794085,2.461499905586243,18.660801569174417,9.845999622344973,26.045301285933146,29.53799886703492,45.73730053062309,A_historical
6,FOODS_2_347_TX_2,high,regular,A_historical,gaussian,7,0.9,12,4,292,1785.0,1607.0,178.0,0.900280112044818,15,0.05136986301369863,0.9486301369863014,81.77397260273973,272.0,24.564662031995976,12,1555.0,23878.0,20.37807364506264,12.0,101.89036822531321,23.762999618053446,56.141073263116084,95.05199847221378,127.43007211727642,285.1559954166413,317.5340690617039,A_historical
7,HOUSEHOLD_1_247_TX_2,high,regular,A_historical,gaussian,7,0.9,9,3,292,1273.0,1262.0,11.0,0.9913589945011784,4,0.0136986301369863,0.9863013698630136,76.15068493150685,155.0,20.715506386040655,9,1262.0,22236.0,10.341263318715031,9.0,51.706316593575146,0.8002500236034393,20.14151334231847,3.2010000944137573,22.542263413128786,9.603000283241272,28.9442636019563,A_historical
8,FOODS_3_729_TX_2,medium,intermittent,A_historical,gaussian,7,0.9,8,1,292,224.0,222.0,2.0,0.9910714285714286,1,0.003424657534246575,0.9965753424657534,17.476027397260275,55.0,15.878894767783656,8,259.0,5103.0,9.737642512419452,8.0,48.68821256209726,0.597000002861023,18.334642515280475,2.388000011444092,20.125642523863544,7.164000034332275,24.901642546751727,A_historical
9,HOBBIES_1_034_TX_2,medium,intermittent,A_historical,gaussian,7,0.9,9,4,292,281.0,275.0,6.0,0.9786476868327402,4,0.0136986301369863,0.9863013698630136,17.767123287671232,43.0,19.347532767925983,9,287.0,5188.0,11.59127085333001,9.0,57.95635426665005,2.0969999313354495,22.68827078466546,8.387999725341798,28.97927057867181,25.163999176025392,45.7552700293554,A_historical
10,FOODS_2_196_TX_2,low,intermittent,A_historical,gaussian,7,0.9,6,2,292,165.0,162.0,3.0,0.9818181818181818,2,0.00684931506849315,0.9931506849315068,16.102739726027398,38.0,12.575499787324542,6,164.0,4702.0,8.882271361873574,6.0,44.411356809367874,0.8865000128746033,15.768771374748177,3.5460000514984134,18.428271413371988,10.63800015449524,25.520271516368815,A_historical
11,HOUSEHOLD_2_315_TX_2,low,intermittent,A_historical,gaussian,7,0.9,7,2,292,122.0,118.0,4.0,0.9672131147540983,2,0.00684931506849315,0.9931506849315068,11.931506849315069,25.0,12.362227324913892,7,129.0,3484.0,12.812052182236762,7.0,64.06026091118382,2.301000022888184,22.113052205124944,9.204000091552736,29.016052273789498,27.612000274658207,47.42405245689497,A_historical
12,FOODS_2_056_WI_3,high,intermittent,A_historical,gaussian,7,0.9,20,9,292,1064.0,1015.0,49.0,0.9539473684210527,16,0.0547945205479452,0.9452054794520548,28.006849315068493,67.0,45.301418439716315,20,992.0,8178.0,27.368293225471284,20.0,136.84146612735643,25.651500070095068,73.01979329556636,102.60600028038027,149.97429350585156,307.8180008411408,355.1862940666121,A_historical
13,HOBBIES_1_312_WI_3,high,intermittent,A_historical,gaussian,7,0.9,6,1,292,799.0,791.0,8.0,0.9899874843554443,3,0.010273972602739725,0.9897260273972602,87.37671232876713,206.0,11.315944187504897,6,902.0,25514.0,6.972661556340243,6.0,34.86330778170122,0.3419999957084656,13.314661552048708,1.3679999828338625,14.340661539174103,4.1039999485015874,17.07666150484183,A_historical
14,FOODS_3_128_WI_3,medium,intermittent,A_historical,gaussian,7,0.9,4,2,292,156.0,154.0,2.0,0.9871794871794872,2,0.00684931506849315,0.9931506849315068,27.92808219178082,54.0,6.8927038626609445,4,156.0,8155.0,11.651595964986983,4.0,58.257979824934914,0.44700000286102304,16.098595967848006,1.7880000114440922,17.439595976431075,5.3640000343322765,21.01559599931926,A_historical
15,HOBBIES_1_036_WI_3,medium,intermittent,A_historical,gaussian,7,0.9,4,1,292,242.0,241.0,1.0,0.9958677685950413,1,0.003424657534246575,0.9965753424657534,36.05821917808219,79.0,8.354544591129262,4,257.0,10529.0,5.653928791194746,4.0,28.269643955973724,0.08400000035762789,9.737928791552374,0.33600000143051156,9.989928792625257,1.0080000042915347,10.661928795486281,A_historical
16,FOODS_3_520_WI_3,low,intermittent,A_historical,gaussian,7,0.9,7,1,292,206.0,204.0,2.0,0.9902912621359223,1,0.003424657534246575,0.9965753424657534,18.82191780821918,38.0,13.548034934497815,7,214.0,5496.0,10.487572652999669,7.0,52.43786326499835,0.597000002861023,18.08457265586069,2.388000011444092,19.87557266444376,7.164000034332275,24.651572687331942,A_historical
17,HOUSEHOLD_1_464_WI_3,low,intermittent,A_historical,gaussian,7,0.9,5,1,292,49.0,48.0,1.0,0.9795918367346939,1,0.003424657534246575,0.9965753424657534,6.448630136986301,14.0,9.304301646309082,5,54.0,1883.0,8.549594076692241,5.0,42.74797038346121,0.7102500200271606,14.259844096719402,2.8410000801086426,16.390594156800883,8.523000240325928,22.07259431701817,A_historical
0,FOODS_3_449_CA_3,high,regular,A_historical,gaussian,7,0.95,13,4,292,1628.0,1529.0,99.0,0.9391891891891891,13,0.04452054794520548,0.9554794520547946,71.84931506849315,227.0,26.600810295519544,13,1507.0,20980.0,19.91663032884467,13.0,99.58315164422335,14.70150014162064,47.61813047046531,58.80600056648256,91.72263089532723,176.41800169944767,209.33463202829233,A_historical
1,HOUSEHOLD_1_114_CA_3,high,regular,A_historical,gaussian,7,0.95,7,3,292,941.0,913.0,28.0,0.9702444208289054,6,0.02054794520547945,0.9794520547945206,65.24657534246575,171.0,17.49133949191686,7,908.0,19052.0,8.860485192847579,7.0,44.30242596423789,2.037000060081482,17.89748525292906,8.148000240325928,24.008485433173504,24.444000720977783,40.30448591382536,A_historical
2,FOODS_3_784_CA_3,medium,intermittent,A_historical,gaussian,7,0.95,3,0,292,213.0,213.0,0.0,1.0,0,0.0,1.0,51.32876712328767,89.0,5.187149719775821,3,211.0,14988.0,7.186027397260274,3.0,35.93013698630136,0.0,10.186027397260274,0.0,10.186027397260274,0.0,10.186027397260274,A_historical
3,HOUSEHOLD_2_270_CA_3,medium,intermittent,A_historical,gaussian,7,0.95,6,2,292,118.0,105.0,13.0,0.8898305084745762,6,0.02054794520547945,0.9794520547945206,10.219178082191782,34.0,12.843498659517426,6,137.0,2984.0,8.355200218305196,6.0,41.776001091525984,5.694000148773194,20.04920036707839,22.776000595092775,37.13120081339797,68.32800178527833,82.68320200358353,A_historical
4,HOBBIES_1_377_CA_3,low,intermittent,A_historical,gaussian,7,0.95,7,0,292,92.0,92.0,0.0,1.0,0,0.0,1.0,10.32876712328767,20.0,11.13395225464191,7,98.0,3016.0,14.431352762718722,7.0,72.15676381359361,0.0,21.431352762718724,0.0,21.431352762718724,0.0,21.431352762718724,A_historical
5,HOUSEHOLD_2_228_CA_3,low,intermittent,A_historical,gaussian,7,0.95,5,1,292,112.0,109.0,3.0,0.9732142857142857,1,0.003424657534246575,0.9965753424657534,14.520547945205479,34.0,9.383254716981133,5,110.0,4240.0,11.119835189923847,5.0,55.59917594961923,1.2307499527931216,17.35058514271697,4.922999811172486,21.042835001096336,14.76899943351746,30.888834623441305,A_historical
6,FOODS_2_347_TX_2,high,regular,A_historical,gaussian,7,0.95,12,5,292,1785.0,1605.0,180.0,0.8991596638655462,14,0.04794520547945205,0.952054794520548,92.46232876712328,325.0,21.698025852809366,12,1615.0,26999.0,23.041611958415537,12.0,115.20805979207768,24.02999961376191,59.071611572177446,96.11999845504764,131.16161041346317,288.35999536514294,323.4016073235585,A_historical
7,HOUSEHOLD_1_247_TX_2,high,regular,A_historical,gaussian,7,0.95,9,0,292,1273.0,1273.0,0.0,1.0,0,0.0,1.0,78.06164383561644,162.0,20.384531016934286,9,1262.0,22794.0,10.600771545547328,9.0,53.003857727736644,0.0,19.600771545547328,0.0,19.600771545547328,0.0,19.600771545547328,A_historical
8,FOODS_3_729_TX_2,medium,intermittent,A_historical,gaussian,7,0.95,8,1,292,224.0,223.0,1.0,0.9955357142857143,1,0.003424657534246575,0.9965753424657534,19.15068493150685,56.0,14.555615164520745,8,261.0,5592.0,10.670761694973462,8.0,53.35380847486731,0.2985000014305115,18.969261696403976,1.194000005722046,19.86476170069551,3.5820000171661377,22.252761712139602,A_historical
9,HOBBIES_1_034_TX_2,medium,intermittent,A_historical,gaussian,7,0.95,9,4,292,281.0,276.0,5.0,0.9822064056939501,5,0.017123287671232876,0.9828767123287672,20.106164383561644,47.0,17.15891670924885,9,289.0,5871.0,13.117261214321605,9.0,65.58630607160804,1.7474999427795412,23.864761157101146,6.989999771118165,29.10726098543977,20.969999313354496,43.0872605276761,A_historical
10,FOODS_2_196_TX_2,low,intermittent,A_historical,gaussian,7,0.95,6,2,292,165.0,162.0,3.0,0.9818181818181818,2,0.00684931506849315,0.9931506849315068,16.551369863013697,37.0,12.23463687150838,7,196.0,4833.0,9.129735749029134,7.0,45.64867874514566,0.8865000128746033,17.016235761903737,3.5460000514984134,19.675735800527548,10.63800015449524,26.767735903524375,A_historical
11,HOUSEHOLD_2_315_TX_2,low,intermittent,A_historical,gaussian,7,0.95,7,1,292,122.0,121.0,1.0,0.9918032786885246,1,0.003424657534246575,0.9965753424657534,13.017123287671232,26.0,11.619310707708498,7,132.0,3801.0,13.977787125339246,7.0,69.88893562669622,0.575250005722046,21.553037131061295,2.301000022888184,23.27878714822743,6.903000068664552,27.8807871940038,A_historical
12,FOODS_2_056_WI_3,high,intermittent,A_historical,gaussian,7,0.95,20,7,292,1064.0,1032.0,32.0,0.9699248120300752,10,0.03424657534246575,0.9657534246575342,29.70205479452055,70.0,43.43133863714977,21,1060.0,8673.0,29.02484802451852,21.0,145.1242401225926,16.75200004577637,66.77684807029489,67.00800018310548,117.032848207624,201.02400054931644,251.04884857383496,A_historical
13,HOBBIES_1_312_WI_3,high,intermittent,A_historical,gaussian,7,0.95,6,1,292,799.0,795.0,4.0,0.9949937421777222,1,0.003424657534246575,0.9965753424657534,92.25,211.0,10.772357723577235,6,924.0,26937.0,7.36154990762472,6.0,36.80774953812361,0.1709999978542328,13.532549905478954,0.6839999914169312,14.045549899041651,2.0519999742507937,15.413549881875515,A_historical
14,FOODS_3_128_WI_3,medium,intermittent,A_historical,gaussian,7,0.95,4,1,292,156.0,155.0,1.0,0.9935897435897436,1,0.003424657534246575,0.9965753424657534,27.856164383561644,56.0,6.955372510449963,5,200.0,8134.0,11.621591855205901,5.0,58.107959276029504,0.22350000143051152,16.84509185663641,0.8940000057220461,17.515591860927945,2.6820000171661382,19.30359187237204,A_historical
15,HOBBIES_1_036_WI_3,medium,intermittent,A_historical,gaussian,7,0.95,4,1,292,242.0,241.0,1.0,0.9958677685950413,1,0.003424657534246575,0.9965753424657534,38.02739726027397,82.0,7.921920028818444,4,259.0,11104.0,5.962695915796985,4.0,29.81347957898492,0.08400000035762789,10.046695916154613,0.33600000143051156,10.298695917227496,1.0080000042915347,10.97069592008852,A_historical
16,FOODS_3_520_WI_3,low,intermittent,A_historical,gaussian,7,0.95,7,1,292,206.0,205.0,1.0,0.9951456310679612,1,0.003424657534246575,0.9965753424657534,18.89041095890411,39.0,13.565083393763597,7,208.0,5516.0,10.525737036744209,7.0,52.628685183721046,0.2985000014305115,17.824237038174722,1.194000005722046,18.719737042466257,3.5820000171661377,21.10773705391035,A_historical
17,HOUSEHOLD_1_464_WI_3,low,intermittent,A_historical,gaussian,7,0.95,5,1,292,49.0,46.0,3.0,0.9387755102040817,2,0.00684931506849315,0.9931506849315068,6.421232876712328,13.0,8.954666666666668,5,49.0,1875.0,8.513270787996788,5.0,42.56635393998394,2.130750060081482,15.64402084807827,8.523000240325928,22.036271028322716,25.569000720977783,39.08227150897457,A_historical
0,FOODS_3_449_CA_3,high,regular,A_historical,gaussian,7,0.98,13,4,292,1628.0,1514.0,114.0,0.9299754299754299,13,0.04452054794520548,0.9554794520547946,71.50342465753425,206.0,26.467263757842804,13,1501.0,20879.0,19.820749506003235,13.0,99.10374753001618,16.92900016307831,49.74974966908155,67.71600065231324,100.53675015831648,203.14800195693974,235.96875146294298,A_historical
1,HOUSEHOLD_1_114_CA_3,high,regular,A_historical,gaussian,7,0.98,7,3,292,941.0,920.0,21.0,0.9776833156216791,5,0.017123287671232876,0.9828767123287672,75.70205479452055,191.0,15.19113322777652,7,932.0,22105.0,10.280339344315333,7.0,51.40169672157666,1.5277500450611115,18.808089389376445,6.111000180244446,23.39133952455978,18.333000540733337,35.613339885048674,A_historical
2,FOODS_3_784_CA_3,medium,intermittent,A_historical,gaussian,7,0.98,3,0,292,213.0,213.0,0.0,1.0,0,0.0,1.0,52.64383561643836,92.0,5.057572209211553,3,214.0,15372.0,7.37013698630137,3.0,36.85068493150685,0.0,10.37013698630137,0.0,10.37013698630137,0.0,10.37013698630137,A_historical
3,HOUSEHOLD_2_270_CA_3,medium,intermittent,A_historical,gaussian,7,0.98,6,1,292,118.0,106.0,12.0,0.8983050847457628,5,0.017123287671232876,0.9828767123287672,11.07876712328767,36.0,11.959814528593508,6,137.0,3235.0,9.058000236667999,6.0,45.29000118333999,5.256000137329102,20.3140003739971,21.02400054931641,36.082000785984405,63.07200164794922,78.13000188461722,A_historical
4,HOBBIES_1_377_CA_3,low,intermittent,A_historical,gaussian,7,0.98,7,0,292,92.0,92.0,0.0,1.0,0,0.0,1.0,9.88013698630137,22.0,11.63951473136915,7,93.0,2885.0,13.804526764072783,7.0,69.02263382036392,0.0,20.804526764072783,0.0,20.804526764072783,0.0,20.804526764072783,A_historical
5,HOUSEHOLD_2_228_CA_3,low,intermittent,A_historical,gaussian,7,0.98,6,0,292,112.0,112.0,0.0,1.0,0,0.0,1.0,14.914383561643836,31.0,9.386911595866819,6,121.0,4355.0,11.42143449342414,6.0,57.107172467120705,0.0,17.42143449342414,0.0,17.42143449342414,0.0,17.42143449342414,A_historical
6,FOODS_2_347_TX_2,high,regular,A_historical,gaussian,7,0.98,12,5,292,1785.0,1614.0,171.0,0.9042016806722689,15,0.05136986301369863,0.9486301369863014,98.73630136986301,352.0,20.433214248551906,12,1627.0,28831.0,24.605085905888306,12.0,123.02542952944152,22.828499633073815,59.43358553896212,91.31399853229526,127.91908443818356,273.94199559688576,310.54708150277406,A_historical
7,HOUSEHOLD_1_247_TX_2,high,regular,A_historical,gaussian,7,0.98,9,0,292,1273.0,1273.0,0.0,1.0,0,0.0,1.0,80.6986301369863,165.0,19.71842641317264,9,1265.0,23564.0,10.958874295835626,9.0,54.794371479178125,0.0,19.958874295835628,0.0,19.958874295835628,0.0,19.958874295835628,A_historical
8,FOODS_3_729_TX_2,medium,intermittent,A_historical,gaussian,7,0.98,8,0,292,224.0,224.0,0.0,1.0,0,0.0,1.0,19.95205479452055,58.0,14.033642293168553,8,264.0,5826.0,11.117284984784582,8.0,55.58642492392292,0.0,19.117284984784582,0.0,19.117284984784582,0.0,19.117284984784582,A_historical
9,HOBBIES_1_034_TX_2,medium,intermittent,A_historical,gaussian,7,0.98,9,2,292,281.0,279.0,2.0,0.9928825622775801,2,0.00684931506849315,0.9931506849315068,21.21917808219178,48.0,16.435603615235635,9,288.0,6196.0,13.84339132753137,9.0,69.21695663765685,0.6989999771118165,23.54239130464319,2.795999908447266,25.639391235978636,8.387999725341798,31.23139105287317,A_historical
10,FOODS_2_196_TX_2,low,intermittent,A_historical,gaussian,7,0.98,6,0,292,165.0,165.0,0.0,1.0,0,0.0,1.0,16.386986301369863,34.0,12.586206896551724,7,185.0,4785.0,9.03906177510954,7.0,45.195308875547695,0.0,16.039061775109538,0.0,16.039061775109538,0.0,16.039061775109538,A_historical
11,HOUSEHOLD_2_315_TX_2,low,intermittent,A_historical,gaussian,7,0.98,7,1,292,122.0,121.0,1.0,0.9918032786885246,1,0.003424657534246575,0.9965753424657534,13.636986301369863,26.0,11.091160220994475,7,125.0,3982.0,14.643396036069687,7.0,73.21698018034843,0.575250005722046,22.218646041791736,2.301000022888184,23.94439605895787,6.903000068664552,28.546396104734242,A_historical
12,FOODS_2_056_WI_3,high,intermittent,A_historical,gaussian,7,0.98,20,5,292,1064.0,1040.0,24.0,0.9774436090225563,8,0.0273972602739726,0.9726027397260274,33.64041095890411,72.0,38.643998778377274,21,1063.0,9823.0,32.87340967887068,21.0,164.36704839435342,12.564000034332278,66.43740971320295,50.25600013732911,104.1294098161998,150.76800041198732,204.641410090858,A_historical
13,HOBBIES_1_312_WI_3,high,intermittent,A_historical,gaussian,7,0.98,6,1,292,799.0,797.0,2.0,0.9974968710888611,1,0.003424657534246575,0.9965753424657534,98.06164383561644,228.0,10.159425857372355,6,934.0,28634.0,7.825319079887376,6.0,39.12659539943688,0.0854999989271164,13.910819078814491,0.3419999957084656,14.167319075595842,1.0259999871253969,14.851319067012772,A_historical
14,FOODS_3_128_WI_3,medium,intermittent,A_historical,gaussian,7,0.98,4,1,292,156.0,155.0,1.0,0.9935897435897436,1,0.003424657534246575,0.9965753424657534,29.476027397260275,58.0,6.573138143371674,5,202.0,8607.0,12.29739870884647,5.0,61.48699354423235,0.22350000143051152,17.520898710276985,0.8940000057220461,18.191398714568518,2.6820000171661382,19.97939872601261,A_historical
15,HOBBIES_1_036_WI_3,medium,intermittent,A_historical,gaussian,7,0.98,4,0,292,242.0,242.0,0.0,1.0,0,0.0,1.0,47.0513698630137,88.0,6.429143314651721,4,267.0,13739.0,7.377654825930725,4.0,36.888274129653624,0.0,11.377654825930726,0.0,11.377654825930726,0.0,11.377654825930726,A_historical
16,FOODS_3_520_WI_3,low,intermittent,A_historical,gaussian,7,0.98,7,0,292,206.0,206.0,0.0,1.0,0,0.0,1.0,19.339041095890412,40.0,13.315034531609703,7,209.0,5647.0,10.775713750270947,7.0,53.87856875135474,0.0,17.775713750270945,0.0,17.775713750270945,0.0,17.775713750270945,A_historical
17,HOUSEHOLD_1_464_WI_3,low,intermittent,A_historical,gaussian,7,0.98,5,0,292,49.0,49.0,0.0,1.0,0,0.0,1.0,7.537671232876712,15.0,8.125851885506588,6,63.0,2201.0,9.993444802336496,6.0,49.96722401168248,0.0,15.993444802336496,0.0,15.993444802336496,0.0,15.993444802336496,A_historical
0,FOODS_3_449_CA_3,high,regular,A_historical,gaussian,14,0.9,12,4,292,1628.0,1438.0,190.0,0.8832923832923832,20,0.0684931506849315,0.9315068493150684,85.95205479452055,268.0,20.91282173878397,12,1408.0,25098.0,23.825909818557843,12.0,119.1295490927892,28.215000271797187,64.04091009035503,112.86000108718875,148.6859109057466,338.5800032615662,374.40591308012404,A_historical
1,HOUSEHOLD_1_114_CA_3,high,regular,A_historical,gaussian,14,0.9,6,2,292,941.0,889.0,52.0,0.944739638682253,12,0.0410958904109589,0.9589041095890412,78.58561643835617,201.0,14.140628404584476,7,978.0,22947.0,10.67192702709812,7.0,53.359635135490606,3.783000111579895,21.454927138678016,15.13200044631958,32.8039274734177,45.39600133895874,63.06792836605686,A_historical
2,FOODS_3_784_CA_3,medium,intermittent,A_historical,gaussian,14,0.9,3,0,292,213.0,213.0,0.0,1.0,0,0.0,1.0,54.49657534246575,100.0,4.885628102809024,3,217.0,15913.0,7.629520547945205,3.0,38.147602739726025,0.0,10.629520547945205,0.0,10.629520547945205,0.0,10.629520547945205,A_historical
3,HOUSEHOLD_2_270_CA_3,medium,intermittent,A_historical,gaussian,14,0.9,5,2,292,118.0,102.0,16.0,0.864406779661017,8,0.0273972602739726,0.9726027397260274,10.417808219178083,40.0,12.238658777120316,6,140.0,3042.0,8.517600222548394,6.0,42.58800111274197,7.0080001831054695,21.52560040565386,28.032000732421878,42.54960095497027,84.09600219726563,98.61360241981403,A_historical
4,HOBBIES_1_377_CA_3,low,intermittent,A_historical,gaussian,14,0.9,7,0,292,92.0,92.0,0.0,1.0,0,0.0,1.0,10.736301369863014,25.0,10.711323763955342,7,95.0,3135.0,15.000759585916178,7.0,75.0037979295809,0.0,22.000759585916178,0.0,22.000759585916178,0.0,22.000759585916178,A_historical
5,HOUSEHOLD_2_228_CA_3,low,intermittent,A_historical,gaussian,14,0.9,6,0,292,112.0,112.0,0.0,1.0,0,0.0,1.0,15.065068493150685,29.0,9.293021141168447,6,121.0,4399.0,11.536829009545992,6.0,57.684145047729956,0.0,17.53682900954599,0.0,17.53682900954599,0.0,17.53682900954599,A_historical
6,FOODS_2_347_TX_2,high,regular,A_historical,gaussian,14,0.9,11,5,292,1785.0,1515.0,270.0,0.8487394957983193,20,0.0684931506849315,0.9315068493150684,94.05479452054794,335.0,20.13453976114186,12,1486.0,27464.0,23.43845441779045,12.0,117.19227208895224,36.04499942064287,71.48345383843332,144.17999768257147,179.61845210036194,432.5399930477144,467.97844746550487,A_historical
7,HOUSEHOLD_1_247_TX_2,high,regular,A_historical,gaussian,14,0.9,9,1,292,1273.0,1272.0,1.0,0.9992144540455616,1,0.003424657534246575,0.9965753424657534,79.75342465753425,177.0,19.93644795602885,9,1279.0,23288.0,10.83051538794008,9.0,54.1525769397004,0.07275000214576721,19.90326539008585,0.29100000858306885,20.12151539652315,0.8730000257492065,20.70351541368929,A_historical
8,FOODS_3_729_TX_2,medium,intermittent,A_historical,gaussian,14,0.9,7,3,292,224.0,209.0,15.0,0.9330357142857143,8,0.0273972602739726,0.9726027397260274,17.852739726027398,37.0,14.63360828697487,7,220.0,5213.0,9.947546623014423,7.0,49.737733115072125,4.477500021457672,21.425046644472097,17.91000008583069,34.85754670884511,53.730000257492065,70.6775468805065,A_historical
9,HOBBIES_1_034_TX_2,medium,intermittent,A_historical,gaussian,14,0.9,8,3,292,281.0,260.0,21.0,0.9252669039145908,11,0.03767123287671233,0.9623287671232876,19.55821917808219,47.0,16.617054806513746,9,291.0,5711.0,12.759781773972184,9.0,63.79890886986092,7.339499759674073,29.09928153364626,29.357999038696292,51.11778081266848,88.07399711608888,109.83377889006107,A_historical
10,FOODS_2_196_TX_2,low,intermittent,A_historical,gaussian,14,0.9,6,2,292,165.0,160.0,5.0,0.9696969696969697,4,0.0136986301369863,0.9863013698630136,18.455479452054796,40.0,10.83688996103173,6,164.0,5389.0,10.180042613597765,6.0,50.90021306798883,1.4775000214576721,17.657542635055435,5.9100000858306885,22.09004269942845,17.730000257492065,33.91004287108983,A_historical
11,HOUSEHOLD_2_315_TX_2,low,intermittent,A_historical,gaussian,14,0.9,6,1,292,122.0,119.0,3.0,0.9754098360655737,2,0.00684931506849315,0.9931506849315068,14.45890410958904,30.0,10.28777830412127,7,130.0,4222.0,15.525971387314469,7.0,77.62985693657234,1.725750017166138,24.25172140448061,6.903000068664552,29.428971455979024,20.709000205993654,43.234971593308124,A_historical
12,FOODS_2_056_WI_3,high,intermittent,A_historical,gaussian,14,0.9,19,6,292,1064.0,999.0,65.0,0.9389097744360902,14,0.04794520547945205,0.952054794520548,34.47260273972603,85.0,36.22441883568448,20,1035.0,10066.0,33.68662748931205,20.0,168.43313744656027,34.02750009298325,87.7141275822953,136.110000371933,189.79662786124507,408.330001115799,462.01662860511107,A_historical
13,HOBBIES_1_312_WI_3,high,intermittent,A_historical,gaussian,14,0.9,6,0,292,799.0,799.0,0.0,1.0,0,0.0,1.0,94.46575342465754,226.0,10.572614559164734,6,932.0,27584.0,7.538367028693629,6.0,37.69183514346815,0.0,13.538367028693628,0.0,13.538367028693628,0.0,13.538367028693628,A_historical
14,FOODS_3_128_WI_3,medium,intermittent,A_historical,gaussian,14,0.9,4,2,292,156.0,144.0,12.0,0.9230769230769231,4,0.0136986301369863,0.9863013698630136,29.55821917808219,58.0,6.089676746611054,5,197.0,8631.0,12.331689120024851,5.0,61.658445600124246,2.6820000171661382,20.01368913719099,10.728000068664553,28.059689188689404,32.184000205993655,49.5156893260185,A_historical
15,HOBBIES_1_036_WI_3,medium,intermittent,A_historical,gaussian,14,0.9,4,0,292,242.0,242.0,0.0,1.0,0,0.0,1.0,44.63013698630137,98.0,6.7779312461632895,4,265.0,13032.0,6.9980055092458855,4.0,34.99002754622943,0.0,10.998005509245885,0.0,10.998005509245885,0.0,10.998005509245885,A_historical
16,FOODS_3_520_WI_3,low,intermittent,A_historical,gaussian,14,0.9,7,0,292,206.0,206.0,0.0,1.0,0,0.0,1.0,18.438356164383563,45.0,13.965453194650816,7,208.0,5384.0,10.273852104030242,7.0,51.36926052015122,0.0,17.27385210403024,0.0,17.27385210403024,0.0,17.27385210403024,A_historical
17,HOUSEHOLD_1_464_WI_3,low,intermittent,A_historical,gaussian,14,0.9,5,0,292,49.0,49.0,0.0,1.0,0,0.0,1.0,7.708904109589041,15.0,7.945357618836073,5,55.0,2251.0,10.220465356683077,5.0,51.10232678341539,0.0,15.220465356683077,0.0,15.220465356683077,0.0,15.220465356683077,A_historical
0,FOODS_3_449_CA_3,high,regular,A_historical,gaussian,14,0.95,12,4,292,1628.0,1450.0,178.0,0.8906633906633906,20,0.0684931506849315,0.9315068493150684,88.81506849315069,276.0,20.407573070101023,12,1417.0,25934.0,24.619537223463187,12.0,123.09768611731594,26.433000254631047,63.05253747809423,105.73200101852419,142.35153824198738,317.1960030555726,353.81554027903576,A_historical
1,HOUSEHOLD_1_114_CA_3,high,regular,A_historical,gaussian,14,0.95,6,2,292,941.0,886.0,55.0,0.9415515409139213,12,0.0410958904109589,0.9589041095890412,76.5582191780822,201.0,14.466114963095503,7,932.0,22355.0,10.396606471032312,7.0,51.98303235516157,4.001250118017197,21.39785658904951,16.005000472068787,33.4016069431011,48.01500141620636,65.41160788723867,A_historical
2,FOODS_3_784_CA_3,medium,intermittent,A_historical,gaussian,14,0.95,3,0,292,213.0,213.0,0.0,1.0,0,0.0,1.0,55.73972602739726,103.0,4.776665028262473,3,220.0,16276.0,7.803561643835616,3.0,39.01780821917808,0.0,10.803561643835616,0.0,10.803561643835616,0.0,10.803561643835616,A_historical
3,HOUSEHOLD_2_270_CA_3,medium,intermittent,A_historical,gaussian,14,0.95,6,2,292,118.0,102.0,16.0,0.864406779661017,8,0.0273972602739726,0.9726027397260274,11.445205479452055,45.0,11.14003590664273,6,132.0,3342.0,9.357600244495966,6.0,46.78800122247983,7.0080001831054695,22.365600427601436,28.032000732421878,43.38960097691785,84.09600219726563,99.4536024417616,A_historical
4,HOBBIES_1_377_CA_3,low,intermittent,A_historical,gaussian,14,0.95,7,0,292,92.0,92.0,0.0,1.0,0,0.0,1.0,11.777397260273972,27.0,9.764466414655423,7,97.0,3439.0,16.455378697277748,7.0,82.27689348638873,0.0,23.455378697277748,0.0,23.455378697277748,0.0,23.455378697277748,A_historical
5,HOUSEHOLD_2_228_CA_3,low,intermittent,A_historical,gaussian,14,0.95,5,0,292,112.0,112.0,0.0,1.0,0,0.0,1.0,16.568493150684933,31.0,8.449772633319553,6,127.0,4838.0,12.688151568125372,6.0,63.44075784062686,0.0,18.68815156812537,0.0,18.68815156812537,0.0,18.68815156812537,A_historical
6,FOODS_2_347_TX_2,high,regular,A_historical,gaussian,14,0.95,11,5,292,1785.0,1530.0,255.0,0.8571428571428571,19,0.06506849315068493,0.934931506849315,94.76369863013699,309.0,20.181778757544,12,1508.0,27671.0,23.61511331906057,12.0,118.07556659530285,34.042499452829375,69.65761277188994,136.1699978113175,171.78511113037808,408.50999343395245,444.12510675301303,A_historical
7,HOUSEHOLD_1_247_TX_2,high,regular,A_historical,gaussian,14,0.95,9,0,292,1273.0,1273.0,0.0,1.0,0,0.0,1.0,82.71232876712328,181.0,19.238365352765822,9,1284.0,24152.0,11.232334577873962,9.0,56.161672889369804,0.0,20.232334577873964,0.0,20.232334577873964,0.0,20.232334577873964,A_historical
8,FOODS_3_729_TX_2,medium,intermittent,A_historical,gaussian,14,0.95,7,3,292,224.0,212.0,12.0,0.9464285714285714,7,0.023972602739726026,0.976027397260274,18.835616438356166,39.0,14.069090909090908,7,221.0,5500.0,10.495205529748576,7.0,52.476027648742885,3.5820000171661377,21.077205546914712,14.32800006866455,31.823205598413125,42.98400020599365,60.47920573574223,A_historical
9,HOBBIES_1_034_TX_2,medium,intermittent,A_historical,gaussian,14,0.95,9,3,292,281.0,271.0,10.0,0.9644128113879004,6,0.02054794520547945,0.9794520547945206,21.726027397260275,57.0,15.591897856242118,9,289.0,6344.0,14.174059809854585,9.0,70.87029904927293,3.4949998855590825,26.669059695413665,13.97999954223633,37.15405935209091,41.93999862670899,65.11405843656357,A_historical
10,FOODS_2_196_TX_2,low,intermittent,A_historical,gaussian,14,0.95,6,2,292,165.0,161.0,4.0,0.9757575757575757,4,0.0136986301369863,0.9863013698630136,19.568493150684933,41.0,10.284389219460973,6,167.0,5714.0,10.79398097867835,6.0,53.96990489339176,1.1820000171661378,17.975980995844488,4.728000068664551,21.521981047342898,14.184000205993653,30.977981184672004,A_historical
11,HOUSEHOLD_2_315_TX_2,low,intermittent,A_historical,gaussian,14,0.95,6,2,292,122.0,120.0,2.0,0.9836065573770492,2,0.00684931506849315,0.9931506849315068,15.061643835616438,30.0,9.959072305593452,7,132.0,4398.0,16.173193311560645,7.0,80.86596655780322,1.150500011444092,24.323693323004736,4.602000045776368,27.775193357337013,13.806000137329104,36.979193448889745,A_historical
12,FOODS_2_056_WI_3,high,intermittent,A_historical,gaussian,14,0.95,19,6,292,1064.0,1012.0,52.0,0.9511278195488722,11,0.03767123287671233,0.9623287671232876,37.15068493150685,88.0,34.05051622418879,21,1067.0,10848.0,36.30364941427152,21.0,181.51824707135762,27.2220000743866,84.52564948865812,108.8880002975464,166.19164971181792,326.6640008926392,383.96765030691074,A_historical
13,HOBBIES_1_312_WI_3,high,intermittent,A_historical,gaussian,14,0.95,6,1,292,799.0,788.0,11.0,0.986232790988736,2,0.00684931506849315,0.9931506849315068,94.73630136986301,242.0,10.397281567436648,6,959.0,27663.0,7.559956754450111,6.0,37.79978377225056,0.47024999409914026,14.03020674854925,1.880999976396561,15.440956730846672,5.642999929189683,19.202956683639794,A_historical
14,FOODS_3_128_WI_3,medium,intermittent,A_historical,gaussian,14,0.95,4,2,292,156.0,145.0,11.0,0.9294871794871795,4,0.0136986301369863,0.9863013698630136,30.743150684931507,60.0,5.895622145482901,5,199.0,8977.0,12.826042547846493,5.0,64.13021273923246,2.458500015735627,20.284542563582118,9.834000062942508,27.660042610789,29.50200018882752,47.32804273667401,A_historical
15,HOBBIES_1_036_WI_3,medium,intermittent,A_historical,gaussian,14,0.95,4,0,292,242.0,242.0,0.0,1.0,0,0.0,1.0,47.12671232876713,100.0,6.418864908073541,4,268.0,13761.0,7.389468524611159,4.0,36.947342623055796,0.0,11.389468524611159,0.0,11.389468524611159,0.0,11.389468524611159,A_historical
16,FOODS_3_520_WI_3,low,intermittent,A_historical,gaussian,14,0.95,8,0,292,206.0,206.0,0.0,1.0,0,0.0,1.0,19.236301369863014,42.0,13.386149189959053,8,238.0,5617.0,10.718467174654137,8.0,53.59233587327069,0.0,18.718467174654137,0.0,18.718467174654137,0.0,18.718467174654137,A_historical
17,HOUSEHOLD_1_464_WI_3,low,intermittent,A_historical,gaussian,14,0.95,5,1,292,49.0,48.0,1.0,0.9795918367346939,1,0.003424657534246575,0.9965753424657534,7.609589041095891,16.0,7.884788478847884,6,63.0,2222.0,10.08879343516206,6.0,50.44396717581031,0.7102500200271606,16.79904345518922,2.8410000801086426,18.929793515270703,8.523000240325928,24.611793675487988,A_historical
0,FOODS_3_449_CA_3,high,regular,A_historical,gaussian,14,0.98,12,4,292,1628.0,1473.0,155.0,0.9047911547911548,17,0.05821917808219178,0.9417808219178082,90.85958904109589,281.0,20.264784591609814,12,1424.0,26531.0,25.186278324813056,12.0,125.93139162406528,23.017500221729282,60.20377854654234,92.07000088691713,129.2562792117302,276.2100026607514,313.39628098556443,A_historical
1,HOUSEHOLD_1_114_CA_3,high,regular,A_historical,gaussian,14,0.98,7,2,292,941.0,898.0,43.0,0.9543039319872476,9,0.030821917808219176,0.9691780821917808,83.48630136986301,225.0,13.445319550414307,7,928.0,24378.0,11.337440060426111,7.0,56.687200302130556,3.12825009226799,21.4656901526941,12.51300036907196,30.85044042949807,37.53900110721588,55.87644116764199,A_historical
2,FOODS_3_784_CA_3,medium,intermittent,A_historical,gaussian,14,0.98,3,0,292,213.0,213.0,0.0,1.0,0,0.0,1.0,58.43493150684932,107.0,4.556349997069683,3,224.0,17063.0,8.180890410958904,3.0,40.90445205479452,0.0,11.180890410958904,0.0,11.180890410958904,0.0,11.180890410958904,A_historical
3,HOUSEHOLD_2_270_CA_3,medium,intermittent,A_historical,gaussian,14,0.98,6,2,292,118.0,102.0,16.0,0.864406779661017,8,0.0273972602739726,0.9726027397260274,11.863013698630137,47.0,10.74769053117783,6,135.0,3464.0,9.699200253421314,6.0,48.496001267106564,7.0080001831054695,22.707200436526783,28.032000732421878,43.73120098584319,84.09600219726563,99.79520245068694,A_historical
4,HOBBIES_1_377_CA_3,low,intermittent,A_historical,gaussian,14,0.98,7,0,292,92.0,92.0,0.0,1.0,0,0.0,1.0,12.60958904109589,28.0,9.120043454644215,7,98.0,3682.0,17.618117000109528,7.0,88.09058500054765,0.0,24.618117000109528,0.0,24.618117000109528,0.0,24.618117000109528,A_historical
5,HOUSEHOLD_2_228_CA_3,low,intermittent,A_historical,gaussian,14,0.98,5,0,292,112.0,112.0,0.0,1.0,0,0.0,1.0,18.60958904109589,34.0,7.523003312476996,6,135.0,5434.0,14.251222741048629,6.0,71.25611370524315,0.0,20.25122274104863,0.0,20.25122274104863,0.0,20.25122274104863,A_historical
6,FOODS_2_347_TX_2,high,regular,A_historical,gaussian,14,0.98,11,6,292,1785.0,1518.0,267.0,0.8504201680672269,22,0.07534246575342465,0.9246575342465754,104.10616438356165,359.0,18.226586400868445,12,1531.0,30399.0,25.943255747393383,12.0,129.71627873696693,35.64449942708016,73.58775517447354,142.57799770832065,180.52125345571403,427.733993124962,465.6772488723554,A_historical
7,HOUSEHOLD_1_247_TX_2,high,regular,A_historical,gaussian,14,0.98,9,0,292,1273.0,1273.0,0.0,1.0,0,0.0,1.0,85.96917808219177,186.0,18.50954069234753,9,1288.0,25103.0,11.674614727905352,9.0,58.37307363952676,0.0,20.67461472790535,0.0,20.67461472790535,0.0,20.67461472790535,A_historical
8,FOODS_3_729_TX_2,medium,intermittent,A_historical,gaussian,14,0.98,8,0,292,224.0,224.0,0.0,1.0,0,0.0,1.0,22.027397260273972,62.0,12.711442786069652,8,262.0,6432.0,12.273665812244154,8.0,61.36832906122077,0.0,20.273665812244154,0.0,20.273665812244154,0.0,20.273665812244154,A_historical
9,HOBBIES_1_034_TX_2,medium,intermittent,A_historical,gaussian,14,0.98,9,2,292,281.0,275.0,6.0,0.9786476868327402,3,0.010273972602739725,0.9897260273972602,24.397260273972602,59.0,14.089696799550815,9,295.0,7124.0,15.916772081558017,9.0,79.58386040779008,2.0969999313354495,27.013772012893465,8.387999725341798,33.304771806899815,25.163999176025392,50.08077125758341,A_historical
10,FOODS_2_196_TX_2,low,intermittent,A_historical,gaussian,14,0.98,6,1,292,165.0,163.0,2.0,0.9878787878787879,2,0.00684931506849315,0.9931506849315068,19.335616438356166,39.0,10.537548707049238,7,188.0,5646.0,10.66552618229226,7.0,53.3276309114613,0.5910000085830689,18.25652619087533,2.3640000343322756,20.029526216624536,7.092000102996827,24.75752628528909,A_historical
11,HOUSEHOLD_2_315_TX_2,low,intermittent,A_historical,gaussian,14,0.98,6,2,292,122.0,121.0,1.0,0.9918032786885246,1,0.003424657534246575,0.9965753424657534,15.845890410958905,31.0,9.54506159498595,7,135.0,4627.0,17.01531729254004,7.0,85.0765864627002,0.575250005722046,24.590567298262087,2.301000022888184,26.316317315428222,6.903000068664552,30.918317361204593,A_historical
12,FOODS_2_056_WI_3,high,intermittent,A_historical,gaussian,14,0.98,20,3,292,1064.0,1034.0,30.0,0.9718045112781954,8,0.0273972602739726,0.9726027397260274,39.80821917808219,85.0,32.468169304886445,22,1093.0,11624.0,38.90059188712133,22.0,194.50295943560664,15.705000042915348,76.60559193003668,62.82000017166139,123.72059205878273,188.46000051498416,249.36059240210548,A_historical
13,HOBBIES_1_312_WI_3,high,intermittent,A_historical,gaussian,14,0.98,6,1,292,799.0,792.0,7.0,0.9912390488110138,2,0.00684931506849315,0.9931506849315068,99.66438356164383,244.0,9.933337914919939,6,962.0,29102.0,7.953217708419446,6.0,39.76608854209723,0.29924999624490745,14.252467704664353,1.1969999849796298,15.150217693399076,3.590999954938889,17.544217663358335,A_historical
14,FOODS_3_128_WI_3,medium,intermittent,A_historical,gaussian,14,0.98,4,1,292,156.0,148.0,8.0,0.9487179487179487,3,0.010273972602739725,0.9897260273972602,32.178082191780824,62.0,5.749255002128565,5,202.0,9396.0,13.424695976335709,5.0,67.12347988167853,1.7880000114440922,20.212695987779803,7.152000045776369,25.576696022112078,21.456000137329106,39.88069611366481,A_historical
15,HOBBIES_1_036_WI_3,medium,intermittent,A_historical,gaussian,14,0.98,4,0,292,242.0,242.0,0.0,1.0,0,0.0,1.0,48.93150684931507,99.0,6.1821108622620375,4,271.0,14288.0,7.672460306637907,4.0,38.36230153318954,0.0,11.672460306637907,0.0,11.672460306637907,0.0,11.672460306637907,A_historical
16,FOODS_3_520_WI_3,low,intermittent,A_historical,gaussian,14,0.98,7,0,292,206.0,206.0,0.0,1.0,0,0.0,1.0,20.767123287671232,48.0,12.399406332453825,7,211.0,6064.0,11.571441151344612,7.0,57.85720575672306,0.0,18.57144115134461,0.0,18.57144115134461,0.0,18.57144115134461,A_historical
17,HOUSEHOLD_1_464_WI_3,low,intermittent,A_historical,gaussian,14,0.98,5,1,292,49.0,48.0,1.0,0.9795918367346939,1,0.003424657534246575,0.9965753424657534,8.893835616438356,17.0,6.7462456680785525,5,56.0,2597.0,11.791447592761418,5.0,58.95723796380709,0.7102500200271606,17.50169761278858,2.8410000801086426,19.63244767287006,8.523000240325928,25.314447833087346,A_historical
0,FOODS_3_449_CA_3,high,regular,Naive,gaussian,3,0.9,10,0,292,1628.0,1628.0,0.0,1.0,0,0.0,1.0,93.16095890410959,294.0,21.843914274160934,10,1628.0,27203.0,25.824218056985774,10.0,129.12109028492887,0.0,35.82421805698577,0.0,35.82421805698577,0.0,35.82421805698577,B_Naive
1,HOUSEHOLD_1_114_CA_3,high,regular,Naive,gaussian,3,0.9,5,0,292,941.0,941.0,0.0,1.0,0,0.0,1.0,97.18835616438356,243.0,12.102787272278798,5,975.0,28379.0,13.198179156404652,5.0,65.99089578202326,0.0,18.198179156404652,0.0,18.198179156404652,0.0,18.198179156404652,B_Naive
2,FOODS_3_784_CA_3,medium,intermittent,Naive,gaussian,3,0.9,2,1,292,213.0,212.0,1.0,0.9953051643192489,1,0.003424657534246575,0.9965753424657534,73.14383561643835,186.0,3.622998408090645,2,280.0,21358.0,10.24013698630137,2.0,51.20068493150684,0.07500000000000001,12.315136986301368,0.30000000000000004,12.54013698630137,0.9000000000000001,13.14013698630137,B_Naive
3,HOUSEHOLD_2_270_CA_3,medium,intermittent,Naive,gaussian,3,0.9,4,0,292,118.0,118.0,0.0,1.0,0,0.0,1.0,14.986301369863014,76.0,9.842321755027422,4,140.0,4376.0,12.252800320141937,4.0,61.264001600709676,0.0,16.252800320141937,0.0,16.252800320141937,0.0,16.252800320141937,B_Naive
4,HOBBIES_1_377_CA_3,low,intermittent,Naive,gaussian,3,0.9,4,0,292,92.0,92.0,0.0,1.0,0,0.0,1.0,25.085616438356166,56.0,4.584300341296928,4,123.0,7325.0,35.049621680011484,4.0,175.24810840005745,0.0,39.049621680011484,0.0,39.049621680011484,0.0,39.049621680011484,B_Naive
5,HOUSEHOLD_2_228_CA_3,low,intermittent,Naive,gaussian,3,0.9,3,0,292,112.0,112.0,0.0,1.0,0,0.0,1.0,33.273972602739725,68.0,4.207492795389049,3,137.0,9716.0,25.481207241816062,3.0,127.4060362090803,0.0,28.481207241816062,0.0,28.481207241816062,0.0,28.481207241816062,B_Naive
6,FOODS_2_347_TX_2,high,regular,Naive,gaussian,3,0.9,10,1,292,1785.0,1766.0,19.0,0.9893557422969188,1,0.003424657534246575,0.9965753424657534,111.20205479452055,313.0,19.85125188629854,10,1941.0,32471.0,27.711551609382234,10.0,138.55775804691118,2.536499959230424,40.24805156861266,10.145999836921696,47.85755144630393,30.437999510765085,68.14955112014732,B_Naive
7,HOUSEHOLD_1_247_TX_2,high,regular,Naive,gaussian,3,0.9,7,0,292,1273.0,1273.0,0.0,1.0,0,0.0,1.0,107.35616438356165,248.0,14.822157713410746,7,1374.0,31348.0,14.578967553295502,7.0,72.89483776647751,0.0,21.578967553295502,0.0,21.578967553295502,0.0,21.578967553295502,B_Naive
8,FOODS_3_729_TX_2,medium,intermittent,Naive,gaussian,3,0.9,4,0,292,224.0,224.0,0.0,1.0,0,0.0,1.0,44.45890410958904,115.0,6.297951009089508,4,236.0,12982.0,24.772501488581096,4.0,123.86250744290548,0.0,28.772501488581096,0.0,28.772501488581096,0.0,28.772501488581096,B_Naive
9,HOBBIES_1_034_TX_2,medium,intermittent,Naive,gaussian,3,0.9,5,0,292,281.0,281.0,0.0,1.0,0,0.0,1.0,41.79109589041096,85.0,8.40490043431943,5,303.0,12203.0,27.264510066149985,5.0,136.32255033074992,0.0,32.26451006614998,0.0,32.26451006614998,0.0,32.26451006614998,B_Naive
10,FOODS_2_196_TX_2,low,intermittent,Naive,gaussian,3,0.9,3,0,292,165.0,165.0,0.0,1.0,0,0.0,1.0,38.945205479452056,89.0,5.295902215969047,3,202.0,11372.0,21.482175654450508,3.0,107.41087827225255,0.0,24.482175654450508,0.0,24.482175654450508,0.0,24.482175654450508,B_Naive
11,HOUSEHOLD_2_315_TX_2,low,intermittent,Naive,gaussian,3,0.9,4,0,292,122.0,122.0,0.0,1.0,0,0.0,1.0,28.27054794520548,63.0,5.394306480920655,4,140.0,8255.0,30.356914685523673,4.0,151.78457342761834,0.0,34.35691468552368,0.0,34.35691468552368,0.0,34.35691468552368,B_Naive
12,FOODS_2_056_WI_3,high,intermittent,Naive,gaussian,3,0.9,16,0,292,1064.0,1064.0,0.0,1.0,0,0.0,1.0,46.32534246575342,120.0,28.709987432542324,16,1061.0,13527.0,45.26912478123625,16.0,226.34562390618126,0.0,61.26912478123625,0.0,61.26912478123625,0.0,61.26912478123625,B_Naive
13,HOBBIES_1_312_WI_3,high,intermittent,Naive,gaussian,3,0.9,4,0,292,799.0,799.0,0.0,1.0,0,0.0,1.0,134.5,288.0,7.425650557620818,4,874.0,39274.0,10.733099865317342,4.0,53.66549932658672,0.0,14.733099865317342,0.0,14.733099865317342,0.0,14.733099865317342,B_Naive
14,FOODS_3_128_WI_3,medium,intermittent,Naive,gaussian,3,0.9,3,0,292,156.0,156.0,0.0,1.0,0,0.0,1.0,57.5958904109589,116.0,3.385658223332144,3,252.0,16818.0,24.029005633249675,3.0,120.14502816624835,0.0,27.029005633249675,0.0,27.029005633249675,0.0,27.029005633249675,B_Naive
15,HOBBIES_1_036_WI_3,medium,intermittent,Naive,gaussian,3,0.9,3,0,292,242.0,242.0,0.0,1.0,0,0.0,1.0,66.31506849315069,141.0,4.561557529436066,3,307.0,19364.0,10.398202783996112,3.0,51.99101391998056,0.0,13.398202783996112,0.0,13.398202783996112,0.0,13.398202783996112,B_Naive
16,FOODS_3_520_WI_3,low,intermittent,Naive,gaussian,3,0.9,3,0,292,206.0,206.0,0.0,1.0,0,0.0,1.0,42.294520547945204,89.0,6.088259109311741,3,211.0,12350.0,23.566506962253623,3.0,117.8325348112681,0.0,26.566506962253623,0.0,26.566506962253623,0.0,26.566506962253623,B_Naive
17,HOUSEHOLD_1_464_WI_3,low,intermittent,Naive,gaussian,3,0.9,3,0,292,49.0,49.0,0.0,1.0,0,0.0,1.0,15.027397260273972,35.0,4.075888787602553,3,78.0,4388.0,19.92332384945595,3.0,99.61661924727974,0.0,22.92332384945595,0.0,22.92332384945595,0.0,22.92332384945595,B_Naive
0,FOODS_3_449_CA_3,high,regular,Naive,gaussian,3,0.95,10,0,292,1628.0,1628.0,0.0,1.0,0,0.0,1.0,97.03767123287672,298.0,20.97123698605964,10,1632.0,28335.0,26.898842724871958,10.0,134.49421362435982,0.0,36.898842724871955,0.0,36.898842724871955,0.0,36.898842724871955,B_Naive
1,HOUSEHOLD_1_114_CA_3,high,regular,Naive,gaussian,3,0.95,5,0,292,941.0,941.0,0.0,1.0,0,0.0,1.0,100.1472602739726,247.0,11.745203980439763,5,979.0,29243.0,13.599998346338534,5.0,67.99999173169267,0.0,18.599998346338534,0.0,18.599998346338534,0.0,18.599998346338534,B_Naive
2,FOODS_3_784_CA_3,medium,intermittent,Naive,gaussian,3,0.95,2,0,292,213.0,213.0,0.0,1.0,0,0.0,1.0,73.76027397260275,186.0,3.609666635713622,2,281.0,21538.0,10.326438356164383,2.0,51.63219178082192,0.0,12.326438356164383,0.0,12.326438356164383,0.0,12.326438356164383,B_Naive
3,HOUSEHOLD_2_270_CA_3,medium,intermittent,Naive,gaussian,3,0.95,4,0,292,118.0,118.0,0.0,1.0,0,0.0,1.0,15.972602739726028,77.0,9.234562607204117,4,141.0,4664.0,13.059200341211607,4.0,65.29600170605804,0.0,17.059200341211607,0.0,17.059200341211607,0.0,17.059200341211607,B_Naive
4,HOBBIES_1_377_CA_3,low,intermittent,Naive,gaussian,3,0.95,4,0,292,92.0,92.0,0.0,1.0,0,0.0,1.0,26.061643835616437,57.0,4.412614980289094,4,124.0,7610.0,36.41332709691296,4.0,182.06663548456478,0.0,40.41332709691296,0.0,40.41332709691296,0.0,40.41332709691296,B_Naive
5,HOUSEHOLD_2_228_CA_3,low,intermittent,Naive,gaussian,3,0.95,3,0,292,112.0,112.0,0.0,1.0,0,0.0,1.0,34.26027397260274,69.0,4.086365453818472,3,138.0,10004.0,26.236516801886363,3.0,131.1825840094318,0.0,29.236516801886363,0.0,29.236516801886363,0.0,29.236516801886363,B_Naive
6,FOODS_2_347_TX_2,high,regular,Naive,gaussian,3,0.95,10,1,292,1785.0,1769.0,16.0,0.9910364145658264,1,0.003424657534246575,0.9965753424657534,113.76027397260275,316.0,19.437804804623998,10,1947.0,33218.0,28.349059818313542,10.0,141.74529909156772,2.1359999656677253,40.48505978398127,8.543999862670901,46.89305968098444,25.631999588012704,63.981059406326246,B_Naive
7,HOUSEHOLD_1_247_TX_2,high,regular,Naive,gaussian,3,0.95,7,0,292,1273.0,1273.0,0.0,1.0,0,0.0,1.0,110.23287671232876,251.0,14.435348577109485,7,1377.0,32188.0,14.969625099064553,7.0,74.84812549532276,0.0,21.96962509906455,0.0,21.96962509906455,0.0,21.96962509906455,B_Naive
8,FOODS_3_729_TX_2,medium,intermittent,Naive,gaussian,3,0.95,4,0,292,224.0,224.0,0.0,1.0,0,0.0,1.0,46.38356164383562,117.0,6.036621382161843,4,238.0,13544.0,25.844920671802676,4.0,129.2246033590134,0.0,29.844920671802676,0.0,29.844920671802676,0.0,29.844920671802676,B_Naive
9,HOBBIES_1_034_TX_2,medium,intermittent,Naive,gaussian,3,0.95,5,0,292,281.0,281.0,0.0,1.0,0,0.0,1.0,43.42123287671233,87.0,8.089360359649815,5,305.0,12679.0,28.328011401189514,5.0,141.6400570059476,0.0,33.328011401189514,0.0,33.328011401189514,0.0,33.328011401189514,B_Naive
10,FOODS_2_196_TX_2,low,intermittent,Naive,gaussian,3,0.95,3,0,292,165.0,165.0,0.0,1.0,0,0.0,1.0,39.81849315068493,90.0,5.179754020813624,3,203.0,11627.0,21.96388114089835,3.0,109.81940570449176,0.0,24.96388114089835,0.0,24.96388114089835,0.0,24.96388114089835,B_Naive
11,HOUSEHOLD_2_315_TX_2,low,intermittent,Naive,gaussian,3,0.95,4,0,292,122.0,122.0,0.0,1.0,0,0.0,1.0,28.27054794520548,63.0,5.394306480920655,4,140.0,8255.0,30.356914685523673,4.0,151.78457342761834,0.0,34.35691468552368,0.0,34.35691468552368,0.0,34.35691468552368,B_Naive
12,FOODS_2_056_WI_3,high,intermittent,Naive,gaussian,3,0.95,16,0,292,1064.0,1064.0,0.0,1.0,0,0.0,1.0,50.215753424657535,124.0,26.4857123371752,16,1065.0,14663.0,49.070834380665865,16.0,245.35417190332933,0.0,65.07083438066587,0.0,65.07083438066587,0.0,65.07083438066587,B_Naive
13,HOBBIES_1_312_WI_3,high,intermittent,Naive,gaussian,3,0.95,4,0,292,799.0,799.0,0.0,1.0,0,0.0,1.0,138.33561643835617,292.0,7.2197603604495715,4,878.0,40394.0,11.03918205325734,4.0,55.1959102662867,0.0,15.03918205325734,0.0,15.03918205325734,0.0,15.03918205325734,B_Naive
14,FOODS_3_128_WI_3,medium,intermittent,Naive,gaussian,3,0.95,3,0,292,156.0,156.0,0.0,1.0,0,0.0,1.0,58.57876712328767,117.0,3.3288512130955863,3,253.0,17105.0,24.4390618002578,3.0,122.19530900128899,0.0,27.4390618002578,0.0,27.4390618002578,0.0,27.4390618002578,B_Naive
15,HOBBIES_1_036_WI_3,medium,intermittent,Naive,gaussian,3,0.95,3,0,292,242.0,242.0,0.0,1.0,0,0.0,1.0,67.3013698630137,142.0,4.494707917769183,3,308.0,19652.0,10.55285483944906,3.0,52.76427419724529,0.0,13.55285483944906,0.0,13.55285483944906,0.0,13.55285483944906,B_Naive
16,FOODS_3_520_WI_3,low,intermittent,Naive,gaussian,3,0.95,3,0,292,206.0,206.0,0.0,1.0,0,0.0,1.0,43.27054794520548,90.0,5.950929956470123,3,212.0,12635.0,24.110349430613322,3.0,120.55174715306661,0.0,27.110349430613322,0.0,27.110349430613322,0.0,27.110349430613322,B_Naive
17,HOUSEHOLD_1_464_WI_3,low,intermittent,Naive,gaussian,3,0.95,3,0,292,49.0,49.0,0.0,1.0,0,0.0,1.0,15.969178082191782,36.0,3.8355136178425906,3,79.0,4663.0,21.171936898362144,3.0,105.85968449181074,0.0,24.171936898362144,0.0,24.171936898362144,0.0,24.171936898362144,B_Naive
0,FOODS_3_449_CA_3,high,regular,Naive,gaussian,3,0.98,10,0,292,1628.0,1628.0,0.0,1.0,0,0.0,1.0,101.98630136986301,303.0,19.953660174613834,10,1637.0,29780.0,28.27060301205883,10.0,141.35301506029415,0.0,38.27060301205883,0.0,38.27060301205883,0.0,38.27060301205883,B_Naive
1,HOUSEHOLD_1_114_CA_3,high,regular,Naive,gaussian,3,0.98,5,0,292,941.0,941.0,0.0,1.0,0,0.0,1.0,114.07534246575342,261.0,10.311167817472231,5,983.0,33310.0,15.491431963770356,5.0,77.45715981885178,0.0,20.491431963770356,0.0,20.491431963770356,0.0,20.491431963770356,B_Naive
2,FOODS_3_784_CA_3,medium,intermittent,Naive,gaussian,3,0.98,2,0,292,213.0,213.0,0.0,1.0,0,0.0,1.0,74.72602739726027,188.0,3.5630155820348306,2,283.0,21820.0,10.461643835616439,2.0,52.30821917808218,0.0,12.461643835616439,0.0,12.461643835616439,0.0,12.461643835616439,B_Naive
3,HOUSEHOLD_2_270_CA_3,medium,intermittent,Naive,gaussian,3,0.98,4,0,292,118.0,118.0,0.0,1.0,0,0.0,1.0,16.958904109589042,78.0,8.697495961227785,4,142.0,4952.0,13.865600362281278,4.0,69.32800181140638,0.0,17.865600362281278,0.0,17.865600362281278,0.0,17.865600362281278,B_Naive
4,HOBBIES_1_377_CA_3,low,intermittent,Naive,gaussian,3,0.98,5,0,292,92.0,92.0,0.0,1.0,0,0.0,1.0,27.05821917808219,58.0,4.2500949246930775,5,125.0,7901.0,37.80574210153867,5.0,189.02871050769335,0.0,42.80574210153867,0.0,42.80574210153867,0.0,42.80574210153867,B_Naive
5,HOUSEHOLD_2_228_CA_3,low,intermittent,Naive,gaussian,3,0.98,3,0,292,112.0,112.0,0.0,1.0,0,0.0,1.0,35.24657534246575,70.0,3.9720171006607075,3,139.0,10292.0,26.99182636195666,3.0,134.9591318097833,0.0,29.99182636195666,0.0,29.99182636195666,0.0,29.99182636195666,B_Naive
6,FOODS_2_347_TX_2,high,regular,Naive,gaussian,3,0.98,10,1,292,1785.0,1773.0,12.0,0.9932773109243698,1,0.003424657534246575,0.9965753424657534,117.17123287671232,320.0,18.91462559186298,10,1955.0,34214.0,29.199070763555287,10.0,145.99535381777642,1.601999974250794,40.80107073780608,6.407999897003176,45.60707066055846,19.223999691009528,58.42307045456481,B_Naive
7,HOUSEHOLD_1_247_TX_2,high,regular,Naive,gaussian,3,0.98,7,0,292,1273.0,1273.0,0.0,1.0,0,0.0,1.0,119.91438356164383,268.0,13.26988433528488,7,1331.0,35015.0,16.284373767980156,7.0,81.42186883990078,0.0,23.284373767980156,0.0,23.284373767980156,0.0,23.284373767980156,B_Naive
8,FOODS_3_729_TX_2,medium,intermittent,Naive,gaussian,3,0.98,4,0,292,224.0,224.0,0.0,1.0,0,0.0,1.0,48.342465753424655,119.0,5.792009067724568,4,240.0,14116.0,26.936422046896528,4.0,134.68211023448265,0.0,30.936422046896528,0.0,30.936422046896528,0.0,30.936422046896528,B_Naive
9,HOBBIES_1_034_TX_2,medium,intermittent,Naive,gaussian,3,0.98,5,0,292,281.0,281.0,0.0,1.0,0,0.0,1.0,44.37671232876713,88.0,7.915187528939651,5,306.0,12958.0,28.95136617529882,5.0,144.75683087649412,0.0,33.951366175298816,0.0,33.951366175298816,0.0,33.951366175298816,B_Naive
10,FOODS_2_196_TX_2,low,intermittent,Naive,gaussian,3,0.98,4,0,292,165.0,165.0,0.0,1.0,0,0.0,1.0,36.678082191780824,74.0,5.6232492997198875,4,189.0,10710.0,20.23163043080944,4.0,101.1581521540472,0.0,24.23163043080944,0.0,24.23163043080944,0.0,24.23163043080944,B_Naive
11,HOUSEHOLD_2_315_TX_2,low,intermittent,Naive,gaussian,3,0.98,4,0,292,122.0,122.0,0.0,1.0,0,0.0,1.0,28.160958904109588,54.0,5.415298552839596,4,142.0,8223.0,30.23923797202437,4.0,151.19618986012182,0.0,34.23923797202437,0.0,34.23923797202437,0.0,34.23923797202437,B_Naive
12,FOODS_2_056_WI_3,high,intermittent,Naive,gaussian,3,0.98,16,0,292,1064.0,1064.0,0.0,1.0,0,0.0,1.0,54.93150684931507,128.0,24.211970074812967,16,1069.0,16040.0,53.67906863983363,16.0,268.39534319916817,0.0,69.67906863983363,0.0,69.67906863983363,0.0,69.67906863983363,B_Naive
13,HOBBIES_1_312_WI_3,high,intermittent,Naive,gaussian,3,0.98,4,0,292,799.0,799.0,0.0,1.0,0,0.0,1.0,142.17123287671234,296.0,7.024979524979525,4,882.0,41514.0,11.345264241197336,4.0,56.72632120598669,0.0,15.345264241197336,0.0,15.345264241197336,0.0,15.345264241197336,B_Naive
14,FOODS_3_128_WI_3,medium,intermittent,Naive,gaussian,3,0.98,3,0,292,156.0,156.0,0.0,1.0,0,0.0,1.0,59.56164383561644,118.0,3.2739190432382705,3,254.0,17392.0,24.849117967265926,3.0,124.24558983632961,0.0,27.849117967265926,0.0,27.849117967265926,0.0,27.849117967265926,B_Naive
15,HOBBIES_1_036_WI_3,medium,intermittent,Naive,gaussian,3,0.98,3,0,292,242.0,242.0,0.0,1.0,0,0.0,1.0,69.27397260273973,144.0,4.366719398853075,3,310.0,20228.0,10.862158950354955,3.0,54.31079475177477,0.0,13.862158950354955,0.0,13.862158950354955,0.0,13.862158950354955,B_Naive
16,FOODS_3_520_WI_3,low,intermittent,Naive,gaussian,3,0.98,3,0,292,206.0,206.0,0.0,1.0,0,0.0,1.0,44.24657534246575,91.0,5.819659442724459,3,213.0,12920.0,24.65419189897302,3.0,123.27095949486511,0.0,27.65419189897302,0.0,27.65419189897302,0.0,27.65419189897302,B_Naive
17,HOUSEHOLD_1_464_WI_3,low,intermittent,Naive,gaussian,3,0.98,3,0,292,49.0,49.0,0.0,1.0,0,0.0,1.0,16.910958904109588,37.0,3.6219117051437832,3,80.0,4938.0,22.42054994726834,3.0,112.1027497363417,0.0,25.42054994726834,0.0,25.42054994726834,0.0,25.42054994726834,B_Naive
0,FOODS_3_449_CA_3,high,regular,Naive,gaussian,7,0.9,9,0,292,1628.0,1628.0,0.0,1.0,0,0.0,1.0,157.2054794520548,377.0,12.944841408156151,9,1675.0,45904.0,43.5773593238935,9.0,217.8867966194675,0.0,52.5773593238935,0.0,52.5773593238935,0.0,52.5773593238935,B_Naive
1,HOUSEHOLD_1_114_CA_3,high,regular,Naive,gaussian,7,0.9,5,0,292,941.0,941.0,0.0,1.0,0,0.0,1.0,141.46917808219177,333.0,8.314531942191774,5,1095.0,41309.0,19.211514950206837,5.0,96.05757475103417,0.0,24.211514950206837,0.0,24.211514950206837,0.0,24.211514950206837,B_Naive
2,FOODS_3_784_CA_3,medium,intermittent,Naive,gaussian,7,0.9,2,0,292,213.0,213.0,0.0,1.0,0,0.0,1.0,106.43150684931507,190.0,2.5016088551386835,2,250.0,31078.0,14.900410958904109,2.0,74.50205479452055,0.0,16.90041095890411,0.0,16.90041095890411,0.0,16.90041095890411,B_Naive
3,HOUSEHOLD_2_270_CA_3,medium,intermittent,Naive,gaussian,7,0.9,4,1,292,118.0,114.0,4.0,0.9661016949152542,2,0.00684931506849315,0.9931506849315068,21.63013698630137,94.0,6.5880303989867,4,170.0,6316.0,17.68480046206958,4.0,88.42400231034787,1.7520000457763674,23.436800507845945,7.0080001831054695,28.692800645175048,21.02400054931641,42.70880101138599,B_Naive
4,HOBBIES_1_377_CA_3,low,intermittent,Naive,gaussian,7,0.9,5,0,292,92.0,92.0,0.0,1.0,0,0.0,1.0,36.73287671232877,75.0,3.1307104232705574,5,142.0,10726.0,51.32317298836904,5.0,256.6158649418452,0.0,56.32317298836904,0.0,56.32317298836904,0.0,56.32317298836904,B_Naive
5,HOUSEHOLD_2_228_CA_3,low,intermittent,Naive,gaussian,7,0.9,3,0,292,112.0,112.0,0.0,1.0,0,0.0,1.0,73.90753424657534,126.0,1.8942588387933832,3,179.0,21581.0,56.59838755512891,3.0,282.9919377756445,0.0,59.59838755512891,0.0,59.59838755512891,0.0,59.59838755512891,B_Naive
6,FOODS_2_347_TX_2,high,regular,Naive,gaussian,7,0.9,9,1,292,1785.0,1739.0,46.0,0.9742296918767507,3,0.010273972602739725,0.9897260273972602,178.61301369863014,575.0,12.170165851787939,9,2006.0,52155.0,44.51036229827632,9.0,222.5518114913816,6.140999901294711,59.65136219957103,24.563999605178843,78.07436190345516,73.69199881553652,127.20236111381284,B_Naive
7,HOUSEHOLD_1_247_TX_2,high,regular,Naive,gaussian,7,0.9,7,0,292,1273.0,1273.0,0.0,1.0,0,0.0,1.0,137.5,297.0,11.572727272727274,7,1407.0,40150.0,18.672500550746918,7.0,93.36250275373459,0.0,25.672500550746918,0.0,25.672500550746918,0.0,25.672500550746918,B_Naive
8,FOODS_3_729_TX_2,medium,intermittent,Naive,gaussian,7,0.9,5,0,292,224.0,224.0,0.0,1.0,0,0.0,1.0,62.513698630136986,147.0,4.479018297359483,5,269.0,18254.0,34.83263304364191,5.0,174.16316521820957,0.0,39.83263304364191,0.0,39.83263304364191,0.0,39.83263304364191,B_Naive
9,HOBBIES_1_034_TX_2,medium,intermittent,Naive,gaussian,7,0.9,6,0,292,281.0,281.0,0.0,1.0,0,0.0,1.0,50.35958904109589,99.0,6.974838490309419,6,321.0,14705.0,32.85459481461407,6.0,164.27297407307034,0.0,38.85459481461407,0.0,38.85459481461407,0.0,38.85459481461407,B_Naive
10,FOODS_2_196_TX_2,low,intermittent,Naive,gaussian,7,0.9,4,0,292,165.0,165.0,0.0,1.0,0,0.0,1.0,42.84931506849315,84.0,4.813379156010231,4,202.0,12512.0,23.635682535040868,4.0,118.17841267520433,0.0,27.635682535040868,0.0,27.635682535040868,0.0,27.635682535040868,B_Naive
11,HOUSEHOLD_2_315_TX_2,low,intermittent,Naive,gaussian,7,0.9,4,0,292,122.0,122.0,0.0,1.0,0,0.0,1.0,36.81849315068493,66.0,4.141940284624686,4,150.0,10751.0,39.535698338469416,4.0,197.67849169234705,0.0,43.535698338469416,0.0,43.535698338469416,0.0,43.535698338469416,B_Naive
12,FOODS_2_056_WI_3,high,intermittent,Naive,gaussian,7,0.9,14,0,292,1064.0,1064.0,0.0,1.0,0,0.0,1.0,78.33561643835617,145.0,16.978228556439625,14,1090.0,22874.0,76.5495645927403,14.0,382.74782296370154,0.0,90.5495645927403,0.0,90.5495645927403,0.0,90.5495645927403,B_Naive
13,HOBBIES_1_312_WI_3,high,intermittent,Naive,gaussian,7,0.9,4,0,292,799.0,799.0,0.0,1.0,0,0.0,1.0,387.1404109589041,856.0,2.5798133486664603,4,1522.0,113045.0,30.893804406854382,4.0,154.46902203427194,0.0,34.893804406854386,0.0,34.893804406854386,0.0,34.893804406854386,B_Naive
14,FOODS_3_128_WI_3,medium,intermittent,Naive,gaussian,7,0.9,3,0,292,156.0,156.0,0.0,1.0,0,0.0,1.0,81.6472602739726,143.0,2.3883226374732605,3,281.0,23841.0,34.06323720432307,3.0,170.31618602161538,0.0,37.06323720432307,0.0,37.06323720432307,0.0,37.06323720432307,B_Naive
15,HOBBIES_1_036_WI_3,medium,intermittent,Naive,gaussian,7,0.9,2,0,292,242.0,242.0,0.0,1.0,0,0.0,1.0,209.3972602739726,332.0,1.4446225304199922,2,379.0,61144.0,32.83349055074665,2.0,164.16745275373324,0.0,34.83349055074665,0.0,34.83349055074665,0.0,34.83349055074665,B_Naive
16,FOODS_3_520_WI_3,low,intermittent,Naive,gaussian,7,0.9,3,0,292,206.0,206.0,0.0,1.0,0,0.0,1.0,64.53082191780823,112.0,3.9903412407790686,3,264.0,18843.0,35.956574144918626,3.0,179.78287072459315,0.0,38.956574144918626,0.0,38.956574144918626,0.0,38.956574144918626,B_Naive
17,HOUSEHOLD_1_464_WI_3,low,intermittent,Naive,gaussian,7,0.9,4,0,292,49.0,49.0,0.0,1.0,0,0.0,1.0,20.654109589041095,46.0,2.9655115237937326,4,89.0,6031.0,27.383219265284602,4.0,136.916096326423,0.0,31.383219265284602,0.0,31.383219265284602,0.0,31.383219265284602,B_Naive
0,FOODS_3_449_CA_3,high,regular,Naive,gaussian,7,0.95,9,0,292,1628.0,1628.0,0.0,1.0,0,0.0,1.0,165.83561643835617,386.0,12.271187840740128,9,1684.0,48424.0,45.969633319541195,9.0,229.84816659770598,0.0,54.969633319541195,0.0,54.969633319541195,0.0,54.969633319541195,B_Naive
1,HOUSEHOLD_1_114_CA_3,high,regular,Naive,gaussian,7,0.95,5,0,292,941.0,941.0,0.0,1.0,0,0.0,1.0,146.59931506849315,340.0,8.023570911299554,5,1102.0,42807.0,19.908187573494978,5.0,99.54093786747488,0.0,24.908187573494978,0.0,24.908187573494978,0.0,24.908187573494978,B_Naive
2,FOODS_3_784_CA_3,medium,intermittent,Naive,gaussian,7,0.95,2,0,292,213.0,213.0,0.0,1.0,0,0.0,1.0,109.22602739726027,193.0,2.437605819276353,2,253.0,31894.0,15.291643835616439,2.0,76.45821917808219,0.0,17.29164383561644,0.0,17.29164383561644,0.0,17.29164383561644,B_Naive
3,HOUSEHOLD_2_270_CA_3,medium,intermittent,Naive,gaussian,7,0.95,4,1,292,118.0,116.0,2.0,0.9830508474576272,1,0.003424657534246575,0.9965753424657534,23.486301369863014,96.0,6.173811606882473,4,174.0,6858.0,19.202400501721527,4.0,96.01200250860762,0.8760000228881837,24.078400524609712,3.5040000915527347,26.70640059327426,10.512000274658204,33.71440077637973,B_Naive
4,HOBBIES_1_377_CA_3,low,intermittent,Naive,gaussian,7,0.95,5,0,292,92.0,92.0,0.0,1.0,0,0.0,1.0,38.678082191780824,77.0,2.9732601381264385,5,144.0,11294.0,54.04101395959723,5.0,270.2050697979862,0.0,59.04101395959723,0.0,59.04101395959723,0.0,59.04101395959723,B_Naive
5,HOUSEHOLD_2_228_CA_3,low,intermittent,Naive,gaussian,7,0.95,3,0,292,112.0,112.0,0.0,1.0,0,0.0,1.0,75.8527397260274,128.0,1.8456815206104114,3,181.0,22149.0,58.08802585415644,3.0,290.44012927078217,0.0,61.08802585415644,0.0,61.08802585415644,0.0,61.08802585415644,B_Naive
6,FOODS_2_347_TX_2,high,regular,Naive,gaussian,7,0.95,9,1,292,1785.0,1746.0,39.0,0.9781512605042016,3,0.010273972602739725,0.9897260273972602,184.89383561643837,582.0,11.804071199688824,9,2020.0,53989.0,46.07554309503672,9.0,230.37771547518363,5.206499916315081,60.2820430113518,20.825999665260323,75.90154276029705,62.477998995780965,117.55354209081769,B_Naive
7,HOUSEHOLD_1_247_TX_2,high,regular,Naive,gaussian,7,0.95,7,0,292,1273.0,1273.0,0.0,1.0,0,0.0,1.0,143.27397260273972,303.0,11.10634381872072,7,1413.0,41836.0,19.45660605332623,7.0,97.28303026663113,0.0,26.45660605332623,0.0,26.45660605332623,0.0,26.45660605332623,B_Naive
8,FOODS_3_729_TX_2,medium,intermittent,Naive,gaussian,7,0.95,5,0,292,224.0,224.0,0.0,1.0,0,0.0,1.0,66.4041095890411,151.0,4.216606498194945,5,273.0,19390.0,37.0003700403318,5.0,185.001850201659,0.0,42.0003700403318,0.0,42.0003700403318,0.0,42.0003700403318,B_Naive
9,HOBBIES_1_034_TX_2,medium,intermittent,Naive,gaussian,7,0.95,6,0,292,281.0,281.0,0.0,1.0,0,0.0,1.0,53.79794520547945,102.0,6.529059774651474,6,324.0,15709.0,35.097778302806695,6.0,175.48889151403347,0.0,41.097778302806695,0.0,41.097778302806695,0.0,41.097778302806695,B_Naive
10,FOODS_2_196_TX_2,low,intermittent,Naive,gaussian,7,0.95,5,0,292,165.0,165.0,0.0,1.0,0,0.0,1.0,45.75,87.0,4.508196721311475,5,205.0,13359.0,25.23570036649704,5.0,126.1785018324852,0.0,30.23570036649704,0.0,30.23570036649704,0.0,30.23570036649704,B_Naive
11,HOUSEHOLD_2_315_TX_2,low,intermittent,Naive,gaussian,7,0.95,4,0,292,122.0,122.0,0.0,1.0,0,0.0,1.0,38.72945205479452,68.0,3.9375718454328412,4,152.0,11309.0,41.58768603011353,4.0,207.93843015056765,0.0,45.58768603011353,0.0,45.58768603011353,0.0,45.58768603011353,B_Naive
12,FOODS_2_056_WI_3,high,intermittent,Naive,gaussian,7,0.95,14,0,292,1064.0,1064.0,0.0,1.0,0,0.0,1.0,86.11643835616438,153.0,15.444205837906626,14,1098.0,25146.0,84.15298379159952,14.0,420.7649189579976,0.0,98.15298379159952,0.0,98.15298379159952,0.0,98.15298379159952,B_Naive
13,HOBBIES_1_312_WI_3,high,intermittent,Naive,gaussian,7,0.95,4,0,292,799.0,799.0,0.0,1.0,0,0.0,1.0,274.38698630136986,864.0,3.6399321026946745,4,1530.0,80121.0,21.8960812320897,4.0,109.48040616044851,0.0,25.8960812320897,0.0,25.8960812320897,0.0,25.8960812320897,B_Naive
14,FOODS_3_128_WI_3,medium,intermittent,Naive,gaussian,7,0.95,3,0,292,156.0,156.0,0.0,1.0,0,0.0,1.0,84.55479452054794,146.0,2.3061968408262454,3,284.0,24690.0,35.276260499758266,3.0,176.38130249879129,0.0,38.276260499758266,0.0,38.276260499758266,0.0,38.276260499758266,B_Naive
15,HOBBIES_1_036_WI_3,medium,intermittent,Naive,gaussian,7,0.95,2,0,292,242.0,242.0,0.0,1.0,0,0.0,1.0,213.2876712328767,336.0,1.418272318561336,2,383.0,62280.0,33.44350699169995,2.0,167.21753495849973,0.0,35.44350699169995,0.0,35.44350699169995,0.0,35.44350699169995,B_Naive
16,FOODS_3_520_WI_3,low,intermittent,Naive,gaussian,7,0.95,3,0,292,206.0,206.0,0.0,1.0,0,0.0,1.0,66.45547945205479,114.0,3.874774542643649,3,266.0,19405.0,37.0289933281402,3.0,185.14496664070103,0.0,40.0289933281402,0.0,40.0289933281402,0.0,40.0289933281402,B_Naive
17,HOUSEHOLD_1_464_WI_3,low,intermittent,Naive,gaussian,7,0.95,4,0,292,49.0,49.0,0.0,1.0,0,0.0,1.0,21.626712328767123,47.0,2.8321456848772764,4,90.0,6315.0,28.67269601397318,4.0,143.36348006986591,0.0,32.67269601397318,0.0,32.67269601397318,0.0,32.67269601397318,B_Naive
0,FOODS_3_449_CA_3,high,regular,Naive,gaussian,7,0.98,9,0,292,1628.0,1628.0,0.0,1.0,0,0.0,1.0,175.42465753424656,396.0,11.600421677338748,9,1694.0,51224.0,48.62771553692752,9.0,243.13857768463757,0.0,57.62771553692752,0.0,57.62771553692752,0.0,57.62771553692752,B_Naive
1,HOUSEHOLD_1_114_CA_3,high,regular,Naive,gaussian,7,0.98,5,0,292,941.0,941.0,0.0,1.0,0,0.0,1.0,153.19520547945206,349.0,7.67811235553171,5,1111.0,44733.0,20.803909517722587,5.0,104.01954758861294,0.0,25.803909517722587,0.0,25.803909517722587,0.0,25.803909517722587,B_Naive
2,FOODS_3_784_CA_3,medium,intermittent,Naive,gaussian,7,0.98,2,0,292,213.0,213.0,0.0,1.0,0,0.0,1.0,112.02054794520548,196.0,2.3767960868236013,2,256.0,32710.0,15.682876712328767,2.0,78.41438356164383,0.0,17.682876712328767,0.0,17.682876712328767,0.0,17.682876712328767,B_Naive
3,HOUSEHOLD_2_270_CA_3,medium,intermittent,Naive,gaussian,7,0.98,4,0,292,118.0,118.0,0.0,1.0,0,0.0,1.0,25.34931506849315,98.0,5.818697649283977,4,178.0,7402.0,20.725600541519793,4.0,103.62800270759895,0.0,24.725600541519793,0.0,24.725600541519793,0.0,24.725600541519793,B_Naive
4,HOBBIES_1_377_CA_3,low,intermittent,Naive,gaussian,7,0.98,5,0,292,92.0,92.0,0.0,1.0,0,0.0,1.0,40.62328767123287,79.0,2.830888551677626,5,146.0,11862.0,56.75885493082542,5.0,283.7942746541271,0.0,61.75885493082542,0.0,61.75885493082542,0.0,61.75885493082542,B_Naive
5,HOUSEHOLD_2_228_CA_3,low,intermittent,Naive,gaussian,7,0.98,3,0,292,112.0,112.0,0.0,1.0,0,0.0,1.0,77.79794520547945,130.0,1.7995333890918697,3,183.0,22717.0,59.577664153183974,3.0,297.88832076591984,0.0,62.577664153183974,0.0,62.577664153183974,0.0,62.577664153183974,B_Naive
6,FOODS_2_347_TX_2,high,regular,Naive,gaussian,7,0.98,9,1,292,1785.0,1750.0,35.0,0.9803921568627451,2,0.00684931506849315,0.9931506849315068,199.95205479452054,590.0,10.940122632137841,9,2032.0,58386.0,49.82805125390013,9.0,249.14025626950064,4.672499924898149,63.500551178798275,18.689999699592597,77.51805095349272,56.06999909877779,114.89805035267793,B_Naive
7,HOUSEHOLD_1_247_TX_2,high,regular,Naive,gaussian,7,0.98,7,0,292,1273.0,1273.0,0.0,1.0,0,0.0,1.0,156.90068493150685,315.0,10.141765797227984,7,1420.0,45815.0,21.307113642153674,7.0,106.53556821076837,0.0,28.307113642153674,0.0,28.307113642153674,0.0,28.307113642153674,B_Naive
8,FOODS_3_729_TX_2,medium,intermittent,Naive,gaussian,7,0.98,5,0,292,224.0,224.0,0.0,1.0,0,0.0,1.0,71.26712328767124,156.0,3.9288803459875057,5,278.0,20810.0,39.71004128619416,5.0,198.55020643097083,0.0,44.71004128619416,0.0,44.71004128619416,0.0,44.71004128619416,B_Naive
9,HOBBIES_1_034_TX_2,medium,intermittent,Naive,gaussian,7,0.98,6,0,292,281.0,281.0,0.0,1.0,0,0.0,1.0,56.715753424657535,105.0,6.193164663969567,6,327.0,16561.0,37.00135632266737,6.0,185.00678161333684,0.0,43.00135632266737,0.0,43.00135632266737,0.0,43.00135632266737,B_Naive
10,FOODS_2_196_TX_2,low,intermittent,Naive,gaussian,7,0.98,5,0,292,165.0,165.0,0.0,1.0,0,0.0,1.0,48.667808219178085,90.0,4.23791429174583,5,208.0,14211.0,26.845163403569835,5.0,134.22581701784918,0.0,31.845163403569835,0.0,31.845163403569835,0.0,31.845163403569835,B_Naive
11,HOUSEHOLD_2_315_TX_2,low,intermittent,Naive,gaussian,7,0.98,5,0,292,122.0,122.0,0.0,1.0,0,0.0,1.0,40.67465753424658,70.0,3.7492632819735623,5,154.0,11877.0,43.676447694726185,5.0,218.38223847363093,0.0,48.676447694726185,0.0,48.676447694726185,0.0,48.676447694726185,B_Naive
12,FOODS_2_056_WI_3,high,intermittent,Naive,gaussian,7,0.98,14,0,292,1064.0,1064.0,0.0,1.0,0,0.0,1.0,93.8972602739726,161.0,14.164417535925304,14,1106.0,27418.0,91.75640299045875,14.0,458.7820149522938,0.0,105.75640299045875,0.0,105.75640299045875,0.0,105.75640299045875,B_Naive
13,HOBBIES_1_312_WI_3,high,intermittent,Naive,gaussian,7,0.98,4,0,292,799.0,799.0,0.0,1.0,0,0.0,1.0,284.7260273972603,873.0,3.5077579985566514,4,1539.0,83140.0,22.721136701188673,4.0,113.60568350594338,0.0,26.721136701188673,0.0,26.721136701188673,0.0,26.721136701188673,B_Naive
14,FOODS_3_128_WI_3,medium,intermittent,Naive,gaussian,7,0.98,3,0,292,156.0,156.0,0.0,1.0,0,0.0,1.0,87.46232876712328,149.0,2.2295313050628454,3,287.0,25539.0,36.48928379519345,3.0,182.44641897596722,0.0,39.48928379519345,0.0,39.48928379519345,0.0,39.48928379519345,B_Naive
15,HOBBIES_1_036_WI_3,medium,intermittent,Naive,gaussian,7,0.98,2,0,292,242.0,242.0,0.0,1.0,0,0.0,1.0,217.17808219178082,340.0,1.3928661536520752,2,387.0,63416.0,34.05352343265324,2.0,170.2676171632662,0.0,36.05352343265324,0.0,36.05352343265324,0.0,36.05352343265324,B_Naive
16,FOODS_3_520_WI_3,low,intermittent,Naive,gaussian,7,0.98,4,0,292,206.0,206.0,0.0,1.0,0,0.0,1.0,69.36301369863014,117.0,3.712353115433988,4,269.0,20254.0,38.64907141809594,4.0,193.24535709047973,0.0,42.64907141809594,0.0,42.64907141809594,0.0,42.64907141809594,B_Naive
17,HOUSEHOLD_1_464_WI_3,low,intermittent,Naive,gaussian,7,0.98,4,0,292,49.0,49.0,0.0,1.0,0,0.0,1.0,22.59931506849315,48.0,2.710259130171238,4,91.0,6599.0,29.962172762661762,4.0,149.81086381330883,0.0,33.962172762661766,0.0,33.962172762661766,0.0,33.962172762661766,B_Naive
0,FOODS_3_449_CA_3,high,regular,Naive,gaussian,14,0.9,9,0,292,1628.0,1628.0,0.0,1.0,0,0.0,1.0,231.2294520547945,528.0,8.80078200210311,9,1731.0,67519.0,64.09680472703829,9.0,320.4840236351914,0.0,73.09680472703829,0.0,73.09680472703829,0.0,73.09680472703829,B_Naive
1,HOUSEHOLD_1_114_CA_3,high,regular,Naive,gaussian,14,0.9,5,0,292,941.0,941.0,0.0,1.0,0,0.0,1.0,213.63698630136986,548.0,5.505835016511173,5,1221.0,62382.0,29.011903595434475,5.0,145.0595179771724,0.0,34.011903595434475,0.0,34.011903595434475,0.0,34.011903595434475,B_Naive
2,FOODS_3_784_CA_3,medium,intermittent,Naive,gaussian,14,0.9,2,0,292,213.0,213.0,0.0,1.0,0,0.0,1.0,185.74657534246575,281.0,1.4334046240643092,2,323.0,54238.0,26.004520547945205,2.0,130.022602739726,0.0,28.004520547945205,0.0,28.004520547945205,0.0,28.004520547945205,B_Naive
3,HOUSEHOLD_2_270_CA_3,medium,intermittent,Naive,gaussian,14,0.9,4,2,292,118.0,110.0,8.0,0.9322033898305084,3,0.010273972602739725,0.9897260273972602,28.67808219178082,91.0,4.794602340577979,5,206.0,8374.0,23.44720061262993,5.0,117.23600306314964,3.5040000915527347,31.951200704182668,14.016000366210939,42.463200978840874,42.04800109863282,70.49520171126275,B_Naive
4,HOBBIES_1_377_CA_3,low,intermittent,Naive,gaussian,14,0.9,5,0,292,92.0,92.0,0.0,1.0,0,0.0,1.0,53.071917808219176,105.0,2.166871007291734,5,175.0,15497.0,74.1520801604284,5.0,370.760400802142,0.0,79.1520801604284,0.0,79.1520801604284,0.0,79.1520801604284,B_Naive
5,HOUSEHOLD_2_228_CA_3,low,intermittent,Naive,gaussian,14,0.9,3,0,292,112.0,112.0,0.0,1.0,0,0.0,1.0,117.92808219178082,176.0,1.1871642224480907,3,232.0,34435.0,90.30932187854427,3.0,451.5466093927213,0.0,93.30932187854427,0.0,93.30932187854427,0.0,93.30932187854427,B_Naive
6,FOODS_2_347_TX_2,high,regular,Naive,gaussian,14,0.9,6,2,292,1785.0,1682.0,103.0,0.942296918767507,5,0.017123287671232876,0.9828767123287672,354.2808219178082,864.0,5.93455775737071,7,2111.0,103450.0,88.28677940287001,7.0,441.43389701435007,13.750499778985981,109.037279181856,55.001999115943924,150.28877851881393,165.0059973478318,260.2927767507018,B_Naive
7,HOUSEHOLD_1_247_TX_2,high,regular,Naive,gaussian,14,0.9,6,0,292,1273.0,1273.0,0.0,1.0,0,0.0,1.0,211.5205479452055,417.0,7.522909785635646,6,1406.0,61764.0,28.724491258190103,6.0,143.6224562909505,0.0,34.7244912581901,0.0,34.7244912581901,0.0,34.7244912581901,B_Naive
8,FOODS_3_729_TX_2,medium,intermittent,Naive,gaussian,14,0.9,6,0,292,224.0,224.0,0.0,1.0,0,0.0,1.0,91.46917808219177,156.0,3.061140439552211,6,338.0,26709.0,50.96662627164631,6.0,254.83313135823155,0.0,56.96662627164631,0.0,56.96662627164631,0.0,56.96662627164631,B_Naive
9,HOBBIES_1_034_TX_2,medium,intermittent,Naive,gaussian,14,0.9,5,0,292,281.0,281.0,0.0,1.0,0,0.0,1.0,90.87328767123287,151.0,3.865272281891841,5,352.0,26535.0,59.285730935449465,5.0,296.4286546772473,0.0,64.28573093544946,0.0,64.28573093544946,0.0,64.28573093544946,B_Naive
10,FOODS_2_196_TX_2,low,intermittent,Naive,gaussian,14,0.9,4,0,292,165.0,165.0,0.0,1.0,0,0.0,1.0,96.90068493150685,151.0,2.1284679271956177,4,226.0,28295.0,53.45041858447741,4.0,267.252092922387,0.0,57.45041858447741,0.0,57.45041858447741,0.0,57.45041858447741,B_Naive
11,HOUSEHOLD_2_315_TX_2,low,intermittent,Naive,gaussian,14,0.9,4,0,292,122.0,122.0,0.0,1.0,0,0.0,1.0,64.22945205479452,109.0,2.3743001866169022,4,188.0,18755.0,68.96958630248292,4.0,344.84793151241456,0.0,72.96958630248292,0.0,72.96958630248292,0.0,72.96958630248292,B_Naive
12,FOODS_2_056_WI_3,high,intermittent,Naive,gaussian,14,0.9,10,0,292,1064.0,1064.0,0.0,1.0,0,0.0,1.0,152.17123287671234,259.0,8.740153936175,10,1171.0,44434.0,148.70172917346432,10.0,743.5086458673215,0.0,158.70172917346432,0.0,158.70172917346432,0.0,158.70172917346432,B_Naive
13,HOBBIES_1_312_WI_3,high,intermittent,Naive,gaussian,14,0.9,5,0,292,799.0,799.0,0.0,1.0,0,0.0,1.0,525.4589041095891,1150.0,1.900719527614479,5,1823.0,153434.0,41.93162002177271,5.0,209.65810010886355,0.0,46.93162002177271,0.0,46.93162002177271,0.0,46.93162002177271,B_Naive
14,FOODS_3_128_WI_3,medium,intermittent,Naive,gaussian,14,0.9,2,0,292,156.0,156.0,0.0,1.0,0,0.0,1.0,114.21575342465754,154.0,1.707295133579203,3,333.0,33351.0,47.65081263375609,3.0,238.25406316878042,0.0,50.65081263375609,0.0,50.65081263375609,0.0,50.65081263375609,B_Naive
15,HOBBIES_1_036_WI_3,medium,intermittent,Naive,gaussian,14,0.9,3,0,292,242.0,242.0,0.0,1.0,0,0.0,1.0,237.33904109589042,352.0,1.2745479993651068,3,536.0,69303.0,37.21476180227652,3.0,186.0738090113826,0.0,40.21476180227652,0.0,40.21476180227652,0.0,40.21476180227652,B_Naive
16,FOODS_3_520_WI_3,low,intermittent,Naive,gaussian,14,0.9,3,0,292,206.0,206.0,0.0,1.0,0,0.0,1.0,93.09931506849315,149.0,2.765863527680706,3,303.0,27185.0,51.87493860476637,3.0,259.37469302383187,0.0,54.87493860476637,0.0,54.87493860476637,0.0,54.87493860476637,B_Naive
17,HOUSEHOLD_1_464_WI_3,low,intermittent,Naive,gaussian,14,0.9,4,0,292,49.0,49.0,0.0,1.0,0,0.0,1.0,43.02054794520548,65.0,1.423738258239134,4,106.0,12562.0,57.03664407403501,4.0,285.1832203701751,0.0,61.03664407403501,0.0,61.03664407403501,0.0,61.03664407403501,B_Naive
0,FOODS_3_449_CA_3,high,regular,Naive,gaussian,14,0.95,9,0,292,1628.0,1628.0,0.0,1.0,0,0.0,1.0,248.30479452054794,546.0,8.195572719122818,9,1749.0,72505.0,68.83008970414122,9.0,344.1504485207061,0.0,77.83008970414122,0.0,77.83008970414122,0.0,77.83008970414122,B_Naive
1,HOUSEHOLD_1_114_CA_3,high,regular,Naive,gaussian,14,0.95,6,0,292,941.0,941.0,0.0,1.0,0,0.0,1.0,225.46917808219177,563.0,5.216899311937057,6,1236.0,65837.0,30.618715286663136,6.0,153.09357643331566,0.0,36.61871528666313,0.0,36.61871528666313,0.0,36.61871528666313,B_Naive
2,FOODS_3_784_CA_3,medium,intermittent,Naive,gaussian,14,0.95,3,0,292,213.0,213.0,0.0,1.0,0,0.0,1.0,190.3664383561644,286.0,1.3986183819957902,3,328.0,55587.0,26.651301369863013,3.0,133.25650684931506,0.0,29.651301369863013,0.0,29.651301369863013,0.0,29.651301369863013,B_Naive
3,HOUSEHOLD_2_270_CA_3,medium,intermittent,Naive,gaussian,14,0.95,4,2,292,118.0,114.0,4.0,0.9661016949152542,2,0.00684931506849315,0.9931506849315068,31.767123287671232,93.0,4.485769728331177,5,214.0,9276.0,25.972800678618967,5.0,129.86400339309483,1.7520000457763674,32.72480072439534,7.0080001831054695,37.98080086172443,21.02400054931641,51.99680122793538,B_Naive
4,HOBBIES_1_377_CA_3,low,intermittent,Naive,gaussian,14,0.95,5,0,292,92.0,92.0,0.0,1.0,0,0.0,1.0,55.917808219178085,108.0,2.056589906908378,5,178.0,16328.0,78.12835806023584,5.0,390.64179030117924,0.0,83.12835806023584,0.0,83.12835806023584,0.0,83.12835806023584,B_Naive
5,HOUSEHOLD_2_228_CA_3,low,intermittent,Naive,gaussian,14,0.95,3,0,292,112.0,112.0,0.0,1.0,0,0.0,1.0,121.72260273972603,180.0,1.150156148890077,3,236.0,35543.0,93.21516560270362,3.0,466.07582801351805,0.0,96.21516560270362,0.0,96.21516560270362,0.0,96.21516560270362,B_Naive
6,FOODS_2_347_TX_2,high,regular,Naive,gaussian,14,0.95,6,2,292,1785.0,1695.0,90.0,0.9495798319327731,4,0.0136986301369863,0.9863013698630136,365.3253424657534,877.0,5.799625029294587,7,2137.0,106675.0,91.03907387917988,7.0,455.1953693958994,12.014999806880954,110.05407368606083,48.05999922752382,146.0990731067037,144.17999768257147,242.21907156175135,B_Naive
7,HOUSEHOLD_1_247_TX_2,high,regular,Naive,gaussian,14,0.95,6,0,292,1273.0,1273.0,0.0,1.0,0,0.0,1.0,222.9041095890411,429.0,7.138719886922321,6,1418.0,65088.0,30.270378975019064,6.0,151.35189487509533,0.0,36.270378975019064,0.0,36.270378975019064,0.0,36.270378975019064,B_Naive
8,FOODS_3_729_TX_2,medium,intermittent,Naive,gaussian,14,0.95,6,0,292,224.0,224.0,0.0,1.0,0,0.0,1.0,100.0068493150685,165.0,2.7998082323128552,6,347.0,29202.0,55.72381670540326,6.0,278.6190835270163,0.0,61.72381670540326,0.0,61.72381670540326,0.0,61.72381670540326,B_Naive
9,HOBBIES_1_034_TX_2,medium,intermittent,Naive,gaussian,14,0.95,5,0,292,281.0,281.0,0.0,1.0,0,0.0,1.0,96.56506849315069,157.0,3.6374436996843635,5,358.0,28197.0,62.99904862207909,5.0,314.99524311039545,0.0,67.99904862207909,0.0,67.99904862207909,0.0,67.99904862207909,B_Naive
10,FOODS_2_196_TX_2,low,intermittent,Naive,gaussian,14,0.95,4,0,292,165.0,165.0,0.0,1.0,0,0.0,1.0,102.59246575342466,157.0,2.010381546883867,4,232.0,29957.0,56.59000493144336,4.0,282.9500246572168,0.0,60.59000493144336,0.0,60.59000493144336,0.0,60.59000493144336,B_Naive
11,HOUSEHOLD_2_315_TX_2,low,intermittent,Naive,gaussian,14,0.95,5,0,292,122.0,122.0,0.0,1.0,0,0.0,1.0,67.09246575342466,112.0,2.272982491960594,5,191.0,19591.0,72.04389044265224,5.0,360.2194522132612,0.0,77.04389044265224,0.0,77.04389044265224,0.0,77.04389044265224,B_Naive
12,FOODS_2_056_WI_3,high,intermittent,Naive,gaussian,14,0.95,10,0,292,1064.0,1064.0,0.0,1.0,0,0.0,1.0,166.40068493150685,274.0,7.992755561958468,10,1186.0,48589.0,162.60674975940626,10.0,813.0337487970312,0.0,172.60674975940626,0.0,172.60674975940626,0.0,172.60674975940626,B_Naive
13,HOBBIES_1_312_WI_3,high,intermittent,Naive,gaussian,14,0.95,5,0,292,799.0,799.0,0.0,1.0,0,0.0,1.0,538.7397260273973,1164.0,1.8538636594792512,5,1837.0,157312.0,42.991429597514944,5.0,214.95714798757476,0.0,47.991429597514944,0.0,47.991429597514944,0.0,47.991429597514944,B_Naive
14,FOODS_3_128_WI_3,medium,intermittent,Naive,gaussian,14,0.95,3,0,292,156.0,156.0,0.0,1.0,0,0.0,1.0,118.9486301369863,159.0,1.6393631416808223,4,338.0,34733.0,49.62536881077779,4.0,248.12684405388893,0.0,53.62536881077779,0.0,53.62536881077779,0.0,53.62536881077779,B_Naive
15,HOBBIES_1_036_WI_3,medium,intermittent,Naive,gaussian,14,0.95,3,0,292,242.0,242.0,0.0,1.0,0,0.0,1.0,244.92808219178082,360.0,1.2350564185740853,3,544.0,71519.0,38.40472345117836,3.0,192.02361725589182,0.0,41.40472345117836,0.0,41.40472345117836,0.0,41.40472345117836,B_Naive
16,FOODS_3_520_WI_3,low,intermittent,Naive,gaussian,14,0.95,4,0,292,206.0,206.0,0.0,1.0,0,0.0,1.0,96.9041095890411,153.0,2.657266044670625,4,307.0,28296.0,53.99497012177559,4.0,269.97485060887794,0.0,57.99497012177559,0.0,57.99497012177559,0.0,57.99497012177559,B_Naive
17,HOUSEHOLD_1_464_WI_3,low,intermittent,Naive,gaussian,14,0.95,4,0,292,49.0,49.0,0.0,1.0,0,0.0,1.0,44.917808219178085,67.0,1.3636017078377554,4,108.0,13116.0,59.55203181619513,4.0,297.7601590809757,0.0,63.55203181619513,0.0,63.55203181619513,0.0,63.55203181619513,B_Naive
0,FOODS_3_449_CA_3,high,regular,Naive,gaussian,14,0.98,9,0,292,1628.0,1628.0,0.0,1.0,0,0.0,1.0,268.2260273972603,567.0,7.5868849110084,9,1770.0,78322.0,74.35225551076131,9.0,371.76127755380656,0.0,83.35225551076131,0.0,83.35225551076131,0.0,83.35225551076131,B_Naive
1,HOUSEHOLD_1_114_CA_3,high,regular,Naive,gaussian,14,0.98,6,0,292,941.0,941.0,0.0,1.0,0,0.0,1.0,240.6472602739726,579.0,4.887859511306551,6,1252.0,70269.0,32.679898909101745,6.0,163.39949454550873,0.0,38.679898909101745,0.0,38.679898909101745,0.0,38.679898909101745,B_Naive
2,FOODS_3_784_CA_3,medium,intermittent,Naive,gaussian,14,0.98,3,0,292,213.0,213.0,0.0,1.0,0,0.0,1.0,196.0582191780822,292.0,1.3580149871613478,3,334.0,57249.0,27.448150684931505,3.0,137.24075342465753,0.0,30.448150684931505,0.0,30.448150684931505,0.0,30.448150684931505,B_Naive
3,HOUSEHOLD_2_270_CA_3,medium,intermittent,Naive,gaussian,14,0.98,4,2,292,118.0,117.0,1.0,0.9915254237288136,1,0.003424657534246575,0.9965753424657534,34.08904109589041,96.0,4.290235081374322,5,220.0,9954.0,27.871200728220483,5.0,139.3560036411024,0.43800001144409184,33.309200739664576,1.7520000457763674,34.62320077399686,5.256000137329102,38.12720086554959,B_Naive
4,HOBBIES_1_377_CA_3,low,intermittent,Naive,gaussian,14,0.98,5,0,292,92.0,92.0,0.0,1.0,0,0.0,1.0,59.71232876712329,112.0,1.9259004358797889,5,182.0,17436.0,83.43006192664576,5.0,417.15030963322886,0.0,88.43006192664576,0.0,88.43006192664576,0.0,88.43006192664576,B_Naive
5,HOUSEHOLD_2_228_CA_3,low,intermittent,Naive,gaussian,14,0.98,3,0,292,112.0,112.0,0.0,1.0,0,0.0,1.0,125.51712328767124,184.0,1.115385664784044,3,240.0,36651.0,96.12100932686296,3.0,480.6050466343148,0.0,99.12100932686296,0.0,99.12100932686296,0.0,99.12100932686296,B_Naive
6,FOODS_2_347_TX_2,high,regular,Naive,gaussian,14,0.98,6,2,292,1785.0,1710.0,75.0,0.957983193277311,3,0.010273972602739725,0.9897260273972602,378.1164383561644,892.0,5.6530205597319085,7,2167.0,110410.0,94.22661492383642,7.0,471.13307461918214,10.012499839067463,111.23911476290388,40.04999935626985,141.2766142801063,120.14999806880955,221.37661299264596,B_Naive
7,HOUSEHOLD_1_247_TX_2,high,regular,Naive,gaussian,14,0.98,6,0,292,1273.0,1273.0,0.0,1.0,0,0.0,1.0,236.18493150684932,443.0,6.737305338862629,6,1432.0,68966.0,32.07391464465285,6.0,160.36957322326427,0.0,38.07391464465285,0.0,38.07391464465285,0.0,38.07391464465285,B_Naive
8,FOODS_3_729_TX_2,medium,intermittent,Naive,gaussian,14,0.98,6,0,292,224.0,224.0,0.0,1.0,0,0.0,1.0,109.4931506849315,175.0,2.5572375828850245,6,357.0,31972.0,61.00958385402209,6.0,305.04791927011047,0.0,67.00958385402208,0.0,67.00958385402208,0.0,67.00958385402208,B_Naive
9,HOBBIES_1_034_TX_2,medium,intermittent,Naive,gaussian,14,0.98,5,0,292,281.0,281.0,0.0,1.0,0,0.0,1.0,103.20547945205479,164.0,3.4034045659676138,5,365.0,30136.0,67.33125258981364,5.0,336.6562629490682,0.0,72.33125258981364,0.0,72.33125258981364,0.0,72.33125258981364,B_Naive
10,FOODS_2_196_TX_2,low,intermittent,Naive,gaussian,14,0.98,4,0,292,165.0,165.0,0.0,1.0,0,0.0,1.0,108.28424657534246,163.0,1.9047091938391474,4,238.0,31619.0,59.7295912784093,4.0,298.6479563920465,0.0,63.7295912784093,0.0,63.7295912784093,0.0,63.7295912784093,B_Naive
11,HOUSEHOLD_2_315_TX_2,low,intermittent,Naive,gaussian,14,0.98,5,0,292,122.0,122.0,0.0,1.0,0,0.0,1.0,70.88698630136986,116.0,2.1513116575679985,5,195.0,20699.0,76.11844664756566,5.0,380.5922332378282,0.0,81.11844664756566,0.0,81.11844664756566,0.0,81.11844664756566,B_Naive
12,FOODS_2_056_WI_3,high,intermittent,Naive,gaussian,14,0.98,10,0,292,1064.0,1064.0,0.0,1.0,0,0.0,1.0,183.47602739726028,292.0,7.24890340643957,10,1204.0,53575.0,179.29277446253658,10.0,896.463872312683,0.0,189.29277446253658,0.0,189.29277446253658,0.0,189.29277446253658,B_Naive
13,HOBBIES_1_312_WI_3,high,intermittent,Naive,gaussian,14,0.98,5,0,292,799.0,799.0,0.0,1.0,0,0.0,1.0,554.8664383561644,1181.0,1.7999827182896044,5,1854.0,162021.0,44.27834122520195,5.0,221.39170612600975,0.0,49.27834122520195,0.0,49.27834122520195,0.0,49.27834122520195,B_Naive
14,FOODS_3_128_WI_3,medium,intermittent,Naive,gaussian,14,0.98,3,0,292,156.0,156.0,0.0,1.0,0,0.0,1.0,124.64041095890411,165.0,1.564500618216788,4,344.0,36395.0,51.9999797848806,4.0,259.999898924403,0.0,55.9999797848806,0.0,55.9999797848806,0.0,55.9999797848806,B_Naive
15,HOBBIES_1_036_WI_3,medium,intermittent,Naive,gaussian,14,0.98,3,0,292,242.0,242.0,0.0,1.0,0,0.0,1.0,253.46575342465752,369.0,1.1934551153866941,3,553.0,74012.0,39.74343030619294,3.0,198.7171515309647,0.0,42.74343030619294,0.0,42.74343030619294,0.0,42.74343030619294,B_Naive
16,FOODS_3_520_WI_3,low,intermittent,Naive,gaussian,14,0.98,4,0,292,206.0,206.0,0.0,1.0,0,0.0,1.0,100.6986301369863,157.0,2.5571350836620867,4,311.0,29404.0,56.10927698122312,4.0,280.5463849061156,0.0,60.10927698122312,0.0,60.10927698122312,0.0,60.10927698122312,B_Naive
17,HOUSEHOLD_1_464_WI_3,low,intermittent,Naive,gaussian,14,0.98,4,0,292,49.0,49.0,0.0,1.0,0,0.0,1.0,47.763698630136986,70.0,1.2823546282354628,4,111.0,13947.0,63.325113429435305,4.0,316.6255671471766,0.0,67.3251134294353,0.0,67.3251134294353,0.0,67.3251134294353,B_Naive
0,FOODS_3_449_CA_3,high,regular,Naive,empirical,3,0.9,10,0,292,1628.0,1628.0,0.0,1.0,0,0.0,1.0,93.16095890410959,294.0,21.843914274160934,10,1628.0,27203.0,25.824218056985774,10.0,129.12109028492887,0.0,35.82421805698577,0.0,35.82421805698577,0.0,35.82421805698577,B_Naive
1,HOUSEHOLD_1_114_CA_3,high,regular,Naive,empirical,3,0.9,5,0,292,941.0,941.0,0.0,1.0,0,0.0,1.0,95.70890410958904,241.0,12.28987011128207,5,973.0,27947.0,12.997269561437712,5.0,64.98634780718855,0.0,17.99726956143771,0.0,17.99726956143771,0.0,17.99726956143771,B_Naive
2,FOODS_3_784_CA_3,medium,intermittent,Naive,empirical,3,0.9,2,1,292,213.0,211.0,2.0,0.9906103286384976,1,0.003424657534246575,0.9965753424657534,72.52739726027397,186.0,3.6365568042308056,2,279.0,21178.0,10.153835616438355,2.0,50.76917808219178,0.15000000000000002,12.303835616438356,0.6000000000000001,12.753835616438355,1.8000000000000003,13.953835616438356,B_Naive
3,HOUSEHOLD_2_270_CA_3,medium,intermittent,Naive,empirical,3,0.9,5,1,292,118.0,117.0,1.0,0.9915254237288136,1,0.003424657534246575,0.9965753424657534,13.804794520547945,75.0,10.594145373356486,5,170.0,4031.0,11.286800294902227,5.0,56.434001474511135,0.43800001144409184,16.72480030634632,1.7520000457763674,18.038800340678595,5.256000137329102,21.54280043223133,B_Naive
4,HOBBIES_1_377_CA_3,low,intermittent,Naive,empirical,3,0.9,4,0,292,92.0,92.0,0.0,1.0,0,0.0,1.0,16.421232876712327,37.0,7.003128258602712,4,94.0,4795.0,22.943745522956323,4.0,114.71872761478161,0.0,26.943745522956323,0.0,26.943745522956323,0.0,26.943745522956323,B_Naive
5,HOUSEHOLD_2_228_CA_3,low,intermittent,Naive,empirical,3,0.9,3,0,292,112.0,112.0,0.0,1.0,0,0.0,1.0,33.82534246575342,67.0,4.138908575478385,3,133.0,9877.0,25.90344626671647,3.0,129.51723133358234,0.0,28.90344626671647,0.0,28.90344626671647,0.0,28.90344626671647,B_Naive
6,FOODS_2_347_TX_2,high,regular,Naive,empirical,3,0.9,10,2,292,1785.0,1765.0,20.0,0.988795518207283,2,0.00684931506849315,0.9931506849315068,110.5582191780822,312.0,19.955549360344452,10,1939.0,32283.0,27.551107776344637,10.0,137.75553888172317,2.6699999570846566,40.22110773342929,10.679999828338627,48.23110760468326,32.03999948501588,69.59110726136052,B_Naive
7,HOUSEHOLD_1_247_TX_2,high,regular,Naive,empirical,3,0.9,7,0,292,1273.0,1273.0,0.0,1.0,0,0.0,1.0,106.3972602739726,247.0,14.955742242822199,7,1373.0,31068.0,14.448748371372485,7.0,72.24374185686243,0.0,21.448748371372485,0.0,21.448748371372485,0.0,21.448748371372485,B_Naive
8,FOODS_3_729_TX_2,medium,intermittent,Naive,empirical,3,0.9,4,0,292,224.0,224.0,0.0,1.0,0,0.0,1.0,43.43493150684932,91.0,6.446424347551841,4,268.0,12683.0,24.201943951600217,4.0,121.0097197580011,0.0,28.201943951600217,0.0,28.201943951600217,0.0,28.201943951600217,B_Naive
9,HOBBIES_1_034_TX_2,medium,intermittent,Naive,empirical,3,0.9,5,0,292,281.0,281.0,0.0,1.0,0,0.0,1.0,43.136986301369866,84.0,8.142664337885043,5,302.0,12596.0,28.14256894150825,5.0,140.71284470754128,0.0,33.14256894150825,0.0,33.14256894150825,0.0,33.14256894150825,B_Naive
10,FOODS_2_196_TX_2,low,intermittent,Naive,empirical,3,0.9,3,0,292,165.0,165.0,0.0,1.0,0,0.0,1.0,38.071917808219176,88.0,5.4173787892417025,3,201.0,11117.0,21.000470168002664,3.0,105.0023508400133,0.0,24.000470168002664,0.0,24.000470168002664,0.0,24.000470168002664,B_Naive
11,HOUSEHOLD_2_315_TX_2,low,intermittent,Naive,empirical,3,0.9,5,0,292,122.0,122.0,0.0,1.0,0,0.0,1.0,24.84246575342466,59.0,6.138682106424041,5,172.0,7254.0,26.675839991373557,5.0,133.37919995686778,0.0,31.675839991373557,0.0,31.675839991373557,0.0,31.675839991373557,B_Naive
12,FOODS_2_056_WI_3,high,intermittent,Naive,empirical,3,0.9,16,0,292,1064.0,1064.0,0.0,1.0,0,0.0,1.0,46.32534246575342,120.0,28.709987432542324,16,1061.0,13527.0,45.26912478123625,16.0,226.34562390618126,0.0,61.26912478123625,0.0,61.26912478123625,0.0,61.26912478123625,B_Naive
13,HOBBIES_1_312_WI_3,high,intermittent,Naive,empirical,3,0.9,2,0,292,799.0,799.0,0.0,1.0,0,0.0,1.0,258.9109589041096,580.0,3.8575037697415415,2,826.0,75602.0,20.661094261285374,2.0,103.30547130642688,0.0,22.661094261285374,0.0,22.661094261285374,0.0,22.661094261285374,B_Naive
14,FOODS_3_128_WI_3,medium,intermittent,Naive,empirical,3,0.9,3,0,292,156.0,156.0,0.0,1.0,0,0.0,1.0,56.613013698630134,115.0,3.4444377230657555,3,251.0,16531.0,23.61894946624155,3.0,118.09474733120773,0.0,26.61894946624155,0.0,26.61894946624155,0.0,26.61894946624155,B_Naive
15,HOBBIES_1_036_WI_3,medium,intermittent,Naive,empirical,3,0.9,3,0,292,242.0,242.0,0.0,1.0,0,0.0,1.0,64.34246575342466,139.0,4.701405152224824,3,305.0,18788.0,10.088898673090215,3.0,50.44449336545108,0.0,13.088898673090215,0.0,13.088898673090215,0.0,13.088898673090215,B_Naive
16,FOODS_3_520_WI_3,low,intermittent,Naive,empirical,3,0.9,3,0,292,206.0,206.0,0.0,1.0,0,0.0,1.0,41.31849315068493,88.0,6.232076253626191,3,210.0,12065.0,23.022664493893924,3.0,115.11332246946961,0.0,26.022664493893924,0.0,26.022664493893924,0.0,26.022664493893924,B_Naive
17,HOUSEHOLD_1_464_WI_3,low,intermittent,Naive,empirical,3,0.9,3,0,292,49.0,49.0,0.0,1.0,0,0.0,1.0,14.36986301369863,34.0,4.262392755004766,3,77.0,4196.0,19.051564920765077,3.0,95.2578246038254,0.0,22.051564920765077,0.0,22.051564920765077,0.0,22.051564920765077,B_Naive
0,FOODS_3_449_CA_3,high,regular,Naive,empirical,3,0.95,10,0,292,1628.0,1628.0,0.0,1.0,0,0.0,1.0,95.09931506849315,296.0,21.398681983506783,10,1630.0,27769.0,26.361530390928866,10.0,131.80765195464434,0.0,36.36153039092886,0.0,36.36153039092886,0.0,36.36153039092886,B_Naive
1,HOUSEHOLD_1_114_CA_3,high,regular,Naive,empirical,3,0.95,5,0,292,941.0,941.0,0.0,1.0,0,0.0,1.0,98.66780821917808,245.0,11.92131477560654,5,977.0,28811.0,13.399088751371593,5.0,66.99544375685797,0.0,18.399088751371593,0.0,18.399088751371593,0.0,18.399088751371593,B_Naive
2,FOODS_3_784_CA_3,medium,intermittent,Naive,empirical,3,0.95,2,1,292,213.0,212.0,1.0,0.9953051643192489,1,0.003424657534246575,0.9965753424657534,73.14383561643835,186.0,3.622998408090645,2,280.0,21358.0,10.24013698630137,2.0,51.20068493150684,0.07500000000000001,12.315136986301368,0.30000000000000004,12.54013698630137,0.9000000000000001,13.14013698630137,B_Naive
3,HOUSEHOLD_2_270_CA_3,medium,intermittent,Naive,empirical,3,0.95,5,0,292,118.0,118.0,0.0,1.0,0,0.0,1.0,14.75,76.0,10.0,5,172.0,4307.0,12.059600315093995,5.0,60.29800157546997,0.0,17.059600315093995,0.0,17.059600315093995,0.0,17.059600315093995,B_Naive
4,HOBBIES_1_377_CA_3,low,intermittent,Naive,empirical,3,0.95,4,0,292,92.0,92.0,0.0,1.0,0,0.0,1.0,17.397260273972602,38.0,6.610236220472441,4,95.0,5080.0,24.307450939857794,4.0,121.53725469928897,0.0,28.307450939857794,0.0,28.307450939857794,0.0,28.307450939857794,B_Naive
5,HOUSEHOLD_2_228_CA_3,low,intermittent,Naive,empirical,3,0.95,3,0,292,112.0,112.0,0.0,1.0,0,0.0,1.0,34.81164383561644,68.0,4.0216428922774226,3,134.0,10165.0,26.658755826786773,3.0,133.29377913393384,0.0,29.658755826786773,0.0,29.658755826786773,0.0,29.658755826786773,B_Naive
6,FOODS_2_347_TX_2,high,regular,Naive,empirical,3,0.95,10,2,292,1785.0,1767.0,18.0,0.9899159663865547,2,0.00684931506849315,0.9931506849315068,112.32534246575342,314.0,19.663861703100704,10,1943.0,32799.0,27.991474892554216,10.0,139.95737446277107,2.402999961376191,40.394474853930404,9.611999845504764,47.60347473805898,28.835999536514294,66.8274744290685,B_Naive
7,HOUSEHOLD_1_247_TX_2,high,regular,Naive,empirical,3,0.95,7,0,292,1273.0,1273.0,0.0,1.0,0,0.0,1.0,108.31506849315069,249.0,14.69093840900468,7,1375.0,31628.0,14.709186735218518,7.0,73.5459336760926,0.0,21.709186735218516,0.0,21.709186735218516,0.0,21.709186735218516,B_Naive
8,FOODS_3_729_TX_2,medium,intermittent,Naive,empirical,3,0.95,4,0,292,224.0,224.0,0.0,1.0,0,0.0,1.0,44.45890410958904,115.0,6.297951009089508,4,236.0,12982.0,24.772501488581096,4.0,123.86250744290548,0.0,28.772501488581096,0.0,28.772501488581096,0.0,28.772501488581096,B_Naive
9,HOBBIES_1_034_TX_2,medium,intermittent,Naive,empirical,3,0.95,6,0,292,281.0,281.0,0.0,1.0,0,0.0,1.0,34.00342465753425,74.0,10.329841877329036,6,303.0,9929.0,22.18383352018382,6.0,110.91916760091911,0.0,28.18383352018382,0.0,28.18383352018382,0.0,28.18383352018382,B_Naive
10,FOODS_2_196_TX_2,low,intermittent,Naive,empirical,3,0.95,3,0,292,165.0,165.0,0.0,1.0,0,0.0,1.0,38.945205479452056,89.0,5.295902215969047,3,202.0,11372.0,21.482175654450508,3.0,107.41087827225255,0.0,24.482175654450508,0.0,24.482175654450508,0.0,24.482175654450508,B_Naive
11,HOUSEHOLD_2_315_TX_2,low,intermittent,Naive,empirical,3,0.95,5,0,292,122.0,122.0,0.0,1.0,0,0.0,1.0,25.55821917808219,60.0,5.966769395685382,5,173.0,7463.0,27.44441602641589,5.0,137.22208013207944,0.0,32.444416026415894,0.0,32.444416026415894,0.0,32.444416026415894,B_Naive
12,FOODS_2_056_WI_3,high,intermittent,Naive,empirical,3,0.95,15,0,292,1064.0,1064.0,0.0,1.0,0,0.0,1.0,54.8458904109589,123.0,24.249765844520763,15,1059.0,16015.0,53.595404256043366,15.0,267.97702128021683,0.0,68.59540425604337,0.0,68.59540425604337,0.0,68.59540425604337,B_Naive
13,HOBBIES_1_312_WI_3,high,intermittent,Naive,empirical,3,0.95,4,0,292,799.0,799.0,0.0,1.0,0,0.0,1.0,134.5,288.0,7.425650557620818,4,874.0,39274.0,10.733099865317342,4.0,53.66549932658672,0.0,14.733099865317342,0.0,14.733099865317342,0.0,14.733099865317342,B_Naive
14,FOODS_3_128_WI_3,medium,intermittent,Naive,empirical,3,0.95,3,0,292,156.0,156.0,0.0,1.0,0,0.0,1.0,57.5958904109589,116.0,3.385658223332144,3,252.0,16818.0,24.029005633249675,3.0,120.14502816624835,0.0,27.029005633249675,0.0,27.029005633249675,0.0,27.029005633249675,B_Naive
15,HOBBIES_1_036_WI_3,medium,intermittent,Naive,empirical,3,0.95,3,0,292,242.0,242.0,0.0,1.0,0,0.0,1.0,93.02397260273973,183.0,3.2518499429370835,3,391.0,27163.0,14.586158966209789,3.0,72.93079483104894,0.0,17.586158966209787,0.0,17.586158966209787,0.0,17.586158966209787,B_Naive
16,FOODS_3_520_WI_3,low,intermittent,Naive,empirical,3,0.95,3,0,292,206.0,206.0,0.0,1.0,0,0.0,1.0,42.294520547945204,89.0,6.088259109311741,3,211.0,12350.0,23.566506962253623,3.0,117.8325348112681,0.0,26.566506962253623,0.0,26.566506962253623,0.0,26.566506962253623,B_Naive
17,HOUSEHOLD_1_464_WI_3,low,intermittent,Naive,empirical,3,0.95,3,0,292,49.0,49.0,0.0,1.0,0,0.0,1.0,15.311643835616438,35.0,4.000223663609931,3,78.0,4471.0,20.300177969671275,3.0,101.50088984835638,0.0,23.300177969671275,0.0,23.300177969671275,0.0,23.300177969671275,B_Naive
0,FOODS_3_449_CA_3,high,regular,Naive,empirical,3,0.98,10,0,292,1628.0,1628.0,0.0,1.0,0,0.0,1.0,100.04109589041096,301.0,20.341640421744486,10,1635.0,29212.0,27.731392047960462,10.0,138.65696023980232,0.0,37.73139204796046,0.0,37.73139204796046,0.0,37.73139204796046,B_Naive
1,HOUSEHOLD_1_114_CA_3,high,regular,Naive,empirical,3,0.98,5,0,292,941.0,941.0,0.0,1.0,0,0.0,1.0,101.62671232876713,249.0,11.574220724515586,5,981.0,29675.0,13.800907941305475,5.0,69.00453970652737,0.0,18.800907941305475,0.0,18.800907941305475,0.0,18.800907941305475,B_Naive
2,FOODS_3_784_CA_3,medium,intermittent,Naive,empirical,3,0.98,2,1,292,213.0,211.0,2.0,0.9906103286384976,1,0.003424657534246575,0.9965753424657534,73.48630136986301,188.0,3.589104296765775,2,281.0,21458.0,10.288082191780822,2.0,51.44041095890411,0.15000000000000002,12.438082191780822,0.6000000000000001,12.888082191780821,1.8000000000000003,14.088082191780822,B_Naive
3,HOUSEHOLD_2_270_CA_3,medium,intermittent,Naive,empirical,3,0.98,4,0,292,118.0,118.0,0.0,1.0,0,0.0,1.0,16.958904109589042,78.0,8.697495961227785,4,142.0,4952.0,13.865600362281278,4.0,69.32800181140638,0.0,17.865600362281278,0.0,17.865600362281278,0.0,17.865600362281278,B_Naive
4,HOBBIES_1_377_CA_3,low,intermittent,Naive,empirical,3,0.98,4,0,292,92.0,92.0,0.0,1.0,0,0.0,1.0,17.397260273972602,38.0,6.610236220472441,4,95.0,5080.0,24.307450939857794,4.0,121.53725469928897,0.0,28.307450939857794,0.0,28.307450939857794,0.0,28.307450939857794,B_Naive
5,HOUSEHOLD_2_228_CA_3,low,intermittent,Naive,empirical,3,0.98,3,0,292,112.0,112.0,0.0,1.0,0,0.0,1.0,35.79794520547945,69.0,3.910838993590357,3,135.0,10453.0,27.41406538685707,3.0,137.07032693428533,0.0,30.41406538685707,0.0,30.41406538685707,0.0,30.41406538685707,B_Naive
6,FOODS_2_347_TX_2,high,regular,Naive,empirical,3,0.98,10,0,292,1785.0,1785.0,0.0,1.0,0,0.0,1.0,112.75342465753425,317.0,19.788755922731138,10,1964.0,32924.0,28.09815297303134,10.0,140.4907648651567,0.0,38.09815297303134,0.0,38.09815297303134,0.0,38.09815297303134,B_Naive
7,HOUSEHOLD_1_247_TX_2,high,regular,Naive,empirical,3,0.98,7,0,292,1273.0,1273.0,0.0,1.0,0,0.0,1.0,111.1917808219178,252.0,14.310859923617103,7,1378.0,32468.0,15.09984428098757,7.0,75.49922140493784,0.0,22.09984428098757,0.0,22.09984428098757,0.0,22.09984428098757,B_Naive
8,FOODS_3_729_TX_2,medium,intermittent,Naive,empirical,3,0.98,4,0,292,224.0,224.0,0.0,1.0,0,0.0,1.0,46.38356164383562,117.0,6.036621382161843,4,238.0,13544.0,25.844920671802676,4.0,129.2246033590134,0.0,29.844920671802676,0.0,29.844920671802676,0.0,29.844920671802676,B_Naive
9,HOBBIES_1_034_TX_2,medium,intermittent,Naive,empirical,3,0.98,6,0,292,281.0,281.0,0.0,1.0,0,0.0,1.0,36.86986301369863,77.0,9.52675088240758,6,306.0,10766.0,24.053897842511738,6.0,120.26948921255868,0.0,30.053897842511738,0.0,30.053897842511738,0.0,30.053897842511738,B_Naive
10,FOODS_2_196_TX_2,low,intermittent,Naive,empirical,3,0.98,4,0,292,165.0,165.0,0.0,1.0,0,0.0,1.0,34.73972602739726,72.0,5.937007097791798,4,187.0,10144.0,19.16243315500756,4.0,95.81216577503778,0.0,23.16243315500756,0.0,23.16243315500756,0.0,23.16243315500756,B_Naive
11,HOUSEHOLD_2_315_TX_2,low,intermittent,Naive,empirical,3,0.98,5,0,292,122.0,122.0,0.0,1.0,0,0.0,1.0,26.534246575342465,61.0,5.747289623128549,5,174.0,7748.0,28.49247425601907,5.0,142.46237128009534,0.0,33.492474256019065,0.0,33.492474256019065,0.0,33.492474256019065,B_Naive
12,FOODS_2_056_WI_3,high,intermittent,Naive,empirical,3,0.98,16,0,292,1064.0,1064.0,0.0,1.0,0,0.0,1.0,50.215753424657535,124.0,26.4857123371752,16,1065.0,14663.0,49.070834380665865,16.0,245.35417190332933,0.0,65.07083438066587,0.0,65.07083438066587,0.0,65.07083438066587,B_Naive
13,HOBBIES_1_312_WI_3,high,intermittent,Naive,empirical,3,0.98,4,0,292,799.0,799.0,0.0,1.0,0,0.0,1.0,139.2945205479452,293.0,7.17005949746767,4,879.0,40674.0,11.115702600242338,4.0,55.578513001211704,0.0,15.115702600242338,0.0,15.115702600242338,0.0,15.115702600242338,B_Naive
14,FOODS_3_128_WI_3,medium,intermittent,Naive,empirical,3,0.98,3,0,292,156.0,156.0,0.0,1.0,0,0.0,1.0,58.57876712328767,117.0,3.3288512130955863,3,253.0,17105.0,24.4390618002578,3.0,122.19530900128899,0.0,27.4390618002578,0.0,27.4390618002578,0.0,27.4390618002578,B_Naive
15,HOBBIES_1_036_WI_3,medium,intermittent,Naive,empirical,3,0.98,3,0,292,242.0,242.0,0.0,1.0,0,0.0,1.0,94.99657534246575,185.0,3.1843253181441296,3,393.0,27739.0,14.895463077115686,3.0,74.47731538557842,0.0,17.895463077115686,0.0,17.895463077115686,0.0,17.895463077115686,B_Naive
16,FOODS_3_520_WI_3,low,intermittent,Naive,empirical,3,0.98,3,0,292,206.0,206.0,0.0,1.0,0,0.0,1.0,42.294520547945204,89.0,6.088259109311741,3,211.0,12350.0,23.566506962253623,3.0,117.8325348112681,0.0,26.566506962253623,0.0,26.566506962253623,0.0,26.566506962253623,B_Naive
17,HOUSEHOLD_1_464_WI_3,low,intermittent,Naive,empirical,3,0.98,3,0,292,49.0,49.0,0.0,1.0,0,0.0,1.0,16.253424657534246,36.0,3.7684365781710913,3,79.0,4746.0,21.548791018577468,3.0,107.74395509288736,0.0,24.548791018577468,0.0,24.548791018577468,0.0,24.548791018577468,B_Naive
0,FOODS_3_449_CA_3,high,regular,Naive,empirical,7,0.9,9,0,292,1628.0,1628.0,0.0,1.0,0,0.0,1.0,155.2876712328767,375.0,13.10471065631616,9,1673.0,45344.0,43.04574288041624,9.0,215.22871440208118,0.0,52.04574288041624,0.0,52.04574288041624,0.0,52.04574288041624,B_Naive
1,HOUSEHOLD_1_114_CA_3,high,regular,Naive,empirical,7,0.9,5,0,292,941.0,941.0,0.0,1.0,0,0.0,1.0,137.07191780821918,327.0,8.581261711430356,5,1089.0,40025.0,18.61436698738843,5.0,93.07183493694214,0.0,23.61436698738843,0.0,23.61436698738843,0.0,23.61436698738843,B_Naive
2,FOODS_3_784_CA_3,medium,intermittent,Naive,empirical,7,0.9,2,0,292,213.0,213.0,0.0,1.0,0,0.0,1.0,103.63698630136986,187.0,2.5690635119952416,2,247.0,30262.0,14.50917808219178,2.0,72.54589041095889,0.0,16.50917808219178,0.0,16.50917808219178,0.0,16.50917808219178,B_Naive
3,HOUSEHOLD_2_270_CA_3,medium,intermittent,Naive,empirical,7,0.9,4,1,292,118.0,113.0,5.0,0.9576271186440678,2,0.00684931506849315,0.9931506849315068,20.70205479452055,93.0,6.822994210090984,4,168.0,6045.0,16.926000442243602,4.0,84.63000221121801,2.190000057220459,23.11600049946406,8.760000228881836,29.686000671125438,26.28000068664551,47.20600112888911,B_Naive
4,HOBBIES_1_377_CA_3,low,intermittent,Naive,empirical,7,0.9,5,0,292,92.0,92.0,0.0,1.0,0,0.0,1.0,34.96917808219178,73.0,3.2886103222015475,5,140.0,10211.0,48.85893337537164,5.0,244.29466687685823,0.0,53.85893337537164,0.0,53.85893337537164,0.0,53.85893337537164,B_Naive
5,HOUSEHOLD_2_228_CA_3,low,intermittent,Naive,empirical,7,0.9,3,0,292,112.0,112.0,0.0,1.0,0,0.0,1.0,71.96232876712328,124.0,1.9454623328415743,3,177.0,21013.0,55.10874925610137,3.0,275.5437462805068,0.0,58.10874925610137,0.0,58.10874925610137,0.0,58.10874925610137,B_Naive
6,FOODS_2_347_TX_2,high,regular,Naive,empirical,7,0.9,9,1,292,1785.0,1736.0,49.0,0.9725490196078431,3,0.010273972602739725,0.9897260273972602,175.92123287671234,572.0,12.335065895773715,9,2000.0,51369.0,43.839570528236145,9.0,219.19785264118076,6.541499894857409,59.381070423093554,26.165999579429634,79.00557010766578,78.4979987382889,131.33756926652504,B_Naive
7,HOUSEHOLD_1_247_TX_2,high,regular,Naive,empirical,7,0.9,7,0,292,1273.0,1273.0,0.0,1.0,0,0.0,1.0,133.65068493150685,293.0,11.906037000973711,7,1403.0,39026.0,18.149763549027377,7.0,90.74881774513689,0.0,25.149763549027377,0.0,25.149763549027377,0.0,25.149763549027377,B_Naive
8,FOODS_3_729_TX_2,medium,intermittent,Naive,empirical,7,0.9,4,0,292,224.0,224.0,0.0,1.0,0,0.0,1.0,58.636986301369866,143.0,4.775143090760425,4,265.0,17122.0,32.67252892370093,4.0,163.36264461850467,0.0,36.67252892370093,0.0,36.67252892370093,0.0,36.67252892370093,B_Naive
9,HOBBIES_1_034_TX_2,medium,intermittent,Naive,empirical,7,0.9,5,0,292,281.0,281.0,0.0,1.0,0,0.0,1.0,54.23287671232877,106.0,6.476698661278101,5,298.0,15836.0,35.38152760858405,5.0,176.90763804292024,0.0,40.38152760858405,0.0,40.38152760858405,0.0,40.38152760858405,B_Naive
10,FOODS_2_196_TX_2,low,intermittent,Naive,empirical,7,0.9,3,0,292,165.0,165.0,0.0,1.0,0,0.0,1.0,61.75,108.0,3.340080971659919,3,190.0,18031.0,34.06130049467087,3.0,170.30650247335433,0.0,37.06130049467087,0.0,37.06130049467087,0.0,37.06130049467087,B_Naive
11,HOUSEHOLD_2_315_TX_2,low,intermittent,Naive,empirical,7,0.9,4,0,292,122.0,122.0,0.0,1.0,0,0.0,1.0,34.321917808219176,64.0,4.443224905208542,4,148.0,10022.0,36.854875709063386,4.0,184.27437854531692,0.0,40.854875709063386,0.0,40.854875709063386,0.0,40.854875709063386,B_Naive
12,FOODS_2_056_WI_3,high,intermittent,Naive,empirical,7,0.9,13,0,292,1064.0,1064.0,0.0,1.0,0,0.0,1.0,82.11986301369863,165.0,16.19583802493849,13,1086.0,23979.0,80.24753035626999,13.0,401.23765178134994,0.0,93.24753035626999,0.0,93.24753035626999,0.0,93.24753035626999,B_Naive
13,HOBBIES_1_312_WI_3,high,intermittent,Naive,empirical,7,0.9,4,0,292,799.0,799.0,0.0,1.0,0,0.0,1.0,378.6335616438356,847.0,2.637774622154286,4,1513.0,110561.0,30.21495784003032,4.0,151.0747892001516,0.0,34.21495784003032,0.0,34.21495784003032,0.0,34.21495784003032,B_Naive
14,FOODS_3_128_WI_3,medium,intermittent,Naive,empirical,7,0.9,3,0,292,156.0,156.0,0.0,1.0,0,0.0,1.0,80.67808219178082,142.0,2.4170133288055013,3,280.0,23558.0,33.65889610584468,3.0,168.29448052922336,0.0,36.65889610584468,0.0,36.65889610584468,0.0,36.65889610584468,B_Naive
15,HOBBIES_1_036_WI_3,medium,intermittent,Naive,empirical,7,0.9,2,0,292,242.0,242.0,0.0,1.0,0,0.0,1.0,204.53424657534248,327.0,1.4789699283370168,2,374.0,59724.0,32.07096999955504,2.0,160.35484999777518,0.0,34.07096999955504,0.0,34.07096999955504,0.0,34.07096999955504,B_Naive
16,FOODS_3_520_WI_3,low,intermittent,Naive,empirical,7,0.9,3,0,292,206.0,206.0,0.0,1.0,0,0.0,1.0,62.60616438356164,110.0,4.113013511295881,3,262.0,18281.0,34.88415496169704,3.0,174.4207748084852,0.0,37.88415496169704,0.0,37.88415496169704,0.0,37.88415496169704,B_Naive
17,HOUSEHOLD_1_464_WI_3,low,intermittent,Naive,empirical,7,0.9,3,0,292,49.0,49.0,0.0,1.0,0,0.0,1.0,18.993150684931507,44.0,3.224846736386585,3,87.0,5546.0,25.181119888122765,3.0,125.90559944061384,0.0,28.181119888122765,0.0,28.181119888122765,0.0,28.181119888122765,B_Naive
0,FOODS_3_449_CA_3,high,regular,Naive,empirical,7,0.95,9,0,292,1628.0,1628.0,0.0,1.0,0,0.0,1.0,162.0,382.0,12.561728395061728,9,1680.0,47304.0,44.906400432586665,9.0,224.53200216293334,0.0,53.906400432586665,0.0,53.906400432586665,0.0,53.906400432586665,B_Naive
1,HOUSEHOLD_1_114_CA_3,high,regular,Naive,empirical,7,0.95,5,0,292,941.0,941.0,0.0,1.0,0,0.0,1.0,142.93493150684932,335.0,8.229268993938232,5,1097.0,41737.0,19.410564271146303,5.0,97.05282135573152,0.0,24.410564271146303,0.0,24.410564271146303,0.0,24.410564271146303,B_Naive
2,FOODS_3_784_CA_3,medium,intermittent,Naive,empirical,7,0.95,2,0,292,213.0,213.0,0.0,1.0,0,0.0,1.0,105.5,189.0,2.523696682464455,2,249.0,30806.0,14.77,2.0,73.85,0.0,16.77,0.0,16.77,0.0,16.77,B_Naive
3,HOUSEHOLD_2_270_CA_3,medium,intermittent,Naive,empirical,7,0.95,4,1,292,118.0,114.0,4.0,0.9661016949152542,2,0.00684931506849315,0.9931506849315068,21.63013698630137,94.0,6.5880303989867,4,170.0,6316.0,17.68480046206958,4.0,88.42400231034787,1.7520000457763674,23.436800507845945,7.0080001831054695,28.692800645175048,21.02400054931641,42.70880101138599,B_Naive
4,HOBBIES_1_377_CA_3,low,intermittent,Naive,empirical,7,0.95,5,0,292,92.0,92.0,0.0,1.0,0,0.0,1.0,34.96917808219178,73.0,3.2886103222015475,5,140.0,10211.0,48.85893337537164,5.0,244.29466687685823,0.0,53.85893337537164,0.0,53.85893337537164,0.0,53.85893337537164,B_Naive
5,HOUSEHOLD_2_228_CA_3,low,intermittent,Naive,empirical,7,0.95,3,0,292,112.0,112.0,0.0,1.0,0,0.0,1.0,72.93493150684931,125.0,1.91951918110532,3,178.0,21297.0,55.85356840561514,3.0,279.2678420280757,0.0,58.85356840561514,0.0,58.85356840561514,0.0,58.85356840561514,B_Naive
6,FOODS_2_347_TX_2,high,regular,Naive,empirical,7,0.95,9,1,292,1785.0,1741.0,44.0,0.9753501400560224,3,0.010273972602739725,0.9897260273972602,180.40753424657535,577.0,12.062966267393078,9,2010.0,52679.0,44.95755681163644,9.0,224.78778405818218,5.873999905586245,59.83155671722268,23.49599962234498,77.45355643398142,70.48799886703493,124.44555567867137,B_Naive
7,HOUSEHOLD_1_247_TX_2,high,regular,Naive,empirical,7,0.95,7,0,292,1273.0,1273.0,0.0,1.0,0,0.0,1.0,136.5376712328767,296.0,11.654292808949311,7,1406.0,39869.0,18.541816300317034,7.0,92.70908150158516,0.0,25.541816300317034,0.0,25.541816300317034,0.0,25.541816300317034,B_Naive
8,FOODS_3_729_TX_2,medium,intermittent,Naive,empirical,7,0.95,4,0,292,224.0,224.0,0.0,1.0,0,0.0,1.0,59.91095890410959,145.0,4.673602377958157,4,267.0,17494.0,33.382386461349384,4.0,166.91193230674693,0.0,37.382386461349384,0.0,37.382386461349384,0.0,37.382386461349384,B_Naive
9,HOBBIES_1_034_TX_2,medium,intermittent,Naive,empirical,7,0.95,6,0,292,281.0,281.0,0.0,1.0,0,0.0,1.0,51.352739726027394,99.0,6.839946648882961,7,359.0,14995.0,33.502526300247396,7.0,167.512631501237,0.0,40.502526300247396,0.0,40.502526300247396,0.0,40.502526300247396,B_Naive
10,FOODS_2_196_TX_2,low,intermittent,Naive,empirical,7,0.95,3,0,292,165.0,165.0,0.0,1.0,0,0.0,1.0,62.705479452054796,109.0,3.2891862370289457,3,191.0,18310.0,34.58834296807851,3.0,172.94171484039254,0.0,37.58834296807851,0.0,37.58834296807851,0.0,37.58834296807851,B_Naive
11,HOUSEHOLD_2_315_TX_2,low,intermittent,Naive,empirical,7,0.95,4,0,292,122.0,122.0,0.0,1.0,0,0.0,1.0,34.321917808219176,64.0,4.443224905208542,4,148.0,10022.0,36.854875709063386,4.0,184.27437854531692,0.0,40.854875709063386,0.0,40.854875709063386,0.0,40.854875709063386,B_Naive
12,FOODS_2_056_WI_3,high,intermittent,Naive,empirical,7,0.95,14,0,292,1064.0,1064.0,0.0,1.0,0,0.0,1.0,80.28082191780823,147.0,16.56684583226687,14,1092.0,23442.0,78.4504193924551,14.0,392.2520969622756,0.0,92.4504193924551,0.0,92.4504193924551,0.0,92.4504193924551,B_Naive
13,HOBBIES_1_312_WI_3,high,intermittent,Naive,empirical,7,0.95,4,0,292,799.0,799.0,0.0,1.0,0,0.0,1.0,383.3595890410959,852.0,2.6052563403936,4,1518.0,111941.0,30.592094821599243,4.0,152.96047410799622,0.0,34.59209482159925,0.0,34.59209482159925,0.0,34.59209482159925,B_Naive
14,FOODS_3_128_WI_3,medium,intermittent,Naive,empirical,7,0.95,3,0,292,156.0,156.0,0.0,1.0,0,0.0,1.0,81.6472602739726,143.0,2.3883226374732605,3,281.0,23841.0,34.06323720432307,3.0,170.31618602161538,0.0,37.06323720432307,0.0,37.06323720432307,0.0,37.06323720432307,B_Naive
15,HOBBIES_1_036_WI_3,medium,intermittent,Naive,empirical,7,0.95,2,0,292,242.0,242.0,0.0,1.0,0,0.0,1.0,206.4794520547945,329.0,1.4650368208054136,2,376.0,60292.0,32.37597822003168,2.0,161.8798911001584,0.0,34.37597822003168,0.0,34.37597822003168,0.0,34.37597822003168,B_Naive
16,FOODS_3_520_WI_3,low,intermittent,Naive,empirical,7,0.95,3,0,292,206.0,206.0,0.0,1.0,0,0.0,1.0,63.56849315068493,111.0,4.050748841719642,3,263.0,18562.0,35.420364553307834,3.0,177.10182276653916,0.0,38.420364553307834,0.0,38.420364553307834,0.0,38.420364553307834,B_Naive
17,HOUSEHOLD_1_464_WI_3,low,intermittent,Naive,empirical,7,0.95,4,0,292,49.0,49.0,0.0,1.0,0,0.0,1.0,19.965753424657535,45.0,3.067753001715266,4,88.0,5830.0,26.470596636811347,4.0,132.35298318405674,0.0,30.470596636811347,0.0,30.470596636811347,0.0,30.470596636811347,B_Naive
0,FOODS_3_449_CA_3,high,regular,Naive,empirical,7,0.98,9,0,292,1628.0,1628.0,0.0,1.0,0,0.0,1.0,167.75342465753425,388.0,12.130899885676953,9,1686.0,48984.0,46.501249763018464,9.0,232.5062488150923,0.0,55.501249763018464,0.0,55.501249763018464,0.0,55.501249763018464,B_Naive
1,HOUSEHOLD_1_114_CA_3,high,regular,Naive,empirical,7,0.98,5,0,292,941.0,941.0,0.0,1.0,0,0.0,1.0,146.59931506849315,340.0,8.023570911299554,5,1102.0,42807.0,19.908187573494978,5.0,99.54093786747488,0.0,24.908187573494978,0.0,24.908187573494978,0.0,24.908187573494978,B_Naive
2,FOODS_3_784_CA_3,medium,intermittent,Naive,empirical,7,0.98,2,0,292,213.0,213.0,0.0,1.0,0,0.0,1.0,107.36301369863014,191.0,2.4799043062200954,2,251.0,31350.0,15.030821917808218,2.0,75.1541095890411,0.0,17.03082191780822,0.0,17.03082191780822,0.0,17.03082191780822,B_Naive
3,HOUSEHOLD_2_270_CA_3,medium,intermittent,Naive,empirical,7,0.98,4,1,292,118.0,117.0,1.0,0.9915254237288136,1,0.003424657534246575,0.9965753424657534,24.41780821917808,97.0,5.989481065918654,4,176.0,7130.0,19.964000521620658,4.0,99.82000260810328,0.43800001144409184,24.40200053306475,1.7520000457763674,25.716000567397025,5.256000137329102,29.22000065894976,B_Naive
4,HOBBIES_1_377_CA_3,low,intermittent,Naive,empirical,7,0.98,5,0,292,92.0,92.0,0.0,1.0,0,0.0,1.0,35.94178082191781,74.0,3.199618866126727,5,141.0,10495.0,50.21785386098574,5.0,251.0892693049287,0.0,55.21785386098574,0.0,55.21785386098574,0.0,55.21785386098574,B_Naive
5,HOUSEHOLD_2_228_CA_3,low,intermittent,Naive,empirical,7,0.98,3,0,292,112.0,112.0,0.0,1.0,0,0.0,1.0,73.90753424657534,126.0,1.8942588387933832,3,179.0,21581.0,56.59838755512891,3.0,282.9919377756445,0.0,59.59838755512891,0.0,59.59838755512891,0.0,59.59838755512891,B_Naive
6,FOODS_2_347_TX_2,high,regular,Naive,empirical,7,0.98,9,1,292,1785.0,1745.0,40.0,0.9775910364145658,3,0.010273972602739725,0.9897260273972602,183.99657534246575,581.0,11.854840210694809,9,2018.0,53727.0,45.85194583835666,9.0,229.25972919178332,5.339999914169313,60.191945752525974,21.359999656677253,76.21194549503392,64.07999897003177,118.93194480838844,B_Naive
7,HOUSEHOLD_1_247_TX_2,high,regular,Naive,empirical,7,0.98,7,0,292,1273.0,1273.0,0.0,1.0,0,0.0,1.0,139.42465753424656,299.0,11.412974061701712,7,1409.0,40712.0,18.93386905160669,7.0,94.66934525803343,0.0,25.93386905160669,0.0,25.93386905160669,0.0,25.93386905160669,B_Naive
8,FOODS_3_729_TX_2,medium,intermittent,Naive,empirical,7,0.98,5,0,292,224.0,224.0,0.0,1.0,0,0.0,1.0,63.8013698630137,149.0,4.3886205045625335,5,271.0,18630.0,35.550123458039266,5.0,177.75061729019635,0.0,40.550123458039266,0.0,40.550123458039266,0.0,40.550123458039266,B_Naive
9,HOBBIES_1_034_TX_2,medium,intermittent,Naive,empirical,7,0.98,6,0,292,281.0,281.0,0.0,1.0,0,0.0,1.0,54.77054794520548,103.0,6.413118239229663,6,325.0,15993.0,35.732304309426915,6.0,178.66152154713458,0.0,41.732304309426915,0.0,41.732304309426915,0.0,41.732304309426915,B_Naive
10,FOODS_2_196_TX_2,low,intermittent,Naive,empirical,7,0.98,4,0,292,165.0,165.0,0.0,1.0,0,0.0,1.0,65.58904109589041,112.0,3.1445802005012533,4,194.0,19152.0,36.178915593918056,4.0,180.89457796959027,0.0,40.178915593918056,0.0,40.178915593918056,0.0,40.178915593918056,B_Naive
11,HOUSEHOLD_2_315_TX_2,low,intermittent,Naive,empirical,7,0.98,4,0,292,122.0,122.0,0.0,1.0,0,0.0,1.0,35.27739726027397,65.0,4.322881273662751,4,149.0,10301.0,37.88086955488544,4.0,189.4043477744272,0.0,41.88086955488544,0.0,41.88086955488544,0.0,41.88086955488544,B_Naive
12,FOODS_2_056_WI_3,high,intermittent,Naive,empirical,7,0.98,13,0,292,1064.0,1064.0,0.0,1.0,0,0.0,1.0,90.87328767123287,174.0,14.63576408517053,13,1095.0,26535.0,88.80137695498662,13.0,444.0068847749331,0.0,101.80137695498662,0.0,101.80137695498662,0.0,101.80137695498662,B_Naive
13,HOBBIES_1_312_WI_3,high,intermittent,Naive,empirical,7,0.98,4,0,292,799.0,799.0,0.0,1.0,0,0.0,1.0,389.0308219178082,858.0,2.5672773048584028,4,1524.0,113597.0,31.044659199481952,4.0,155.2232959974098,0.0,35.044659199481956,0.0,35.044659199481956,0.0,35.044659199481956,B_Naive
14,FOODS_3_128_WI_3,medium,intermittent,Naive,empirical,7,0.98,3,0,292,156.0,156.0,0.0,1.0,0,0.0,1.0,83.58561643835617,145.0,2.332937272094071,3,283.0,24407.0,34.87191940127987,3.0,174.35959700639933,0.0,37.87191940127987,0.0,37.87191940127987,0.0,37.87191940127987,B_Naive
15,HOBBIES_1_036_WI_3,medium,intermittent,Naive,empirical,7,0.98,2,0,292,242.0,242.0,0.0,1.0,0,0.0,1.0,209.3972602739726,332.0,1.4446225304199922,2,379.0,61144.0,32.83349055074665,2.0,164.16745275373324,0.0,34.83349055074665,0.0,34.83349055074665,0.0,34.83349055074665,B_Naive
16,FOODS_3_520_WI_3,low,intermittent,Naive,empirical,7,0.98,3,0,292,206.0,206.0,0.0,1.0,0,0.0,1.0,63.56849315068493,111.0,4.050748841719642,3,263.0,18562.0,35.420364553307834,3.0,177.10182276653916,0.0,38.420364553307834,0.0,38.420364553307834,0.0,38.420364553307834,B_Naive
17,HOUSEHOLD_1_464_WI_3,low,intermittent,Naive,empirical,7,0.98,4,0,292,49.0,49.0,0.0,1.0,0,0.0,1.0,20.938356164383563,46.0,2.9252535165194633,4,89.0,6114.0,27.760073385499926,4.0,138.80036692749965,0.0,31.760073385499926,0.0,31.760073385499926,0.0,31.760073385499926,B_Naive
0,FOODS_3_449_CA_3,high,regular,Naive,empirical,14,0.9,9,0,292,1628.0,1628.0,0.0,1.0,0,0.0,1.0,227.43493150684932,524.0,8.947614100073782,9,1727.0,66411.0,63.04496362101541,9.0,315.2248181050771,0.0,72.04496362101541,0.0,72.04496362101541,0.0,72.04496362101541,B_Naive
1,HOUSEHOLD_1_114_CA_3,high,regular,Naive,empirical,14,0.9,5,0,292,941.0,941.0,0.0,1.0,0,0.0,1.0,207.96575342465752,540.0,5.655979316931792,5,1213.0,60726.0,28.241750148061204,5.0,141.20875074030602,0.0,33.2417501480612,0.0,33.2417501480612,0.0,33.2417501480612,B_Naive
2,FOODS_3_784_CA_3,medium,intermittent,Naive,empirical,14,0.9,2,0,292,213.0,213.0,0.0,1.0,0,0.0,1.0,180.3013698630137,275.0,1.4766942713873272,2,317.0,52648.0,25.24219178082192,2.0,126.21095890410957,0.0,27.24219178082192,0.0,27.24219178082192,0.0,27.24219178082192,B_Naive
3,HOUSEHOLD_2_270_CA_3,medium,intermittent,Naive,empirical,14,0.9,4,2,292,118.0,106.0,12.0,0.8983050847457628,5,0.017123287671232876,0.9828767123287672,21.904109589041095,91.0,6.049093183239525,5,193.0,6396.0,17.908800467922262,5.0,89.54400233961131,5.256000137329102,28.164800605251365,21.02400054931641,43.932801017238674,63.07200164794922,85.98080211587148,B_Naive
4,HOBBIES_1_377_CA_3,low,intermittent,Naive,empirical,14,0.9,5,0,292,92.0,92.0,0.0,1.0,0,0.0,1.0,48.51027397260274,100.0,2.3706318390398873,5,170.0,14165.0,67.77855168564679,5.0,338.89275842823395,0.0,72.77855168564679,0.0,72.77855168564679,0.0,72.77855168564679,B_Naive
5,HOUSEHOLD_2_228_CA_3,low,intermittent,Naive,empirical,14,0.9,3,0,292,112.0,112.0,0.0,1.0,0,0.0,1.0,113.18493150684931,171.0,1.2369137670196673,3,227.0,33050.0,86.67701722334509,3.0,433.3850861167254,0.0,89.67701722334509,0.0,89.67701722334509,0.0,89.67701722334509,B_Naive
6,FOODS_2_347_TX_2,high,regular,Naive,empirical,14,0.9,6,2,292,1785.0,1674.0,111.0,0.9378151260504202,5,0.017123287671232876,0.9828767123287672,347.89383561643837,856.0,6.014765959541271,7,2095.0,101585.0,86.69514244215128,7.0,433.4757122107564,14.818499761819844,108.51364220397113,59.273999047279375,152.96914148943065,177.82199714183812,271.51713958398943,B_Naive
7,HOUSEHOLD_1_247_TX_2,high,regular,Naive,empirical,14,0.9,6,0,292,1273.0,1273.0,0.0,1.0,0,0.0,1.0,204.88013698630138,410.0,7.766736314249896,6,1399.0,59825.0,27.82272342337321,6.0,139.11361711686607,0.0,33.822723423373205,0.0,33.822723423373205,0.0,33.822723423373205,B_Naive
8,FOODS_3_729_TX_2,medium,intermittent,Naive,empirical,14,0.9,6,0,292,224.0,224.0,0.0,1.0,0,0.0,1.0,84.82876712328768,149.0,3.3007670569236978,6,331.0,24770.0,47.266589267613135,6.0,236.3329463380657,0.0,53.266589267613135,0.0,53.266589267613135,0.0,53.266589267613135,B_Naive
9,HOBBIES_1_034_TX_2,medium,intermittent,Naive,empirical,14,0.9,5,0,292,281.0,281.0,0.0,1.0,0,0.0,1.0,87.29452054794521,146.0,4.0237347979599845,5,327.0,25490.0,56.9509433406673,5.0,284.75471670333656,0.0,61.9509433406673,0.0,61.9509433406673,0.0,61.9509433406673,B_Naive
10,FOODS_2_196_TX_2,low,intermittent,Naive,empirical,14,0.9,3,0,292,165.0,165.0,0.0,1.0,0,0.0,1.0,93.08904109589041,147.0,2.215620631300125,3,222.0,27182.0,51.347915814216826,3.0,256.7395790710841,0.0,54.347915814216826,0.0,54.347915814216826,0.0,54.347915814216826,B_Naive
11,HOUSEHOLD_2_315_TX_2,low,intermittent,Naive,empirical,14,0.9,4,0,292,122.0,122.0,0.0,1.0,0,0.0,1.0,58.64041095890411,103.0,2.600595690007592,4,182.0,17123.0,62.9680739140184,4.0,314.840369570092,0.0,66.96807391401839,0.0,66.96807391401839,0.0,66.96807391401839,B_Naive
12,FOODS_2_056_WI_3,high,intermittent,Naive,empirical,14,0.9,10,0,292,1064.0,1064.0,0.0,1.0,0,0.0,1.0,147.42808219178082,254.0,9.021347766498641,10,1166.0,43049.0,144.06672231148366,10.0,720.3336115574183,0.0,154.06672231148366,0.0,154.06672231148366,0.0,154.06672231148366,B_Naive
13,HOBBIES_1_312_WI_3,high,intermittent,Naive,empirical,14,0.9,5,0,292,799.0,799.0,0.0,1.0,0,0.0,1.0,508.3904109589041,1134.0,1.9645335129673291,5,1807.0,148450.0,40.56955428543972,5.0,202.8477714271986,0.0,45.56955428543972,0.0,45.56955428543972,0.0,45.56955428543972,B_Naive
14,FOODS_3_128_WI_3,medium,intermittent,Naive,empirical,14,0.9,2,0,292,156.0,156.0,0.0,1.0,0,0.0,1.0,110.43493150684931,150.0,1.76574565075821,3,329.0,32247.0,46.07345371955061,3.0,230.36726859775305,0.0,49.07345371955061,0.0,49.07345371955061,0.0,49.07345371955061,B_Naive
15,HOBBIES_1_036_WI_3,medium,intermittent,Naive,empirical,14,0.9,3,0,292,242.0,242.0,0.0,1.0,0,0.0,1.0,225.9554794520548,340.0,1.338759302202216,3,524.0,65979.0,35.42981932892375,3.0,177.1490966446187,0.0,38.42981932892375,0.0,38.42981932892375,0.0,38.42981932892375,B_Naive
16,FOODS_3_520_WI_3,low,intermittent,Naive,empirical,14,0.9,3,0,292,206.0,206.0,0.0,1.0,0,0.0,1.0,88.40753424657534,144.0,2.9126476854541936,3,298.0,25815.0,49.26067831826536,3.0,246.30339159132683,0.0,52.26067831826536,0.0,52.26067831826536,0.0,52.26067831826536,B_Naive
17,HOUSEHOLD_1_464_WI_3,low,intermittent,Naive,empirical,14,0.9,4,0,292,49.0,49.0,0.0,1.0,0,0.0,1.0,39.832191780821915,63.0,1.53770097154157,4,103.0,11631.0,52.809521352101676,4.0,264.04760676050836,0.0,56.809521352101676,0.0,56.809521352101676,0.0,56.809521352101676,B_Naive
0,FOODS_3_449_CA_3,high,regular,Naive,empirical,14,0.95,9,0,292,1628.0,1628.0,0.0,1.0,0,0.0,1.0,239.76712328767124,537.0,8.487402159629777,9,1740.0,70012.0,66.46344721558975,9.0,332.3172360779488,0.0,75.46344721558975,0.0,75.46344721558975,0.0,75.46344721558975,B_Naive
1,HOUSEHOLD_1_114_CA_3,high,regular,Naive,empirical,14,0.95,5,0,292,941.0,941.0,0.0,1.0,0,0.0,1.0,213.63698630136986,548.0,5.505835016511173,5,1221.0,62382.0,29.011903595434475,5.0,145.0595179771724,0.0,34.011903595434475,0.0,34.011903595434475,0.0,34.011903595434475,B_Naive
2,FOODS_3_784_CA_3,medium,intermittent,Naive,empirical,14,0.95,2,0,292,213.0,213.0,0.0,1.0,0,0.0,1.0,183.02397260273972,278.0,1.4547274666467078,2,320.0,53443.0,25.623356164383562,2.0,128.11678082191779,0.0,27.623356164383562,0.0,27.623356164383562,0.0,27.623356164383562,B_Naive
3,HOUSEHOLD_2_270_CA_3,medium,intermittent,Naive,empirical,14,0.95,4,2,292,118.0,109.0,9.0,0.923728813559322,4,0.0136986301369863,0.9863013698630136,23.921232876712327,91.0,5.695776664280602,5,199.0,6985.0,19.558000511012665,5.0,97.79000255506331,3.9420001029968263,28.50000061400949,15.768000411987305,40.32600092299997,47.30400123596192,71.86200174697458,B_Naive
4,HOBBIES_1_377_CA_3,low,intermittent,Naive,empirical,14,0.95,5,0,292,92.0,92.0,0.0,1.0,0,0.0,1.0,48.51027397260274,100.0,2.3706318390398873,5,170.0,14165.0,67.77855168564679,5.0,338.89275842823395,0.0,72.77855168564679,0.0,72.77855168564679,0.0,72.77855168564679,B_Naive
5,HOUSEHOLD_2_228_CA_3,low,intermittent,Naive,empirical,14,0.95,3,0,292,112.0,112.0,0.0,1.0,0,0.0,1.0,114.13356164383562,172.0,1.2266330602814535,3,228.0,33327.0,87.40347815438493,3.0,437.0173907719246,0.0,90.40347815438493,0.0,90.40347815438493,0.0,90.40347815438493,B_Naive
6,FOODS_2_347_TX_2,high,regular,Naive,empirical,14,0.95,6,2,292,1785.0,1682.0,103.0,0.942296918767507,5,0.017123287671232876,0.9828767123287672,354.2808219178082,864.0,5.93455775737071,7,2111.0,103450.0,88.28677940287001,7.0,441.43389701435007,13.750499778985981,109.037279181856,55.001999115943924,150.28877851881393,165.0059973478318,260.2927767507018,B_Naive
7,HOUSEHOLD_1_247_TX_2,high,regular,Naive,empirical,14,0.95,6,0,292,1273.0,1273.0,0.0,1.0,0,0.0,1.0,210.57191780821918,416.0,7.556800624522258,6,1405.0,61487.0,28.59566728178769,6.0,142.97833640893845,0.0,34.59566728178769,0.0,34.59566728178769,0.0,34.59566728178769,B_Naive
8,FOODS_3_729_TX_2,medium,intermittent,Naive,empirical,14,0.95,6,0,292,224.0,224.0,0.0,1.0,0,0.0,1.0,86.72602739726027,151.0,3.228557889748855,6,333.0,25324.0,48.3237426973369,6.0,241.6187134866845,0.0,54.3237426973369,0.0,54.3237426973369,0.0,54.3237426973369,B_Naive
9,HOBBIES_1_034_TX_2,medium,intermittent,Naive,empirical,14,0.95,5,0,292,281.0,281.0,0.0,1.0,0,0.0,1.0,93.93493150684931,153.0,3.739290531918772,5,334.0,27429.0,61.28314730840186,5.0,306.4157365420093,0.0,66.28314730840185,0.0,66.28314730840185,0.0,66.28314730840185,B_Naive
10,FOODS_2_196_TX_2,low,intermittent,Naive,empirical,14,0.95,4,0,292,165.0,165.0,0.0,1.0,0,0.0,1.0,96.90068493150685,151.0,2.1284679271956177,4,226.0,28295.0,53.45041858447741,4.0,267.252092922387,0.0,57.45041858447741,0.0,57.45041858447741,0.0,57.45041858447741,B_Naive
11,HOUSEHOLD_2_315_TX_2,low,intermittent,Naive,empirical,14,0.95,4,0,292,122.0,122.0,0.0,1.0,0,0.0,1.0,59.571917808219176,104.0,2.559931014659385,4,183.0,17395.0,63.96832597876248,4.0,319.8416298938124,0.0,67.96832597876248,0.0,67.96832597876248,0.0,67.96832597876248,B_Naive
12,FOODS_2_056_WI_3,high,intermittent,Naive,empirical,14,0.95,10,0,292,1064.0,1064.0,0.0,1.0,0,0.0,1.0,155.01712328767124,262.0,8.579697337899038,10,1174.0,45265.0,151.4827332906527,10.0,757.4136664532635,0.0,161.4827332906527,0.0,161.4827332906527,0.0,161.4827332906527,B_Naive
13,HOBBIES_1_312_WI_3,high,intermittent,Naive,empirical,14,0.95,5,0,292,799.0,799.0,0.0,1.0,0,0.0,1.0,515.972602739726,1140.0,1.9356647905272661,5,1813.0,150664.0,41.17461318195682,5.0,205.8730659097841,0.0,46.17461318195682,0.0,46.17461318195682,0.0,46.17461318195682,B_Naive
14,FOODS_3_128_WI_3,medium,intermittent,Naive,empirical,14,0.95,2,0,292,156.0,156.0,0.0,1.0,0,0.0,1.0,112.32534246575342,152.0,1.7360285374554103,3,331.0,32799.0,46.86213317665335,3.0,234.31066588326675,0.0,49.86213317665335,0.0,49.86213317665335,0.0,49.86213317665335,B_Naive
15,HOBBIES_1_036_WI_3,medium,intermittent,Naive,empirical,14,0.95,3,0,292,242.0,242.0,0.0,1.0,0,0.0,1.0,228.8013698630137,343.0,1.3221074689417753,3,527.0,66810.0,35.87605494726194,3.0,179.38027473630967,0.0,38.87605494726194,0.0,38.87605494726194,0.0,38.87605494726194,B_Naive
16,FOODS_3_520_WI_3,low,intermittent,Naive,empirical,14,0.95,3,0,292,206.0,206.0,0.0,1.0,0,0.0,1.0,88.40753424657534,144.0,2.9126476854541936,3,298.0,25815.0,49.26067831826536,3.0,246.30339159132683,0.0,52.26067831826536,0.0,52.26067831826536,0.0,52.26067831826536,B_Naive
17,HOUSEHOLD_1_464_WI_3,low,intermittent,Naive,empirical,14,0.95,4,0,292,49.0,49.0,0.0,1.0,0,0.0,1.0,41.72945205479452,65.0,1.4677882642593352,4,105.0,12185.0,55.32490909426179,4.0,276.624545471309,0.0,59.32490909426179,0.0,59.32490909426179,0.0,59.32490909426179,B_Naive
0,FOODS_3_449_CA_3,high,regular,Naive,empirical,14,0.98,9,0,292,1628.0,1628.0,0.0,1.0,0,0.0,1.0,247.35616438356163,545.0,8.227003378191283,9,1748.0,72228.0,68.5671294276355,9.0,342.8356471381775,0.0,77.5671294276355,0.0,77.5671294276355,0.0,77.5671294276355,B_Naive
1,HOUSEHOLD_1_114_CA_3,high,regular,Naive,empirical,14,0.98,6,0,292,941.0,941.0,0.0,1.0,0,0.0,1.0,223.28082191780823,560.0,5.268029694162397,6,1233.0,65198.0,30.321536510774536,6.0,151.60768255387268,0.0,36.321536510774536,0.0,36.321536510774536,0.0,36.321536510774536,B_Naive
2,FOODS_3_784_CA_3,medium,intermittent,Naive,empirical,14,0.98,2,0,292,213.0,213.0,0.0,1.0,0,0.0,1.0,183.93150684931507,279.0,1.4475497132643182,2,321.0,53708.0,25.75041095890411,2.0,128.75205479452055,0.0,27.75041095890411,0.0,27.75041095890411,0.0,27.75041095890411,B_Naive
3,HOUSEHOLD_2_270_CA_3,medium,intermittent,Naive,empirical,14,0.98,4,0,292,118.0,118.0,0.0,1.0,0,0.0,1.0,35.821917808219176,98.0,4.117590822179732,5,218.0,10460.0,29.288000765238724,5.0,146.4400038261936,0.0,34.28800076523872,0.0,34.28800076523872,0.0,34.28800076523872,B_Naive
4,HOBBIES_1_377_CA_3,low,intermittent,Naive,empirical,14,0.98,5,0,292,92.0,92.0,0.0,1.0,0,0.0,1.0,50.407534246575345,102.0,2.2814049867518174,5,172.0,14719.0,70.42940361885175,5.0,352.1470180942588,0.0,75.42940361885175,0.0,75.42940361885175,0.0,75.42940361885175,B_Naive
5,HOUSEHOLD_2_228_CA_3,low,intermittent,Naive,empirical,14,0.98,3,0,292,112.0,112.0,0.0,1.0,0,0.0,1.0,116.03082191780823,174.0,1.2065759570260617,3,230.0,33881.0,88.85640001646459,3.0,444.28200008232295,0.0,91.85640001646459,0.0,91.85640001646459,0.0,91.85640001646459,B_Naive
6,FOODS_2_347_TX_2,high,regular,Naive,empirical,14,0.98,6,2,292,1785.0,1693.0,92.0,0.9484593837535014,5,0.017123287671232876,0.9828767123287672,363.6232876712329,875.0,5.819896777110135,7,2133.0,106178.0,90.61492183120282,7.0,453.07460915601416,12.281999802589421,109.89692163379225,49.127999210357686,146.74292104156052,147.38399763107304,244.99891946227586,B_Naive
7,HOUSEHOLD_1_247_TX_2,high,regular,Naive,empirical,14,0.98,6,0,292,1273.0,1273.0,0.0,1.0,0,0.0,1.0,217.2123287671233,423.0,7.325781225364993,6,1412.0,63426.0,29.497435116604585,6.0,147.48717558302292,0.0,35.497435116604585,0.0,35.497435116604585,0.0,35.497435116604585,B_Naive
8,FOODS_3_729_TX_2,medium,intermittent,Naive,empirical,14,0.98,6,0,292,224.0,224.0,0.0,1.0,0,0.0,1.0,90.52054794520548,155.0,3.093220338983051,6,337.0,26432.0,50.438049556784435,6.0,252.19024778392216,0.0,56.438049556784435,0.0,56.438049556784435,0.0,56.438049556784435,B_Naive
9,HOBBIES_1_034_TX_2,medium,intermittent,Naive,empirical,14,0.98,5,0,292,281.0,281.0,0.0,1.0,0,0.0,1.0,100.35958904109589,161.0,3.499914690325883,5,362.0,29305.0,65.47459374649884,5.0,327.37296873249414,0.0,70.47459374649884,0.0,70.47459374649884,0.0,70.47459374649884,B_Naive
10,FOODS_2_196_TX_2,low,intermittent,Naive,empirical,14,0.98,4,0,292,165.0,165.0,0.0,1.0,0,0.0,1.0,100.69520547945206,155.0,2.048260381593715,4,230.0,29403.0,55.543476149121375,4.0,277.7173807456069,0.0,59.543476149121375,0.0,59.543476149121375,0.0,59.543476149121375,B_Naive
11,HOUSEHOLD_2_315_TX_2,low,intermittent,Naive,empirical,14,0.98,4,0,292,122.0,122.0,0.0,1.0,0,0.0,1.0,60.50342465753425,105.0,2.5205184807833816,4,184.0,17667.0,64.96857804350657,4.0,324.84289021753284,0.0,68.96857804350657,0.0,68.96857804350657,0.0,68.96857804350657,B_Naive
12,FOODS_2_056_WI_3,high,intermittent,Naive,empirical,14,0.98,10,0,292,1064.0,1064.0,0.0,1.0,0,0.0,1.0,168.29794520547946,276.0,7.9026514457806805,10,1188.0,49143.0,164.4607525041985,10.0,822.3037625209926,0.0,174.4607525041985,0.0,174.4607525041985,0.0,174.4607525041985,B_Naive
13,HOBBIES_1_312_WI_3,high,intermittent,Naive,empirical,14,0.98,5,0,292,799.0,799.0,0.0,1.0,0,0.0,1.0,521.6643835616438,1146.0,1.9145451203340205,5,1819.0,152326.0,41.62881728584635,5.0,208.14408642923178,0.0,46.62881728584635,0.0,46.62881728584635,0.0,46.62881728584635,B_Naive
14,FOODS_3_128_WI_3,medium,intermittent,Naive,empirical,14,0.98,2,0,292,156.0,156.0,0.0,1.0,0,0.0,1.0,117.0513698630137,157.0,1.6659352233827789,3,336.0,34179.0,48.83383181941019,3.0,244.16915909705097,0.0,51.83383181941019,0.0,51.83383181941019,0.0,51.83383181941019,B_Naive
15,HOBBIES_1_036_WI_3,medium,intermittent,Naive,empirical,14,0.98,3,0,292,242.0,242.0,0.0,1.0,0,0.0,1.0,234.4931506849315,349.0,1.2900163570510574,3,533.0,68472.0,36.76852618393833,3.0,183.8426309196916,0.0,39.76852618393833,0.0,39.76852618393833,0.0,39.76852618393833,B_Naive
16,FOODS_3_520_WI_3,low,intermittent,Naive,empirical,14,0.98,3,0,292,206.0,206.0,0.0,1.0,0,0.0,1.0,89.3458904109589,145.0,2.8820575721568478,3,299.0,26089.0,49.78353037556557,3.0,248.91765187782784,0.0,52.78353037556557,0.0,52.78353037556557,0.0,52.78353037556557,B_Naive
17,HOUSEHOLD_1_464_WI_3,low,intermittent,Naive,empirical,14,0.98,4,0,292,49.0,49.0,0.0,1.0,0,0.0,1.0,41.72945205479452,65.0,1.4677882642593352,4,105.0,12185.0,55.32490909426179,4.0,276.624545471309,0.0,59.32490909426179,0.0,59.32490909426179,0.0,59.32490909426179,B_Naive
0,FOODS_3_449_CA_3,high,regular,SeasonalNaive,gaussian,3,0.9,12,1,292,1628.0,1582.0,46.0,0.9717444717444718,2,0.00684931506849315,0.9931506849315068,71.21232876712328,220.0,27.769068000384724,13,1611.0,20794.0,19.740057724404007,13.0,98.70028862202003,6.831000065803529,39.57105779020754,27.324000263214117,60.06405798761813,81.97200078964235,114.71205851404636,B_SeasonalNaive
1,HOUSEHOLD_1_114_CA_3,high,regular,SeasonalNaive,gaussian,3,0.9,6,4,292,941.0,919.0,22.0,0.9766206163655685,6,0.02054794520547945,0.9794520547945206,67.75,214.0,16.95571955719557,6,919.0,19783.0,9.200450271368027,6.0,46.002251356840134,1.6005000472068787,16.800950318574905,6.402000188827515,21.60245046019554,19.206000566482544,34.40645083785057,B_SeasonalNaive
2,FOODS_3_784_CA_3,medium,intermittent,SeasonalNaive,gaussian,3,0.9,3,0,292,213.0,213.0,0.0,1.0,0,0.0,1.0,37.205479452054796,78.0,7.156203976435935,4,312.0,10864.0,5.2087671232876716,4.0,26.043835616438354,0.0,9.208767123287672,0.0,9.208767123287672,0.0,9.208767123287672,B_SeasonalNaive
3,HOUSEHOLD_2_270_CA_3,medium,intermittent,SeasonalNaive,gaussian,3,0.9,5,1,292,118.0,116.0,2.0,0.9830508474576272,2,0.00684931506849315,0.9931506849315068,9.777397260273972,47.0,14.83012259194396,5,130.0,2855.0,7.994000208867739,5.0,39.970001044338694,0.8760000228881837,13.870000231755922,3.5040000915527347,16.498000300420472,10.512000274658204,23.506000483525945,B_SeasonalNaive
4,HOBBIES_1_377_CA_3,low,intermittent,SeasonalNaive,gaussian,3,0.9,6,0,292,92.0,92.0,0.0,1.0,0,0.0,1.0,10.585616438356164,27.0,10.863798123584601,6,94.0,3091.0,14.79022260927174,6.0,73.9511130463587,0.0,20.79022260927174,0.0,20.79022260927174,0.0,20.79022260927174,B_SeasonalNaive
5,HOUSEHOLD_2_228_CA_3,low,intermittent,SeasonalNaive,gaussian,3,0.9,4,0,292,112.0,112.0,0.0,1.0,0,0.0,1.0,17.90068493150685,37.0,7.820929787641095,5,135.0,5227.0,13.708343994748102,5.0,68.5417199737405,0.0,18.708343994748102,0.0,18.708343994748102,0.0,18.708343994748102,B_SeasonalNaive
6,FOODS_2_347_TX_2,high,regular,SeasonalNaive,gaussian,3,0.9,12,4,292,1785.0,1721.0,64.0,0.9641456582633053,8,0.0273972602739726,0.9726027397260274,82.43150684931507,302.0,26.097424179476526,12,1744.0,24070.0,20.541931176675508,12.0,102.70965588337754,8.543999862670901,41.085931039346406,34.175999450683605,66.71793062735911,102.52799835205082,135.06992952872633,B_SeasonalNaive
7,HOUSEHOLD_1_247_TX_2,high,regular,SeasonalNaive,gaussian,3,0.9,9,1,292,1273.0,1270.0,3.0,0.997643362136685,1,0.003424657534246575,0.9965753424657534,78.08219178082192,167.0,20.331140350877195,9,1338.0,22800.0,10.603561956588536,9.0,53.01780978294268,0.21825000643730164,19.821811963025837,0.8730000257492065,20.476561982337742,2.6190000772476196,22.222562033836155,B_SeasonalNaive
8,FOODS_3_729_TX_2,medium,intermittent,SeasonalNaive,gaussian,3,0.9,7,0,292,224.0,224.0,0.0,1.0,0,0.0,1.0,22.910958904109588,49.0,12.221225710014949,7,255.0,6690.0,12.765986362548723,7.0,63.82993181274362,0.0,19.765986362548723,0.0,19.765986362548723,0.0,19.765986362548723,B_SeasonalNaive
9,HOBBIES_1_034_TX_2,medium,intermittent,SeasonalNaive,gaussian,3,0.9,8,0,292,281.0,281.0,0.0,1.0,0,0.0,1.0,23.36986301369863,48.0,15.03004103165299,8,302.0,6824.0,15.24649813090285,8.0,76.23249065451425,0.0,23.24649813090285,0.0,23.24649813090285,0.0,23.24649813090285,B_SeasonalNaive
10,FOODS_2_196_TX_2,low,intermittent,SeasonalNaive,gaussian,3,0.9,5,0,292,165.0,165.0,0.0,1.0,0,0.0,1.0,18.773972602739725,38.0,10.98595403137541,6,195.0,5482.0,10.35572343806698,6.0,51.77861719033489,0.0,16.35572343806698,0.0,16.35572343806698,0.0,16.35572343806698,B_SeasonalNaive
11,HOUSEHOLD_2_315_TX_2,low,intermittent,SeasonalNaive,gaussian,3,0.9,6,0,292,122.0,122.0,0.0,1.0,0,0.0,1.0,12.948630136986301,29.0,11.777307590584503,6,123.0,3781.0,13.90423917940218,6.0,69.5211958970109,0.0,19.904239179402182,0.0,19.904239179402182,0.0,19.904239179402182,B_SeasonalNaive
12,FOODS_2_056_WI_3,high,intermittent,SeasonalNaive,gaussian,3,0.9,20,1,292,1064.0,1061.0,3.0,0.9971804511278195,1,0.003424657534246575,0.9965753424657534,33.5513698630137,77.0,39.52893742982546,20,1082.0,9797.0,32.78639871972881,20.0,163.93199359864403,1.5705000042915347,54.35689872402034,6.282000017166139,59.06839873689495,18.846000051498415,71.63239877122723,B_SeasonalNaive
13,HOBBIES_1_312_WI_3,high,intermittent,SeasonalNaive,gaussian,3,0.9,5,2,292,799.0,792.0,7.0,0.9912390488110138,3,0.010273972602739725,0.9897260273972602,107.87328767123287,320.0,9.177434204260454,5,989.0,31499.0,8.6082882481446,5.0,43.041441240722996,0.29924999624490745,13.907538244389507,1.1969999849796298,14.80528823312423,3.590999954938889,17.19928820308349,B_SeasonalNaive
14,FOODS_3_128_WI_3,medium,intermittent,SeasonalNaive,gaussian,3,0.9,4,2,292,156.0,148.0,8.0,0.9487179487179487,3,0.010273972602739725,0.9897260273972602,31.72945205479452,57.0,5.830545062061522,4,185.0,9265.0,13.237527481987051,4.0,66.18763740993525,1.7880000114440922,19.02552749343114,7.152000045776369,24.38952752776342,21.456000137329106,38.69352761931616,B_SeasonalNaive
15,HOBBIES_1_036_WI_3,medium,intermittent,SeasonalNaive,gaussian,3,0.9,4,0,292,242.0,240.0,2.0,0.9917355371900827,1,0.003424657534246575,0.9965753424657534,42.74315068493151,96.0,7.018668375931416,4,302.0,12481.0,6.702126055931392,4.0,33.51063027965696,0.16800000071525578,10.870126056646647,0.6720000028610231,11.374126058792413,2.0160000085830694,12.718126064514461,B_SeasonalNaive
16,FOODS_3_520_WI_3,low,intermittent,SeasonalNaive,gaussian,3,0.9,7,0,292,206.0,206.0,0.0,1.0,0,0.0,1.0,19.318493150684933,42.0,13.32919695089523,7,236.0,5641.0,10.764264435147586,7.0,53.82132217573793,0.0,17.764264435147588,0.0,17.764264435147588,0.0,17.764264435147588,B_SeasonalNaive
17,HOUSEHOLD_1_464_WI_3,low,intermittent,SeasonalNaive,gaussian,3,0.9,4,1,292,49.0,48.0,1.0,0.9795918367346939,1,0.003424657534246575,0.9965753424657534,8.071917808219178,16.0,7.433177768349597,4,56.0,2357.0,10.701748931897828,4.0,53.508744659489146,0.7102500200271606,15.41199895192499,2.8410000801086426,17.54274901200647,8.523000240325928,23.224749172223756,B_SeasonalNaive
0,FOODS_3_449_CA_3,high,regular,SeasonalNaive,gaussian,3,0.95,12,1,292,1628.0,1586.0,42.0,0.9742014742014742,2,0.00684931506849315,0.9931506849315068,74.92465753424658,224.0,26.459914068927688,13,1619.0,21878.0,20.76911526856357,13.0,103.84557634281785,6.237000060081483,40.00611532864505,24.948000240325932,58.7171155088895,74.8440007209778,108.61311598954137,B_SeasonalNaive
1,HOUSEHOLD_1_114_CA_3,high,regular,SeasonalNaive,gaussian,3,0.95,7,2,292,941.0,929.0,12.0,0.9872476089266737,2,0.00684931506849315,0.9931506849315068,77.79452054794521,206.0,14.927143863356223,7,1079.0,22716.0,10.56449620201163,7.0,52.82248101005816,0.8730000257492065,18.43749622776084,3.492000102996826,21.05649630500846,10.476000308990479,28.04049651100211,B_SeasonalNaive
2,FOODS_3_784_CA_3,medium,intermittent,SeasonalNaive,gaussian,3,0.95,3,0,292,213.0,213.0,0.0,1.0,0,0.0,1.0,38.54109589041096,75.0,6.908210414074996,4,313.0,11254.0,5.395753424657534,4.0,26.978767123287668,0.0,9.395753424657535,0.0,9.395753424657535,0.0,9.395753424657535,B_SeasonalNaive
3,HOUSEHOLD_2_270_CA_3,medium,intermittent,SeasonalNaive,gaussian,3,0.95,5,1,292,118.0,116.0,2.0,0.9830508474576272,2,0.00684931506849315,0.9931506849315068,9.777397260273972,47.0,14.83012259194396,5,130.0,2855.0,7.994000208867739,5.0,39.970001044338694,0.8760000228881837,13.870000231755922,3.5040000915527347,16.498000300420472,10.512000274658204,23.506000483525945,B_SeasonalNaive
4,HOBBIES_1_377_CA_3,low,intermittent,SeasonalNaive,gaussian,3,0.95,6,0,292,92.0,92.0,0.0,1.0,0,0.0,1.0,11.561643835616438,28.0,9.946682464454977,6,95.0,3376.0,16.15392802617321,6.0,80.76964013086607,0.0,22.15392802617321,0.0,22.15392802617321,0.0,22.15392802617321,B_SeasonalNaive
5,HOUSEHOLD_2_228_CA_3,low,intermittent,SeasonalNaive,gaussian,3,0.95,4,0,292,112.0,112.0,0.0,1.0,0,0.0,1.0,17.90068493150685,37.0,7.820929787641095,5,135.0,5227.0,13.708343994748102,5.0,68.5417199737405,0.0,18.708343994748102,0.0,18.708343994748102,0.0,18.708343994748102,B_SeasonalNaive
6,FOODS_2_347_TX_2,high,regular,SeasonalNaive,gaussian,3,0.95,12,4,292,1785.0,1725.0,60.0,0.9663865546218487,7,0.023972602739726026,0.976027397260274,84.13013698630137,304.0,25.629935683464954,12,1750.0,24566.0,20.965229800008746,12.0,104.82614900004371,8.00999987125397,40.97522967126271,32.03999948501588,65.00522928502463,96.11999845504764,129.0852282550564,B_SeasonalNaive
7,HOUSEHOLD_1_247_TX_2,high,regular,SeasonalNaive,gaussian,3,0.95,9,1,292,1273.0,1272.0,1.0,0.9992144540455616,1,0.003424657534246575,0.9965753424657534,81.54109589041096,171.0,19.499370012599744,9,1324.0,23810.0,11.073281148525133,9.0,55.366405742625666,0.07275000214576721,20.1460311506709,0.29100000858306885,20.364281157108202,0.8730000257492065,20.94628117427434,B_SeasonalNaive
8,FOODS_3_729_TX_2,medium,intermittent,SeasonalNaive,gaussian,3,0.95,7,0,292,224.0,224.0,0.0,1.0,0,0.0,1.0,26.198630136986303,55.0,10.687581699346405,7,260.0,7650.0,14.597876782286656,7.0,72.9893839114333,0.0,21.597876782286654,0.0,21.597876782286654,0.0,21.597876782286654,B_SeasonalNaive
9,HOBBIES_1_034_TX_2,medium,intermittent,SeasonalNaive,gaussian,3,0.95,8,0,292,281.0,281.0,0.0,1.0,0,0.0,1.0,24.294520547945204,49.0,14.457992669861856,8,303.0,7094.0,15.8497446864925,8.0,79.2487234324625,0.0,23.8497446864925,0.0,23.8497446864925,0.0,23.8497446864925,B_SeasonalNaive
10,FOODS_2_196_TX_2,low,intermittent,SeasonalNaive,gaussian,3,0.95,5,0,292,165.0,165.0,0.0,1.0,0,0.0,1.0,20.065068493150687,44.0,10.27905785970302,5,162.0,5859.0,11.067891941560458,5.0,55.33945970780229,0.0,16.067891941560458,0.0,16.067891941560458,0.0,16.067891941560458,B_SeasonalNaive
11,HOUSEHOLD_2_315_TX_2,low,intermittent,SeasonalNaive,gaussian,3,0.95,6,0,292,122.0,122.0,0.0,1.0,0,0.0,1.0,12.948630136986301,29.0,11.777307590584503,6,123.0,3781.0,13.90423917940218,6.0,69.5211958970109,0.0,19.904239179402182,0.0,19.904239179402182,0.0,19.904239179402182,B_SeasonalNaive
12,FOODS_2_056_WI_3,high,intermittent,SeasonalNaive,gaussian,3,0.95,20,0,292,1064.0,1064.0,0.0,1.0,0,0.0,1.0,36.34931506849315,80.0,36.589410212926325,20,1088.0,10614.0,35.52055078199465,20.0,177.60275390997322,0.0,55.52055078199465,0.0,55.52055078199465,0.0,55.52055078199465,B_SeasonalNaive
13,HOBBIES_1_312_WI_3,high,intermittent,SeasonalNaive,gaussian,3,0.95,5,1,292,799.0,796.0,3.0,0.9962453066332916,1,0.003424657534246575,0.9965753424657534,90.73630136986301,224.0,10.965842611813548,5,811.0,26495.0,7.240756758455543,5.0,36.20378379227772,0.1282499983906746,12.369006756846218,0.5129999935626984,12.75375675201824,1.5389999806880952,13.779756739143638,B_SeasonalNaive
14,FOODS_3_128_WI_3,medium,intermittent,SeasonalNaive,gaussian,3,0.95,4,2,292,156.0,148.0,8.0,0.9487179487179487,3,0.010273972602739725,0.9897260273972602,31.72945205479452,57.0,5.830545062061522,4,185.0,9265.0,13.237527481987051,4.0,66.18763740993525,1.7880000114440922,19.02552749343114,7.152000045776369,24.38952752776342,21.456000137329106,38.69352761931616,B_SeasonalNaive
15,HOBBIES_1_036_WI_3,medium,intermittent,SeasonalNaive,gaussian,3,0.95,4,1,292,242.0,240.0,2.0,0.9917355371900827,1,0.003424657534246575,0.9965753424657534,47.22260273972603,90.0,6.352889984770469,4,288.0,13789.0,7.404504141113529,4.0,37.02252070556764,0.16800000071525578,11.572504141828786,0.6720000028610231,12.076504143974553,2.0160000085830694,13.420504149696598,B_SeasonalNaive
16,FOODS_3_520_WI_3,low,intermittent,SeasonalNaive,gaussian,3,0.95,7,0,292,206.0,206.0,0.0,1.0,0,0.0,1.0,19.318493150684933,42.0,13.32919695089523,7,236.0,5641.0,10.764264435147586,7.0,53.82132217573793,0.0,17.764264435147588,0.0,17.764264435147588,0.0,17.764264435147588,B_SeasonalNaive
17,HOUSEHOLD_1_464_WI_3,low,intermittent,SeasonalNaive,gaussian,3,0.95,4,1,292,49.0,48.0,1.0,0.9795918367346939,1,0.003424657534246575,0.9965753424657534,8.071917808219178,16.0,7.433177768349597,4,56.0,2357.0,10.701748931897828,4.0,53.508744659489146,0.7102500200271606,15.41199895192499,2.8410000801086426,17.54274901200647,8.523000240325928,23.224749172223756,B_SeasonalNaive
0,FOODS_3_449_CA_3,high,regular,SeasonalNaive,gaussian,3,0.98,12,1,292,1628.0,1590.0,38.0,0.9766584766584766,2,0.00684931506849315,0.9931506849315068,78.63698630136986,228.0,25.274366344395087,13,1627.0,22962.0,21.79817281272313,13.0,108.99086406361565,5.643000054359438,40.44117286708257,22.57200021743775,57.370173030160885,67.71600065231324,102.51417346503638,B_SeasonalNaive
1,HOUSEHOLD_1_114_CA_3,high,regular,SeasonalNaive,gaussian,3,0.98,7,1,292,941.0,933.0,8.0,0.9914984059511158,1,0.003424657534246575,0.9965753424657534,79.58219178082192,209.0,14.654660469919959,7,1086.0,23238.0,10.807261962596684,7.0,54.03630981298342,0.5820000171661377,18.38926197976282,2.328000068664551,20.135262031261234,6.984000205993652,24.791262168590336,B_SeasonalNaive
2,FOODS_3_784_CA_3,medium,intermittent,SeasonalNaive,gaussian,3,0.98,3,0,292,213.0,213.0,0.0,1.0,0,0.0,1.0,39.46917808219178,76.0,6.745770065075922,4,314.0,11525.0,5.5256849315068495,4.0,27.628424657534246,0.0,9.525684931506849,0.0,9.525684931506849,0.0,9.525684931506849,B_SeasonalNaive
3,HOUSEHOLD_2_270_CA_3,medium,intermittent,SeasonalNaive,gaussian,3,0.98,5,1,292,118.0,117.0,1.0,0.9915254237288136,1,0.003424657534246575,0.9965753424657534,10.726027397260275,48.0,13.635057471264368,5,132.0,3132.0,8.769600229132665,5.0,43.848001145663325,0.43800001144409184,14.207600240576758,1.7520000457763674,15.521600274909034,5.256000137329102,19.025600366461767,B_SeasonalNaive
4,HOBBIES_1_377_CA_3,low,intermittent,SeasonalNaive,gaussian,3,0.98,6,0,292,92.0,92.0,0.0,1.0,0,0.0,1.0,11.561643835616438,28.0,9.946682464454977,6,95.0,3376.0,16.15392802617321,6.0,80.76964013086607,0.0,22.15392802617321,0.0,22.15392802617321,0.0,22.15392802617321,B_SeasonalNaive
5,HOUSEHOLD_2_228_CA_3,low,intermittent,SeasonalNaive,gaussian,3,0.98,4,0,292,112.0,112.0,0.0,1.0,0,0.0,1.0,18.88013698630137,38.0,7.415200435334664,5,136.0,5513.0,14.458408349540136,5.0,72.29204174770067,0.0,19.458408349540136,0.0,19.458408349540136,0.0,19.458408349540136,B_SeasonalNaive
6,FOODS_2_347_TX_2,high,regular,SeasonalNaive,gaussian,3,0.98,12,1,292,1785.0,1746.0,39.0,0.9781512605042016,2,0.00684931506849315,0.9931506849315068,86.35616438356165,270.0,25.273239213197968,12,1774.0,25216.0,21.5199558184898,12.0,107.59977909244903,5.206499916315081,38.72645573480489,20.825999665260323,54.34595548375013,62.477998995780965,95.99795481427077,B_SeasonalNaive
7,HOUSEHOLD_1_247_TX_2,high,regular,SeasonalNaive,gaussian,3,0.98,9,0,292,1273.0,1273.0,0.0,1.0,0,0.0,1.0,83.34246575342466,173.0,19.092907626561473,9,1327.0,24336.0,11.317907183137658,9.0,56.589535915688295,0.0,20.317907183137656,0.0,20.317907183137656,0.0,20.317907183137656,B_SeasonalNaive
8,FOODS_3_729_TX_2,medium,intermittent,SeasonalNaive,gaussian,3,0.98,7,0,292,224.0,224.0,0.0,1.0,0,0.0,1.0,26.613013698630137,52.0,10.521168446789344,7,258.0,7771.0,14.828771303941124,7.0,74.14385651970564,0.0,21.828771303941124,0.0,21.828771303941124,0.0,21.828771303941124,B_SeasonalNaive
9,HOBBIES_1_034_TX_2,medium,intermittent,SeasonalNaive,gaussian,3,0.98,8,0,292,281.0,281.0,0.0,1.0,0,0.0,1.0,25.236301369863014,50.0,13.918442122404668,8,304.0,7369.0,16.46416247459307,8.0,82.32081237296535,0.0,24.46416247459307,0.0,24.46416247459307,0.0,24.46416247459307,B_SeasonalNaive
10,FOODS_2_196_TX_2,low,intermittent,SeasonalNaive,gaussian,3,0.98,5,0,292,165.0,165.0,0.0,1.0,0,0.0,1.0,20.938356164383563,45.0,9.85034347399411,5,163.0,6114.0,11.549597428008301,5.0,57.74798714004151,0.0,16.5495974280083,0.0,16.5495974280083,0.0,16.5495974280083,B_SeasonalNaive
11,HOUSEHOLD_2_315_TX_2,low,intermittent,SeasonalNaive,gaussian,3,0.98,6,0,292,122.0,122.0,0.0,1.0,0,0.0,1.0,13.45890410958904,28.0,11.330788804071247,6,124.0,3930.0,14.452171376633316,6.0,72.26085688316658,0.0,20.452171376633316,0.0,20.452171376633316,0.0,20.452171376633316,B_SeasonalNaive
12,FOODS_2_056_WI_3,high,intermittent,SeasonalNaive,gaussian,3,0.98,20,0,292,1064.0,1064.0,0.0,1.0,0,0.0,1.0,39.26712328767123,83.0,33.87057387057387,20,1091.0,11466.0,38.371832981566854,20.0,191.8591649078343,0.0,58.371832981566854,0.0,58.371832981566854,0.0,58.371832981566854,B_SeasonalNaive
13,HOBBIES_1_312_WI_3,high,intermittent,SeasonalNaive,gaussian,3,0.98,5,1,292,799.0,798.0,1.0,0.9987484355444305,1,0.003424657534246575,0.9965753424657534,92.21575342465754,226.0,10.817023805102686,5,815.0,26927.0,7.3588170309466845,5.0,36.79408515473343,0.0427499994635582,12.401567030410243,0.1709999978542328,12.529817028800919,0.5129999935626984,12.871817024509383,B_SeasonalNaive
14,FOODS_3_128_WI_3,medium,intermittent,SeasonalNaive,gaussian,3,0.98,4,0,292,156.0,156.0,0.0,1.0,0,0.0,1.0,31.643835616438356,44.0,6.162337662337662,4,171.0,9240.0,13.20180830367624,4.0,66.0090415183812,0.0,17.201808303676238,0.0,17.201808303676238,0.0,17.201808303676238,B_SeasonalNaive
15,HOBBIES_1_036_WI_3,medium,intermittent,SeasonalNaive,gaussian,3,0.98,4,2,292,242.0,239.0,3.0,0.987603305785124,2,0.00684931506849315,0.9931506849315068,48.4041095890411,92.0,6.171996603933777,4,288.0,14134.0,7.589764415874873,4.0,37.94882207937437,0.2520000010728837,11.841764416947756,1.0080000042915347,12.597764420166408,3.024000012874604,14.613764428749477,B_SeasonalNaive
16,FOODS_3_520_WI_3,low,intermittent,SeasonalNaive,gaussian,3,0.98,6,1,292,206.0,204.0,2.0,0.9902912621359223,1,0.003424657534246575,0.9965753424657534,23.736301369863014,45.0,10.743038522579715,6,222.0,6931.0,13.225867186670433,6.0,66.12933593335217,0.597000002861023,19.822867189531458,2.388000011444092,21.613867198114527,7.164000034332275,26.38986722100271,B_SeasonalNaive
17,HOUSEHOLD_1_464_WI_3,low,intermittent,SeasonalNaive,gaussian,3,0.98,4,0,292,49.0,49.0,0.0,1.0,0,0.0,1.0,9.095890410958905,16.0,6.733810240963855,4,52.0,2656.0,12.059331846890384,4.0,60.29665923445193,0.0,16.059331846890384,0.0,16.059331846890384,0.0,16.059331846890384,B_SeasonalNaive
0,FOODS_3_449_CA_3,high,regular,SeasonalNaive,gaussian,7,0.9,12,3,292,1628.0,1567.0,61.0,0.9625307125307125,5,0.017123287671232876,0.9828767123287672,82.5068493150685,229.0,23.740453262493773,13,1631.0,24092.0,22.87089885045404,13.0,114.3544942522702,9.058500087261201,44.92939893771524,36.234000349044805,72.10489919949885,108.70200104713443,144.57289989758846,B_SeasonalNaive
1,HOUSEHOLD_1_114_CA_3,high,regular,SeasonalNaive,gaussian,7,0.9,7,1,292,941.0,938.0,3.0,0.9968119022316685,1,0.003424657534246575,0.9965753424657534,78.32534246575342,200.0,14.96961217262035,7,1028.0,22871.0,10.636581820576158,7.0,53.18290910288079,0.21825000643730164,17.85483182701346,0.8730000257492065,18.509581846325364,2.6190000772476196,20.255581897823777,B_SeasonalNaive
2,FOODS_3_784_CA_3,medium,intermittent,SeasonalNaive,gaussian,7,0.9,3,1,292,213.0,208.0,5.0,0.9765258215962441,1,0.003424657534246575,0.9965753424657534,38.27739726027397,77.0,6.792520354299007,4,283.0,11177.0,5.358835616438356,4.0,26.794178082191777,0.37500000000000006,9.733835616438355,1.5000000000000002,10.858835616438355,4.500000000000001,13.858835616438355,B_SeasonalNaive
3,HOUSEHOLD_2_270_CA_3,medium,intermittent,SeasonalNaive,gaussian,7,0.9,6,2,292,118.0,112.0,6.0,0.9491525423728814,3,0.010273972602739725,0.9897260273972602,10.085616438356164,45.0,13.881154499151105,6,153.0,2945.0,8.24600021545201,6.0,41.23000107726005,2.628000068664551,16.874000284116562,10.512000274658204,24.758000490110213,31.53600082397461,45.78200103942662,B_SeasonalNaive
4,HOBBIES_1_377_CA_3,low,intermittent,SeasonalNaive,gaussian,7,0.9,6,0,292,92.0,92.0,0.0,1.0,0,0.0,1.0,12.106164383561644,24.0,9.499292786421499,6,102.0,3535.0,16.91473210086561,6.0,84.57366050432806,0.0,22.91473210086561,0.0,22.91473210086561,0.0,22.91473210086561,B_SeasonalNaive
5,HOUSEHOLD_2_228_CA_3,low,intermittent,SeasonalNaive,gaussian,7,0.9,4,0,292,112.0,112.0,0.0,1.0,0,0.0,1.0,19.027397260273972,38.0,7.357811375089993,5,138.0,5556.0,14.571180263022853,5.0,72.85590131511427,0.0,19.571180263022853,0.0,19.571180263022853,0.0,19.571180263022853,B_SeasonalNaive
6,FOODS_2_347_TX_2,high,regular,SeasonalNaive,gaussian,7,0.9,11,4,292,1785.0,1677.0,108.0,0.9394957983193277,9,0.030821917808219176,0.9691780821917808,104.97602739726027,371.0,19.96884481127459,11,1626.0,30653.0,26.160025606922904,11.0,130.80012803461452,14.417999768257147,51.57802537518005,57.67199907302859,94.83202467995149,173.01599721908576,210.17602282600865,B_SeasonalNaive
7,HOUSEHOLD_1_247_TX_2,high,regular,SeasonalNaive,gaussian,7,0.9,9,0,292,1273.0,1273.0,0.0,1.0,0,0.0,1.0,80.89041095890411,179.0,19.671676545300596,9,1352.0,23620.0,10.98491813222023,9.0,54.92459066110115,0.0,19.98491813222023,0.0,19.98491813222023,0.0,19.98491813222023,B_SeasonalNaive
8,FOODS_3_729_TX_2,medium,intermittent,SeasonalNaive,gaussian,7,0.9,6,0,292,224.0,224.0,0.0,1.0,0,0.0,1.0,26.068493150684933,56.0,10.74093536521282,6,224.0,7612.0,14.52536445317203,6.0,72.62682226586016,0.0,20.52536445317203,0.0,20.52536445317203,0.0,20.52536445317203,B_SeasonalNaive
9,HOBBIES_1_034_TX_2,medium,intermittent,SeasonalNaive,gaussian,7,0.9,8,1,292,281.0,280.0,1.0,0.99644128113879,1,0.003424657534246575,0.9965753424657534,26.21917808219178,58.0,13.349007314524556,8,302.0,7656.0,17.105391220719845,8.0,85.52695610359923,0.34949998855590825,25.454891209275754,1.397999954223633,26.503391174943477,4.193999862670899,29.299391083390745,B_SeasonalNaive
10,FOODS_2_196_TX_2,low,intermittent,SeasonalNaive,gaussian,7,0.9,5,0,292,165.0,165.0,0.0,1.0,0,0.0,1.0,22.958904109589042,49.0,8.983442720763723,5,171.0,6704.0,12.66413169076998,5.0,63.3206584538499,0.0,17.664131690769977,0.0,17.664131690769977,0.0,17.664131690769977,B_SeasonalNaive
11,HOUSEHOLD_2_315_TX_2,low,intermittent,SeasonalNaive,gaussian,7,0.9,6,0,292,122.0,122.0,0.0,1.0,0,0.0,1.0,15.085616438356164,32.0,10.108967082860387,6,127.0,4405.0,16.198935092638617,6.0,80.99467546319308,0.0,22.198935092638617,0.0,22.198935092638617,0.0,22.198935092638617,B_SeasonalNaive
12,FOODS_2_056_WI_3,high,intermittent,SeasonalNaive,gaussian,7,0.9,20,2,292,1064.0,1055.0,9.0,0.9915413533834586,2,0.00684931506849315,0.9931506849315068,40.36643835616438,79.0,32.66946636124544,21,1086.0,11787.0,39.446083669433854,21.0,197.23041834716923,4.711500012874604,65.15758368230846,18.846000051498415,79.29208372093227,56.53800015449525,116.9840838239291,B_SeasonalNaive
13,HOBBIES_1_312_WI_3,high,intermittent,SeasonalNaive,gaussian,7,0.9,5,1,292,799.0,762.0,37.0,0.9536921151439299,5,0.017123287671232876,0.9828767123287672,88.47260273972603,179.0,10.76604474723233,5,778.0,25834.0,7.0601136100373845,5.0,35.300568050186925,1.5817499801516535,13.641863590189036,6.326999920606614,18.387113530643997,18.98099976181984,31.041113371857225,B_SeasonalNaive
14,FOODS_3_128_WI_3,medium,intermittent,SeasonalNaive,gaussian,7,0.9,4,1,292,156.0,153.0,3.0,0.9807692307692307,1,0.003424657534246575,0.9965753424657534,27.52054794520548,43.0,6.949352911896466,4,164.0,8036.0,11.481572676227517,4.0,57.40786338113758,0.6705000042915346,16.15207268051905,2.6820000171661382,18.163572693393654,8.046000051498414,23.527572727725932,B_SeasonalNaive
15,HOBBIES_1_036_WI_3,medium,intermittent,SeasonalNaive,gaussian,7,0.9,4,0,292,242.0,242.0,0.0,1.0,0,0.0,1.0,54.294520547945204,120.0,5.571464614608301,4,292.0,15854.0,8.51338085816331,4.0,42.56690429081655,0.0,12.51338085816331,0.0,12.51338085816331,0.0,12.51338085816331,B_SeasonalNaive
16,FOODS_3_520_WI_3,low,intermittent,SeasonalNaive,gaussian,7,0.9,5,0,292,206.0,206.0,0.0,1.0,0,0.0,1.0,27.773972602739725,59.0,9.27127003699137,5,211.0,8110.0,15.475657608411083,5.0,77.37828804205542,0.0,20.475657608411083,0.0,20.475657608411083,0.0,20.475657608411083,B_SeasonalNaive
17,HOUSEHOLD_1_464_WI_3,low,intermittent,SeasonalNaive,gaussian,7,0.9,4,0,292,49.0,49.0,0.0,1.0,0,0.0,1.0,10.595890410958905,23.0,5.780542986425339,4,54.0,3094.0,14.048031902966432,4.0,70.24015951483217,0.0,18.048031902966432,0.0,18.048031902966432,0.0,18.048031902966432,B_SeasonalNaive
0,FOODS_3_449_CA_3,high,regular,SeasonalNaive,gaussian,7,0.95,12,2,292,1628.0,1571.0,57.0,0.964987714987715,4,0.0136986301369863,0.9863013698630136,86.77397260273973,230.0,22.630633830610147,13,1640.0,25338.0,24.053745437190955,13.0,120.26872718595479,8.464500081539155,45.51824551873011,33.85800032615662,70.91174576334757,101.57400097846987,138.62774641566082,B_SeasonalNaive
1,HOUSEHOLD_1_114_CA_3,high,regular,SeasonalNaive,gaussian,7,0.95,7,1,292,941.0,939.0,2.0,0.997874601487779,1,0.003424657534246575,0.9965753424657534,79.88356164383562,232.0,14.693260739089428,7,1006.0,23326.0,10.848187991201062,7.0,54.240939956005306,0.14550000429153442,17.993687995492596,0.5820000171661377,18.4301880083672,1.746000051498413,19.594188042699475,B_SeasonalNaive
2,FOODS_3_784_CA_3,medium,intermittent,SeasonalNaive,gaussian,7,0.95,3,1,292,213.0,209.0,4.0,0.9812206572769953,1,0.003424657534246575,0.9965753424657534,39.04794520547945,78.0,6.690492895983161,4,285.0,11402.0,5.466712328767123,4.0,27.333561643835615,0.30000000000000004,9.766712328767124,1.2000000000000002,10.666712328767122,3.6000000000000005,13.066712328767125,B_SeasonalNaive
3,HOUSEHOLD_2_270_CA_3,medium,intermittent,SeasonalNaive,gaussian,7,0.95,6,2,292,118.0,113.0,5.0,0.9576271186440678,2,0.00684931506849315,0.9931506849315068,11.027397260273972,46.0,12.809006211180126,6,155.0,3220.0,9.01600023557062,6.0,45.0800011778531,2.190000057220459,17.20600029279108,8.760000228881836,23.77600046445246,26.28000068664551,41.29600092221613,B_SeasonalNaive
4,HOBBIES_1_377_CA_3,low,intermittent,SeasonalNaive,gaussian,7,0.95,6,0,292,92.0,92.0,0.0,1.0,0,0.0,1.0,13.07876712328767,25.0,8.79287771667976,6,103.0,3819.0,18.27365258647971,6.0,91.36826293239854,0.0,24.27365258647971,0.0,24.27365258647971,0.0,24.27365258647971,B_SeasonalNaive
5,HOUSEHOLD_2_228_CA_3,low,intermittent,SeasonalNaive,gaussian,7,0.95,4,0,292,112.0,112.0,0.0,1.0,0,0.0,1.0,20.0,39.0,7.0,5,139.0,5840.0,15.315999412536621,5.0,76.5799970626831,0.0,20.31599941253662,0.0,20.31599941253662,0.0,20.31599941253662,B_SeasonalNaive
6,FOODS_2_347_TX_2,high,regular,SeasonalNaive,gaussian,7,0.95,11,3,292,1785.0,1687.0,98.0,0.9450980392156862,8,0.0273972602739726,0.9726027397260274,108.3527397260274,375.0,19.46189829008502,11,1636.0,31639.0,27.00150230572648,11.0,135.0075115286324,13.082999789714817,51.084502095441295,52.33199915885927,90.33350146458574,156.9959974765778,194.99749978230426,B_SeasonalNaive
7,HOUSEHOLD_1_247_TX_2,high,regular,SeasonalNaive,gaussian,7,0.95,9,0,292,1273.0,1273.0,0.0,1.0,0,0.0,1.0,83.72602739726027,182.0,19.00544011780105,9,1355.0,24448.0,11.369994855906866,9.0,56.84997427953432,0.0,20.369994855906867,0.0,20.369994855906867,0.0,20.369994855906867,B_SeasonalNaive
8,FOODS_3_729_TX_2,medium,intermittent,SeasonalNaive,gaussian,7,0.95,6,0,292,224.0,224.0,0.0,1.0,0,0.0,1.0,28.20205479452055,58.0,9.928354584092288,6,226.0,8235.0,15.714185006814459,6.0,78.5709250340723,0.0,21.71418500681446,0.0,21.71418500681446,0.0,21.71418500681446,B_SeasonalNaive
9,HOBBIES_1_034_TX_2,medium,intermittent,SeasonalNaive,gaussian,7,0.95,8,0,292,281.0,281.0,0.0,1.0,0,0.0,1.0,27.068493150684933,59.0,12.976341093117409,8,304.0,7904.0,17.65948435326145,8.0,88.29742176630725,0.0,25.65948435326145,0.0,25.65948435326145,0.0,25.65948435326145,B_SeasonalNaive
10,FOODS_2_196_TX_2,low,intermittent,SeasonalNaive,gaussian,7,0.95,5,0,292,165.0,165.0,0.0,1.0,0,0.0,1.0,23.818493150684933,50.0,8.659237958303379,5,172.0,6955.0,13.138281012724523,5.0,65.69140506362262,0.0,18.138281012724523,0.0,18.138281012724523,0.0,18.138281012724523,B_SeasonalNaive
11,HOUSEHOLD_2_315_TX_2,low,intermittent,SeasonalNaive,gaussian,7,0.95,6,0,292,122.0,122.0,0.0,1.0,0,0.0,1.0,17.041095890410958,33.0,8.94895498392283,6,128.0,4976.0,18.29872894914183,6.0,91.49364474570913,0.0,24.29872894914183,0.0,24.29872894914183,0.0,24.29872894914183,B_SeasonalNaive
12,FOODS_2_056_WI_3,high,intermittent,SeasonalNaive,gaussian,7,0.95,20,2,292,1064.0,1059.0,5.0,0.9953007518796992,1,0.003424657534246575,0.9965753424657534,43.78767123287671,82.0,30.23111215391835,21,1094.0,12786.0,42.789312445692815,21.0,213.94656222846407,2.617500007152558,66.40681245284537,10.470000028610231,74.25931247430304,31.410000085830696,95.1993125315235,B_SeasonalNaive
13,HOBBIES_1_312_WI_3,high,intermittent,SeasonalNaive,gaussian,7,0.95,5,1,292,799.0,765.0,34.0,0.9574468085106383,5,0.017123287671232876,0.9828767123287672,90.95890410958904,182.0,10.512989457831326,5,781.0,26560.0,7.258520456862775,5.0,36.29260228431388,1.4534999817609788,13.712020438623755,5.813999927043915,18.072520383906692,17.441999781131745,29.70052023799452,B_SeasonalNaive
14,FOODS_3_128_WI_3,medium,intermittent,SeasonalNaive,gaussian,7,0.95,4,1,292,156.0,154.0,2.0,0.9871794871794872,1,0.003424657534246575,0.9965753424657534,28.315068493150687,44.0,6.798500241896468,4,166.0,8268.0,11.813046650951856,4.0,59.06523325475928,0.44700000286102304,16.26004665381288,1.7880000114440922,17.601046662395948,5.3640000343322765,21.177046685284132,B_SeasonalNaive
15,HOBBIES_1_036_WI_3,medium,intermittent,SeasonalNaive,gaussian,7,0.95,4,0,292,242.0,242.0,0.0,1.0,0,0.0,1.0,56.93493150684932,123.0,5.3130827067669175,4,295.0,16625.0,8.92739729828214,4.0,44.636986491410696,0.0,12.92739729828214,0.0,12.92739729828214,0.0,12.92739729828214,B_SeasonalNaive
16,FOODS_3_520_WI_3,low,intermittent,SeasonalNaive,gaussian,7,0.95,5,0,292,206.0,206.0,0.0,1.0,0,0.0,1.0,28.736301369863014,60.0,8.96079132403766,5,212.0,8391.0,16.011867200021875,5.0,80.05933600010937,0.0,21.011867200021875,0.0,21.011867200021875,0.0,21.011867200021875,B_SeasonalNaive
17,HOUSEHOLD_1_464_WI_3,low,intermittent,SeasonalNaive,gaussian,7,0.95,4,0,292,49.0,49.0,0.0,1.0,0,0.0,1.0,11.523972602739725,24.0,5.315007429420506,4,55.0,3365.0,15.278483307524901,4.0,76.39241653762451,0.0,19.2784833075249,0.0,19.2784833075249,0.0,19.2784833075249,B_SeasonalNaive
0,FOODS_3_449_CA_3,high,regular,SeasonalNaive,gaussian,7,0.98,12,2,292,1628.0,1578.0,50.0,0.9692874692874693,4,0.0136986301369863,0.9863013698630136,93.29452054794521,237.0,21.14272079876661,13,1654.0,27242.0,25.861241345013656,13.0,129.30620672506828,7.4250000715255755,46.28624141653923,29.700000286102302,68.56124163111596,89.1000008583069,127.96124220332055,B_SeasonalNaive
1,HOUSEHOLD_1_114_CA_3,high,regular,SeasonalNaive,gaussian,7,0.98,7,0,292,941.0,941.0,0.0,1.0,0,0.0,1.0,84.20547945205479,238.0,13.968805921587768,7,1012.0,24588.0,11.435104446868374,7.0,57.17552223434186,0.0,18.435104446868372,0.0,18.435104446868372,0.0,18.435104446868372,B_SeasonalNaive
2,FOODS_3_784_CA_3,medium,intermittent,SeasonalNaive,gaussian,7,0.98,3,1,292,213.0,210.0,3.0,0.9859154929577465,1,0.003424657534246575,0.9965753424657534,39.81849315068493,79.0,6.592414208308249,4,287.0,11627.0,5.574589041095891,4.0,27.87294520547945,0.22500000000000003,9.79958904109589,0.9000000000000001,10.474589041095891,2.7,12.27458904109589,B_SeasonalNaive
3,HOUSEHOLD_2_270_CA_3,medium,intermittent,SeasonalNaive,gaussian,7,0.98,6,2,292,118.0,115.0,3.0,0.9745762711864406,2,0.00684931506849315,0.9931506849315068,12.917808219178083,48.0,11.128048780487804,6,159.0,3772.0,10.561600275954156,6.0,52.80800137977077,1.3140000343322755,17.87560031028643,5.256000137329102,21.81760041328326,15.768000411987305,32.329600687941465,B_SeasonalNaive
4,HOBBIES_1_377_CA_3,low,intermittent,SeasonalNaive,gaussian,7,0.98,6,0,292,92.0,92.0,0.0,1.0,0,0.0,1.0,14.051369863013699,26.0,8.184255422861321,6,104.0,4103.0,19.632573072093805,6.0,98.16286536046903,0.0,25.632573072093805,0.0,25.632573072093805,0.0,25.632573072093805,B_SeasonalNaive
5,HOUSEHOLD_2_228_CA_3,low,intermittent,SeasonalNaive,gaussian,7,0.98,4,0,292,112.0,112.0,0.0,1.0,0,0.0,1.0,20.972602739726028,40.0,6.675375571521881,5,140.0,6124.0,16.06081856205039,5.0,80.30409281025193,0.0,21.06081856205039,0.0,21.06081856205039,0.0,21.06081856205039,B_SeasonalNaive
6,FOODS_2_347_TX_2,high,regular,SeasonalNaive,gaussian,7,0.98,11,3,292,1785.0,1697.0,88.0,0.9507002801120448,7,0.023972602739726026,0.976027397260274,112.69520547945206,380.0,18.82289482480931,11,1646.0,32907.0,28.08364475408645,11.0,140.41822377043226,11.74799981117249,50.83164456525894,46.99199924468996,86.0756439987764,140.97599773406986,180.05964248815633,B_SeasonalNaive
7,HOUSEHOLD_1_247_TX_2,high,regular,SeasonalNaive,gaussian,7,0.98,9,0,292,1273.0,1273.0,0.0,1.0,0,0.0,1.0,87.88356164383562,172.0,18.106344010599333,9,1315.0,25662.0,11.934588023244519,9.0,59.67294011622259,0.0,20.93458802324452,0.0,20.93458802324452,0.0,20.93458802324452,B_SeasonalNaive
8,FOODS_3_729_TX_2,medium,intermittent,SeasonalNaive,gaussian,7,0.98,6,0,292,224.0,224.0,0.0,1.0,0,0.0,1.0,31.11986301369863,61.0,8.997468911632001,6,229.0,9087.0,17.339987754331876,6.0,86.69993877165938,0.0,23.339987754331876,0.0,23.339987754331876,0.0,23.339987754331876,B_SeasonalNaive
9,HOBBIES_1_034_TX_2,medium,intermittent,SeasonalNaive,gaussian,7,0.98,9,1,292,281.0,279.0,2.0,0.9928825622775801,1,0.003424657534246575,0.9965753424657534,23.006849315068493,49.0,15.158529324203633,9,304.0,6718.0,15.009668001671358,9.0,75.04834000835679,0.6989999771118165,24.708667978783176,2.795999908447266,26.805667910118622,8.387999725341798,32.39766772701316,B_SeasonalNaive
10,FOODS_2_196_TX_2,low,intermittent,SeasonalNaive,gaussian,7,0.98,5,0,292,165.0,165.0,0.0,1.0,0,0.0,1.0,25.53767123287671,52.0,8.076304143757543,5,174.0,7457.0,14.086579656633612,5.0,70.43289828316806,0.0,19.08657965663361,0.0,19.08657965663361,0.0,19.08657965663361,B_SeasonalNaive
11,HOUSEHOLD_2_315_TX_2,low,intermittent,SeasonalNaive,gaussian,7,0.98,6,0,292,122.0,122.0,0.0,1.0,0,0.0,1.0,18.013698630136986,34.0,8.465779467680608,6,129.0,5260.0,19.343109781448156,6.0,96.71554890724077,0.0,25.343109781448156,0.0,25.343109781448156,0.0,25.343109781448156,B_SeasonalNaive
12,FOODS_2_056_WI_3,high,intermittent,SeasonalNaive,gaussian,7,0.98,20,0,292,1064.0,1064.0,0.0,1.0,0,0.0,1.0,48.907534246575345,88.0,27.194174077445556,21,1105.0,14281.0,47.792442596350625,21.0,238.96221298175314,0.0,68.79244259635063,0.0,68.79244259635063,0.0,68.79244259635063,B_SeasonalNaive
13,HOBBIES_1_312_WI_3,high,intermittent,SeasonalNaive,gaussian,7,0.98,5,1,292,799.0,769.0,30.0,0.9624530663329162,5,0.017123287671232876,0.9828767123287672,94.27397260273973,186.0,10.196345539087474,5,785.0,27528.0,7.523062919296629,5.0,37.61531459648315,1.2824999839067461,13.805562903203375,5.1299999356269845,17.653062854923615,15.389999806880953,27.913062726177582,B_SeasonalNaive
14,FOODS_3_128_WI_3,medium,intermittent,SeasonalNaive,gaussian,7,0.98,4,0,292,156.0,156.0,0.0,1.0,0,0.0,1.0,31.003424657534246,60.0,6.289627747707942,4,170.0,9053.0,12.934628849911363,4.0,64.67314424955681,0.0,16.934628849911363,0.0,16.934628849911363,0.0,16.934628849911363,B_SeasonalNaive
15,HOBBIES_1_036_WI_3,medium,intermittent,SeasonalNaive,gaussian,7,0.98,4,0,292,242.0,242.0,0.0,1.0,0,0.0,1.0,58.88013698630137,125.0,5.137555982085733,4,297.0,17193.0,9.232405518758787,4.0,46.16202759379393,0.0,13.232405518758787,0.0,13.232405518758787,0.0,13.232405518758787,B_SeasonalNaive
16,FOODS_3_520_WI_3,low,intermittent,SeasonalNaive,gaussian,7,0.98,5,0,292,206.0,206.0,0.0,1.0,0,0.0,1.0,29.698630136986303,61.0,8.670433579335793,5,213.0,8672.0,16.548076791632663,5.0,82.74038395816333,0.0,21.548076791632663,0.0,21.548076791632663,0.0,21.548076791632663,B_SeasonalNaive
17,HOUSEHOLD_1_464_WI_3,low,intermittent,SeasonalNaive,gaussian,7,0.98,4,0,292,49.0,49.0,0.0,1.0,0,0.0,1.0,11.523972602739725,24.0,5.315007429420506,4,55.0,3365.0,15.278483307524901,4.0,76.39241653762451,0.0,19.2784833075249,0.0,19.2784833075249,0.0,19.2784833075249,B_SeasonalNaive
0,FOODS_3_449_CA_3,high,regular,SeasonalNaive,gaussian,14,0.9,12,3,292,1628.0,1553.0,75.0,0.9539312039312039,6,0.02054794520547945,0.9794520547945206,119.66780821917808,378.0,16.22199009815986,12,1556.0,34943.0,33.17191675790369,12.0,165.8595837895184,11.137500107288362,56.30941686519205,44.55000042915345,89.72191718705713,133.65000128746036,178.82191804536404,B_SeasonalNaive
1,HOUSEHOLD_1_114_CA_3,high,regular,SeasonalNaive,gaussian,14,0.9,6,1,292,941.0,937.0,4.0,0.9957492029755579,2,0.00684931506849315,0.9931506849315068,100.37671232876713,261.0,11.668543159331286,7,1084.0,29310.0,13.631157936298685,7.0,68.15578968149342,0.29100000858306885,20.922157944881754,1.1640000343322754,21.79515797063096,3.492000102996826,24.12315803929551,B_SeasonalNaive
2,FOODS_3_784_CA_3,medium,intermittent,SeasonalNaive,gaussian,14,0.9,3,1,292,213.0,206.0,7.0,0.9671361502347418,5,0.017123287671232876,0.9828767123287672,57.02739726027397,105.0,4.51537352870526,4,336.0,16652.0,7.983835616438356,4.0,39.91917808219178,0.5250000000000001,12.508835616438356,2.1000000000000005,14.083835616438357,6.300000000000001,18.283835616438356,B_SeasonalNaive
3,HOUSEHOLD_2_270_CA_3,medium,intermittent,SeasonalNaive,gaussian,14,0.9,6,3,292,118.0,106.0,12.0,0.8983050847457628,5,0.017123287671232876,0.9828767123287672,14.60958904109589,65.0,9.06938584153774,6,142.0,4266.0,11.944800312094493,6.0,59.72400156047246,5.256000137329102,23.200800449423596,21.02400054931641,38.9688008614109,63.07200164794922,81.01680196004372,B_SeasonalNaive
4,HOBBIES_1_377_CA_3,low,intermittent,SeasonalNaive,gaussian,14,0.9,6,0,292,92.0,92.0,0.0,1.0,0,0.0,1.0,16.397260273972602,30.0,7.0133667502088555,6,108.0,4788.0,22.91025100394471,6.0,114.55125501972354,0.0,28.91025100394471,0.0,28.91025100394471,0.0,28.91025100394471,B_SeasonalNaive
5,HOUSEHOLD_2_228_CA_3,low,intermittent,SeasonalNaive,gaussian,14,0.9,4,0,292,112.0,112.0,0.0,1.0,0,0.0,1.0,23.626712328767123,44.0,5.92549644876069,4,131.0,6899.0,18.09333560737845,4.0,90.46667803689225,0.0,22.09333560737845,0.0,22.09333560737845,0.0,22.09333560737845,B_SeasonalNaive
6,FOODS_2_347_TX_2,high,regular,SeasonalNaive,gaussian,14,0.9,9,4,292,1785.0,1552.0,233.0,0.869467787114846,15,0.05136986301369863,0.9486301369863014,120.05479452054794,341.0,16.1592879963487,11,1638.0,35056.0,29.917654313649212,11.0,149.58827156824606,31.10549950003625,72.02315381368545,124.421998000145,165.3396523137942,373.265994000435,414.1836483140842,B_SeasonalNaive
7,HOUSEHOLD_1_247_TX_2,high,regular,SeasonalNaive,gaussian,14,0.9,8,0,292,1273.0,1273.0,0.0,1.0,0,0.0,1.0,94.29794520547945,204.0,16.874704921009627,9,1367.0,27535.0,12.805661336608129,9.0,64.02830668304064,0.0,21.80566133660813,0.0,21.80566133660813,0.0,21.80566133660813,B_SeasonalNaive
8,FOODS_3_729_TX_2,medium,intermittent,SeasonalNaive,gaussian,14,0.9,7,0,292,224.0,224.0,0.0,1.0,0,0.0,1.0,31.506849315068493,77.0,8.88695652173913,7,279.0,9200.0,17.555616522488528,7.0,87.77808261244265,0.0,24.555616522488528,0.0,24.555616522488528,0.0,24.555616522488528,B_SeasonalNaive
9,HOBBIES_1_034_TX_2,medium,intermittent,SeasonalNaive,gaussian,14,0.9,7,0,292,281.0,281.0,0.0,1.0,0,0.0,1.0,31.976027397260275,65.0,10.98479168897933,8,312.0,9337.0,20.86115959089096,8.0,104.30579795445482,0.0,28.86115959089096,0.0,28.86115959089096,0.0,28.86115959089096,B_SeasonalNaive
10,FOODS_2_196_TX_2,low,intermittent,SeasonalNaive,gaussian,14,0.9,5,1,292,165.0,164.0,1.0,0.9939393939393939,1,0.003424657534246575,0.9965753424657534,25.503424657534246,54.0,8.038136162212972,5,184.0,7447.0,14.067689245400363,5.0,70.33844622700181,0.29550000429153445,19.363189249691896,1.1820000171661378,20.249689262566502,3.5460000514984134,22.613689296898777,B_SeasonalNaive
11,HOUSEHOLD_2_315_TX_2,low,intermittent,SeasonalNaive,gaussian,14,0.9,6,0,292,122.0,122.0,0.0,1.0,0,0.0,1.0,19.722602739726028,40.0,7.732245181455114,6,134.0,5759.0,21.178131032577934,6.0,105.89065516288966,0.0,27.178131032577934,0.0,27.178131032577934,0.0,27.178131032577934,B_SeasonalNaive
12,FOODS_2_056_WI_3,high,intermittent,SeasonalNaive,gaussian,14,0.9,18,0,292,1064.0,1064.0,0.0,1.0,0,0.0,1.0,70.94520547945206,137.0,18.746862328634872,19,1152.0,20716.0,69.32765498396468,19.0,346.6382749198234,0.0,88.32765498396468,0.0,88.32765498396468,0.0,88.32765498396468,B_SeasonalNaive
13,HOBBIES_1_312_WI_3,high,intermittent,SeasonalNaive,gaussian,14,0.9,5,0,292,799.0,799.0,0.0,1.0,0,0.0,1.0,126.54794520547945,339.0,7.892265641913834,5,1012.0,36952.0,10.098525900677458,5.0,50.49262950338729,0.0,15.098525900677458,0.0,15.098525900677458,0.0,15.098525900677458,B_SeasonalNaive
14,FOODS_3_128_WI_3,medium,intermittent,SeasonalNaive,gaussian,14,0.9,4,1,292,156.0,153.0,3.0,0.9807692307692307,2,0.00684931506849315,0.9931506849315068,38.667808219178085,60.0,4.945974670091223,5,237.0,11291.0,16.132209692295284,5.0,80.66104846147641,0.6705000042915346,21.802709696586817,2.6820000171661382,23.814209709461423,8.046000051498414,29.178209743793698,B_SeasonalNaive
15,HOBBIES_1_036_WI_3,medium,intermittent,SeasonalNaive,gaussian,14,0.9,4,0,292,242.0,242.0,0.0,1.0,0,0.0,1.0,63.945205479452056,126.0,4.730612682090831,4,310.0,18672.0,10.026608261866112,4.0,50.13304130933056,0.0,14.026608261866112,0.0,14.026608261866112,0.0,14.026608261866112,B_SeasonalNaive
16,FOODS_3_520_WI_3,low,intermittent,SeasonalNaive,gaussian,14,0.9,6,0,292,206.0,206.0,0.0,1.0,0,0.0,1.0,29.863013698630137,63.0,8.622706422018348,6,238.0,8720.0,16.639671312619562,6.0,83.19835656309782,0.0,22.639671312619562,0.0,22.639671312619562,0.0,22.639671312619562,B_SeasonalNaive
17,HOUSEHOLD_1_464_WI_3,low,intermittent,SeasonalNaive,gaussian,14,0.9,4,0,292,49.0,49.0,0.0,1.0,0,0.0,1.0,14.547945205479452,28.0,4.210216572504708,4,64.0,4248.0,19.287666297285522,4.0,96.43833148642763,0.0,23.287666297285522,0.0,23.287666297285522,0.0,23.287666297285522,B_SeasonalNaive
0,FOODS_3_449_CA_3,high,regular,SeasonalNaive,gaussian,14,0.95,12,3,292,1628.0,1564.0,64.0,0.9606879606879607,5,0.017123287671232876,0.9828767123287672,128.58219178082192,380.0,15.204282746497627,12,1559.0,37546.0,35.642983904995326,12.0,178.21491952497664,9.504000091552737,57.14698399654806,38.016000366210946,85.65898427120626,114.04800109863284,161.69098500362816,B_SeasonalNaive
1,HOUSEHOLD_1_114_CA_3,high,regular,SeasonalNaive,gaussian,14,0.95,6,1,292,941.0,937.0,4.0,0.9957492029755579,2,0.00684931506849315,0.9931506849315068,105.9931506849315,269.0,11.050242326332794,7,1092.0,30950.0,14.39387028756207,7.0,71.96935143781035,0.29100000858306885,21.68487029614514,1.1640000343322754,22.557870321894345,3.492000102996826,24.885870390558896,B_SeasonalNaive
2,FOODS_3_784_CA_3,medium,intermittent,SeasonalNaive,gaussian,14,0.95,3,1,292,213.0,208.0,5.0,0.9765258215962441,3,0.010273972602739725,0.9897260273972602,58.57876712328767,107.0,4.438468284127448,4,340.0,17105.0,8.201027397260274,4.0,41.005136986301366,0.37500000000000006,12.576027397260274,1.5000000000000002,13.701027397260274,4.500000000000001,16.701027397260276,B_SeasonalNaive
3,HOUSEHOLD_2_270_CA_3,medium,intermittent,SeasonalNaive,gaussian,14,0.95,6,3,292,118.0,108.0,10.0,0.9152542372881356,4,0.0136986301369863,0.9863013698630136,16.376712328767123,67.0,8.243412797992471,6,146.0,4782.0,13.389600349844319,6.0,66.94800174922159,4.380000114440918,23.769600464285237,17.520000457763672,36.90960080760799,52.56000137329102,71.94960172313534,B_SeasonalNaive
4,HOBBIES_1_377_CA_3,low,intermittent,SeasonalNaive,gaussian,14,0.95,6,0,292,92.0,92.0,0.0,1.0,0,0.0,1.0,17.345890410958905,31.0,6.629812438302073,6,109.0,5065.0,24.235676970547193,6.0,121.17838485273596,0.0,30.235676970547193,0.0,30.235676970547193,0.0,30.235676970547193,B_SeasonalNaive
5,HOUSEHOLD_2_228_CA_3,low,intermittent,SeasonalNaive,gaussian,14,0.95,4,0,292,112.0,112.0,0.0,1.0,0,0.0,1.0,25.523972602739725,46.0,5.485039581376627,4,133.0,7453.0,19.546257469458123,4.0,97.7312873472906,0.0,23.546257469458123,0.0,23.546257469458123,0.0,23.546257469458123,B_SeasonalNaive
6,FOODS_2_347_TX_2,high,regular,SeasonalNaive,gaussian,14,0.95,9,4,292,1785.0,1566.0,219.0,0.8773109243697479,13,0.04452054794520548,0.9554794520547946,125.09246575342466,348.0,15.648424453144251,11,1652.0,36527.0,31.173041964704037,11.0,155.8652098235202,29.23649953007699,71.40954149478102,116.94599812030796,159.119040085012,350.83799436092386,393.0110363256279,B_SeasonalNaive
7,HOUSEHOLD_1_247_TX_2,high,regular,SeasonalNaive,gaussian,14,0.95,8,0,292,1273.0,1273.0,0.0,1.0,0,0.0,1.0,98.98972602739725,209.0,16.074900536239408,9,1372.0,28905.0,13.442805191017177,9.0,67.21402595508589,0.0,22.44280519101718,0.0,22.44280519101718,0.0,22.44280519101718,B_SeasonalNaive
8,FOODS_3_729_TX_2,medium,intermittent,SeasonalNaive,gaussian,14,0.95,7,0,292,224.0,224.0,0.0,1.0,0,0.0,1.0,35.3013698630137,81.0,7.931703531237874,7,283.0,10308.0,19.66992338193606,7.0,98.3496169096803,0.0,26.66992338193606,0.0,26.66992338193606,0.0,26.66992338193606,B_SeasonalNaive
9,HOBBIES_1_034_TX_2,medium,intermittent,SeasonalNaive,gaussian,14,0.95,7,0,292,281.0,281.0,0.0,1.0,0,0.0,1.0,35.15068493150685,68.0,9.992692907248635,8,315.0,10264.0,22.932306098415424,8.0,114.66153049207713,0.0,30.932306098415424,0.0,30.932306098415424,0.0,30.932306098415424,B_SeasonalNaive
10,FOODS_2_196_TX_2,low,intermittent,SeasonalNaive,gaussian,14,0.95,5,0,292,165.0,165.0,0.0,1.0,0,0.0,1.0,34.83904109589041,60.0,5.920082571512829,6,224.0,10173.0,19.21721534758398,6.0,96.08607673791988,0.0,25.21721534758398,0.0,25.21721534758398,0.0,25.21721534758398,B_SeasonalNaive
11,HOUSEHOLD_2_315_TX_2,low,intermittent,SeasonalNaive,gaussian,14,0.95,6,0,292,122.0,122.0,0.0,1.0,0,0.0,1.0,20.671232876712327,41.0,7.37740225314778,6,135.0,6036.0,22.196770083806285,6.0,110.98385041903141,0.0,28.196770083806285,0.0,28.196770083806285,0.0,28.196770083806285,B_SeasonalNaive
12,FOODS_2_056_WI_3,high,intermittent,SeasonalNaive,gaussian,14,0.95,18,0,292,1064.0,1064.0,0.0,1.0,0,0.0,1.0,81.38013698630137,148.0,16.34305432815722,19,1163.0,23763.0,79.5246700803221,19.0,397.6233504016105,0.0,98.5246700803221,0.0,98.5246700803221,0.0,98.5246700803221,B_SeasonalNaive
13,HOBBIES_1_312_WI_3,high,intermittent,SeasonalNaive,gaussian,14,0.95,5,0,292,799.0,799.0,0.0,1.0,0,0.0,1.0,132.05479452054794,345.0,7.563148340248962,5,1018.0,38560.0,10.537972470505595,5.0,52.68986235252798,0.0,15.537972470505595,0.0,15.537972470505595,0.0,15.537972470505595,B_SeasonalNaive
14,FOODS_3_128_WI_3,medium,intermittent,SeasonalNaive,gaussian,14,0.95,4,1,292,156.0,153.0,3.0,0.9807692307692307,2,0.00684931506849315,0.9931506849315068,40.83904109589041,73.0,4.683018867924528,5,239.0,11925.0,17.038048054257484,5.0,85.19024027128741,0.6705000042915346,22.708548058549017,2.6820000171661382,24.720048071423623,8.046000051498414,30.084048105755897,B_SeasonalNaive
15,HOBBIES_1_036_WI_3,medium,intermittent,SeasonalNaive,gaussian,14,0.95,4,0,292,242.0,242.0,0.0,1.0,0,0.0,1.0,66.79109589041096,129.0,4.529046813310773,4,313.0,19503.0,10.472843880204305,4.0,52.36421940102152,0.0,14.472843880204305,0.0,14.472843880204305,0.0,14.472843880204305,B_SeasonalNaive
16,FOODS_3_520_WI_3,low,intermittent,SeasonalNaive,gaussian,14,0.95,6,0,292,206.0,206.0,0.0,1.0,0,0.0,1.0,31.73972602739726,65.0,8.112861458782909,6,240.0,9268.0,17.685375427219967,6.0,88.42687713609983,0.0,23.685375427219967,0.0,23.685375427219967,0.0,23.685375427219967,B_SeasonalNaive
17,HOUSEHOLD_1_464_WI_3,low,intermittent,SeasonalNaive,gaussian,14,0.95,5,0,292,49.0,49.0,0.0,1.0,0,0.0,1.0,15.54109589041096,29.0,3.9411635081533714,5,65.0,4538.0,20.604385512495693,5.0,103.02192756247848,0.0,25.604385512495693,0.0,25.604385512495693,0.0,25.604385512495693,B_SeasonalNaive
0,FOODS_3_449_CA_3,high,regular,SeasonalNaive,gaussian,14,0.98,12,3,292,1628.0,1576.0,52.0,0.9680589680589681,4,0.0136986301369863,0.9863013698630136,139.24657534246575,391.0,14.14756517461879,12,1582.0,40660.0,38.59915105675997,12.0,192.99575528379987,7.722000074386599,58.32115113114657,30.888000297546395,81.48715135430636,92.66400089263918,143.26315194939914,B_SeasonalNaive
1,HOUSEHOLD_1_114_CA_3,high,regular,SeasonalNaive,gaussian,14,0.98,6,2,292,941.0,938.0,3.0,0.9968119022316685,1,0.003424657534246575,0.9965753424657534,116.06164383561644,279.0,10.102390085570965,7,1103.0,33890.0,15.761171697753749,7.0,78.80585848876875,0.21825000643730164,22.97942170419105,0.8730000257492065,23.634171723502956,2.6190000772476196,25.38017177500137,B_SeasonalNaive
2,FOODS_3_784_CA_3,medium,intermittent,SeasonalNaive,gaussian,14,0.98,3,0,292,213.0,213.0,0.0,1.0,0,0.0,1.0,65.18835616438356,113.0,4.084318360914105,4,322.0,19035.0,9.126369863013698,4.0,45.63184931506849,0.0,13.126369863013698,0.0,13.126369863013698,0.0,13.126369863013698,B_SeasonalNaive
3,HOUSEHOLD_2_270_CA_3,medium,intermittent,SeasonalNaive,gaussian,14,0.98,6,3,292,118.0,111.0,7.0,0.940677966101695,3,0.010273972602739725,0.9897260273972602,19.044520547945204,70.0,7.285560151051969,6,152.0,5561.0,15.57080040683485,6.0,77.85400203417424,3.066000080108643,24.636800486943493,12.264000320434572,33.834800727269425,36.792000961303714,58.36280136813856,B_SeasonalNaive
4,HOBBIES_1_377_CA_3,low,intermittent,SeasonalNaive,gaussian,14,0.98,6,0,292,92.0,92.0,0.0,1.0,0,0.0,1.0,19.243150684931507,33.0,5.97615234027407,6,111.0,5619.0,26.886528903752154,6.0,134.43264451876078,0.0,32.88652890375215,0.0,32.88652890375215,0.0,32.88652890375215,B_SeasonalNaive
5,HOUSEHOLD_2_228_CA_3,low,intermittent,SeasonalNaive,gaussian,14,0.98,4,0,292,112.0,112.0,0.0,1.0,0,0.0,1.0,27.421232876712327,48.0,5.105532658923442,4,135.0,8007.0,20.999179331537796,4.0,104.99589665768896,0.0,24.999179331537796,0.0,24.999179331537796,0.0,24.999179331537796,B_SeasonalNaive
6,FOODS_2_347_TX_2,high,regular,SeasonalNaive,gaussian,14,0.98,9,3,292,1785.0,1653.0,132.0,0.9260504201680673,7,0.023972602739726026,0.976027397260274,149.8595890410959,467.0,13.787906487808222,11,1743.0,43759.0,37.34500898878868,11.0,186.72504494394337,17.621999716758733,65.96700870554741,70.48799886703493,118.83300785582361,211.4639966011048,259.8090055898935,B_SeasonalNaive
7,HOUSEHOLD_1_247_TX_2,high,regular,SeasonalNaive,gaussian,14,0.98,8,0,292,1273.0,1273.0,0.0,1.0,0,0.0,1.0,104.61986301369863,215.0,15.209826835575635,9,1378.0,30549.0,14.207377816308036,9.0,71.03688908154018,0.0,23.207377816308036,0.0,23.207377816308036,0.0,23.207377816308036,B_SeasonalNaive
8,FOODS_3_729_TX_2,medium,intermittent,SeasonalNaive,gaussian,14,0.98,7,0,292,224.0,224.0,0.0,1.0,0,0.0,1.0,39.0958904109589,85.0,7.16187806587246,7,287.0,11416.0,21.78423024138359,7.0,108.92115120691795,0.0,28.78423024138359,0.0,28.78423024138359,0.0,28.78423024138359,B_SeasonalNaive
9,HOBBIES_1_034_TX_2,medium,intermittent,SeasonalNaive,gaussian,14,0.98,7,0,292,281.0,281.0,0.0,1.0,0,0.0,1.0,36.97260273972603,70.0,9.500277880696554,8,317.0,10796.0,24.120925237577254,8.0,120.60462618788627,0.0,32.120925237577254,0.0,32.120925237577254,0.0,32.120925237577254,B_SeasonalNaive
10,FOODS_2_196_TX_2,low,intermittent,SeasonalNaive,gaussian,14,0.98,5,0,292,165.0,165.0,0.0,1.0,0,0.0,1.0,37.68493150684932,63.0,5.473009814612868,6,227.0,11004.0,20.78700852106695,6.0,103.93504260533477,0.0,26.78700852106695,0.0,26.78700852106695,0.0,26.78700852106695,B_SeasonalNaive
11,HOUSEHOLD_2_315_TX_2,low,intermittent,SeasonalNaive,gaussian,14,0.98,6,0,292,122.0,122.0,0.0,1.0,0,0.0,1.0,22.568493150684933,43.0,6.75720789074355,6,137.0,6590.0,24.234048186262992,6.0,121.17024093131496,0.0,30.234048186262992,0.0,30.234048186262992,0.0,30.234048186262992,B_SeasonalNaive
12,FOODS_2_056_WI_3,high,intermittent,SeasonalNaive,gaussian,14,0.98,18,0,292,1064.0,1064.0,0.0,1.0,0,0.0,1.0,91.81506849315069,159.0,14.485639686684072,19,1174.0,26810.0,89.72168517667953,19.0,448.6084258833977,0.0,108.72168517667953,0.0,108.72168517667953,0.0,108.72168517667953,B_SeasonalNaive
13,HOBBIES_1_312_WI_3,high,intermittent,SeasonalNaive,gaussian,14,0.98,5,0,292,799.0,799.0,0.0,1.0,0,0.0,1.0,134.4486301369863,352.0,7.428487735296365,5,1025.0,39259.0,10.72900055030029,5.0,53.64500275150146,0.0,15.72900055030029,0.0,15.72900055030029,0.0,15.72900055030029,B_SeasonalNaive
14,FOODS_3_128_WI_3,medium,intermittent,SeasonalNaive,gaussian,14,0.98,4,1,292,156.0,155.0,1.0,0.9935897435897436,1,0.003424657534246575,0.9965753424657534,44.56849315068493,75.0,4.347241432303673,5,242.0,13014.0,18.593975461476468,5.0,92.96987730738233,0.22350000143051152,23.81747546290698,0.8940000057220461,24.487975467198513,2.6820000171661382,26.275975478642607,B_SeasonalNaive
15,HOBBIES_1_036_WI_3,medium,intermittent,SeasonalNaive,gaussian,14,0.98,4,0,292,242.0,242.0,0.0,1.0,0,0.0,1.0,70.58561643835617,133.0,4.285575663480666,4,317.0,20611.0,11.067824704655228,4.0,55.33912352327614,0.0,15.067824704655228,0.0,15.067824704655228,0.0,15.067824704655228,B_SeasonalNaive
16,FOODS_3_520_WI_3,low,intermittent,SeasonalNaive,gaussian,14,0.98,6,0,292,206.0,206.0,0.0,1.0,0,0.0,1.0,32.15068493150685,72.0,8.009160630592245,6,226.0,9388.0,17.914361729687208,6.0,89.57180864843605,0.0,23.914361729687208,0.0,23.914361729687208,0.0,23.914361729687208,B_SeasonalNaive
17,HOUSEHOLD_1_464_WI_3,low,intermittent,SeasonalNaive,gaussian,14,0.98,5,0,292,49.0,49.0,0.0,1.0,0,0.0,1.0,16.48972602739726,30.0,3.7144340602284527,5,66.0,4815.0,21.86207938357575,5.0,109.31039691787876,0.0,26.86207938357575,0.0,26.86207938357575,0.0,26.86207938357575,B_SeasonalNaive
0,FOODS_3_449_CA_3,high,regular,SeasonalNaive,empirical,3,0.9,12,1,292,1628.0,1582.0,46.0,0.9717444717444718,2,0.00684931506849315,0.9931506849315068,71.21232876712328,220.0,27.769068000384724,13,1611.0,20794.0,19.740057724404007,13.0,98.70028862202003,6.831000065803529,39.57105779020754,27.324000263214117,60.06405798761813,81.97200078964235,114.71205851404636,B_SeasonalNaive
1,HOUSEHOLD_1_114_CA_3,high,regular,SeasonalNaive,empirical,3,0.9,6,4,292,941.0,917.0,24.0,0.9744952178533475,7,0.023972602739726026,0.976027397260274,67.32534246575342,213.0,17.02553537819828,6,916.0,19659.0,9.142781776516404,6.0,45.713908882582025,1.746000051498413,16.888781828014817,6.984000205993652,22.126781982510057,20.952000617980957,36.09478239449736,B_SeasonalNaive
2,FOODS_3_784_CA_3,medium,intermittent,SeasonalNaive,empirical,3,0.9,3,0,292,213.0,213.0,0.0,1.0,0,0.0,1.0,40.46917808219178,84.0,6.579080985021579,3,210.0,11817.0,5.665684931506849,3.0,28.328424657534246,0.0,8.66568493150685,0.0,8.66568493150685,0.0,8.66568493150685,B_SeasonalNaive
3,HOUSEHOLD_2_270_CA_3,medium,intermittent,SeasonalNaive,empirical,3,0.9,6,2,292,118.0,116.0,2.0,0.9830508474576272,2,0.00684931506849315,0.9931506849315068,7.777397260273973,36.0,18.643769264641126,6,141.0,2271.0,6.35880016614313,6.0,31.79400083071565,0.8760000228881837,13.234800189031313,3.5040000915527347,15.862800257695865,10.512000274658204,22.870800440801332,B_SeasonalNaive
4,HOBBIES_1_377_CA_3,low,intermittent,SeasonalNaive,empirical,3,0.9,6,0,292,92.0,92.0,0.0,1.0,0,0.0,1.0,10.479452054794521,24.0,10.973856209150327,7,110.0,3060.0,14.64188973936316,7.0,73.2094486968158,0.0,21.641889739363158,0.0,21.641889739363158,0.0,21.641889739363158,B_SeasonalNaive
5,HOUSEHOLD_2_228_CA_3,low,intermittent,SeasonalNaive,empirical,3,0.9,4,0,292,112.0,112.0,0.0,1.0,0,0.0,1.0,20.20205479452055,42.0,6.929988133581962,4,120.0,5899.0,15.470732968245466,4.0,77.35366484122733,0.0,19.470732968245464,0.0,19.470732968245464,0.0,19.470732968245464,B_SeasonalNaive
6,FOODS_2_347_TX_2,high,regular,SeasonalNaive,empirical,3,0.9,12,4,292,1785.0,1722.0,63.0,0.9647058823529412,7,0.023972602739726026,0.976027397260274,83.63698630136986,301.0,25.73622143968553,12,1744.0,24422.0,20.842336651299096,12.0,104.21168325649546,8.410499864816668,41.252836516115764,33.64199945926667,66.48433611056576,100.92599837780003,133.76833502909912,B_SeasonalNaive
7,HOUSEHOLD_1_247_TX_2,high,regular,SeasonalNaive,empirical,3,0.9,9,1,292,1273.0,1270.0,3.0,0.997643362136685,1,0.003424657534246575,0.9965753424657534,78.58219178082192,169.0,20.20177808768413,9,1320.0,22946.0,10.671461958591252,9.0,53.35730979295626,0.21825000643730164,19.889711965028553,0.8730000257492065,20.544461984340458,2.6190000772476196,22.29046203583887,B_SeasonalNaive
8,FOODS_3_729_TX_2,medium,intermittent,SeasonalNaive,empirical,3,0.9,7,0,292,224.0,224.0,0.0,1.0,0,0.0,1.0,24.486301369863014,51.0,11.434965034965035,7,256.0,7150.0,13.643767188673149,7.0,68.21883594336575,0.0,20.64376718867315,0.0,20.64376718867315,0.0,20.64376718867315,B_SeasonalNaive
9,HOBBIES_1_034_TX_2,medium,intermittent,SeasonalNaive,empirical,3,0.9,8,1,292,281.0,280.0,1.0,0.99644128113879,1,0.003424657534246575,0.9965753424657534,22.568493150684933,52.0,15.50834597875569,8,285.0,6590.0,14.72368444939182,8.0,73.61842224695911,0.34949998855590825,23.073184437947727,1.397999954223633,24.12168440361545,4.193999862670899,26.91768431206272,B_SeasonalNaive
10,FOODS_2_196_TX_2,low,intermittent,SeasonalNaive,empirical,3,0.9,6,0,292,165.0,165.0,0.0,1.0,0,0.0,1.0,17.726027397260275,37.0,11.635432766615146,6,181.0,5176.0,9.777676854329567,6.0,48.88838427164783,0.0,15.777676854329567,0.0,15.777676854329567,0.0,15.777676854329567,B_SeasonalNaive
11,HOUSEHOLD_2_315_TX_2,low,intermittent,SeasonalNaive,empirical,3,0.9,6,0,292,122.0,122.0,0.0,1.0,0,0.0,1.0,13.636986301369863,28.0,11.182822702159719,6,123.0,3982.0,14.643396036069687,6.0,73.21698018034843,0.0,20.64339603606969,0.0,20.64339603606969,0.0,20.64339603606969,B_SeasonalNaive
12,FOODS_2_056_WI_3,high,intermittent,SeasonalNaive,empirical,3,0.9,19,3,292,1064.0,1059.0,5.0,0.9953007518796992,3,0.010273972602739725,0.9897260273972602,37.167808219178085,79.0,35.61549801898092,19,1053.0,10853.0,36.320382291029574,19.0,181.6019114551479,2.617500007152558,57.93788229818213,10.470000028610231,65.7903823196398,31.410000085830696,86.73038237686026,B_SeasonalNaive
13,HOBBIES_1_312_WI_3,high,intermittent,SeasonalNaive,empirical,3,0.9,5,2,292,799.0,792.0,7.0,0.9912390488110138,3,0.010273972602739725,0.9897260273972602,107.87328767123287,320.0,9.177434204260454,5,989.0,31499.0,8.6082882481446,5.0,43.041441240722996,0.29924999624490745,13.907538244389507,1.1969999849796298,14.80528823312423,3.590999954938889,17.19928820308349,B_SeasonalNaive
14,FOODS_3_128_WI_3,medium,intermittent,SeasonalNaive,empirical,3,0.9,4,0,292,156.0,156.0,0.0,1.0,0,0.0,1.0,28.0,47.0,6.964285714285714,4,166.0,8176.0,11.681600074768067,4.0,58.40800037384032,0.0,15.681600074768067,0.0,15.681600074768067,0.0,15.681600074768067,B_SeasonalNaive
15,HOBBIES_1_036_WI_3,medium,intermittent,SeasonalNaive,empirical,3,0.9,4,1,292,242.0,239.0,3.0,0.987603305785124,2,0.00684931506849315,0.9931506849315068,42.10616438356164,95.0,7.0951606344042295,4,300.0,12295.0,6.602246603451363,4.0,33.01123301725681,0.2520000010728837,10.854246604524246,1.0080000042915347,11.610246607742898,3.024000012874604,13.626246616325966,B_SeasonalNaive
16,FOODS_3_520_WI_3,low,intermittent,SeasonalNaive,empirical,3,0.9,7,1,292,206.0,205.0,1.0,0.9951456310679612,1,0.003424657534246575,0.9965753424657534,18.311643835616437,37.0,13.99382831494296,7,223.0,5347.0,10.203247994102844,7.0,51.016239970514214,0.2985000014305115,17.501747995533357,1.194000005722046,18.39724799982489,3.5820000171661377,20.785248011268983,B_SeasonalNaive
17,HOUSEHOLD_1_464_WI_3,low,intermittent,SeasonalNaive,empirical,3,0.9,5,0,292,49.0,49.0,0.0,1.0,0,0.0,1.0,8.085616438356164,24.0,7.575180008470987,5,67.0,2361.0,10.719910576245555,5.0,53.59955288122778,0.0,15.719910576245555,0.0,15.719910576245555,0.0,15.719910576245555,B_SeasonalNaive
0,FOODS_3_449_CA_3,high,regular,SeasonalNaive,empirical,3,0.95,12,1,292,1628.0,1583.0,45.0,0.9723587223587223,2,0.00684931506849315,0.9931506849315068,72.83219178082192,221.0,27.168618046739077,13,1613.0,21267.0,20.189083756126767,13.0,100.94541878063383,6.682500064373018,39.87158382049978,26.730000257492073,59.919084013618836,80.19000077247621,113.37908452860297,B_SeasonalNaive
1,HOUSEHOLD_1_114_CA_3,high,regular,SeasonalNaive,empirical,3,0.95,7,1,292,941.0,939.0,2.0,0.997874601487779,1,0.003424657534246575,0.9965753424657534,71.90753424657534,186.0,16.323046149449922,7,1015.0,20997.0,9.76504343870568,7.0,48.825217193528395,0.14550000429153442,16.910543442997216,0.5820000171661377,17.34704345587182,1.746000051498413,18.511043490204095,B_SeasonalNaive
2,FOODS_3_784_CA_3,medium,intermittent,SeasonalNaive,empirical,3,0.95,3,0,292,213.0,213.0,0.0,1.0,0,0.0,1.0,38.54109589041096,75.0,6.908210414074996,4,313.0,11254.0,5.395753424657534,4.0,26.978767123287668,0.0,9.395753424657535,0.0,9.395753424657535,0.0,9.395753424657535,B_SeasonalNaive
3,HOUSEHOLD_2_270_CA_3,medium,intermittent,SeasonalNaive,empirical,3,0.95,6,0,292,118.0,118.0,0.0,1.0,0,0.0,1.0,8.86986301369863,34.0,16.62934362934363,6,132.0,2590.0,7.252000189480716,6.0,36.26000094740358,0.0,13.252000189480716,0.0,13.252000189480716,0.0,13.252000189480716,B_SeasonalNaive
4,HOBBIES_1_377_CA_3,low,intermittent,SeasonalNaive,empirical,3,0.95,6,0,292,92.0,92.0,0.0,1.0,0,0.0,1.0,10.479452054794521,24.0,10.973856209150327,7,110.0,3060.0,14.64188973936316,7.0,73.2094486968158,0.0,21.641889739363158,0.0,21.641889739363158,0.0,21.641889739363158,B_SeasonalNaive
5,HOUSEHOLD_2_228_CA_3,low,intermittent,SeasonalNaive,empirical,3,0.95,4,0,292,112.0,112.0,0.0,1.0,0,0.0,1.0,21.181506849315067,43.0,6.609539207760712,4,121.0,6185.0,16.220797323037498,4.0,81.1039866151875,0.0,20.220797323037498,0.0,20.220797323037498,0.0,20.220797323037498,B_SeasonalNaive
6,FOODS_2_347_TX_2,high,regular,SeasonalNaive,empirical,3,0.95,12,3,292,1785.0,1725.0,60.0,0.9663865546218487,5,0.017123287671232876,0.9828767123287672,84.56164383561644,302.0,25.499149522112425,12,1748.0,24692.0,21.07276130512969,12.0,105.36380652564844,8.00999987125397,41.082761176383656,32.03999948501588,65.11276079014557,96.11999845504764,129.19275976017732,B_SeasonalNaive
7,HOUSEHOLD_1_247_TX_2,high,regular,SeasonalNaive,empirical,3,0.95,9,1,292,1273.0,1272.0,1.0,0.9992144540455616,1,0.003424657534246575,0.9965753424657534,81.92808219178082,171.0,19.407264975128538,9,1324.0,23923.0,11.125833889801209,9.0,55.629169449006035,0.07275000214576721,20.198583891946974,0.29100000858306885,20.416833898384276,0.8730000257492065,20.998833915550414,B_SeasonalNaive
8,FOODS_3_729_TX_2,medium,intermittent,SeasonalNaive,empirical,3,0.95,7,0,292,224.0,224.0,0.0,1.0,0,0.0,1.0,25.46917808219178,52.0,10.993680247411591,7,257.0,7437.0,14.191426095407303,7.0,70.95713047703651,0.0,21.1914260954073,0.0,21.1914260954073,0.0,21.1914260954073,B_SeasonalNaive
9,HOBBIES_1_034_TX_2,medium,intermittent,SeasonalNaive,empirical,3,0.95,9,2,292,281.0,278.0,3.0,0.9893238434163701,2,0.00684931506849315,0.9931506849315068,18.5,42.0,18.783783783783782,9,284.0,5402.0,12.069399604797361,9.0,60.346998023986814,1.0484999656677247,22.117899570465084,4.193999862670899,25.26339946746826,12.581999588012696,33.65139919281006,B_SeasonalNaive
10,FOODS_2_196_TX_2,low,intermittent,SeasonalNaive,empirical,3,0.95,6,0,292,165.0,165.0,0.0,1.0,0,0.0,1.0,18.356164383561644,40.0,11.236007462686567,6,182.0,5360.0,10.125260421021343,6.0,50.62630210510672,0.0,16.125260421021345,0.0,16.125260421021345,0.0,16.125260421021345,B_SeasonalNaive
11,HOUSEHOLD_2_315_TX_2,low,intermittent,SeasonalNaive,empirical,3,0.95,6,0,292,122.0,122.0,0.0,1.0,0,0.0,1.0,14.575342465753424,29.0,10.462875939849624,6,124.0,4256.0,15.65100289540748,6.0,78.25501447703739,0.0,21.65100289540748,0.0,21.65100289540748,0.0,21.65100289540748,B_SeasonalNaive
12,FOODS_2_056_WI_3,high,intermittent,SeasonalNaive,empirical,3,0.95,20,0,292,1064.0,1064.0,0.0,1.0,0,0.0,1.0,37.321917808219176,81.0,35.63589649476968,20,1089.0,10898.0,36.47097818185205,20.0,182.35489090926023,0.0,56.47097818185205,0.0,56.47097818185205,0.0,56.47097818185205,B_SeasonalNaive
13,HOBBIES_1_312_WI_3,high,intermittent,SeasonalNaive,empirical,3,0.95,5,1,292,799.0,795.0,4.0,0.9949937421777222,2,0.00684931506849315,0.9931506849315068,90.0,223.0,11.041666666666666,5,809.0,26280.0,7.181999909877776,5.0,35.909999549388885,0.1709999978542328,12.35299990773201,0.6839999914169312,12.865999901294707,2.0519999742507937,14.23399988412857,B_SeasonalNaive
14,FOODS_3_128_WI_3,medium,intermittent,SeasonalNaive,empirical,3,0.95,4,0,292,156.0,156.0,0.0,1.0,0,0.0,1.0,28.91780821917808,48.0,6.743249644718143,4,167.0,8444.0,12.064509666259974,4.0,60.32254833129986,0.0,16.064509666259973,0.0,16.064509666259973,0.0,16.064509666259973,B_SeasonalNaive
15,HOBBIES_1_036_WI_3,medium,intermittent,SeasonalNaive,empirical,3,0.95,4,2,292,242.0,239.0,3.0,0.987603305785124,2,0.00684931506849315,0.9931506849315068,46.57876712328767,90.0,6.413866627453864,4,286.0,13601.0,7.303550716026188,4.0,36.517753580130936,0.2520000010728837,11.55555071709907,1.0080000042915347,12.311550720317722,3.024000012874604,14.32755072890079,B_SeasonalNaive
16,FOODS_3_520_WI_3,low,intermittent,SeasonalNaive,empirical,3,0.95,6,0,292,206.0,206.0,0.0,1.0,0,0.0,1.0,22.527397260273972,46.0,11.430525995743388,6,211.0,6578.0,12.552265813579297,6.0,62.76132906789649,0.0,18.552265813579297,0.0,18.552265813579297,0.0,18.552265813579297,B_SeasonalNaive
17,HOUSEHOLD_1_464_WI_3,low,intermittent,SeasonalNaive,empirical,3,0.95,5,0,292,49.0,49.0,0.0,1.0,0,0.0,1.0,8.547945205479452,20.0,7.165464743589744,5,63.0,2496.0,11.332866072981323,5.0,56.664330364906625,0.0,16.332866072981325,0.0,16.332866072981325,0.0,16.332866072981325,B_SeasonalNaive
0,FOODS_3_449_CA_3,high,regular,SeasonalNaive,empirical,3,0.98,12,1,292,1628.0,1588.0,40.0,0.9754299754299754,2,0.00684931506849315,0.9931506849315068,76.78082191780823,226.0,25.85280999107939,13,1623.0,22420.0,21.28364404064335,13.0,106.41822020321676,5.940000057220461,40.22364409786381,23.760000228881843,58.043644269525196,71.28000068664552,105.56364472728887,B_SeasonalNaive
1,HOUSEHOLD_1_114_CA_3,high,regular,SeasonalNaive,empirical,3,0.98,7,0,292,941.0,941.0,0.0,1.0,0,0.0,1.0,75.51712328767124,191.0,15.575937599201849,7,1020.0,22051.0,10.255225644944465,7.0,51.27612822472233,0.0,17.255225644944467,0.0,17.255225644944467,0.0,17.255225644944467,B_SeasonalNaive
2,FOODS_3_784_CA_3,medium,intermittent,SeasonalNaive,empirical,3,0.98,3,0,292,213.0,213.0,0.0,1.0,0,0.0,1.0,41.842465753424655,86.0,6.363152725486986,3,212.0,12218.0,5.857945205479452,3.0,29.289726027397258,0.0,8.857945205479453,0.0,8.857945205479453,0.0,8.857945205479453,B_SeasonalNaive
3,HOUSEHOLD_2_270_CA_3,medium,intermittent,SeasonalNaive,empirical,3,0.98,6,0,292,118.0,118.0,0.0,1.0,0,0.0,1.0,9.856164383561644,35.0,14.96525364836692,6,133.0,2878.0,8.058400210550387,6.0,40.292001052751935,0.0,14.058400210550387,0.0,14.058400210550387,0.0,14.058400210550387,B_SeasonalNaive
4,HOBBIES_1_377_CA_3,low,intermittent,SeasonalNaive,empirical,3,0.98,7,0,292,92.0,92.0,0.0,1.0,0,0.0,1.0,12.164383561643836,23.0,9.453828828828827,7,109.0,3552.0,16.996075932750962,7.0,84.98037966375482,0.0,23.996075932750962,0.0,23.996075932750962,0.0,23.996075932750962,B_SeasonalNaive
5,HOUSEHOLD_2_228_CA_3,low,intermittent,SeasonalNaive,empirical,3,0.98,4,0,292,112.0,112.0,0.0,1.0,0,0.0,1.0,22.160958904109588,44.0,6.3174161644259,4,122.0,6471.0,16.970861677829532,4.0,84.85430838914766,0.0,20.970861677829532,0.0,20.970861677829532,0.0,20.970861677829532,B_SeasonalNaive
6,FOODS_2_347_TX_2,high,regular,SeasonalNaive,empirical,3,0.98,12,1,292,1785.0,1745.0,40.0,0.9775910364145658,2,0.00684931506849315,0.9931506849315068,85.45890410958904,269.0,25.523964093932836,12,1772.0,24954.0,21.296358561809747,12.0,106.48179280904873,5.339999914169313,38.63635847597906,21.359999656677253,54.656358218487,64.07999897003177,97.3763575318415,B_SeasonalNaive
7,HOUSEHOLD_1_247_TX_2,high,regular,SeasonalNaive,empirical,3,0.98,9,0,292,1273.0,1273.0,0.0,1.0,0,0.0,1.0,82.77054794520548,172.0,19.224833464355168,9,1326.0,24169.0,11.240240742490716,9.0,56.201203712453584,0.0,20.240240742490716,0.0,20.240240742490716,0.0,20.240240742490716,B_SeasonalNaive
8,FOODS_3_729_TX_2,medium,intermittent,SeasonalNaive,empirical,3,0.98,7,0,292,224.0,224.0,0.0,1.0,0,0.0,1.0,26.613013698630137,52.0,10.521168446789344,7,258.0,7771.0,14.828771303941124,7.0,74.14385651970564,0.0,21.828771303941124,0.0,21.828771303941124,0.0,21.828771303941124,B_SeasonalNaive
9,HOBBIES_1_034_TX_2,medium,intermittent,SeasonalNaive,empirical,3,0.98,9,0,292,281.0,281.0,0.0,1.0,0,0.0,1.0,22.311643835616437,50.0,15.742900997697623,9,304.0,6515.0,14.556115961728029,9.0,72.78057980864014,0.0,23.55611596172803,0.0,23.55611596172803,0.0,23.55611596172803,B_SeasonalNaive
10,FOODS_2_196_TX_2,low,intermittent,SeasonalNaive,empirical,3,0.98,6,0,292,165.0,165.0,0.0,1.0,0,0.0,1.0,19.22945205479452,41.0,10.72573463935886,6,183.0,5615.0,10.606965907469188,6.0,53.034829537345935,0.0,16.60696590746919,0.0,16.60696590746919,0.0,16.60696590746919,B_SeasonalNaive
11,HOUSEHOLD_2_315_TX_2,low,intermittent,SeasonalNaive,empirical,3,0.98,6,0,292,122.0,122.0,0.0,1.0,0,0.0,1.0,16.21917808219178,30.0,9.402449324324325,6,125.0,4736.0,17.416153597897047,6.0,87.08076798948522,0.0,23.416153597897047,0.0,23.416153597897047,0.0,23.416153597897047,B_SeasonalNaive
12,FOODS_2_056_WI_3,high,intermittent,SeasonalNaive,empirical,3,0.98,19,0,292,1064.0,1064.0,0.0,1.0,0,0.0,1.0,42.83561643835616,85.0,31.04892868564119,19,1063.0,12508.0,41.858964497945074,19.0,209.29482248972536,0.0,60.858964497945074,0.0,60.858964497945074,0.0,60.858964497945074,B_SeasonalNaive
13,HOBBIES_1_312_WI_3,high,intermittent,SeasonalNaive,empirical,3,0.98,5,2,292,799.0,797.0,2.0,0.9974968710888611,2,0.00684931506849315,0.9931506849315068,111.29794520547945,325.0,8.951198498415335,5,999.0,32499.0,8.881575915948167,5.0,44.40787957974084,0.0854999989271164,13.967075914875283,0.3419999957084656,14.223575911656633,1.0259999871253969,14.907575903073564,B_SeasonalNaive
14,FOODS_3_128_WI_3,medium,intermittent,SeasonalNaive,empirical,3,0.98,4,0,292,156.0,156.0,0.0,1.0,0,0.0,1.0,26.845890410958905,57.0,7.2636815920398,4,161.0,7839.0,11.200105551138316,4.0,56.00052775569158,0.0,15.200105551138316,0.0,15.200105551138316,0.0,15.200105551138316,B_SeasonalNaive
15,HOBBIES_1_036_WI_3,medium,intermittent,SeasonalNaive,empirical,3,0.98,4,2,292,242.0,239.0,3.0,0.987603305785124,2,0.00684931506849315,0.9931506849315068,48.4041095890411,92.0,6.171996603933777,4,288.0,14134.0,7.589764415874873,4.0,37.94882207937437,0.2520000010728837,11.841764416947756,1.0080000042915347,12.597764420166408,3.024000012874604,14.613764428749477,B_SeasonalNaive
16,FOODS_3_520_WI_3,low,intermittent,SeasonalNaive,empirical,3,0.98,6,0,292,206.0,206.0,0.0,1.0,0,0.0,1.0,23.503424657534246,47.0,10.955850211277866,6,212.0,6863.0,13.096108281938996,6.0,65.48054140969498,0.0,19.096108281938996,0.0,19.096108281938996,0.0,19.096108281938996,B_SeasonalNaive
17,HOUSEHOLD_1_464_WI_3,low,intermittent,SeasonalNaive,empirical,3,0.98,5,0,292,49.0,49.0,0.0,1.0,0,0.0,1.0,8.547945205479452,20.0,7.165464743589744,5,63.0,2496.0,11.332866072981323,5.0,56.664330364906625,0.0,16.332866072981325,0.0,16.332866072981325,0.0,16.332866072981325,B_SeasonalNaive
0,FOODS_3_449_CA_3,high,regular,SeasonalNaive,empirical,7,0.9,12,3,292,1628.0,1566.0,62.0,0.961916461916462,5,0.017123287671232876,0.9828767123287672,81.59246575342466,228.0,23.991185729275973,13,1629.0,23825.0,22.617431724724703,13.0,113.08715862362352,9.207000088691714,44.82443181341642,36.82800035476686,72.44543207949155,110.48400106430056,146.10143278902527,B_SeasonalNaive
1,HOUSEHOLD_1_114_CA_3,high,regular,SeasonalNaive,empirical,7,0.9,7,1,292,941.0,937.0,4.0,0.9957492029755579,2,0.00684931506849315,0.9931506849315068,77.61986301369863,199.0,15.089565409221265,7,1027.0,22665.0,10.540777708161368,7.0,52.70388854080684,0.29100000858306885,17.831777716744437,1.1640000343322754,18.704777742493643,3.492000102996826,21.032777811158194,B_SeasonalNaive
2,FOODS_3_784_CA_3,medium,intermittent,SeasonalNaive,empirical,7,0.9,3,2,292,213.0,191.0,22.0,0.8967136150234741,8,0.0273972602739726,0.9726027397260274,30.934931506849313,81.0,7.717812465404627,3,203.0,9033.0,4.330890410958904,3.0,21.65445205479452,1.6500000000000004,8.980890410958905,6.600000000000001,13.930890410958906,19.800000000000004,27.13089041095891,B_SeasonalNaive
3,HOUSEHOLD_2_270_CA_3,medium,intermittent,SeasonalNaive,empirical,7,0.9,6,2,292,118.0,111.0,7.0,0.940677966101695,4,0.0136986301369863,0.9863013698630136,9.047945205479452,41.0,15.334973504920514,6,141.0,2642.0,7.397600193284962,6.0,36.98800096642481,3.066000080108643,16.463600273393606,12.264000320434572,25.661600513719534,36.792000961303714,50.18960115458867,B_SeasonalNaive
4,HOBBIES_1_377_CA_3,low,intermittent,SeasonalNaive,empirical,7,0.9,6,0,292,92.0,92.0,0.0,1.0,0,0.0,1.0,12.797945205479452,30.0,8.985817500668986,6,97.0,3737.0,17.881288220915074,6.0,89.40644110457538,0.0,23.881288220915074,0.0,23.881288220915074,0.0,23.881288220915074,B_SeasonalNaive
5,HOUSEHOLD_2_228_CA_3,low,intermittent,SeasonalNaive,empirical,7,0.9,4,0,292,112.0,112.0,0.0,1.0,0,0.0,1.0,18.054794520547944,37.0,7.754172989377846,5,137.0,5272.0,13.826361113509087,5.0,69.13180556754543,0.0,18.826361113509087,0.0,18.826361113509087,0.0,18.826361113509087,B_SeasonalNaive
6,FOODS_2_347_TX_2,high,regular,SeasonalNaive,empirical,7,0.9,11,4,292,1785.0,1677.0,108.0,0.9394957983193277,9,0.030821917808219176,0.9691780821917808,104.97602739726027,371.0,19.96884481127459,11,1626.0,30653.0,26.160025606922904,11.0,130.80012803461452,14.417999768257147,51.57802537518005,57.67199907302859,94.83202467995149,173.01599721908576,210.17602282600865,B_SeasonalNaive
7,HOUSEHOLD_1_247_TX_2,high,regular,SeasonalNaive,empirical,7,0.9,9,0,292,1273.0,1273.0,0.0,1.0,0,0.0,1.0,79.94520547945206,178.0,19.904258053461277,9,1351.0,23344.0,10.856559224324684,9.0,54.28279612162342,0.0,19.856559224324684,0.0,19.856559224324684,0.0,19.856559224324684,B_SeasonalNaive
8,FOODS_3_729_TX_2,medium,intermittent,SeasonalNaive,empirical,7,0.9,7,0,292,224.0,224.0,0.0,1.0,0,0.0,1.0,24.445205479452056,55.0,11.454188848416923,7,247.0,7138.0,13.620868558426425,7.0,68.10434279213213,0.0,20.620868558426423,0.0,20.620868558426423,0.0,20.620868558426423,B_SeasonalNaive
9,HOBBIES_1_034_TX_2,medium,intermittent,SeasonalNaive,empirical,7,0.9,8,1,292,281.0,279.0,2.0,0.9928825622775801,1,0.003424657534246575,0.9965753424657534,25.78082191780822,53.0,13.527497343251861,8,300.0,7528.0,16.81940766844031,8.0,84.09703834220154,0.6989999771118165,25.518407645552127,2.795999908447266,27.615407576887577,8.387999725341798,33.207407393782105,B_SeasonalNaive
10,FOODS_2_196_TX_2,low,intermittent,SeasonalNaive,empirical,7,0.9,5,0,292,165.0,165.0,0.0,1.0,0,0.0,1.0,21.472602739726028,45.0,9.605263157894736,6,199.0,6270.0,11.844287843246983,6.0,59.22143921623491,0.0,17.84428784324698,0.0,17.84428784324698,0.0,17.84428784324698,B_SeasonalNaive
11,HOUSEHOLD_2_315_TX_2,low,intermittent,SeasonalNaive,empirical,7,0.9,7,0,292,122.0,122.0,0.0,1.0,0,0.0,1.0,13.236301369863014,28.0,11.521345407503233,7,130.0,3865.0,14.213140552337855,7.0,71.06570276168928,0.0,21.213140552337855,0.0,21.213140552337855,0.0,21.213140552337855,B_SeasonalNaive
12,FOODS_2_056_WI_3,high,intermittent,SeasonalNaive,empirical,7,0.9,20,2,292,1064.0,1063.0,1.0,0.9990601503759399,1,0.003424657534246575,0.9965753424657534,40.37328767123287,92.0,32.9116125201459,21,1102.0,11789.0,39.452776820137075,21.0,197.26388410068535,0.5235000014305116,60.97627682156759,2.0940000057220463,62.54677682585912,6.282000017166139,66.73477683730322,B_SeasonalNaive
13,HOBBIES_1_312_WI_3,high,intermittent,SeasonalNaive,empirical,7,0.9,5,1,292,799.0,762.0,37.0,0.9536921151439299,5,0.017123287671232876,0.9828767123287672,88.47260273972603,179.0,10.76604474723233,5,778.0,25834.0,7.0601136100373845,5.0,35.300568050186925,1.5817499801516535,13.641863590189036,6.326999920606614,18.387113530643997,18.98099976181984,31.041113371857225,B_SeasonalNaive
14,FOODS_3_128_WI_3,medium,intermittent,SeasonalNaive,empirical,7,0.9,4,0,292,156.0,156.0,0.0,1.0,0,0.0,1.0,30.160958904109588,56.0,6.465311683887816,4,167.0,8807.0,12.58315213533297,4.0,62.91576067666484,0.0,16.58315213533297,0.0,16.58315213533297,0.0,16.58315213533297,B_SeasonalNaive
15,HOBBIES_1_036_WI_3,medium,intermittent,SeasonalNaive,empirical,7,0.9,4,0,292,242.0,242.0,0.0,1.0,0,0.0,1.0,54.294520547945204,120.0,5.571464614608301,4,292.0,15854.0,8.51338085816331,4.0,42.56690429081655,0.0,12.51338085816331,0.0,12.51338085816331,0.0,12.51338085816331,B_SeasonalNaive
16,FOODS_3_520_WI_3,low,intermittent,SeasonalNaive,empirical,7,0.9,6,1,292,206.0,203.0,3.0,0.9854368932038835,3,0.010273972602739725,0.9897260273972602,24.90068493150685,52.0,10.190482739650667,6,225.0,7271.0,13.874661710327619,6.0,69.37330855163809,0.8955000042915344,20.770161714619153,3.5820000171661377,23.456661727493756,10.746000051498413,30.62066176182603,B_SeasonalNaive
17,HOUSEHOLD_1_464_WI_3,low,intermittent,SeasonalNaive,empirical,7,0.9,4,0,292,49.0,49.0,0.0,1.0,0,0.0,1.0,9.825342465753424,22.0,6.233879400487975,4,52.0,2869.0,13.026439408406818,4.0,65.1321970420341,0.0,17.026439408406816,0.0,17.026439408406816,0.0,17.026439408406816,B_SeasonalNaive
0,FOODS_3_449_CA_3,high,regular,SeasonalNaive,empirical,7,0.95,12,2,292,1628.0,1571.0,57.0,0.964987714987715,4,0.0136986301369863,0.9863013698630136,87.72260273972603,226.0,22.385906695295724,13,1636.0,25615.0,24.316705713696674,13.0,121.58352856848337,8.464500081539155,45.781205795235834,33.85800032615662,71.1747060398533,101.57400097846987,138.89070669216653,B_SeasonalNaive
1,HOUSEHOLD_1_114_CA_3,high,regular,SeasonalNaive,empirical,7,0.95,7,1,292,941.0,940.0,1.0,0.9989373007438895,1,0.003424657534246575,0.9965753424657534,80.59246575342466,233.0,14.579526622190116,7,1007.0,23533.0,10.94445717212272,7.0,54.7222858606136,0.07275000214576721,18.017207174268485,0.29100000858306885,18.235457180705787,0.8730000257492065,18.817457197871924,B_SeasonalNaive
2,FOODS_3_784_CA_3,medium,intermittent,SeasonalNaive,empirical,7,0.95,3,0,292,213.0,213.0,0.0,1.0,0,0.0,1.0,44.97945205479452,92.0,5.91936957514847,4,325.0,13134.0,6.297123287671233,4.0,31.485616438356164,0.0,10.297123287671234,0.0,10.297123287671234,0.0,10.297123287671234,B_SeasonalNaive
3,HOUSEHOLD_2_270_CA_3,medium,intermittent,SeasonalNaive,empirical,7,0.95,6,2,292,118.0,113.0,5.0,0.9576271186440678,2,0.00684931506849315,0.9931506849315068,11.027397260273972,46.0,12.809006211180126,6,155.0,3220.0,9.01600023557062,6.0,45.0800011778531,2.190000057220459,17.20600029279108,8.760000228881836,23.77600046445246,26.28000068664551,41.29600092221613,B_SeasonalNaive
4,HOBBIES_1_377_CA_3,low,intermittent,SeasonalNaive,empirical,7,0.95,6,0,292,92.0,92.0,0.0,1.0,0,0.0,1.0,13.770547945205479,31.0,8.351156428749068,6,98.0,4021.0,19.24020870652917,6.0,96.20104353264585,0.0,25.24020870652917,0.0,25.24020870652917,0.0,25.24020870652917,B_SeasonalNaive
5,HOUSEHOLD_2_228_CA_3,low,intermittent,SeasonalNaive,empirical,7,0.95,4,0,292,112.0,112.0,0.0,1.0,0,0.0,1.0,19.027397260273972,38.0,7.357811375089993,5,138.0,5556.0,14.571180263022853,5.0,72.85590131511427,0.0,19.571180263022853,0.0,19.571180263022853,0.0,19.571180263022853,B_SeasonalNaive
6,FOODS_2_347_TX_2,high,regular,SeasonalNaive,empirical,7,0.95,11,3,292,1785.0,1690.0,95.0,0.9467787114845938,7,0.023972602739726026,0.976027397260274,106.71232876712328,373.0,19.796213093709884,12,1781.0,31160.0,26.59271190133813,12.0,132.96355950669064,12.682499796152118,51.27521169749025,50.729999184608474,89.32271108594661,152.18999755382544,190.78270945516357,B_SeasonalNaive
7,HOUSEHOLD_1_247_TX_2,high,regular,SeasonalNaive,empirical,7,0.95,9,0,292,1273.0,1273.0,0.0,1.0,0,0.0,1.0,81.83561643835617,180.0,19.4444676933378,9,1353.0,23896.0,11.113277040115774,9.0,55.56638520057888,0.0,20.113277040115776,0.0,20.113277040115776,0.0,20.113277040115776,B_SeasonalNaive
8,FOODS_3_729_TX_2,medium,intermittent,SeasonalNaive,empirical,7,0.95,7,0,292,224.0,224.0,0.0,1.0,0,0.0,1.0,26.70205479452055,47.0,10.486084391432602,7,232.0,7797.0,14.878385002809027,7.0,74.39192501404514,0.0,21.878385002809026,0.0,21.878385002809026,0.0,21.878385002809026,B_SeasonalNaive
9,HOBBIES_1_034_TX_2,medium,intermittent,SeasonalNaive,empirical,7,0.95,9,1,292,281.0,277.0,4.0,0.9857651245551602,2,0.00684931506849315,0.9931506849315068,21.38013698630137,47.0,16.194938330930643,9,300.0,6243.0,13.948400913134012,9.0,69.74200456567006,1.397999954223633,24.346400867357644,5.591999816894532,28.540400730028544,16.775999450683596,39.72440036381761,B_SeasonalNaive
10,FOODS_2_196_TX_2,low,intermittent,SeasonalNaive,empirical,7,0.95,5,0,292,165.0,165.0,0.0,1.0,0,0.0,1.0,23.19178082191781,47.0,8.893236857649143,6,201.0,6772.0,12.792586487156072,6.0,63.96293243578036,0.0,18.792586487156072,0.0,18.792586487156072,0.0,18.792586487156072,B_SeasonalNaive
11,HOUSEHOLD_2_315_TX_2,low,intermittent,SeasonalNaive,empirical,7,0.95,6,0,292,122.0,122.0,0.0,1.0,0,0.0,1.0,16.089041095890412,32.0,9.478501489995741,6,126.0,4698.0,17.276412500616622,6.0,86.3820625030831,0.0,23.276412500616622,0.0,23.276412500616622,0.0,23.276412500616622,B_SeasonalNaive
12,FOODS_2_056_WI_3,high,intermittent,SeasonalNaive,empirical,7,0.95,20,2,292,1064.0,1058.0,6.0,0.9943609022556391,2,0.00684931506849315,0.9931506849315068,42.821917808219176,79.0,30.883717210492645,21,1092.0,12504.0,41.84557819653863,21.0,209.22789098269317,3.1410000085830694,65.9865782051217,12.564000034332278,75.4095782308709,37.69200010299683,100.53757829953545,B_SeasonalNaive
13,HOBBIES_1_312_WI_3,high,intermittent,SeasonalNaive,empirical,7,0.95,5,1,292,799.0,794.0,5.0,0.9937421777221527,2,0.00684931506849315,0.9931506849315068,113.81164383561644,307.0,8.720548852044654,5,968.0,33233.0,9.082169064115988,5.0,45.41084532057994,0.213749997317791,14.295919061433779,0.854999989271164,14.937169053387152,2.5649999678134923,16.64716903192948,B_SeasonalNaive
14,FOODS_3_128_WI_3,medium,intermittent,SeasonalNaive,empirical,7,0.95,4,0,292,156.0,156.0,0.0,1.0,0,0.0,1.0,31.068493150684933,57.0,6.276455026455026,4,168.0,9072.0,12.96177542542758,4.0,64.8088771271379,0.0,16.961775425427582,0.0,16.961775425427582,0.0,16.961775425427582,B_SeasonalNaive
15,HOBBIES_1_036_WI_3,medium,intermittent,SeasonalNaive,empirical,7,0.95,4,0,292,242.0,242.0,0.0,1.0,0,0.0,1.0,54.43493150684932,122.0,5.557093425605536,4,294.0,15895.0,8.53539729661321,4.0,42.676986483066045,0.0,12.53539729661321,0.0,12.53539729661321,0.0,12.53539729661321,B_SeasonalNaive
16,FOODS_3_520_WI_3,low,intermittent,SeasonalNaive,empirical,7,0.95,6,1,292,206.0,204.0,2.0,0.9902912621359223,2,0.00684931506849315,0.9931506849315068,25.746575342465754,53.0,9.904229848363926,6,227.0,7518.0,14.345991849572691,6.0,71.72995924786346,0.597000002861023,20.942991852433714,2.388000011444092,22.733991861016783,7.164000034332275,27.509991883904966,B_SeasonalNaive
17,HOUSEHOLD_1_464_WI_3,low,intermittent,SeasonalNaive,empirical,7,0.95,4,0,292,49.0,49.0,0.0,1.0,0,0.0,1.0,10.753424657534246,23.0,5.695859872611465,4,53.0,3140.0,14.256890812965286,4.0,71.28445406482645,0.0,18.25689081296529,0.0,18.25689081296529,0.0,18.25689081296529,B_SeasonalNaive
0,FOODS_3_449_CA_3,high,regular,SeasonalNaive,empirical,7,0.98,12,2,292,1628.0,1570.0,58.0,0.9643734643734644,4,0.0136986301369863,0.9863013698630136,85.84246575342466,229.0,22.861645256522777,13,1638.0,25066.0,23.79553173607343,13.0,118.97765868036714,8.613000082969668,45.4085318190431,34.45200033187867,71.24753206795211,103.35600099563601,140.15153273170944,B_SeasonalNaive
1,HOUSEHOLD_1_114_CA_3,high,regular,SeasonalNaive,empirical,7,0.98,7,0,292,941.0,941.0,0.0,1.0,0,0.0,1.0,84.20547945205479,238.0,13.968805921587768,7,1012.0,24588.0,11.435104446868374,7.0,57.17552223434186,0.0,18.435104446868372,0.0,18.435104446868372,0.0,18.435104446868372,B_SeasonalNaive
2,FOODS_3_784_CA_3,medium,intermittent,SeasonalNaive,empirical,7,0.98,3,0,292,213.0,213.0,0.0,1.0,0,0.0,1.0,57.1986301369863,99.0,4.654831756675847,4,328.0,16702.0,8.007808219178083,4.0,40.03904109589041,0.0,12.007808219178083,0.0,12.007808219178083,0.0,12.007808219178083,B_SeasonalNaive
3,HOUSEHOLD_2_270_CA_3,medium,intermittent,SeasonalNaive,empirical,7,0.98,6,2,292,118.0,115.0,3.0,0.9745762711864406,2,0.00684931506849315,0.9931506849315068,12.818493150684931,45.0,11.214266631044616,6,149.0,3743.0,10.480400273832556,6.0,52.402001369162775,1.3140000343322755,17.794400308164832,5.256000137329102,21.73640041116166,15.768000411987305,32.24840068581986,B_SeasonalNaive
4,HOBBIES_1_377_CA_3,low,intermittent,SeasonalNaive,empirical,7,0.98,6,0,292,92.0,92.0,0.0,1.0,0,0.0,1.0,14.743150684931507,32.0,7.800232288037166,6,99.0,4305.0,20.59912919214327,6.0,102.99564596071635,0.0,26.59912919214327,0.0,26.59912919214327,0.0,26.59912919214327,B_SeasonalNaive
5,HOUSEHOLD_2_228_CA_3,low,intermittent,SeasonalNaive,empirical,7,0.98,4,0,292,112.0,112.0,0.0,1.0,0,0.0,1.0,20.972602739726028,40.0,6.675375571521881,5,140.0,6124.0,16.06081856205039,5.0,80.30409281025193,0.0,21.06081856205039,0.0,21.06081856205039,0.0,21.06081856205039,B_SeasonalNaive
6,FOODS_2_347_TX_2,high,regular,SeasonalNaive,empirical,7,0.98,11,3,292,1785.0,1696.0,89.0,0.9501400560224089,7,0.023972602739726026,0.976027397260274,109.31164383561644,376.0,19.394091293586893,12,1790.0,31919.0,27.240461205995242,12.0,136.2023060299762,11.881499809026723,51.12196101502197,47.52599923610689,86.76646044210213,142.57799770832065,181.8184589143159,B_SeasonalNaive
7,HOUSEHOLD_1_247_TX_2,high,regular,SeasonalNaive,empirical,7,0.98,9,0,292,1273.0,1273.0,0.0,1.0,0,0.0,1.0,88.32534246575342,188.0,18.015780698693344,9,1356.0,25791.0,11.994581860630479,9.0,59.9729093031524,0.0,20.99458186063048,0.0,20.99458186063048,0.0,20.99458186063048,B_SeasonalNaive
8,FOODS_3_729_TX_2,medium,intermittent,SeasonalNaive,empirical,7,0.98,7,0,292,224.0,224.0,0.0,1.0,0,0.0,1.0,28.647260273972602,49.0,9.774058577405858,7,234.0,8365.0,15.962253501153972,7.0,79.81126750576986,0.0,22.962253501153974,0.0,22.962253501153974,0.0,22.962253501153974,B_SeasonalNaive
9,HOBBIES_1_034_TX_2,medium,intermittent,SeasonalNaive,empirical,7,0.98,9,1,292,281.0,279.0,2.0,0.9928825622775801,1,0.003424657534246575,0.9965753424657534,23.006849315068493,49.0,15.158529324203633,9,304.0,6718.0,15.009668001671358,9.0,75.04834000835679,0.6989999771118165,24.708667978783176,2.795999908447266,26.805667910118622,8.387999725341798,32.39766772701316,B_SeasonalNaive
10,FOODS_2_196_TX_2,low,intermittent,SeasonalNaive,empirical,7,0.98,6,0,292,165.0,165.0,0.0,1.0,0,0.0,1.0,28.825342465753426,53.0,7.155162171795176,6,182.0,8417.0,15.900059135025495,6.0,79.50029567512748,0.0,21.900059135025494,0.0,21.900059135025494,0.0,21.900059135025494,B_SeasonalNaive
11,HOUSEHOLD_2_315_TX_2,low,intermittent,SeasonalNaive,empirical,7,0.98,6,0,292,122.0,122.0,0.0,1.0,0,0.0,1.0,17.061643835616437,33.0,8.938177438779608,6,127.0,4982.0,18.32079333292295,6.0,91.60396666461473,0.0,24.32079333292295,0.0,24.32079333292295,0.0,24.32079333292295,B_SeasonalNaive
12,FOODS_2_056_WI_3,high,intermittent,SeasonalNaive,empirical,7,0.98,20,0,292,1064.0,1064.0,0.0,1.0,0,0.0,1.0,49.928082191780824,102.0,26.638315385143013,21,1113.0,14579.0,48.789722051130575,21.0,243.9486102556529,0.0,69.78972205113058,0.0,69.78972205113058,0.0,69.78972205113058,B_SeasonalNaive
13,HOBBIES_1_312_WI_3,high,intermittent,SeasonalNaive,empirical,7,0.98,5,1,292,799.0,773.0,26.0,0.967459324155194,5,0.017123287671232876,0.9828767123287672,97.58904109589041,190.0,9.901214205502527,5,789.0,28496.0,7.787605381730484,5.0,38.93802690865242,1.1114999860525132,13.899105367782996,4.445999944210053,17.233605325940538,13.337999832630159,26.12560521436064,B_SeasonalNaive
14,FOODS_3_128_WI_3,medium,intermittent,SeasonalNaive,empirical,7,0.98,4,0,292,156.0,156.0,0.0,1.0,0,0.0,1.0,31.914383561643834,61.0,6.110097649962443,4,171.0,9319.0,13.314680907138406,4.0,66.57340453569202,0.0,17.314680907138406,0.0,17.314680907138406,0.0,17.314680907138406,B_SeasonalNaive
15,HOBBIES_1_036_WI_3,medium,intermittent,SeasonalNaive,empirical,7,0.98,4,0,292,242.0,242.0,0.0,1.0,0,0.0,1.0,60.82534246575342,127.0,4.973256010359777,4,299.0,17761.0,9.537413739235433,4.0,47.687068696177164,0.0,13.537413739235433,0.0,13.537413739235433,0.0,13.537413739235433,B_SeasonalNaive
16,FOODS_3_520_WI_3,low,intermittent,SeasonalNaive,empirical,7,0.98,5,0,292,206.0,206.0,0.0,1.0,0,0.0,1.0,28.736301369863014,60.0,8.96079132403766,5,212.0,8391.0,16.011867200021875,5.0,80.05933600010937,0.0,21.011867200021875,0.0,21.011867200021875,0.0,21.011867200021875,B_SeasonalNaive
17,HOUSEHOLD_1_464_WI_3,low,intermittent,SeasonalNaive,empirical,7,0.98,5,0,292,49.0,49.0,0.0,1.0,0,0.0,1.0,11.726027397260275,24.0,5.2234228971962615,5,54.0,3424.0,15.546367561653867,5.0,77.73183780826935,0.0,20.546367561653867,0.0,20.546367561653867,0.0,20.546367561653867,B_SeasonalNaive
0,FOODS_3_449_CA_3,high,regular,SeasonalNaive,empirical,14,0.9,12,2,292,1628.0,1546.0,82.0,0.9496314496314496,6,0.02054794520547945,0.9794520547945206,105.41095890410959,292.0,18.333008447043532,12,1524.0,30780.0,29.219918089696804,12.0,146.099590448484,12.177000117301944,53.39691820699875,48.708000469207775,89.92791855890458,146.12400140762333,187.34391949732014,B_SeasonalNaive
1,HOUSEHOLD_1_114_CA_3,high,regular,SeasonalNaive,empirical,14,0.9,6,2,292,941.0,936.0,5.0,0.9946865037194474,3,0.010273972602739725,0.9897260273972602,99.7568493150685,260.0,11.7285179717807,7,1082.0,29129.0,13.54698053655559,7.0,67.73490268277796,0.36375001072883606,20.910730547284427,1.4550000429153442,22.001980579470935,4.365000128746033,24.911980665301623,B_SeasonalNaive
2,FOODS_3_784_CA_3,medium,intermittent,SeasonalNaive,empirical,14,0.9,3,0,292,213.0,213.0,0.0,1.0,0,0.0,1.0,48.92465753424658,100.0,5.442041159176816,4,341.0,14286.0,6.84945205479452,4.0,34.2472602739726,0.0,10.84945205479452,0.0,10.84945205479452,0.0,10.84945205479452,B_SeasonalNaive
3,HOUSEHOLD_2_270_CA_3,medium,intermittent,SeasonalNaive,empirical,14,0.9,6,2,292,118.0,104.0,14.0,0.8813559322033898,6,0.02054794520547945,0.9794520547945206,11.818493150684931,47.0,10.999710228919154,6,138.0,3451.0,9.662800252470252,6.0,48.314001262351255,6.132000160217286,21.794800412687536,24.528000640869145,40.1908008933394,73.58400192260743,89.24680217507768,B_SeasonalNaive
4,HOBBIES_1_377_CA_3,low,intermittent,SeasonalNaive,empirical,14,0.9,6,0,292,92.0,92.0,0.0,1.0,0,0.0,1.0,15.256849315068493,29.0,7.537598204264871,6,107.0,4455.0,21.316868885249306,6.0,106.58434442624653,0.0,27.316868885249306,0.0,27.316868885249306,0.0,27.316868885249306,B_SeasonalNaive
5,HOUSEHOLD_2_228_CA_3,low,intermittent,SeasonalNaive,empirical,14,0.9,4,0,292,112.0,112.0,0.0,1.0,0,0.0,1.0,22.67808219178082,43.0,6.173361522198732,4,130.0,6622.0,17.366874676338615,4.0,86.83437338169306,0.0,21.366874676338615,0.0,21.366874676338615,0.0,21.366874676338615,B_SeasonalNaive
6,FOODS_2_347_TX_2,high,regular,SeasonalNaive,empirical,14,0.9,9,4,292,1785.0,1552.0,233.0,0.869467787114846,15,0.05136986301369863,0.9486301369863014,120.05479452054794,341.0,16.1592879963487,11,1638.0,35056.0,29.917654313649212,11.0,149.58827156824606,31.10549950003625,72.02315381368545,124.421998000145,165.3396523137942,373.265994000435,414.1836483140842,B_SeasonalNaive
7,HOUSEHOLD_1_247_TX_2,high,regular,SeasonalNaive,empirical,14,0.9,8,0,292,1273.0,1273.0,0.0,1.0,0,0.0,1.0,90.92808219178082,202.0,17.500094158412114,9,1355.0,26551.0,12.348033925850098,9.0,61.74016962925048,0.0,21.348033925850096,0.0,21.348033925850096,0.0,21.348033925850096,B_SeasonalNaive
8,FOODS_3_729_TX_2,medium,intermittent,SeasonalNaive,empirical,14,0.9,7,0,292,224.0,224.0,0.0,1.0,0,0.0,1.0,29.28082191780822,75.0,9.562573099415205,7,277.0,8550.0,16.31527405079097,7.0,81.57637025395485,0.0,23.31527405079097,0.0,23.31527405079097,0.0,23.31527405079097,B_SeasonalNaive
9,HOBBIES_1_034_TX_2,medium,intermittent,SeasonalNaive,empirical,14,0.9,7,0,292,281.0,281.0,0.0,1.0,0,0.0,1.0,32.417808219178085,65.0,10.835094020705682,8,312.0,9466.0,21.149377389672683,8.0,105.74688694836343,0.0,29.149377389672683,0.0,29.149377389672683,0.0,29.149377389672683,B_SeasonalNaive
10,FOODS_2_196_TX_2,low,intermittent,SeasonalNaive,empirical,14,0.9,5,1,292,165.0,164.0,1.0,0.9939393939393939,1,0.003424657534246575,0.9965753424657534,27.664383561643834,51.0,7.41025006189651,6,202.0,8078.0,15.259674194218361,6.0,76.2983709710918,0.29550000429153445,21.555174198509896,1.1820000171661378,22.441674211384502,3.5460000514984134,24.805674245716776,B_SeasonalNaive
11,HOUSEHOLD_2_315_TX_2,low,intermittent,SeasonalNaive,empirical,14,0.9,5,0,292,122.0,122.0,0.0,1.0,0,0.0,1.0,20.03767123287671,39.0,7.610664843616476,6,137.0,5851.0,21.516451583888433,6.0,107.58225791944216,0.0,27.516451583888433,0.0,27.516451583888433,0.0,27.516451583888433,B_SeasonalNaive
12,FOODS_2_056_WI_3,high,intermittent,SeasonalNaive,empirical,14,0.9,19,3,292,1064.0,1061.0,3.0,0.9971804511278195,2,0.00684931506849315,0.9931506849315068,70.57191780821918,142.0,18.792885912553984,20,1151.0,20607.0,68.96287827063912,20.0,344.8143913531957,1.5705000042915347,90.53337827493066,6.282000017166139,95.24487828780526,18.846000051498415,107.80887832213753,B_SeasonalNaive
13,HOBBIES_1_312_WI_3,high,intermittent,SeasonalNaive,empirical,14,0.9,5,0,292,799.0,799.0,0.0,1.0,0,0.0,1.0,127.46575342465754,340.0,7.835437936593229,5,1013.0,37220.0,10.171766995648813,5.0,50.858834978244076,0.0,15.171766995648813,0.0,15.171766995648813,0.0,15.171766995648813,B_SeasonalNaive
14,FOODS_3_128_WI_3,medium,intermittent,SeasonalNaive,empirical,14,0.9,4,1,292,156.0,153.0,3.0,0.9807692307692307,2,0.00684931506849315,0.9931506849315068,38.667808219178085,60.0,4.945974670091223,5,236.0,11291.0,16.132209692295284,5.0,80.66104846147641,0.6705000042915346,21.802709696586817,2.6820000171661382,23.814209709461423,8.046000051498414,29.178209743793698,B_SeasonalNaive
15,HOBBIES_1_036_WI_3,medium,intermittent,SeasonalNaive,empirical,14,0.9,4,0,292,242.0,242.0,0.0,1.0,0,0.0,1.0,61.976027397260275,123.0,4.880919489418136,4,307.0,18097.0,9.717841137263873,4.0,48.58920568631936,0.0,13.717841137263873,0.0,13.717841137263873,0.0,13.717841137263873,B_SeasonalNaive
16,FOODS_3_520_WI_3,low,intermittent,SeasonalNaive,empirical,14,0.9,6,0,292,206.0,206.0,0.0,1.0,0,0.0,1.0,28.66780821917808,62.0,8.982200453948154,6,237.0,8371.0,15.973702816277333,6.0,79.86851408138666,0.0,21.97370281627733,0.0,21.97370281627733,0.0,21.97370281627733,B_SeasonalNaive
17,HOUSEHOLD_1_464_WI_3,low,intermittent,SeasonalNaive,empirical,14,0.9,4,0,292,49.0,49.0,0.0,1.0,0,0.0,1.0,15.133561643835616,28.0,4.047295768273365,4,59.0,4419.0,20.06407659315083,4.0,100.32038296575415,0.0,24.06407659315083,0.0,24.06407659315083,0.0,24.06407659315083,B_SeasonalNaive
0,FOODS_3_449_CA_3,high,regular,SeasonalNaive,empirical,14,0.95,12,3,292,1628.0,1559.0,69.0,0.9576167076167076,5,0.017123287671232876,0.9828767123287672,124.0958904109589,375.0,15.703582073076499,12,1549.0,36236.0,34.39938115328958,12.0,171.9969057664479,10.246500098705294,56.64588125199488,40.986000394821176,87.38538154811076,122.95800118446353,169.3573823377531,B_SeasonalNaive
1,HOUSEHOLD_1_114_CA_3,high,regular,SeasonalNaive,empirical,14,0.95,6,2,292,941.0,938.0,3.0,0.9968119022316685,1,0.003424657534246575,0.9965753424657534,110.41780821917808,271.0,10.618758141554494,7,1095.0,32242.0,14.99473879843542,7.0,74.9736939921771,0.21825000643730164,22.212988804872722,0.8730000257492065,22.867738824184627,2.6190000772476196,24.61373887568304,B_SeasonalNaive
2,FOODS_3_784_CA_3,medium,intermittent,SeasonalNaive,empirical,14,0.95,3,0,292,213.0,213.0,0.0,1.0,0,0.0,1.0,64.54109589041096,109.0,4.1252785737026425,4,342.0,18846.0,9.035753424657534,4.0,45.17876712328767,0.0,13.035753424657534,0.0,13.035753424657534,0.0,13.035753424657534,B_SeasonalNaive
3,HOUSEHOLD_2_270_CA_3,medium,intermittent,SeasonalNaive,empirical,14,0.95,6,3,292,118.0,106.0,12.0,0.8983050847457628,5,0.017123287671232876,0.9828767123287672,14.60958904109589,65.0,9.06938584153774,6,142.0,4266.0,11.944800312094493,6.0,59.72400156047246,5.256000137329102,23.200800449423596,21.02400054931641,38.9688008614109,63.07200164794922,81.01680196004372,B_SeasonalNaive
4,HOBBIES_1_377_CA_3,low,intermittent,SeasonalNaive,empirical,14,0.95,6,0,292,92.0,92.0,0.0,1.0,0,0.0,1.0,16.205479452054796,30.0,7.09636517328825,6,108.0,4732.0,22.642294851851787,6.0,113.21147425925895,0.0,28.642294851851787,0.0,28.642294851851787,0.0,28.642294851851787,B_SeasonalNaive
5,HOUSEHOLD_2_228_CA_3,low,intermittent,SeasonalNaive,empirical,14,0.95,4,0,292,112.0,112.0,0.0,1.0,0,0.0,1.0,23.626712328767123,44.0,5.92549644876069,4,131.0,6899.0,18.09333560737845,4.0,90.46667803689225,0.0,22.09333560737845,0.0,22.09333560737845,0.0,22.09333560737845,B_SeasonalNaive
6,FOODS_2_347_TX_2,high,regular,SeasonalNaive,empirical,14,0.95,9,4,292,1785.0,1564.0,221.0,0.8761904761904762,14,0.04794520547945205,0.952054794520548,124.36986301369863,347.0,15.719242207291549,11,1650.0,36316.0,30.99296936485865,11.0,154.96484682429326,29.503499525785458,71.49646889064411,118.01399810314183,160.00696746800048,354.0419943094255,396.03496367428414,B_SeasonalNaive
7,HOUSEHOLD_1_247_TX_2,high,regular,SeasonalNaive,empirical,14,0.95,8,0,292,1273.0,1273.0,0.0,1.0,0,0.0,1.0,98.98972602739725,209.0,16.074900536239408,9,1372.0,28905.0,13.442805191017177,9.0,67.21402595508589,0.0,22.44280519101718,0.0,22.44280519101718,0.0,22.44280519101718,B_SeasonalNaive
8,FOODS_3_729_TX_2,medium,intermittent,SeasonalNaive,empirical,14,0.95,7,0,292,224.0,224.0,0.0,1.0,0,0.0,1.0,32.455479452054796,78.0,8.627202701276776,7,280.0,9477.0,18.084193237350412,7.0,90.42096618675207,0.0,25.084193237350412,0.0,25.084193237350412,0.0,25.084193237350412,B_SeasonalNaive
9,HOBBIES_1_034_TX_2,medium,intermittent,SeasonalNaive,empirical,14,0.95,7,0,292,281.0,281.0,0.0,1.0,0,0.0,1.0,34.23972602739726,67.0,10.258551710342068,8,314.0,9998.0,22.33799652883451,8.0,111.68998264417256,0.0,30.33799652883451,0.0,30.33799652883451,0.0,30.33799652883451,B_SeasonalNaive
10,FOODS_2_196_TX_2,low,intermittent,SeasonalNaive,empirical,14,0.95,6,0,292,165.0,165.0,0.0,1.0,0,0.0,1.0,34.33561643835616,60.0,6.00688210652304,6,188.0,10026.0,18.939526302455224,6.0,94.6976315122761,0.0,24.939526302455224,0.0,24.939526302455224,0.0,24.939526302455224,B_SeasonalNaive
11,HOUSEHOLD_2_315_TX_2,low,intermittent,SeasonalNaive,empirical,14,0.95,5,0,292,122.0,122.0,0.0,1.0,0,0.0,1.0,20.986301369863014,40.0,7.266644908616188,6,138.0,6128.0,22.535090635116784,6.0,112.67545317558393,0.0,28.535090635116784,0.0,28.535090635116784,0.0,28.535090635116784,B_SeasonalNaive
12,FOODS_2_056_WI_3,high,intermittent,SeasonalNaive,empirical,14,0.95,18,0,292,1064.0,1064.0,0.0,1.0,0,0.0,1.0,79.48287671232876,146.0,16.733163858847863,19,1161.0,23209.0,77.67066733552984,19.0,388.35333667764917,0.0,96.67066733552984,0.0,96.67066733552984,0.0,96.67066733552984,B_SeasonalNaive
13,HOBBIES_1_312_WI_3,high,intermittent,SeasonalNaive,empirical,14,0.95,5,0,292,799.0,799.0,0.0,1.0,0,0.0,1.0,130.16095890410958,348.0,7.673191780461495,5,1021.0,38007.0,10.386844390210221,5.0,51.93422195105111,0.0,15.386844390210221,0.0,15.386844390210221,0.0,15.386844390210221,B_SeasonalNaive
14,FOODS_3_128_WI_3,medium,intermittent,SeasonalNaive,empirical,14,0.95,4,1,292,156.0,154.0,2.0,0.9871794871794872,1,0.003424657534246575,0.9965753424657534,43.64383561643836,74.0,4.410703075957313,5,239.0,12744.0,18.208208335719696,5.0,91.04104167859848,0.44700000286102304,23.65520833858072,1.7880000114440922,24.996208347163787,5.3640000343322765,28.572208370051975,B_SeasonalNaive
15,HOBBIES_1_036_WI_3,medium,intermittent,SeasonalNaive,empirical,14,0.95,4,0,292,242.0,242.0,0.0,1.0,0,0.0,1.0,65.77054794520548,127.0,4.599323092944545,4,311.0,19205.0,10.312821961714796,4.0,51.56410980857398,0.0,14.312821961714796,0.0,14.312821961714796,0.0,14.312821961714796,B_SeasonalNaive
16,FOODS_3_520_WI_3,low,intermittent,SeasonalNaive,empirical,14,0.95,6,0,292,206.0,206.0,0.0,1.0,0,0.0,1.0,29.606164383561644,63.0,8.697513013302487,6,238.0,8645.0,16.496554873577534,6.0,82.48277436788769,0.0,22.496554873577534,0.0,22.496554873577534,0.0,22.496554873577534,B_SeasonalNaive
17,HOUSEHOLD_1_464_WI_3,low,intermittent,SeasonalNaive,empirical,14,0.95,5,0,292,49.0,49.0,0.0,1.0,0,0.0,1.0,16.08219178082192,29.0,3.8085604770017034,5,60.0,4696.0,21.321770464230887,5.0,106.60885232115446,0.0,26.321770464230887,0.0,26.321770464230887,0.0,26.321770464230887,B_SeasonalNaive
0,FOODS_3_449_CA_3,high,regular,SeasonalNaive,empirical,14,0.98,12,3,292,1628.0,1573.0,55.0,0.9662162162162162,5,0.017123287671232876,0.9828767123287672,136.65753424657535,389.0,14.388156575781874,12,1577.0,39904.0,37.881468858065666,12.0,189.40734429032835,8.167500078678133,58.0489689367438,32.67000031471253,82.5514691727782,98.0100009441376,147.89146980220326,B_SeasonalNaive
1,HOUSEHOLD_1_114_CA_3,high,regular,SeasonalNaive,empirical,14,0.98,6,2,292,941.0,938.0,3.0,0.9968119022316685,1,0.003424657534246575,0.9965753424657534,117.47260273972603,281.0,9.981050667599558,7,1105.0,34302.0,15.952779922583332,7.0,79.76389961291666,0.21825000643730164,23.171029929020634,0.8730000257492065,23.82577994833254,2.6190000772476196,25.57177999983095,B_SeasonalNaive
2,FOODS_3_784_CA_3,medium,intermittent,SeasonalNaive,empirical,14,0.98,3,0,292,213.0,213.0,0.0,1.0,0,0.0,1.0,76.8972602739726,149.0,3.462412042397791,3,249.0,22454.0,10.765616438356163,3.0,53.82808219178082,0.0,13.765616438356163,0.0,13.765616438356163,0.0,13.765616438356163,B_SeasonalNaive
3,HOUSEHOLD_2_270_CA_3,medium,intermittent,SeasonalNaive,empirical,14,0.98,6,3,292,118.0,112.0,6.0,0.9491525423728814,2,0.00684931506849315,0.9931506849315068,19.938356164383563,71.0,7.021642047406389,6,154.0,5822.0,16.30160042592924,6.0,81.5080021296462,2.628000068664551,24.929600494593792,10.512000274658204,32.81360070058744,31.53600082397461,53.837601249903855,B_SeasonalNaive
4,HOBBIES_1_377_CA_3,low,intermittent,SeasonalNaive,empirical,14,0.98,6,0,292,92.0,92.0,0.0,1.0,0,0.0,1.0,18.102739726027398,32.0,6.35262958758986,6,110.0,5286.0,25.293146785056752,6.0,126.46573392528377,0.0,31.293146785056752,0.0,31.293146785056752,0.0,31.293146785056752,B_SeasonalNaive
5,HOUSEHOLD_2_228_CA_3,low,intermittent,SeasonalNaive,empirical,14,0.98,4,0,292,112.0,112.0,0.0,1.0,0,0.0,1.0,24.575342465753426,45.0,5.696767001114827,4,132.0,7176.0,18.819796538418284,4.0,94.09898269209143,0.0,22.819796538418284,0.0,22.819796538418284,0.0,22.819796538418284,B_SeasonalNaive
6,FOODS_2_347_TX_2,high,regular,SeasonalNaive,empirical,14,0.98,9,5,292,1785.0,1650.0,135.0,0.9243697478991597,8,0.0273972602739726,0.9726027397260274,147.52739726027397,464.0,13.98045406007707,11,1737.0,43078.0,36.76382680634929,11.0,183.81913403174647,18.022499710321433,65.78632651667073,72.08999884128573,119.85382564763503,216.2699965238572,264.0338233302065,B_SeasonalNaive
7,HOUSEHOLD_1_247_TX_2,high,regular,SeasonalNaive,empirical,14,0.98,8,0,292,1273.0,1273.0,0.0,1.0,0,0.0,1.0,106.49657534246575,217.0,14.94179502845934,9,1380.0,31097.0,14.462235358071654,9.0,72.31117679035826,0.0,23.462235358071652,0.0,23.462235358071652,0.0,23.462235358071652,B_SeasonalNaive
8,FOODS_3_729_TX_2,medium,intermittent,SeasonalNaive,empirical,14,0.98,7,0,292,224.0,224.0,0.0,1.0,0,0.0,1.0,36.86986301369863,83.0,7.594278283485046,7,285.0,10766.0,20.54388776968603,7.0,102.71943884843016,0.0,27.54388776968603,0.0,27.54388776968603,0.0,27.54388776968603,B_SeasonalNaive
9,HOBBIES_1_034_TX_2,medium,intermittent,SeasonalNaive,empirical,14,0.98,7,0,292,281.0,281.0,0.0,1.0,0,0.0,1.0,36.06164383561644,69.0,9.740265906932574,8,316.0,10530.0,23.52661566799634,8.0,117.6330783399817,0.0,31.52661566799634,0.0,31.52661566799634,0.0,31.52661566799634,B_SeasonalNaive
10,FOODS_2_196_TX_2,low,intermittent,SeasonalNaive,empirical,14,0.98,5,0,292,165.0,165.0,0.0,1.0,0,0.0,1.0,39.582191780821915,65.0,5.2106765876449215,6,229.0,11558.0,21.833537303388937,6.0,109.16768651694467,0.0,27.833537303388937,0.0,27.833537303388937,0.0,27.833537303388937,B_SeasonalNaive
11,HOUSEHOLD_2_315_TX_2,low,intermittent,SeasonalNaive,empirical,14,0.98,5,0,292,122.0,122.0,0.0,1.0,0,0.0,1.0,21.934931506849313,41.0,6.9523809523809526,6,139.0,6405.0,23.55372968634514,6.0,117.76864843172568,0.0,29.55372968634514,0.0,29.55372968634514,0.0,29.55372968634514,B_SeasonalNaive
12,FOODS_2_056_WI_3,high,intermittent,SeasonalNaive,empirical,14,0.98,19,0,292,1064.0,1064.0,0.0,1.0,0,0.0,1.0,81.53767123287672,151.0,16.311478852534755,20,1166.0,23809.0,79.67861254649618,20.0,398.393062732481,0.0,99.67861254649618,0.0,99.67861254649618,0.0,99.67861254649618,B_SeasonalNaive
13,HOBBIES_1_312_WI_3,high,intermittent,SeasonalNaive,empirical,14,0.98,5,0,292,799.0,799.0,0.0,1.0,0,0.0,1.0,150.37328767123287,362.0,6.641804641417477,5,1035.0,43909.0,11.999788205586883,5.0,59.998941027934414,0.0,16.99978820558688,0.0,16.99978820558688,0.0,16.99978820558688,B_SeasonalNaive
14,FOODS_3_128_WI_3,medium,intermittent,SeasonalNaive,empirical,14,0.98,4,0,292,156.0,156.0,0.0,1.0,0,0.0,1.0,46.43835616438356,77.0,4.199115044247788,5,242.0,13560.0,19.374082315784612,5.0,96.87041157892305,0.0,24.374082315784612,0.0,24.374082315784612,0.0,24.374082315784612,B_SeasonalNaive
15,HOBBIES_1_036_WI_3,medium,intermittent,SeasonalNaive,empirical,14,0.98,4,0,292,242.0,242.0,0.0,1.0,0,0.0,1.0,69.56506849315069,131.0,4.3484468074632,4,315.0,20313.0,10.90780278616572,4.0,54.5390139308286,0.0,14.90780278616572,0.0,14.90780278616572,0.0,14.90780278616572,B_SeasonalNaive
16,FOODS_3_520_WI_3,low,intermittent,SeasonalNaive,empirical,14,0.98,6,0,292,206.0,206.0,0.0,1.0,0,0.0,1.0,31.20205479452055,71.0,8.252661617824607,6,225.0,9111.0,17.385785014825323,6.0,86.92892507412662,0.0,23.385785014825323,0.0,23.385785014825323,0.0,23.385785014825323,B_SeasonalNaive
17,HOUSEHOLD_1_464_WI_3,low,intermittent,SeasonalNaive,empirical,14,0.98,5,0,292,49.0,49.0,0.0,1.0,0,0.0,1.0,16.48972602739726,30.0,3.7144340602284527,5,66.0,4815.0,21.86207938357575,5.0,109.31039691787876,0.0,26.86207938357575,0.0,26.86207938357575,0.0,26.86207938357575,B_SeasonalNaive
0,FOODS_3_449_CA_3,high,regular,MovingAverage,gaussian,3,0.9,14,2,292,1628.0,1583.0,45.0,0.9723587223587223,3,0.010273972602739725,0.9897260273972602,58.4486301369863,179.0,33.85451456026249,14,1578.0,17067.0,16.201960430047283,14.0,81.00980215023641,6.682500064373018,36.8844604944203,26.730000257492073,56.93196068753936,80.19000077247621,110.39196120252349,B_MovingAverage
1,HOUSEHOLD_1_114_CA_3,high,regular,MovingAverage,gaussian,3,0.9,7,3,292,941.0,925.0,16.0,0.9829968119022316,3,0.010273972602739725,0.9897260273972602,63.98287671232877,181.0,18.071241235347642,7,922.0,18683.0,8.688874913813317,7.0,43.44437456906658,1.1640000343322754,16.85287494814559,4.656000137329102,20.344875051142417,13.968000411987305,29.65687532580062,B_MovingAverage
2,FOODS_3_784_CA_3,medium,intermittent,MovingAverage,gaussian,3,0.9,4,1,292,213.0,210.0,3.0,0.9859154929577465,1,0.003424657534246575,0.9965753424657534,34.00684931506849,78.0,7.719033232628399,4,251.0,9930.0,4.7609589041095886,4.0,23.804794520547944,0.22500000000000003,8.985958904109589,0.9000000000000001,9.66095890410959,2.7,11.460958904109589,B_MovingAverage
3,HOUSEHOLD_2_270_CA_3,medium,intermittent,MovingAverage,gaussian,3,0.9,6,1,292,118.0,114.0,4.0,0.9661016949152542,2,0.00684931506849315,0.9931506849315068,10.924657534246576,34.0,13.043887147335424,6,144.0,3190.0,8.932000233375863,6.0,44.66000116687931,1.7520000457763674,16.68400027915223,7.0080001831054695,21.940000416481332,21.02400054931641,35.95600078269227,B_MovingAverage
4,HOBBIES_1_377_CA_3,low,intermittent,MovingAverage,gaussian,3,0.9,7,0,292,92.0,92.0,0.0,1.0,0,0.0,1.0,8.513698630136986,16.0,13.507642799678198,7,93.0,2486.0,11.895339180410724,7.0,59.47669590205362,0.0,18.895339180410723,0.0,18.895339180410723,0.0,18.895339180410723,B_MovingAverage
5,HOUSEHOLD_2_228_CA_3,low,intermittent,MovingAverage,gaussian,3,0.9,5,2,292,112.0,103.0,9.0,0.9196428571428571,4,0.0136986301369863,0.9863013698630136,11.530821917808218,26.0,11.165726165726166,5,102.0,3367.0,8.830303085960754,5.0,44.151515429803766,3.692249858379365,17.52255294434012,14.76899943351746,28.599302519478215,44.30699830055238,58.13730138651313,B_MovingAverage
6,FOODS_2_347_TX_2,high,regular,MovingAverage,gaussian,3,0.9,13,5,292,1785.0,1639.0,146.0,0.9182072829131652,11,0.03767123287671233,0.9623287671232876,64.88356164383562,183.0,31.57579436292621,13,1618.0,18946.0,16.16898330175713,13.0,80.84491650878566,19.490999686717995,48.65998298847512,77.96399874687198,107.13298204862912,233.89199624061592,263.06097954237305,B_MovingAverage
7,HOUSEHOLD_1_247_TX_2,high,regular,MovingAverage,gaussian,3,0.9,9,2,292,1273.0,1260.0,13.0,0.9897879025923016,2,0.00684931506849315,0.9931506849315068,71.39041095890411,148.0,22.06178643384822,9,1253.0,20846.0,9.694818094168625,9.0,48.47409047084312,0.9457500278949738,19.6405681220636,3.783000111579895,22.47781820574852,11.349000334739685,30.04381842890831,B_MovingAverage
8,FOODS_3_729_TX_2,medium,intermittent,MovingAverage,gaussian,3,0.9,8,0,292,224.0,224.0,0.0,1.0,0,0.0,1.0,18.404109589041095,48.0,15.213993301079272,8,255.0,5374.0,10.254769912157972,8.0,51.27384956078986,0.0,18.254769912157972,0.0,18.254769912157972,0.0,18.254769912157972,B_MovingAverage
9,HOBBIES_1_034_TX_2,medium,intermittent,MovingAverage,gaussian,3,0.9,9,3,292,281.0,272.0,9.0,0.9679715302491103,4,0.0136986301369863,0.9863013698630136,17.09931506849315,47.0,19.88383737232125,9,282.0,4993.0,11.155592785404153,9.0,55.777963927020764,3.145499897003174,23.301092682407326,12.581999588012696,32.737592373416845,37.74599876403809,57.901591549442244,B_MovingAverage
10,FOODS_2_196_TX_2,low,intermittent,MovingAverage,gaussian,3,0.9,6,0,292,165.0,165.0,0.0,1.0,0,0.0,1.0,15.236301369863014,35.0,13.53674983142279,7,192.0,4449.0,8.404343957672381,7.0,42.0217197883619,0.0,15.404343957672381,0.0,15.404343957672381,0.0,15.404343957672381,B_MovingAverage
11,HOUSEHOLD_2_315_TX_2,low,intermittent,MovingAverage,gaussian,3,0.9,7,0,292,122.0,122.0,0.0,1.0,0,0.0,1.0,10.801369863013699,22.0,14.11857958148383,7,124.0,3154.0,11.598511074275187,7.0,57.99255537137593,0.0,18.598511074275187,0.0,18.598511074275187,0.0,18.598511074275187,B_MovingAverage
12,FOODS_2_056_WI_3,high,intermittent,MovingAverage,gaussian,3,0.9,20,6,292,1064.0,1035.0,29.0,0.9727443609022557,8,0.0273972602739726,0.9726027397260274,28.102739726027398,66.0,46.03643675359493,21,1058.0,8206.0,27.461997335316383,21.0,137.3099866765819,15.181500041484835,63.64349737680122,60.72600016593934,109.18799750125572,182.17800049781803,230.63999783313443,B_MovingAverage
13,HOBBIES_1_312_WI_3,high,intermittent,MovingAverage,gaussian,3,0.9,6,3,292,799.0,781.0,18.0,0.9774718397997497,5,0.017123287671232876,0.9828767123287672,78.73972602739725,180.0,12.398442936673627,6,876.0,22992.0,6.283430058139643,6.0,31.417150290698217,0.7694999903440476,13.052930048483692,3.0779999613761904,15.361430019515833,9.233999884128572,21.517429942268215,B_MovingAverage
14,FOODS_3_128_WI_3,medium,intermittent,MovingAverage,gaussian,3,0.9,4,0,292,156.0,156.0,0.0,1.0,0,0.0,1.0,26.756849315068493,54.0,7.287853577371048,4,158.0,7813.0,11.162957605695071,4.0,55.81478802847535,0.0,15.162957605695071,0.0,15.162957605695071,0.0,15.162957605695071,B_MovingAverage
15,HOBBIES_1_036_WI_3,medium,intermittent,MovingAverage,gaussian,3,0.9,4,2,292,242.0,238.0,4.0,0.9834710743801653,3,0.010273972602739725,0.9897260273972602,32.70205479452055,77.0,9.097287674102,4,254.0,9549.0,5.1276822136117985,4.0,25.638411068058993,0.33600000143051156,9.46368221504231,1.3440000057220463,10.471682219333845,4.032000017166139,13.159682230777937,B_MovingAverage
16,FOODS_3_520_WI_3,low,intermittent,MovingAverage,gaussian,3,0.9,7,1,292,206.0,203.0,3.0,0.9854368932038835,1,0.003424657534246575,0.9965753424657534,15.684931506849315,33.0,16.177947598253276,7,205.0,4580.0,8.739643877499724,7.0,43.69821938749862,0.8955000042915344,16.635143881791258,3.5820000171661377,19.32164389466586,10.746000051498413,26.485643928998137,B_MovingAverage
17,HOUSEHOLD_1_464_WI_3,low,intermittent,MovingAverage,gaussian,3,0.9,5,0,292,49.0,49.0,0.0,1.0,0,0.0,1.0,5.38013698630137,11.0,11.384468491406748,5,48.0,1571.0,7.132985817569575,5.0,35.66492908784788,0.0,12.132985817569576,0.0,12.132985817569576,0.0,12.132985817569576,B_MovingAverage
0,FOODS_3_449_CA_3,high,regular,MovingAverage,gaussian,3,0.95,14,2,292,1628.0,1586.0,42.0,0.9742014742014742,3,0.010273972602739725,0.9897260273972602,60.68493150684932,182.0,32.668735891647856,14,1584.0,17720.0,16.821863175744877,14.0,84.10931587872439,6.237000060081483,37.05886323582636,24.948000240325932,55.769863416070805,74.8440007209778,105.66586389672268,B_MovingAverage
1,HOUSEHOLD_1_114_CA_3,high,regular,MovingAverage,gaussian,3,0.95,7,0,292,941.0,941.0,0.0,1.0,0,0.0,1.0,67.62671232876713,164.0,17.39327492783714,8,1044.0,19747.0,9.183707805120783,8.0,45.91853902560391,0.0,17.183707805120783,0.0,17.183707805120783,0.0,17.183707805120783,B_MovingAverage
2,FOODS_3_784_CA_3,medium,intermittent,MovingAverage,gaussian,3,0.95,4,1,292,213.0,206.0,7.0,0.9671361502347418,3,0.010273972602739725,0.9897260273972602,38.25,83.0,6.73202614379085,4,262.0,11169.0,5.3549999999999995,4.0,26.775,0.5250000000000001,9.88,2.1000000000000005,11.455000000000002,6.300000000000001,15.655000000000001,B_MovingAverage
3,HOUSEHOLD_2_270_CA_3,medium,intermittent,MovingAverage,gaussian,3,0.95,6,1,292,118.0,114.0,4.0,0.9661016949152542,2,0.00684931506849315,0.9931506849315068,10.722602739726028,30.0,13.289683807090386,6,138.0,3131.0,8.766800229059507,6.0,43.834001145297535,1.7520000457763674,16.518800274835876,7.0080001831054695,21.77480041216498,21.02400054931641,35.79080077837592,B_MovingAverage
4,HOBBIES_1_377_CA_3,low,intermittent,MovingAverage,gaussian,3,0.95,7,0,292,92.0,92.0,0.0,1.0,0,0.0,1.0,8.876712328767123,17.0,12.955246913580247,7,94.0,2592.0,12.402541896872323,7.0,62.01270948436162,0.0,19.40254189687232,0.0,19.40254189687232,0.0,19.40254189687232,B_MovingAverage
5,HOUSEHOLD_2_228_CA_3,low,intermittent,MovingAverage,gaussian,3,0.95,5,2,292,112.0,104.0,8.0,0.9285714285714286,4,0.0136986301369863,0.9863013698630136,12.267123287671232,27.0,10.597431602456728,5,104.0,3582.0,9.394162653374345,5.0,46.97081326687172,3.281999874114991,17.676162527489335,13.127999496459964,27.52216214983431,39.38399848937989,53.778161142754236,B_MovingAverage
6,FOODS_2_347_TX_2,high,regular,MovingAverage,gaussian,3,0.95,13,5,292,1785.0,1709.0,76.0,0.9574229691876751,9,0.030821917808219176,0.9691780821917808,73.67465753424658,264.0,28.995723516013573,13,1689.0,21513.0,18.359724362435404,13.0,91.79862181217702,10.145999836921696,41.505724199357104,40.583999347686785,71.94372371012219,121.75199804306034,153.11172240549575,B_MovingAverage
7,HOUSEHOLD_1_247_TX_2,high,regular,MovingAverage,gaussian,3,0.95,9,1,292,1273.0,1272.0,1.0,0.9992144540455616,1,0.003424657534246575,0.9965753424657534,72.4417808219178,152.0,21.9486597645724,9,1262.0,21153.0,9.837594125777075,9.0,49.18797062888537,0.07275000214576721,18.91034412792284,0.29100000858306885,19.128594134360142,0.8730000257492065,19.71059415152628,B_MovingAverage
8,FOODS_3_729_TX_2,medium,intermittent,MovingAverage,gaussian,3,0.95,8,0,292,224.0,224.0,0.0,1.0,0,0.0,1.0,19.671232876712327,49.0,14.23398328690808,8,256.0,5744.0,10.960811011431968,8.0,54.804055057159836,0.0,18.960811011431968,0.0,18.960811011431968,0.0,18.960811011431968,B_MovingAverage
9,HOBBIES_1_034_TX_2,medium,intermittent,MovingAverage,gaussian,3,0.95,9,3,292,281.0,274.0,7.0,0.9750889679715302,4,0.0136986301369863,0.9863013698630136,17.71232876712329,46.0,19.336813611755606,9,281.0,5172.0,11.555522909295068,9.0,57.77761454647535,2.446499919891358,23.002022829186426,9.785999679565432,30.3415225888605,29.357999038696292,49.913521947991356,B_MovingAverage
10,FOODS_2_196_TX_2,low,intermittent,MovingAverage,gaussian,3,0.95,7,0,292,165.0,165.0,0.0,1.0,0,0.0,1.0,15.017123287671232,33.0,13.734321550741164,7,184.0,4385.0,8.283445325779589,7.0,41.417226628897936,0.0,15.283445325779589,0.0,15.283445325779589,0.0,15.283445325779589,B_MovingAverage
11,HOUSEHOLD_2_315_TX_2,low,intermittent,MovingAverage,gaussian,3,0.95,7,0,292,122.0,122.0,0.0,1.0,0,0.0,1.0,11.35958904109589,23.0,13.42478142900211,7,125.0,3317.0,12.197926833662269,7.0,60.98963416831134,0.0,19.19792683366227,0.0,19.19792683366227,0.0,19.19792683366227,B_MovingAverage
12,FOODS_2_056_WI_3,high,intermittent,MovingAverage,gaussian,3,0.95,21,4,292,1064.0,1053.0,11.0,0.9896616541353384,4,0.0136986301369863,0.9863013698630136,30.46917808219178,65.0,43.19939305383837,21,1045.0,8897.0,29.77448090327929,21.0,148.87240451639644,5.758500015735628,56.53298091901492,23.03400006294251,73.8084809662218,69.10200018882753,119.87648109210681,B_MovingAverage
13,HOBBIES_1_312_WI_3,high,intermittent,MovingAverage,gaussian,3,0.95,6,2,292,799.0,783.0,16.0,0.9799749687108886,3,0.010273972602739725,0.9897260273972602,79.16438356164383,182.0,12.363514448866589,6,880.0,23116.0,6.317317728947286,6.0,31.58658864473643,0.6839999914169312,13.001317720364217,2.735999965667725,15.05331769461501,8.207999897003175,20.52531762595046,B_MovingAverage
14,FOODS_3_128_WI_3,medium,intermittent,MovingAverage,gaussian,3,0.95,4,0,292,156.0,156.0,0.0,1.0,0,0.0,1.0,26.976027397260275,54.0,7.2286403453091275,4,159.0,7877.0,11.25439870217075,4.0,56.271993510853754,0.0,15.25439870217075,0.0,15.25439870217075,0.0,15.25439870217075,B_MovingAverage
15,HOBBIES_1_036_WI_3,medium,intermittent,MovingAverage,gaussian,3,0.95,4,1,292,242.0,239.0,3.0,0.987603305785124,2,0.00684931506849315,0.9931506849315068,33.1541095890411,77.0,9.010949282098956,4,254.0,9681.0,5.198564405694399,4.0,25.992822028472,0.2520000010728837,9.450564406767281,1.0080000042915347,10.206564409985933,3.024000012874604,12.222564418569002,B_MovingAverage
16,FOODS_3_520_WI_3,low,intermittent,MovingAverage,gaussian,3,0.95,8,0,292,206.0,206.0,0.0,1.0,0,0.0,1.0,15.695205479452055,34.0,16.40628409338861,8,229.0,4583.0,8.745368535061404,8.0,43.726842675307026,0.0,16.745368535061402,0.0,16.745368535061402,0.0,16.745368535061402,B_MovingAverage
17,HOUSEHOLD_1_464_WI_3,low,intermittent,MovingAverage,gaussian,3,0.95,5,0,292,49.0,49.0,0.0,1.0,0,0.0,1.0,6.445205479452055,14.0,9.503188097768332,5,53.0,1882.0,8.545053665605309,5.0,42.72526832802655,0.0,13.545053665605309,0.0,13.545053665605309,0.0,13.545053665605309,B_MovingAverage
0,FOODS_3_449_CA_3,high,regular,MovingAverage,gaussian,3,0.98,14,2,292,1628.0,1589.0,39.0,0.976044226044226,3,0.010273972602739725,0.9897260273972602,65.09246575342466,184.0,30.514284211080128,14,1590.0,19007.0,18.043631680664948,14.0,90.21815840332475,5.791500055789949,37.83513173645489,23.166000223159795,55.20963190382474,69.49800066947938,101.54163235014433,B_MovingAverage
1,HOUSEHOLD_1_114_CA_3,high,regular,MovingAverage,gaussian,3,0.98,7,0,292,941.0,941.0,0.0,1.0,0,0.0,1.0,69.54452054794521,167.0,16.91362584330526,8,1047.0,20307.0,9.444146168966816,8.0,47.22073084483409,0.0,17.444146168966817,0.0,17.444146168966817,0.0,17.444146168966817,B_MovingAverage
2,FOODS_3_784_CA_3,medium,intermittent,MovingAverage,gaussian,3,0.98,3,0,292,213.0,213.0,0.0,1.0,0,0.0,1.0,41.85616438356164,85.0,6.361070201276387,4,279.0,12222.0,5.85986301369863,4.0,29.299315068493147,0.0,9.859863013698629,0.0,9.859863013698629,0.0,9.859863013698629,B_MovingAverage
3,HOUSEHOLD_2_270_CA_3,medium,intermittent,MovingAverage,gaussian,3,0.98,6,1,292,118.0,115.0,3.0,0.9745762711864406,2,0.00684931506849315,0.9931506849315068,11.873287671232877,35.0,12.107008941447937,6,146.0,3467.0,9.70760025364079,6.0,48.53800126820394,1.3140000343322755,17.021600287973065,5.256000137329102,20.96360039096989,15.768000411987305,31.475600665628093,B_MovingAverage
4,HOBBIES_1_377_CA_3,low,intermittent,MovingAverage,gaussian,3,0.98,7,0,292,92.0,92.0,0.0,1.0,0,0.0,1.0,9.845890410958905,17.0,11.68,7,94.0,2875.0,13.756677451199048,7.0,68.78338725599524,0.0,20.756677451199046,0.0,20.756677451199046,0.0,20.756677451199046,B_MovingAverage
5,HOUSEHOLD_2_228_CA_3,low,intermittent,MovingAverage,gaussian,3,0.98,5,2,292,112.0,104.0,8.0,0.9285714285714286,3,0.010273972602739725,0.9897260273972602,12.277397260273972,24.0,10.588563458856347,6,125.0,3585.0,9.402030461291744,6.0,47.010152306458714,3.281999874114991,18.684030335406735,13.127999496459964,28.530029957751708,39.38399848937989,54.786028950671636,B_MovingAverage
6,FOODS_2_347_TX_2,high,regular,MovingAverage,gaussian,3,0.98,13,4,292,1785.0,1672.0,113.0,0.9366946778711485,8,0.0273972602739726,0.9726027397260274,68.97260273972603,182.0,30.30188679245283,13,1652.0,20140.0,17.187972326474643,13.0,85.93986163237322,15.08549975752831,45.273472084002954,60.34199903011324,90.52997135658788,181.02599709033973,211.21396941681436,B_MovingAverage
7,HOUSEHOLD_1_247_TX_2,high,regular,MovingAverage,gaussian,3,0.98,9,0,292,1273.0,1273.0,0.0,1.0,0,0.0,1.0,74.07534246575342,154.0,21.481507165973188,9,1265.0,21630.0,10.059431803553071,9.0,50.29715901776536,0.0,19.05943180355307,0.0,19.05943180355307,0.0,19.05943180355307,B_MovingAverage
8,FOODS_3_729_TX_2,medium,intermittent,MovingAverage,gaussian,3,0.98,8,0,292,224.0,224.0,0.0,1.0,0,0.0,1.0,20.695205479452056,50.0,13.52970378950852,8,257.0,6043.0,11.531368548412845,8.0,57.656842742064235,0.0,19.531368548412843,0.0,19.531368548412843,0.0,19.531368548412843,B_MovingAverage
9,HOBBIES_1_034_TX_2,medium,intermittent,MovingAverage,gaussian,3,0.98,9,2,292,281.0,276.0,5.0,0.9822064056939501,3,0.010273972602739725,0.9897260273972602,18.606164383561644,47.0,18.542241855328548,9,284.0,5433.0,12.138661246365062,9.0,60.69330623182532,1.7474999427795412,22.8861611891446,6.989999771118165,28.128661017483225,20.969999313354496,42.10866055971955,B_MovingAverage
10,FOODS_2_196_TX_2,low,intermittent,MovingAverage,gaussian,3,0.98,7,0,292,165.0,165.0,0.0,1.0,0,0.0,1.0,15.89041095890411,34.0,12.979525862068966,7,185.0,4640.0,8.765150812227432,7.0,43.82575406113716,0.0,15.765150812227432,0.0,15.765150812227432,0.0,15.765150812227432,B_MovingAverage
11,HOUSEHOLD_2_315_TX_2,low,intermittent,MovingAverage,gaussian,3,0.98,7,1,292,122.0,121.0,1.0,0.9918032786885246,1,0.003424657534246575,0.9965753424657534,12.428082191780822,25.0,12.170019289060347,7,130.0,3629.0,13.345274790280486,7.0,66.72637395140242,0.575250005722046,20.920524796002532,2.301000022888184,22.646274813168667,6.903000068664552,27.248274858945038,B_MovingAverage
12,FOODS_2_056_WI_3,high,intermittent,MovingAverage,gaussian,3,0.98,21,2,292,1064.0,1059.0,5.0,0.9953007518796992,2,0.00684931506849315,0.9931506849315068,34.33904109589041,68.0,38.54941657524684,21,1036.0,10027.0,33.55611105059924,21.0,167.78055525299618,2.617500007152558,57.1736110577518,10.470000028610231,65.02611107920947,31.410000085830696,85.96611113642993,B_MovingAverage
13,HOBBIES_1_312_WI_3,high,intermittent,MovingAverage,gaussian,3,0.98,6,1,292,799.0,792.0,7.0,0.9912390488110138,1,0.003424657534246575,0.9965753424657534,86.03424657534246,193.0,11.507045617387153,6,890.0,25122.0,6.865532790561244,6.0,34.32766395280622,0.29924999624490745,13.16478278680615,1.1969999849796298,14.062532775540873,3.590999954938889,16.456532745500134,B_MovingAverage
14,FOODS_3_128_WI_3,medium,intermittent,MovingAverage,gaussian,3,0.98,4,0,292,156.0,156.0,0.0,1.0,0,0.0,1.0,27.845890410958905,55.0,7.002828680359119,4,159.0,8131.0,11.617305553808604,4.0,58.086527769043016,0.0,15.617305553808604,0.0,15.617305553808604,0.0,15.617305553808604,B_MovingAverage
15,HOBBIES_1_036_WI_3,medium,intermittent,MovingAverage,gaussian,3,0.98,4,1,292,242.0,240.0,2.0,0.9917355371900827,1,0.003424657534246575,0.9965753424657534,40.80821917808219,80.0,7.351460221550856,4,257.0,11916.0,6.398728794365713,4.0,31.99364397182856,0.16800000071525578,10.56672879508097,0.6720000028610231,11.070728797226735,2.0160000085830694,12.414728802948783,B_MovingAverage
16,FOODS_3_520_WI_3,low,intermittent,MovingAverage,gaussian,3,0.98,7,1,292,206.0,204.0,2.0,0.9902912621359223,1,0.003424657534246575,0.9965753424657534,17.856164383561644,35.0,14.28078250863061,7,207.0,5214.0,9.94945484220165,7.0,49.74727421100825,0.597000002861023,17.546454845062673,2.388000011444092,19.337454853645742,7.164000034332275,24.113454876533925,B_MovingAverage
17,HOUSEHOLD_1_464_WI_3,low,intermittent,MovingAverage,gaussian,3,0.98,5,1,292,49.0,48.0,1.0,0.9795918367346939,1,0.003424657534246575,0.9965753424657534,7.071917808219178,13.0,8.484261501210653,5,53.0,2065.0,9.375948894513796,5.0,46.87974447256898,0.7102500200271606,15.086198914540956,2.8410000801086426,17.21694897462244,8.523000240325928,22.898949134839725,B_MovingAverage
0,FOODS_3_449_CA_3,high,regular,MovingAverage,gaussian,7,0.9,13,4,292,1628.0,1541.0,87.0,0.9465601965601965,11,0.03767123287671233,0.9623287671232876,69.77397260273973,187.0,27.606999116521052,13,1509.0,20374.0,19.341345391796057,13.0,96.7067269589803,12.919500124454501,45.260845516250555,51.678000497818005,84.01934588961406,155.034001493454,187.37534688525005,B_MovingAverage
1,HOUSEHOLD_1_114_CA_3,high,regular,MovingAverage,gaussian,7,0.9,7,2,292,941.0,931.0,10.0,0.9893730074388948,3,0.010273972602739725,0.9897260273972602,73.3013698630137,174.0,15.876238086339,8,1045.0,21404.0,9.954326321000922,8.0,49.771631605004615,0.7275000214576721,18.681826342458592,2.9100000858306885,20.86432640683161,8.730000257492065,26.684326578492986,B_MovingAverage
2,FOODS_3_784_CA_3,medium,intermittent,MovingAverage,gaussian,7,0.9,4,1,292,213.0,204.0,9.0,0.9577464788732394,3,0.010273972602739725,0.9897260273972602,35.05821917808219,73.0,7.273615316987399,4,246.0,10237.0,4.908150684931507,4.0,24.54075342465753,0.675,9.583150684931507,2.7,11.608150684931505,8.100000000000001,17.008150684931508,B_MovingAverage
3,HOUSEHOLD_2_270_CA_3,medium,intermittent,MovingAverage,gaussian,7,0.9,6,1,292,118.0,109.0,9.0,0.923728813559322,3,0.010273972602739725,0.9897260273972602,12.075342465753424,34.0,11.283323879750426,6,139.0,3526.0,9.872800257957145,6.0,49.36400128978572,3.9420001029968263,19.81480036095397,15.768000411987305,31.64080066994445,47.30400123596192,63.176801493919065,B_MovingAverage
4,HOBBIES_1_377_CA_3,low,intermittent,MovingAverage,gaussian,7,0.9,7,0,292,92.0,92.0,0.0,1.0,0,0.0,1.0,9.280821917808218,18.0,12.391143911439116,7,96.0,2710.0,12.967163788782406,7.0,64.83581894391203,0.0,19.967163788782408,0.0,19.967163788782408,0.0,19.967163788782408,B_MovingAverage
5,HOUSEHOLD_2_228_CA_3,low,intermittent,MovingAverage,gaussian,7,0.9,5,2,292,112.0,108.0,4.0,0.9642857142857143,2,0.00684931506849315,0.9931506849315068,13.811643835616438,32.0,9.774361517480784,6,131.0,4033.0,10.57695644362332,6.0,52.8847822181166,1.6409999370574955,18.217956380680818,6.563999748229982,23.140956191853302,19.691999244689946,36.26895568831327,B_MovingAverage
6,FOODS_2_347_TX_2,high,regular,MovingAverage,gaussian,7,0.9,13,4,292,1785.0,1598.0,187.0,0.8952380952380953,15,0.05136986301369863,0.9486301369863014,68.25,197.0,29.267399267399266,13,1590.0,19929.0,17.007899726629255,13.0,85.03949863314628,24.96449959874154,54.972399325370795,99.85799839496616,129.86589812159542,299.5739951848985,329.58189491152774,B_MovingAverage
7,HOUSEHOLD_1_247_TX_2,high,regular,MovingAverage,gaussian,7,0.9,9,1,292,1273.0,1268.0,5.0,0.9960722702278083,2,0.00684931506849315,0.9931506849315068,75.7431506849315,154.0,20.925984536781662,9,1263.0,22117.0,10.285920166397748,9.0,51.429600831988736,0.36375001072883606,19.649670177126584,1.4550000429153442,20.740920209313092,4.365000128746033,23.65092029514378,B_MovingAverage
8,FOODS_3_729_TX_2,medium,intermittent,MovingAverage,gaussian,7,0.9,8,0,292,224.0,224.0,0.0,1.0,0,0.0,1.0,20.21917808219178,55.0,13.848238482384824,8,261.0,5904.0,11.26612608138829,8.0,56.33063040694145,0.0,19.26612608138829,0.0,19.26612608138829,0.0,19.26612608138829,B_MovingAverage
9,HOBBIES_1_034_TX_2,medium,intermittent,MovingAverage,gaussian,7,0.9,9,4,292,281.0,271.0,10.0,0.9644128113879004,6,0.02054794520547945,0.9794520547945206,19.03082191780822,47.0,17.800071981284866,9,282.0,5557.0,12.415707812635866,9.0,62.07853906317932,3.4949998855590825,24.910707698194948,13.97999954223633,35.395707354872194,41.93999862670899,63.35570643934486,B_MovingAverage
10,FOODS_2_196_TX_2,low,intermittent,MovingAverage,gaussian,7,0.9,7,0,292,165.0,165.0,0.0,1.0,0,0.0,1.0,15.517123287671232,36.0,13.29176782167292,7,178.0,4531.0,8.55924532978502,7.0,42.7962266489251,0.0,15.55924532978502,0.0,15.55924532978502,0.0,15.55924532978502,B_MovingAverage
11,HOUSEHOLD_2_315_TX_2,low,intermittent,MovingAverage,gaussian,7,0.9,7,1,292,122.0,119.0,3.0,0.9754098360655737,1,0.003424657534246575,0.9965753424657534,12.253424657534246,27.0,12.139463387367245,7,128.0,3578.0,13.157727528140969,7.0,65.78863764070485,1.725750017166138,21.883477545307105,6.903000068664552,27.06072759680552,20.709000205993654,40.86672773413462,B_MovingAverage
12,FOODS_2_056_WI_3,high,intermittent,MovingAverage,gaussian,7,0.9,21,3,292,1064.0,1047.0,17.0,0.9840225563909775,4,0.0136986301369863,0.9863013698630136,35.18150684931507,69.0,37.19994159447094,21,1050.0,10273.0,34.37936858709544,21.0,171.89684293547722,8.899500024318696,64.27886861141414,35.598000097274785,90.97736868437022,106.79400029182436,162.1733688789198,B_MovingAverage
13,HOBBIES_1_312_WI_3,high,intermittent,MovingAverage,gaussian,7,0.9,6,2,292,799.0,789.0,10.0,0.9874843554443054,4,0.0136986301369863,0.9863013698630136,82.48287671232876,190.0,11.957027195349804,6,884.0,24085.0,6.582133479048943,6.0,32.910667395244715,0.427499994635582,13.009633473684525,1.709999978542328,14.292133457591271,5.1299999356269845,17.71213341467593,B_MovingAverage
14,FOODS_3_128_WI_3,medium,intermittent,MovingAverage,gaussian,7,0.9,4,1,292,156.0,155.0,1.0,0.9935897435897436,1,0.003424657534246575,0.9965753424657534,26.44178082191781,54.0,7.327418728144022,5,195.0,7721.0,11.031511029511282,5.0,55.15755514755641,0.22350000143051152,16.255011030941795,0.8940000057220461,16.925511035233328,2.6820000171661382,18.71351104667742,B_MovingAverage
15,HOBBIES_1_036_WI_3,medium,intermittent,MovingAverage,gaussian,7,0.9,5,1,292,242.0,236.0,6.0,0.9752066115702479,3,0.010273972602739725,0.9897260273972602,34.35616438356164,76.0,8.586523125996811,5,290.0,10032.0,5.38704659827768,5.0,26.935232991388393,0.5040000021457673,10.891046600423447,2.0160000085830694,12.403046606860748,6.048000025749208,16.43504662402689,B_MovingAverage
16,FOODS_3_520_WI_3,low,intermittent,MovingAverage,gaussian,7,0.9,7,1,292,206.0,203.0,3.0,0.9854368932038835,1,0.003424657534246575,0.9965753424657534,18.263698630136986,38.0,13.893680855053441,7,212.0,5333.0,10.176532925481665,7.0,50.882664627408325,0.8955000042915344,18.0720329297732,3.5820000171661377,20.758532942647804,10.746000051498413,27.92253297698008,B_MovingAverage
17,HOUSEHOLD_1_464_WI_3,low,intermittent,MovingAverage,gaussian,7,0.9,5,0,292,49.0,49.0,0.0,1.0,0,0.0,1.0,6.784246575342466,13.0,9.02826855123675,6,62.0,1981.0,8.99455436321154,6.0,44.9727718160577,0.0,14.99455436321154,0.0,14.99455436321154,0.0,14.99455436321154,B_MovingAverage
0,FOODS_3_449_CA_3,high,regular,MovingAverage,gaussian,7,0.95,13,4,292,1628.0,1529.0,99.0,0.9391891891891891,9,0.030821917808219176,0.9691780821917808,74.34931506849315,231.0,25.706356517733767,13,1473.0,21710.0,20.60963033552039,13.0,103.04815167760195,14.70150014162064,48.311130477141035,58.80600056648256,92.41563090200296,176.41800169944767,210.02763203496806,B_MovingAverage
1,HOUSEHOLD_1_114_CA_3,high,regular,MovingAverage,gaussian,7,0.95,7,1,292,941.0,932.0,9.0,0.9904357066950054,2,0.00684931506849315,0.9931506849315068,76.51712328767124,178.0,15.225350221545897,8,1051.0,22343.0,10.391025648949897,8.0,51.95512824474949,0.6547500193119049,19.045775668261804,2.6190000772476196,21.01002572619752,7.857000231742859,26.248025880692758,B_MovingAverage
2,FOODS_3_784_CA_3,medium,intermittent,MovingAverage,gaussian,7,0.95,3,0,292,213.0,213.0,0.0,1.0,0,0.0,1.0,44.21232876712329,85.0,6.022075910147173,4,281.0,12910.0,6.18972602739726,4.0,30.9486301369863,0.0,10.18972602739726,0.0,10.18972602739726,0.0,10.18972602739726,B_MovingAverage
3,HOUSEHOLD_2_270_CA_3,medium,intermittent,MovingAverage,gaussian,7,0.95,6,1,292,118.0,110.0,8.0,0.9322033898305084,3,0.010273972602739725,0.9897260273972602,12.98972602739726,35.0,10.585288689691536,6,141.0,3793.0,10.620400277490486,6.0,53.102001387452425,3.5040000915527347,20.124400369043222,14.016000366210939,30.636400643701425,42.04800109863282,58.6684013761233,B_MovingAverage
4,HOBBIES_1_377_CA_3,low,intermittent,MovingAverage,gaussian,7,0.95,7,0,292,92.0,92.0,0.0,1.0,0,0.0,1.0,9.256849315068493,20.0,12.423233444321125,7,93.0,2703.0,12.93366926977079,7.0,64.66834634885396,0.0,19.93366926977079,0.0,19.93366926977079,0.0,19.93366926977079,B_MovingAverage
5,HOUSEHOLD_2_228_CA_3,low,intermittent,MovingAverage,gaussian,7,0.95,6,0,292,112.0,112.0,0.0,1.0,0,0.0,1.0,14.39041095890411,27.0,9.728700618752976,6,116.0,4202.0,11.020176289636794,6.0,55.10088144818397,0.0,17.020176289636794,0.0,17.020176289636794,0.0,17.020176289636794,B_MovingAverage
6,FOODS_2_347_TX_2,high,regular,MovingAverage,gaussian,7,0.95,13,4,292,1785.0,1609.0,176.0,0.9014005602240897,15,0.05136986301369863,0.9486301369863014,71.1027397260274,196.0,28.286533089297755,13,1600.0,20762.0,17.718802454928827,13.0,88.59401227464413,23.49599962234498,54.2148020772738,93.98399848937991,124.70280094430873,281.9519954681397,312.67079792306856,B_MovingAverage
7,HOUSEHOLD_1_247_TX_2,high,regular,MovingAverage,gaussian,7,0.95,9,0,292,1273.0,1273.0,0.0,1.0,0,0.0,1.0,76.76712328767124,159.0,20.728274446823697,9,1271.0,22416.0,10.424975649951255,9.0,52.12487824975628,0.0,19.424975649951257,0.0,19.424975649951257,0.0,19.424975649951257,B_MovingAverage
8,FOODS_3_729_TX_2,medium,intermittent,MovingAverage,gaussian,7,0.95,8,0,292,224.0,224.0,0.0,1.0,0,0.0,1.0,21.671232876712327,57.0,12.920353982300886,8,263.0,6328.0,12.075211016772544,8.0,60.37605508386272,0.0,20.075211016772542,0.0,20.075211016772542,0.0,20.075211016772542,B_MovingAverage
9,HOBBIES_1_034_TX_2,medium,intermittent,MovingAverage,gaussian,7,0.95,9,4,292,281.0,275.0,6.0,0.9786476868327402,4,0.0136986301369863,0.9863013698630136,20.013698630136986,44.0,17.175735797399042,9,283.0,5844.0,13.05693655876264,9.0,65.2846827938132,2.0969999313354495,24.15393649009809,8.387999725341798,30.444936284104436,25.163999176025392,47.22093573478803,B_MovingAverage
10,FOODS_2_196_TX_2,low,intermittent,MovingAverage,gaussian,7,0.95,7,0,292,165.0,165.0,0.0,1.0,0,0.0,1.0,16.866438356164384,36.0,12.228426395939087,7,176.0,4925.0,9.303527532375021,7.0,46.51763766187511,0.0,16.30352753237502,0.0,16.30352753237502,0.0,16.30352753237502,B_MovingAverage
11,HOUSEHOLD_2_315_TX_2,low,intermittent,MovingAverage,gaussian,7,0.95,7,1,292,122.0,120.0,2.0,0.9836065573770492,1,0.003424657534246575,0.9965753424657534,13.277397260273972,28.0,11.297394892958474,7,130.0,3877.0,14.257269319900095,7.0,71.28634659950046,1.150500011444092,22.407769331344188,4.602000045776368,25.859269365676465,13.806000137329104,35.0632694572292,B_MovingAverage
12,FOODS_2_056_WI_3,high,intermittent,MovingAverage,gaussian,7,0.95,21,3,292,1064.0,1047.0,17.0,0.9840225563909775,4,0.0136986301369863,0.9863013698630136,38.66438356164384,72.0,33.848981399468556,21,1054.0,11290.0,37.7828357196834,21.0,188.91417859841698,8.899500024318696,67.68233574400209,35.598000097274785,94.38083581695818,106.79400029182436,165.57683601150777,B_MovingAverage
13,HOBBIES_1_312_WI_3,high,intermittent,MovingAverage,gaussian,7,0.95,6,2,292,799.0,795.0,4.0,0.9949937421777222,2,0.00684931506849315,0.9931506849315068,86.82876712328768,193.0,11.444939654492387,6,893.0,25354.0,6.928935529491672,6.0,34.644677647458366,0.1709999978542328,13.099935527345904,0.6839999914169312,13.612935520908602,2.0519999742507937,14.980935503742465,B_MovingAverage
14,FOODS_3_128_WI_3,medium,intermittent,MovingAverage,gaussian,7,0.95,4,1,292,156.0,155.0,1.0,0.9935897435897436,1,0.003424657534246575,0.9965753424657534,27.21232876712329,55.0,7.1199345582683105,5,200.0,7946.0,11.352983634308593,5.0,56.76491817154296,0.22350000143051152,16.576483635739105,0.8940000057220461,17.24698364003064,2.6820000171661382,19.034983651474732,B_MovingAverage
15,HOBBIES_1_036_WI_3,medium,intermittent,MovingAverage,gaussian,7,0.95,4,1,292,242.0,240.0,2.0,0.9917355371900827,2,0.00684931506849315,0.9931506849315068,34.06164383561644,78.0,8.80756082847376,5,289.0,9946.0,5.340865776163258,5.0,26.704328880816284,0.16800000071525578,10.508865776878515,0.6720000028610231,11.012865779024281,2.0160000085830694,12.35686578474633,B_MovingAverage
16,FOODS_3_520_WI_3,low,intermittent,MovingAverage,gaussian,7,0.95,7,1,292,206.0,203.0,3.0,0.9854368932038835,1,0.003424657534246575,0.9965753424657534,18.40068493150685,39.0,13.790247533966127,7,206.0,5373.0,10.252861692970745,7.0,51.26430846485373,0.8955000042915344,18.14836169726228,3.5820000171661377,20.834861710136884,10.746000051498413,27.99886174446916,B_MovingAverage
17,HOUSEHOLD_1_464_WI_3,low,intermittent,MovingAverage,gaussian,7,0.95,5,0,292,49.0,49.0,0.0,1.0,0,0.0,1.0,7.965753424657534,15.0,7.689165950128976,5,55.0,2326.0,10.560996188202948,5.0,52.80498094101475,0.0,15.560996188202948,0.0,15.560996188202948,0.0,15.560996188202948,B_MovingAverage
0,FOODS_3_449_CA_3,high,regular,MovingAverage,gaussian,7,0.98,13,2,292,1628.0,1557.0,71.0,0.9563882063882064,6,0.02054794520547945,0.9794520547945206,75.15068493150685,216.0,25.897967553773245,14,1574.0,21944.0,20.831770063687674,14.0,104.15885031843837,10.543500101566318,45.37527016525399,42.17400040626527,77.00577046995295,126.52200121879581,161.35377128248348,B_MovingAverage
1,HOUSEHOLD_1_114_CA_3,high,regular,MovingAverage,gaussian,7,0.98,7,1,292,941.0,936.0,5.0,0.9946865037194474,1,0.003424657534246575,0.9965753424657534,76.12328767123287,184.0,15.369803850998741,8,1058.0,22228.0,10.337542770660088,8.0,51.68771385330043,0.36375001072883606,18.701292781388922,1.4550000429153442,19.79254281357543,4.365000128746033,22.70254289940612,B_MovingAverage
2,FOODS_3_784_CA_3,medium,intermittent,MovingAverage,gaussian,7,0.98,3,0,292,213.0,213.0,0.0,1.0,0,0.0,1.0,45.33561643835616,86.0,5.872865991841668,4,283.0,13238.0,6.346986301369863,4.0,31.73493150684931,0.0,10.346986301369864,0.0,10.346986301369864,0.0,10.346986301369864,B_MovingAverage
3,HOUSEHOLD_2_270_CA_3,medium,intermittent,MovingAverage,gaussian,7,0.98,6,1,292,118.0,111.0,7.0,0.940677966101695,2,0.00684931506849315,0.9931506849315068,13.965753424657533,37.0,9.935017165277097,6,144.0,4078.0,11.41840029834068,6.0,57.09200149170339,3.066000080108643,20.484400378449322,12.264000320434572,29.68240061877525,36.792000961303714,54.21040125964439,B_MovingAverage
4,HOBBIES_1_377_CA_3,low,intermittent,MovingAverage,gaussian,7,0.98,7,0,292,92.0,92.0,0.0,1.0,0,0.0,1.0,10.068493150684931,18.0,11.421768707482993,7,94.0,2940.0,14.06769798487833,7.0,70.33848992439165,0.0,21.06769798487833,0.0,21.06769798487833,0.0,21.06769798487833,B_MovingAverage
5,HOUSEHOLD_2_228_CA_3,low,intermittent,MovingAverage,gaussian,7,0.98,6,0,292,112.0,112.0,0.0,1.0,0,0.0,1.0,15.363013698630137,28.0,9.112795363352653,6,117.0,4486.0,11.764995439150562,6.0,58.82497719575281,0.0,17.76499543915056,0.0,17.76499543915056,0.0,17.76499543915056,B_MovingAverage
6,FOODS_2_347_TX_2,high,regular,MovingAverage,gaussian,7,0.98,13,4,292,1785.0,1638.0,147.0,0.9176470588235294,10,0.03424657534246575,0.9657534246575342,76.06164383561644,189.0,26.918955425484018,13,1618.0,22210.0,18.95456133917586,13.0,94.77280669587931,19.624499684572225,51.57906102374808,78.4979987382889,110.45256007746477,235.4939962148667,267.44855755404257,B_MovingAverage
7,HOUSEHOLD_1_247_TX_2,high,regular,MovingAverage,gaussian,7,0.98,9,0,292,1273.0,1273.0,0.0,1.0,0,0.0,1.0,80.2431506849315,161.0,19.830352951218472,9,1273.0,23431.0,10.897020184422193,9.0,54.48510092211096,0.0,19.897020184422193,0.0,19.897020184422193,0.0,19.897020184422193,B_MovingAverage
8,FOODS_3_729_TX_2,medium,intermittent,MovingAverage,gaussian,7,0.98,8,0,292,224.0,224.0,0.0,1.0,0,0.0,1.0,23.77054794520548,48.0,11.77928252413197,8,250.0,6941.0,13.244949378542703,8.0,66.22474689271353,0.0,21.244949378542703,0.0,21.244949378542703,0.0,21.244949378542703,B_MovingAverage
9,HOBBIES_1_034_TX_2,medium,intermittent,MovingAverage,gaussian,7,0.98,9,0,292,281.0,281.0,0.0,1.0,0,0.0,1.0,23.21232876712329,49.0,15.13204485098849,9,290.0,6778.0,15.143722791802391,9.0,75.71861395901196,0.0,24.14372279180239,0.0,24.14372279180239,0.0,24.14372279180239,B_MovingAverage
10,FOODS_2_196_TX_2,low,intermittent,MovingAverage,gaussian,7,0.98,6,0,292,165.0,165.0,0.0,1.0,0,0.0,1.0,22.78082191780822,42.0,9.053668069753458,7,200.0,6652.0,12.565901552357087,7.0,62.82950776178542,0.0,19.565901552357087,0.0,19.565901552357087,0.0,19.565901552357087,B_MovingAverage
11,HOUSEHOLD_2_315_TX_2,low,intermittent,MovingAverage,gaussian,7,0.98,6,0,292,122.0,122.0,0.0,1.0,0,0.0,1.0,13.321917808219178,26.0,11.447300771208226,7,135.0,3890.0,14.305075484759186,7.0,71.52537742379593,0.0,21.305075484759186,0.0,21.305075484759186,0.0,21.305075484759186,B_MovingAverage
12,FOODS_2_056_WI_3,high,intermittent,MovingAverage,gaussian,7,0.98,21,0,292,1064.0,1064.0,0.0,1.0,0,0.0,1.0,43.73972602739726,83.0,30.407140620106482,22,1103.0,12772.0,42.74246039077027,22.0,213.71230195385135,0.0,64.74246039077028,0.0,64.74246039077028,0.0,64.74246039077028,B_MovingAverage
13,HOBBIES_1_312_WI_3,high,intermittent,MovingAverage,gaussian,7,0.98,6,0,292,799.0,799.0,0.0,1.0,0,0.0,1.0,89.25,196.0,11.19047619047619,6,900.0,26061.0,7.122149910628795,6.0,35.610749553143975,0.0,13.122149910628796,0.0,13.122149910628796,0.0,13.122149910628796,B_MovingAverage
14,FOODS_3_128_WI_3,medium,intermittent,MovingAverage,gaussian,7,0.98,4,0,292,156.0,156.0,0.0,1.0,0,0.0,1.0,28.068493150684933,56.0,6.947291361639824,5,201.0,8196.0,11.710175417416716,5.0,58.55087708708358,0.0,16.710175417416714,0.0,16.710175417416714,0.0,16.710175417416714,B_MovingAverage
15,HOBBIES_1_036_WI_3,medium,intermittent,MovingAverage,gaussian,7,0.98,5,0,292,242.0,242.0,0.0,1.0,0,0.0,1.0,39.31164383561644,79.0,7.694921160379824,5,297.0,11479.0,6.164065779668011,5.0,30.82032889834005,0.0,11.164065779668011,0.0,11.164065779668011,0.0,11.164065779668011,B_MovingAverage
16,FOODS_3_520_WI_3,low,intermittent,MovingAverage,gaussian,7,0.98,7,0,292,206.0,206.0,0.0,1.0,0,0.0,1.0,18.294520547945204,37.0,14.0752527143392,7,204.0,5342.0,10.193706898166708,7.0,50.96853449083354,0.0,17.19370689816671,0.0,17.19370689816671,0.0,17.19370689816671,B_MovingAverage
17,HOUSEHOLD_1_464_WI_3,low,intermittent,MovingAverage,gaussian,7,0.98,6,0,292,49.0,49.0,0.0,1.0,0,0.0,1.0,8.236301369863014,16.0,7.4365904365904365,6,59.0,2405.0,10.919688664070547,6.0,54.59844332035274,0.0,16.91968866407055,0.0,16.91968866407055,0.0,16.91968866407055,B_MovingAverage
0,FOODS_3_449_CA_3,high,regular,MovingAverage,gaussian,14,0.9,12,4,292,1628.0,1501.0,127.0,0.921990171990172,14,0.04794520547945205,0.952054794520548,88.90068493150685,247.0,21.105011749296967,13,1543.0,25959.0,24.643270100404138,13.0,123.21635050202067,18.85950018167496,56.5027702820791,75.43800072669984,113.08127082710398,226.31400218009955,263.9572722805037,B_MovingAverage
1,HOUSEHOLD_1_114_CA_3,high,regular,MovingAverage,gaussian,14,0.9,7,2,292,941.0,917.0,24.0,0.9744952178533475,6,0.02054794520547945,0.9794520547945206,82.96575342465754,206.0,13.815941550400396,7,928.0,24226.0,11.266749647382188,7.0,56.333748236910935,1.746000051498413,20.0127496988806,6.984000205993652,25.25074985337584,20.952000617980957,39.21875026536314,B_MovingAverage
2,FOODS_3_784_CA_3,medium,intermittent,MovingAverage,gaussian,14,0.9,3,0,292,213.0,213.0,0.0,1.0,0,0.0,1.0,53.21917808219178,98.0,5.0028957528957525,4,290.0,15540.0,7.450684931506849,4.0,37.25342465753425,0.0,11.45068493150685,0.0,11.45068493150685,0.0,11.45068493150685,B_MovingAverage
3,HOUSEHOLD_2_270_CA_3,medium,intermittent,MovingAverage,gaussian,14,0.9,6,2,292,118.0,108.0,10.0,0.9152542372881356,5,0.017123287671232876,0.9828767123287672,16.33219178082192,48.0,8.265883833088697,6,141.0,4769.0,13.353200348893257,6.0,66.7660017444663,4.380000114440918,23.733200463334175,17.520000457763672,36.873200806656925,52.56000137329102,71.91320172218428,B_MovingAverage
4,HOBBIES_1_377_CA_3,low,intermittent,MovingAverage,gaussian,14,0.9,7,0,292,92.0,92.0,0.0,1.0,0,0.0,1.0,10.565068493150685,22.0,10.884927066450567,8,107.0,3085.0,14.761513021547499,8.0,73.8075651077375,0.0,22.7615130215475,0.0,22.7615130215475,0.0,22.7615130215475,B_MovingAverage
5,HOUSEHOLD_2_228_CA_3,low,intermittent,MovingAverage,gaussian,14,0.9,6,0,292,112.0,112.0,0.0,1.0,0,0.0,1.0,15.64041095890411,29.0,8.951171447339611,6,117.0,4567.0,11.977426252920333,6.0,59.88713126460166,0.0,17.97742625292033,0.0,17.97742625292033,0.0,17.97742625292033,B_MovingAverage
6,FOODS_2_347_TX_2,high,regular,MovingAverage,gaussian,14,0.9,10,5,292,1785.0,1528.0,257.0,0.8560224089635854,21,0.07191780821917808,0.928082191780822,105.54794520547945,378.0,18.096041531473066,11,1498.0,30820.0,26.302547522440346,11.0,131.51273761220173,34.309499448537835,71.61204697097818,137.23799779415134,174.5405453165917,411.7139933824541,449.01654090489444,B_MovingAverage
7,HOUSEHOLD_1_247_TX_2,high,regular,MovingAverage,gaussian,14,0.9,9,0,292,1273.0,1273.0,0.0,1.0,0,0.0,1.0,79.26027397260275,170.0,20.076261666090563,9,1271.0,23144.0,10.7635455229511,9.0,53.817727614755505,0.0,19.763545522951098,0.0,19.763545522951098,0.0,19.763545522951098,B_MovingAverage
8,FOODS_3_729_TX_2,medium,intermittent,MovingAverage,gaussian,14,0.9,8,0,292,224.0,224.0,0.0,1.0,0,0.0,1.0,21.595890410958905,54.0,12.965429749444972,8,256.0,6306.0,12.03323019465355,8.0,60.166150973267754,0.0,20.033230194653548,0.0,20.033230194653548,0.0,20.033230194653548,B_MovingAverage
9,HOBBIES_1_034_TX_2,medium,intermittent,MovingAverage,gaussian,14,0.9,9,0,292,281.0,281.0,0.0,1.0,0,0.0,1.0,25.065068493150687,57.0,14.013526438037982,9,293.0,7319.0,16.352450149483875,9.0,81.76225074741939,0.0,25.352450149483875,0.0,25.352450149483875,0.0,25.352450149483875,B_MovingAverage
10,FOODS_2_196_TX_2,low,intermittent,MovingAverage,gaussian,14,0.9,6,0,292,165.0,165.0,0.0,1.0,0,0.0,1.0,24.85958904109589,48.0,8.296597327455572,6,173.0,7259.0,13.712549514215286,6.0,68.56274757107643,0.0,19.712549514215286,0.0,19.712549514215286,0.0,19.712549514215286,B_MovingAverage
11,HOUSEHOLD_2_315_TX_2,low,intermittent,MovingAverage,gaussian,14,0.9,6,1,292,122.0,119.0,3.0,0.9754098360655737,2,0.00684931506849315,0.9931506849315068,14.681506849315069,30.0,10.131793795194774,7,132.0,4287.0,15.765002211609932,7.0,78.82501105804965,1.725750017166138,24.49075222877607,6.903000068664552,29.668002280274486,20.709000205993654,43.474002417603586,B_MovingAverage
12,FOODS_2_056_WI_3,high,intermittent,MovingAverage,gaussian,14,0.9,20,3,292,1064.0,1045.0,19.0,0.9821428571428571,7,0.023972602739726026,0.976027397260274,42.43835616438356,94.0,30.779938670109747,22,1104.0,12392.0,41.47076175715825,22.0,207.35380878579127,9.94650002717972,73.41726178433797,39.78600010871888,103.25676186587714,119.35800032615664,182.8287620833149,B_MovingAverage
13,HOBBIES_1_312_WI_3,high,intermittent,MovingAverage,gaussian,14,0.9,6,0,292,799.0,799.0,0.0,1.0,0,0.0,1.0,95.73630136986301,210.0,10.43230191379002,6,950.0,27955.0,7.639756753448753,6.0,38.19878376724377,0.0,13.639756753448754,0.0,13.639756753448754,0.0,13.639756753448754,B_MovingAverage
14,FOODS_3_128_WI_3,medium,intermittent,MovingAverage,gaussian,14,0.9,4,1,292,156.0,148.0,8.0,0.9487179487179487,4,0.0136986301369863,0.9863013698630136,35.63356164383562,64.0,5.191734742912061,4,164.0,10405.0,14.866322012960094,4.0,74.33161006480047,1.7880000114440922,20.654322024404188,7.152000045776369,26.018322058736462,21.456000137329106,40.322322150289196,B_MovingAverage
15,HOBBIES_1_036_WI_3,medium,intermittent,MovingAverage,gaussian,14,0.9,4,0,292,242.0,242.0,0.0,1.0,0,0.0,1.0,38.715753424657535,80.0,7.813356921716054,4,263.0,11305.0,6.070630162831855,4.0,30.353150814159275,0.0,10.070630162831854,0.0,10.070630162831854,0.0,10.070630162831854,B_MovingAverage
16,FOODS_3_520_WI_3,low,intermittent,MovingAverage,gaussian,14,0.9,8,0,292,206.0,206.0,0.0,1.0,0,0.0,1.0,18.22945205479452,40.0,14.125493142964494,8,231.0,5323.0,10.157450733609394,8.0,50.78725366804698,0.0,18.157450733609394,0.0,18.157450733609394,0.0,18.157450733609394,B_MovingAverage
17,HOUSEHOLD_1_464_WI_3,low,intermittent,MovingAverage,gaussian,14,0.9,5,0,292,49.0,49.0,0.0,1.0,0,0.0,1.0,9.106164383561644,16.0,6.726212861978187,6,61.0,2659.0,12.072953080151178,6.0,60.3647654007559,0.0,18.07295308015118,0.0,18.07295308015118,0.0,18.07295308015118,B_MovingAverage
0,FOODS_3_449_CA_3,high,regular,MovingAverage,gaussian,14,0.95,13,6,292,1628.0,1495.0,133.0,0.9183046683046683,13,0.04452054794520548,0.9554794520547946,87.7431506849315,260.0,21.29795870574919,14,1572.0,25621.0,24.3224016041625,14.0,121.61200802081251,19.75050019025803,58.07290179442053,79.00200076103212,117.32440236519463,237.00600228309636,275.32840388725884,B_MovingAverage
1,HOUSEHOLD_1_114_CA_3,high,regular,MovingAverage,gaussian,14,0.95,7,2,292,941.0,926.0,15.0,0.9840595111583422,4,0.0136986301369863,0.9863013698630136,78.54452054794521,211.0,14.736865053411815,8,988.0,22935.0,10.666346205015705,8.0,53.33173102507853,1.0912500321865082,19.757596237202215,4.365000128746033,23.03134633376174,13.095000386238098,31.761346591253805,B_MovingAverage
2,FOODS_3_784_CA_3,medium,intermittent,MovingAverage,gaussian,14,0.95,3,0,292,213.0,213.0,0.0,1.0,0,0.0,1.0,55.00684931506849,100.0,4.840306313036982,4,292.0,16062.0,7.700958904109589,4.0,38.50479452054794,0.0,11.700958904109589,0.0,11.700958904109589,0.0,11.700958904109589,B_MovingAverage
3,HOUSEHOLD_2_270_CA_3,medium,intermittent,MovingAverage,gaussian,14,0.95,6,2,292,118.0,111.0,7.0,0.940677966101695,5,0.017123287671232876,0.9828767123287672,18.791095890410958,50.0,7.383816293056316,6,146.0,5487.0,15.363600401421115,6.0,76.81800200710558,3.066000080108643,24.42960048152976,12.264000320434572,33.627600721855686,36.792000961303714,58.15560136272483,B_MovingAverage
4,HOBBIES_1_377_CA_3,low,intermittent,MovingAverage,gaussian,14,0.95,7,0,292,92.0,92.0,0.0,1.0,0,0.0,1.0,11.513698630136986,23.0,9.988102320047592,8,108.0,3362.0,16.08693898814998,8.0,80.4346949407499,0.0,24.08693898814998,0.0,24.08693898814998,0.0,24.08693898814998,B_MovingAverage
5,HOUSEHOLD_2_228_CA_3,low,intermittent,MovingAverage,gaussian,14,0.95,6,0,292,112.0,112.0,0.0,1.0,0,0.0,1.0,16.589041095890412,30.0,8.439306358381502,6,118.0,4844.0,12.70388718396017,6.0,63.51943591980085,0.0,18.70388718396017,0.0,18.70388718396017,0.0,18.70388718396017,B_MovingAverage
6,FOODS_2_347_TX_2,high,regular,MovingAverage,gaussian,14,0.95,11,5,292,1785.0,1554.0,231.0,0.8705882352941177,15,0.05136986301369863,0.9486301369863014,98.86643835616438,293.0,19.647719006546815,12,1526.0,28869.0,24.63751604235335,12.0,123.18758021176676,30.838499504327785,67.47601554668114,123.35399801731114,159.9915140596645,370.0619940519334,406.6995100942868,B_MovingAverage
7,HOUSEHOLD_1_247_TX_2,high,regular,MovingAverage,gaussian,14,0.95,9,0,292,1273.0,1273.0,0.0,1.0,0,0.0,1.0,82.57876712328768,173.0,19.269481192717624,9,1275.0,24113.0,11.214196906106112,9.0,56.070984530530566,0.0,20.21419690610611,0.0,20.21419690610611,0.0,20.21419690610611,B_MovingAverage
8,FOODS_3_729_TX_2,medium,intermittent,MovingAverage,gaussian,14,0.95,8,0,292,224.0,224.0,0.0,1.0,0,0.0,1.0,24.732876712328768,60.0,11.320963721960675,8,262.0,7222.0,13.781158970153495,8.0,68.90579485076748,0.0,21.781158970153495,0.0,21.781158970153495,0.0,21.781158970153495,B_MovingAverage
9,HOBBIES_1_034_TX_2,medium,intermittent,MovingAverage,gaussian,14,0.95,9,0,292,281.0,281.0,0.0,1.0,0,0.0,1.0,27.613013698630137,59.0,12.720451444871635,9,295.0,8063.0,18.014729547108686,9.0,90.07364773554345,0.0,27.014729547108686,0.0,27.014729547108686,0.0,27.014729547108686,B_MovingAverage
10,FOODS_2_196_TX_2,low,intermittent,MovingAverage,gaussian,14,0.95,6,0,292,165.0,165.0,0.0,1.0,0,0.0,1.0,28.32191780821918,50.0,7.282345828295042,6,178.0,8270.0,15.622370089896737,6.0,78.1118504494837,0.0,21.622370089896737,0.0,21.622370089896737,0.0,21.622370089896737,B_MovingAverage
11,HOUSEHOLD_2_315_TX_2,low,intermittent,MovingAverage,gaussian,14,0.95,6,1,292,122.0,120.0,2.0,0.9836065573770492,2,0.00684931506849315,0.9931506849315068,15.448630136986301,31.0,9.709598758590113,7,134.0,4511.0,16.58873920610506,7.0,82.9436960305253,1.150500011444092,24.73923921754915,4.602000045776368,28.19073925188143,13.806000137329104,37.39473934343417,B_MovingAverage
12,FOODS_2_056_WI_3,high,intermittent,MovingAverage,gaussian,14,0.95,20,3,292,1064.0,1053.0,11.0,0.9896616541353384,4,0.0136986301369863,0.9863013698630136,47.72945205479452,100.0,27.57731219057186,22,1118.0,13937.0,46.64122067539659,22.0,233.20610337698295,5.758500015735628,74.39972069113222,23.03400006294251,91.6752207383391,69.10200018882753,137.74322086422413,B_MovingAverage
13,HOBBIES_1_312_WI_3,high,intermittent,MovingAverage,gaussian,14,0.95,6,0,292,799.0,799.0,0.0,1.0,0,0.0,1.0,100.32534246575342,215.0,9.955111793821471,6,955.0,29295.0,8.005962228305535,6.0,40.029811141527674,0.0,14.005962228305535,0.0,14.005962228305535,0.0,14.005962228305535,B_MovingAverage
14,FOODS_3_128_WI_3,medium,intermittent,MovingAverage,gaussian,14,0.95,4,1,292,156.0,150.0,6.0,0.9615384615384616,3,0.010273972602739725,0.9897260273972602,39.726027397260275,66.0,4.719827586206897,4,166.0,11600.0,16.573698736216922,4.0,82.86849368108462,1.3410000085830691,21.914698744799992,5.3640000343322765,25.937698770549197,16.092000102996828,36.665698839213746,B_MovingAverage
15,HOBBIES_1_036_WI_3,medium,intermittent,MovingAverage,gaussian,14,0.95,4,0,292,242.0,242.0,0.0,1.0,0,0.0,1.0,40.613013698630134,82.0,7.448351463023864,4,265.0,11859.0,6.368120575057317,4.0,31.840602875286578,0.0,10.368120575057317,0.0,10.368120575057317,0.0,10.368120575057317,B_MovingAverage
16,FOODS_3_520_WI_3,low,intermittent,MovingAverage,gaussian,14,0.95,8,0,292,206.0,206.0,0.0,1.0,0,0.0,1.0,19.16780821917808,41.0,13.433982490619975,8,232.0,5597.0,10.680302790909597,8.0,53.40151395454798,0.0,18.680302790909597,0.0,18.680302790909597,0.0,18.680302790909597,B_MovingAverage
17,HOUSEHOLD_1_464_WI_3,low,intermittent,MovingAverage,gaussian,14,0.95,5,0,292,49.0,49.0,0.0,1.0,0,0.0,1.0,10.054794520547945,17.0,6.091621253405995,6,62.0,2936.0,13.330646951231238,6.0,66.6532347561562,0.0,19.330646951231238,0.0,19.330646951231238,0.0,19.330646951231238,B_MovingAverage
0,FOODS_3_449_CA_3,high,regular,MovingAverage,gaussian,14,0.98,13,6,292,1628.0,1511.0,117.0,0.9281326781326781,11,0.03767123287671233,0.9623287671232876,93.0958904109589,268.0,20.288221012360214,14,1596.0,27184.0,25.806181070510654,14.0,129.03090535255325,17.374500167369845,57.1806812378805,69.49800066947938,109.30418173999004,208.49400200843814,248.3001830789488,B_MovingAverage
1,HOUSEHOLD_1_114_CA_3,high,regular,MovingAverage,gaussian,14,0.98,7,0,292,941.0,941.0,0.0,1.0,0,0.0,1.0,122.23630136986301,229.0,9.622755162076597,8,1090.0,35693.0,16.599690215636606,8.0,82.99845107818302,0.0,24.599690215636606,0.0,24.599690215636606,0.0,24.599690215636606,B_MovingAverage
2,FOODS_3_784_CA_3,medium,intermittent,MovingAverage,gaussian,14,0.98,3,0,292,213.0,213.0,0.0,1.0,0,0.0,1.0,60.83561643835616,102.0,4.376548074757937,4,295.0,17764.0,8.516986301369863,4.0,42.58493150684931,0.0,12.516986301369863,0.0,12.516986301369863,0.0,12.516986301369863,B_MovingAverage
3,HOUSEHOLD_2_270_CA_3,medium,intermittent,MovingAverage,gaussian,14,0.98,6,2,292,118.0,113.0,5.0,0.9576271186440678,4,0.0136986301369863,0.9863013698630136,20.054794520547944,49.0,7.043203551912569,6,143.0,5856.0,16.396800428416633,6.0,81.98400214208314,2.190000057220459,24.58680048563709,8.760000228881836,31.15680065729847,26.28000068664551,48.67680111506215,B_MovingAverage
4,HOBBIES_1_377_CA_3,low,intermittent,MovingAverage,gaussian,14,0.98,7,0,292,92.0,92.0,0.0,1.0,0,0.0,1.0,12.462328767123287,24.0,9.227809837867547,8,109.0,3639.0,17.412364954752462,8.0,87.06182477376231,0.0,25.412364954752462,0.0,25.412364954752462,0.0,25.412364954752462,B_MovingAverage
5,HOUSEHOLD_2_228_CA_3,low,intermittent,MovingAverage,gaussian,14,0.98,6,0,292,112.0,112.0,0.0,1.0,0,0.0,1.0,17.69178082191781,32.0,7.913279132791327,6,119.0,5166.0,13.54836523376099,6.0,67.74182616880495,0.0,19.54836523376099,0.0,19.54836523376099,0.0,19.54836523376099,B_MovingAverage
6,FOODS_2_347_TX_2,high,regular,MovingAverage,gaussian,14,0.98,11,4,292,1785.0,1592.0,193.0,0.8918767507002802,11,0.03767123287671233,0.9623287671232876,121.10958904109589,427.0,16.431399162990612,12,1570.0,35364.0,30.180509103944853,12.0,150.90254551972427,25.765499585866937,67.94600868981179,103.06199834346775,145.2425074474126,309.18599503040326,351.36650413434813,B_MovingAverage
7,HOUSEHOLD_1_247_TX_2,high,regular,MovingAverage,gaussian,14,0.98,9,0,292,1273.0,1273.0,0.0,1.0,0,0.0,1.0,86.98972602739725,177.0,18.292390063383337,9,1279.0,25401.0,11.813205142951992,9.0,59.06602571475995,0.0,20.813205142951993,0.0,20.813205142951993,0.0,20.813205142951993,B_MovingAverage
8,FOODS_3_729_TX_2,medium,intermittent,MovingAverage,gaussian,14,0.98,8,0,292,224.0,224.0,0.0,1.0,0,0.0,1.0,27.102739726027398,59.0,10.331058882992165,8,261.0,7914.0,15.101646647714588,8.0,75.50823323857294,0.0,23.10164664771459,0.0,23.10164664771459,0.0,23.10164664771459,B_MovingAverage
9,HOBBIES_1_034_TX_2,medium,intermittent,MovingAverage,gaussian,14,0.98,9,0,292,281.0,281.0,0.0,1.0,0,0.0,1.0,31.421232876712327,61.0,11.17874659400545,9,291.0,9175.0,20.49921165753717,9.0,102.49605828768586,0.0,29.49921165753717,0.0,29.49921165753717,0.0,29.49921165753717,B_MovingAverage
10,FOODS_2_196_TX_2,low,intermittent,MovingAverage,gaussian,14,0.98,6,0,292,165.0,165.0,0.0,1.0,0,0.0,1.0,31.16780821917808,53.0,6.617404680804308,6,181.0,9101.0,17.19216326337971,6.0,85.96081631689854,0.0,23.19216326337971,0.0,23.19216326337971,0.0,23.19216326337971,B_MovingAverage
11,HOUSEHOLD_2_315_TX_2,low,intermittent,MovingAverage,gaussian,14,0.98,7,0,292,122.0,122.0,0.0,1.0,0,0.0,1.0,12.821917808219178,24.0,11.893696581196581,8,139.0,3744.0,13.76817547941861,8.0,68.84087739709305,0.0,21.76817547941861,0.0,21.76817547941861,0.0,21.76817547941861,B_MovingAverage
12,FOODS_2_056_WI_3,high,intermittent,MovingAverage,gaussian,14,0.98,20,1,292,1064.0,1061.0,3.0,0.9971804511278195,1,0.003424657534246575,0.9965753424657534,55.04109589041096,100.0,24.095632155301146,22,1126.0,16072.0,53.786159051085164,22.0,268.93079525542583,1.5705000042915347,77.3566590553767,6.282000017166139,82.0681590682513,18.846000051498415,94.63215910258359,B_MovingAverage
13,HOBBIES_1_312_WI_3,high,intermittent,MovingAverage,gaussian,14,0.98,6,0,292,799.0,799.0,0.0,1.0,0,0.0,1.0,110.9417808219178,222.0,9.002469516900756,6,962.0,32395.0,8.853153998496596,6.0,44.26576999248299,0.0,14.853153998496596,0.0,14.853153998496596,0.0,14.853153998496596,B_MovingAverage
14,FOODS_3_128_WI_3,medium,intermittent,MovingAverage,gaussian,14,0.98,4,1,292,156.0,152.0,4.0,0.9743589743589743,2,0.00684931506849315,0.9931506849315068,41.763698630136986,68.0,4.54940549405494,4,168.0,12195.0,17.42381518001426,4.0,87.11907590007128,0.8940000057220461,22.317815185736304,3.5760000228881843,24.999815202902443,10.728000068664553,32.151815248678815,B_MovingAverage
15,HOBBIES_1_036_WI_3,medium,intermittent,MovingAverage,gaussian,14,0.98,4,0,292,242.0,242.0,0.0,1.0,0,0.0,1.0,43.023972602739725,84.0,7.0309639417336625,4,267.0,12563.0,6.746158932831189,4.0,33.730794664155944,0.0,10.74615893283119,0.0,10.74615893283119,0.0,10.74615893283119,B_MovingAverage
16,FOODS_3_520_WI_3,low,intermittent,MovingAverage,gaussian,14,0.98,7,0,292,206.0,206.0,0.0,1.0,0,0.0,1.0,20.383561643835616,47.0,12.632728494623656,8,242.0,5952.0,11.357720602375187,8.0,56.788603011875935,0.0,19.35772060237519,0.0,19.35772060237519,0.0,19.35772060237519,B_MovingAverage
17,HOUSEHOLD_1_464_WI_3,low,intermittent,MovingAverage,gaussian,14,0.98,5,0,292,49.0,49.0,0.0,1.0,0,0.0,1.0,11.003424657534246,18.0,5.5664488017429194,6,63.0,3213.0,14.588340822311295,6.0,72.94170411155649,0.0,20.588340822311295,0.0,20.588340822311295,0.0,20.588340822311295,B_MovingAverage
0,FOODS_3_449_CA_3,high,regular,MovingAverage,empirical,3,0.9,13,5,292,1628.0,1567.0,61.0,0.9625307125307125,8,0.0273972602739726,0.9726027397260274,58.1986301369863,160.0,33.656290455454865,13,1496.0,16994.0,16.132660429379712,13.0,80.66330214689854,9.058500087261201,38.19116051664091,36.234000349044805,65.36666077842452,108.70200104713443,137.83466147651416,B_MovingAverage
1,HOUSEHOLD_1_114_CA_3,high,regular,MovingAverage,empirical,3,0.9,7,3,292,941.0,912.0,29.0,0.9691817215727949,4,0.0136986301369863,0.9863013698630136,62.83561643835616,168.0,18.14257684761282,7,924.0,18348.0,8.533076964012563,7.0,42.66538482006282,2.109750062227249,17.642827026239814,8.439000248908997,23.972077212921562,25.31700074672699,40.850077710739555,B_MovingAverage
2,FOODS_3_784_CA_3,medium,intermittent,MovingAverage,empirical,3,0.9,4,1,292,213.0,210.0,3.0,0.9859154929577465,1,0.003424657534246575,0.9965753424657534,34.00684931506849,78.0,7.719033232628399,4,251.0,9930.0,4.7609589041095886,4.0,23.804794520547944,0.22500000000000003,8.985958904109589,0.9000000000000001,9.66095890410959,2.7,11.460958904109589,B_MovingAverage
3,HOUSEHOLD_2_270_CA_3,medium,intermittent,MovingAverage,empirical,3,0.9,6,3,292,118.0,111.0,7.0,0.940677966101695,5,0.017123287671232876,0.9828767123287672,10.034246575342467,34.0,13.827645051194539,6,141.0,2930.0,8.204000214354632,6.0,41.020001071773166,3.066000080108643,17.270000294463276,12.264000320434572,26.468000534789205,36.792000961303714,50.99600117565835,B_MovingAverage
4,HOBBIES_1_377_CA_3,low,intermittent,MovingAverage,empirical,3,0.9,7,0,292,92.0,92.0,0.0,1.0,0,0.0,1.0,9.16095890410959,16.0,12.553271028037383,7,93.0,2675.0,12.79969119372433,7.0,63.99845596862166,0.0,19.79969119372433,0.0,19.79969119372433,0.0,19.79969119372433,B_MovingAverage
5,HOUSEHOLD_2_228_CA_3,low,intermittent,MovingAverage,empirical,3,0.9,5,2,292,112.0,104.0,8.0,0.9285714285714286,4,0.0136986301369863,0.9863013698630136,12.054794520547945,26.0,10.784090909090908,5,105.0,3520.0,9.2315612897481,5.0,46.1578064487405,3.281999874114991,17.51356116386309,13.127999496459964,27.359560786208064,39.38399848937989,53.61555977912799,B_MovingAverage
6,FOODS_2_347_TX_2,high,regular,MovingAverage,empirical,3,0.9,13,5,292,1785.0,1704.0,81.0,0.9546218487394958,9,0.030821917808219176,0.9691780821917808,72.51712328767124,262.0,29.372373081463987,13,1683.0,21175.0,18.071266832825252,13.0,90.35633416412628,10.81349982619286,41.88476665901811,43.25399930477144,74.32526613759669,129.76199791431432,160.83326474713957,B_MovingAverage
7,HOUSEHOLD_1_247_TX_2,high,regular,MovingAverage,empirical,3,0.9,9,4,292,1273.0,1248.0,25.0,0.9803613511390417,5,0.017123287671232876,0.9828767123287672,71.25342465753425,148.0,21.893684514082473,9,1261.0,20806.0,9.676215353893907,9.0,48.38107676946954,1.8187500536441803,20.49496540753809,7.275000214576721,25.95121556847063,21.825000643730164,40.50121599762407,B_MovingAverage
8,FOODS_3_729_TX_2,medium,intermittent,MovingAverage,empirical,3,0.9,8,0,292,224.0,224.0,0.0,1.0,0,0.0,1.0,18.404109589041095,48.0,15.213993301079272,8,255.0,5374.0,10.254769912157972,8.0,51.27384956078986,0.0,18.254769912157972,0.0,18.254769912157972,0.0,18.254769912157972,B_MovingAverage
9,HOBBIES_1_034_TX_2,medium,intermittent,MovingAverage,empirical,3,0.9,9,3,292,281.0,272.0,9.0,0.9679715302491103,4,0.0136986301369863,0.9863013698630136,17.0,47.0,20.0,9,282.0,4964.0,11.090799636840819,9.0,55.453998184204096,3.145499897003174,23.236299533843994,12.581999588012696,32.67279922485352,37.74599876403809,57.83679840087891,B_MovingAverage
10,FOODS_2_196_TX_2,low,intermittent,MovingAverage,empirical,3,0.9,6,0,292,165.0,165.0,0.0,1.0,0,0.0,1.0,15.236301369863014,35.0,13.53674983142279,7,192.0,4449.0,8.404343957672381,7.0,42.0217197883619,0.0,15.404343957672381,0.0,15.404343957672381,0.0,15.404343957672381,B_MovingAverage
11,HOUSEHOLD_2_315_TX_2,low,intermittent,MovingAverage,empirical,3,0.9,7,0,292,122.0,122.0,0.0,1.0,0,0.0,1.0,10.801369863013699,22.0,14.11857958148383,7,124.0,3154.0,11.598511074275187,7.0,57.99255537137593,0.0,18.598511074275187,0.0,18.598511074275187,0.0,18.598511074275187,B_MovingAverage
12,FOODS_2_056_WI_3,high,intermittent,MovingAverage,empirical,3,0.9,21,6,292,1064.0,1045.0,19.0,0.9821428571428571,7,0.023972602739726026,0.976027397260274,29.0,67.0,45.043103448275865,21,1035.0,8468.0,28.338800077438353,21.0,141.69400038719175,9.94650002717972,59.285300104618074,39.78600010871888,89.12480018615723,119.35800032615664,168.69680040359498,B_MovingAverage
13,HOBBIES_1_312_WI_3,high,intermittent,MovingAverage,empirical,3,0.9,6,3,292,799.0,781.0,18.0,0.9774718397997497,5,0.017123287671232876,0.9828767123287672,78.73972602739725,180.0,12.398442936673627,6,876.0,22992.0,6.283430058139643,6.0,31.417150290698217,0.7694999903440476,13.052930048483692,3.0779999613761904,15.361430019515833,9.233999884128572,21.517429942268215,B_MovingAverage
14,FOODS_3_128_WI_3,medium,intermittent,MovingAverage,empirical,3,0.9,4,0,292,156.0,156.0,0.0,1.0,0,0.0,1.0,26.92808219178082,54.0,7.241510873712324,4,158.0,7863.0,11.234395962316695,4.0,56.17197981158347,0.0,15.234395962316695,0.0,15.234395962316695,0.0,15.234395962316695,B_MovingAverage
15,HOBBIES_1_036_WI_3,medium,intermittent,MovingAverage,empirical,3,0.9,4,1,292,242.0,238.0,4.0,0.9834710743801653,2,0.00684931506849315,0.9931506849315068,32.53767123287671,78.0,9.143248079149563,4,252.0,9501.0,5.101906871036308,4.0,25.509534355181533,0.33600000143051156,9.437906872466819,1.3440000057220463,10.445906876758354,4.032000017166139,13.133906888202446,B_MovingAverage
16,FOODS_3_520_WI_3,low,intermittent,MovingAverage,empirical,3,0.9,7,0,292,206.0,206.0,0.0,1.0,0,0.0,1.0,16.116438356164384,34.0,15.977475563110922,7,204.0,4706.0,8.980079495090328,7.0,44.90039747545164,0.0,15.980079495090328,0.0,15.980079495090328,0.0,15.980079495090328,B_MovingAverage
17,HOUSEHOLD_1_464_WI_3,low,intermittent,MovingAverage,empirical,3,0.9,5,1,292,49.0,48.0,1.0,0.9795918367346939,1,0.003424657534246575,0.9965753424657534,6.287671232876712,14.0,9.542483660130719,5,53.0,1836.0,8.336194755606455,5.0,41.680973778032275,0.7102500200271606,14.046444775633615,2.8410000801086426,16.1771948357151,8.523000240325928,21.859194995932384,B_MovingAverage
0,FOODS_3_449_CA_3,high,regular,MovingAverage,empirical,3,0.95,14,2,292,1628.0,1586.0,42.0,0.9742014742014742,3,0.010273972602739725,0.9897260273972602,60.49657534246575,181.0,32.77045004245684,14,1583.0,17665.0,16.76965084647479,14.0,83.84825423237395,6.237000060081483,37.006650906556274,24.948000240325932,55.71765108680072,74.8440007209778,105.61365156745259,B_MovingAverage
1,HOUSEHOLD_1_114_CA_3,high,regular,MovingAverage,empirical,3,0.95,7,0,292,941.0,941.0,0.0,1.0,0,0.0,1.0,67.92123287671232,164.0,17.317854081581203,8,1045.0,19833.0,9.223703696711423,8.0,46.11851848355711,0.0,17.223703696711425,0.0,17.223703696711425,0.0,17.223703696711425,B_MovingAverage
2,FOODS_3_784_CA_3,medium,intermittent,MovingAverage,empirical,3,0.95,3,0,292,213.0,213.0,0.0,1.0,0,0.0,1.0,41.85616438356164,85.0,6.361070201276387,4,279.0,12222.0,5.85986301369863,4.0,29.299315068493147,0.0,9.859863013698629,0.0,9.859863013698629,0.0,9.859863013698629,B_MovingAverage
3,HOUSEHOLD_2_270_CA_3,medium,intermittent,MovingAverage,empirical,3,0.95,6,1,292,118.0,114.0,4.0,0.9661016949152542,2,0.00684931506849315,0.9931506849315068,11.116438356164384,34.0,12.818853974121996,6,139.0,3246.0,9.088800237472743,6.0,45.44400118736372,1.7520000457763674,16.84080028324911,7.0080001831054695,22.096800420578212,21.02400054931641,36.11280078678915,B_MovingAverage
4,HOBBIES_1_377_CA_3,low,intermittent,MovingAverage,empirical,3,0.95,7,0,292,92.0,92.0,0.0,1.0,0,0.0,1.0,9.715753424657533,17.0,11.836446951004584,7,94.0,2837.0,13.57485006227885,7.0,67.87425031139425,0.0,20.57485006227885,0.0,20.57485006227885,0.0,20.57485006227885,B_MovingAverage
5,HOUSEHOLD_2_228_CA_3,low,intermittent,MovingAverage,empirical,3,0.95,5,2,292,112.0,105.0,7.0,0.9375,3,0.010273972602739725,0.9897260273972602,12.695205479452055,24.0,10.33854869166442,6,126.0,3707.0,9.721987983265969,6.0,48.609939916329836,2.871749889850617,18.593737873116584,11.486999559402468,27.20898754266844,34.4609986782074,50.18298666147337,B_MovingAverage
6,FOODS_2_347_TX_2,high,regular,MovingAverage,empirical,3,0.95,13,5,292,1785.0,1703.0,82.0,0.95406162464986,7,0.023972602739726026,0.976027397260274,71.91780821917808,262.0,29.599761904761905,13,1648.0,21000.0,17.921917520157276,13.0,89.60958760078638,10.946999824047092,41.86891734420437,43.78799929618837,74.70991681634564,131.3639978885651,162.2859154087224,B_MovingAverage
7,HOUSEHOLD_1_247_TX_2,high,regular,MovingAverage,empirical,3,0.95,9,0,292,1273.0,1273.0,0.0,1.0,0,0.0,1.0,72.38013698630137,152.0,21.98462266382778,9,1263.0,21135.0,9.829222892653453,9.0,49.14611446326726,0.0,18.829222892653455,0.0,18.829222892653455,0.0,18.829222892653455,B_MovingAverage
8,FOODS_3_729_TX_2,medium,intermittent,MovingAverage,empirical,3,0.95,8,0,292,224.0,224.0,0.0,1.0,0,0.0,1.0,19.60958904109589,45.0,14.278728606356967,8,254.0,5726.0,10.926463066061881,8.0,54.63231533030941,0.0,18.92646306606188,0.0,18.92646306606188,0.0,18.92646306606188,B_MovingAverage
9,HOBBIES_1_034_TX_2,medium,intermittent,MovingAverage,empirical,3,0.95,9,1,292,281.0,280.0,1.0,0.99644128113879,1,0.003424657534246575,0.9965753424657534,19.732876712328768,47.0,17.73689691079486,9,288.0,5762.0,12.873728345583562,9.0,64.36864172791782,0.34949998855590825,22.22322833413947,1.397999954223633,23.271728299807194,4.193999862670899,26.06772820825446,B_MovingAverage
10,FOODS_2_196_TX_2,low,intermittent,MovingAverage,empirical,3,0.95,7,1,292,165.0,163.0,2.0,0.9878787878787879,1,0.003424657534246575,0.9965753424657534,15.691780821917808,35.0,12.984504583151462,7,186.0,4582.0,8.655586427074589,7.0,43.27793213537294,0.5910000085830689,16.246586435657658,2.3640000343322756,18.019586461406863,7.092000102996827,22.747586530071416,B_MovingAverage
11,HOUSEHOLD_2_315_TX_2,low,intermittent,MovingAverage,empirical,3,0.95,7,0,292,122.0,122.0,0.0,1.0,0,0.0,1.0,11.363013698630137,22.0,13.420735382760698,7,123.0,3318.0,12.201604230959122,7.0,61.00802115479561,0.0,19.20160423095912,0.0,19.20160423095912,0.0,19.20160423095912,B_MovingAverage
12,FOODS_2_056_WI_3,high,intermittent,MovingAverage,empirical,3,0.95,21,1,292,1064.0,1058.0,6.0,0.9943609022556391,1,0.003424657534246575,0.9965753424657534,31.404109589041095,66.0,42.1123227917121,21,1051.0,9170.0,30.688095974268975,21.0,153.44047987134488,3.1410000085830694,54.829095982852046,12.564000034332278,64.25209600860126,37.69200010299683,89.3800960772658,B_MovingAverage
13,HOBBIES_1_312_WI_3,high,intermittent,MovingAverage,empirical,3,0.95,6,1,292,799.0,784.0,15.0,0.981226533166458,2,0.00684931506849315,0.9931506849315068,80.87328767123287,192.0,12.11772178699979,6,881.0,23615.0,6.453688275181267,6.0,32.268441375906335,0.6412499919533731,13.09493826713464,2.5649999678134923,15.01868824299476,7.694999903440476,20.148688178621743,B_MovingAverage
14,FOODS_3_128_WI_3,medium,intermittent,MovingAverage,empirical,3,0.95,4,0,292,156.0,156.0,0.0,1.0,0,0.0,1.0,24.54794520547945,51.0,7.943638392857143,4,152.0,7168.0,10.241402805276113,4.0,51.207014026380556,0.0,14.241402805276113,0.0,14.241402805276113,0.0,14.241402805276113,B_MovingAverage
15,HOBBIES_1_036_WI_3,medium,intermittent,MovingAverage,empirical,3,0.95,4,1,292,242.0,239.0,3.0,0.987603305785124,2,0.00684931506849315,0.9931506849315068,33.11643835616438,78.0,9.021199586349535,4,254.0,9670.0,5.192657556354183,4.0,25.96328778177091,0.2520000010728837,9.444657557427066,1.0080000042915347,10.200657560645718,3.024000012874604,12.216657569228786,B_MovingAverage
16,FOODS_3_520_WI_3,low,intermittent,MovingAverage,empirical,3,0.95,7,1,292,206.0,204.0,2.0,0.9902912621359223,1,0.003424657534246575,0.9965753424657534,17.856164383561644,35.0,14.28078250863061,7,207.0,5214.0,9.94945484220165,7.0,49.74727421100825,0.597000002861023,17.546454845062673,2.388000011444092,19.337454853645742,7.164000034332275,24.113454876533925,B_MovingAverage
17,HOUSEHOLD_1_464_WI_3,low,intermittent,MovingAverage,empirical,3,0.95,5,1,292,49.0,48.0,1.0,0.9795918367346939,1,0.003424657534246575,0.9965753424657534,7.071917808219178,13.0,8.484261501210653,5,53.0,2065.0,9.375948894513796,5.0,46.87974447256898,0.7102500200271606,15.086198914540956,2.8410000801086426,17.21694897462244,8.523000240325928,22.898949134839725,B_MovingAverage
0,FOODS_3_449_CA_3,high,regular,MovingAverage,empirical,3,0.98,14,2,292,1628.0,1589.0,39.0,0.976044226044226,3,0.010273972602739725,0.9897260273972602,65.18493150684931,185.0,30.470999264474102,14,1590.0,19034.0,18.069263187761173,14.0,90.34631593880586,5.791500055789949,37.86076324355112,23.166000223159795,55.235263410920965,69.49800066947938,101.56726385724056,B_MovingAverage
1,HOUSEHOLD_1_114_CA_3,high,regular,MovingAverage,empirical,3,0.98,8,0,292,941.0,941.0,0.0,1.0,0,0.0,1.0,67.97602739726027,168.0,17.303894402740696,8,1042.0,19849.0,9.23114479282131,8.0,46.15572396410654,0.0,17.23114479282131,0.0,17.23114479282131,0.0,17.23114479282131,B_MovingAverage
2,FOODS_3_784_CA_3,medium,intermittent,MovingAverage,empirical,3,0.98,3,0,292,213.0,213.0,0.0,1.0,0,0.0,1.0,42.54109589041096,85.0,6.258654000966028,4,280.0,12422.0,5.9557534246575345,4.0,29.77876712328767,0.0,9.955753424657534,0.0,9.955753424657534,0.0,9.955753424657534,B_MovingAverage
3,HOUSEHOLD_2_270_CA_3,medium,intermittent,MovingAverage,empirical,3,0.98,6,1,292,118.0,115.0,3.0,0.9745762711864406,2,0.00684931506849315,0.9931506849315068,12.07876712328767,35.0,11.901049050184293,6,141.0,3527.0,9.875600258030303,6.0,49.378001290151516,1.3140000343322755,17.189600292362577,5.256000137329102,21.131600395359406,15.768000411987305,31.64360067001761,B_MovingAverage
4,HOBBIES_1_377_CA_3,low,intermittent,MovingAverage,empirical,3,0.98,7,0,292,92.0,92.0,0.0,1.0,0,0.0,1.0,10.133561643835616,17.0,11.348428523149712,7,94.0,2959.0,14.158611679338428,7.0,70.79305839669215,0.0,21.158611679338428,0.0,21.158611679338428,0.0,21.158611679338428,B_MovingAverage
5,HOUSEHOLD_2_228_CA_3,low,intermittent,MovingAverage,empirical,3,0.98,5,2,292,112.0,105.0,7.0,0.9375,3,0.010273972602739725,0.9897260273972602,12.695205479452055,24.0,10.33854869166442,6,127.0,3707.0,9.721987983265969,6.0,48.609939916329836,2.871749889850617,18.593737873116584,11.486999559402468,27.20898754266844,34.4609986782074,50.18298666147337,B_MovingAverage
6,FOODS_2_347_TX_2,high,regular,MovingAverage,empirical,3,0.98,13,4,292,1785.0,1672.0,113.0,0.9366946778711485,8,0.0273972602739726,0.9726027397260274,69.06164383561644,182.0,30.262818605573738,13,1652.0,20166.0,17.210161367213885,13.0,86.05080683606943,15.08549975752831,45.295661124742196,60.34199903011324,90.55216039732713,181.02599709033973,211.2361584575536,B_MovingAverage
7,HOUSEHOLD_1_247_TX_2,high,regular,MovingAverage,empirical,3,0.98,9,0,292,1273.0,1273.0,0.0,1.0,0,0.0,1.0,74.07534246575342,154.0,21.481507165973188,9,1265.0,21630.0,10.059431803553071,9.0,50.29715901776536,0.0,19.05943180355307,0.0,19.05943180355307,0.0,19.05943180355307,B_MovingAverage
8,FOODS_3_729_TX_2,medium,intermittent,MovingAverage,empirical,3,0.98,8,0,292,224.0,224.0,0.0,1.0,0,0.0,1.0,21.835616438356166,51.0,12.823086574654955,8,258.0,6376.0,12.16680553775944,8.0,60.83402768879721,0.0,20.16680553775944,0.0,20.16680553775944,0.0,20.16680553775944,B_MovingAverage
9,HOBBIES_1_034_TX_2,medium,intermittent,MovingAverage,empirical,3,0.98,9,1,292,281.0,279.0,2.0,0.9928825622775801,1,0.003424657534246575,0.9965753424657534,20.017123287671232,48.0,17.422583404619335,9,288.0,5845.0,13.059170805264824,9.0,65.29585402632412,0.6989999771118165,22.75817078237664,2.795999908447266,24.85517071371209,8.387999725341798,30.44717053060662,B_MovingAverage
10,FOODS_2_196_TX_2,low,intermittent,MovingAverage,empirical,3,0.98,7,0,292,165.0,165.0,0.0,1.0,0,0.0,1.0,16.763698630136986,35.0,12.303370786516854,7,186.0,4895.0,9.246856298675276,7.0,46.23428149337638,0.0,16.246856298675276,0.0,16.246856298675276,0.0,16.246856298675276,B_MovingAverage
11,HOUSEHOLD_2_315_TX_2,low,intermittent,MovingAverage,empirical,3,0.98,7,0,292,122.0,122.0,0.0,1.0,0,0.0,1.0,12.267123287671232,22.0,12.431602456728085,7,124.0,3582.0,13.172437117328382,7.0,65.8621855866419,0.0,20.172437117328382,0.0,20.172437117328382,0.0,20.172437117328382,B_MovingAverage
12,FOODS_2_056_WI_3,high,intermittent,MovingAverage,empirical,3,0.98,21,1,292,1064.0,1060.0,4.0,0.9962406015037594,1,0.003424657534246575,0.9965753424657534,32.21232876712329,67.0,41.13331915798426,21,1054.0,9406.0,31.47788775724907,21.0,157.38943878624536,2.0940000057220463,54.571887762971116,8.376000022888185,60.853887780137256,25.128000068664555,77.60588782591363,B_MovingAverage
13,HOBBIES_1_312_WI_3,high,intermittent,MovingAverage,empirical,3,0.98,6,1,292,799.0,793.0,6.0,0.9924906132665833,2,0.00684931506849315,0.9931506849315068,86.59246575342466,196.0,11.447300771208226,6,894.0,25285.0,6.910078680413226,6.0,34.550393402066135,0.2564999967813492,13.166578677194574,1.0259999871253969,13.936078667538622,3.0779999613761904,15.988078641789414,B_MovingAverage
14,FOODS_3_128_WI_3,medium,intermittent,MovingAverage,empirical,3,0.98,5,0,292,156.0,156.0,0.0,1.0,0,0.0,1.0,23.89041095890411,52.0,8.162270642201834,5,193.0,6976.0,9.967079515849074,5.0,49.83539757924537,0.0,14.967079515849074,0.0,14.967079515849074,0.0,14.967079515849074,B_MovingAverage
15,HOBBIES_1_036_WI_3,medium,intermittent,MovingAverage,empirical,3,0.98,4,1,292,242.0,240.0,2.0,0.9917355371900827,1,0.003424657534246575,0.9965753424657534,41.321917808219176,81.0,7.260069617105918,4,258.0,12066.0,6.479276739914123,4.0,32.39638369957061,0.16800000071525578,10.64727674062938,0.6720000028610231,11.151276742775146,2.0160000085830694,12.495276748497194,B_MovingAverage
16,FOODS_3_520_WI_3,low,intermittent,MovingAverage,empirical,3,0.98,8,0,292,206.0,206.0,0.0,1.0,0,0.0,1.0,17.681506849315067,39.0,14.563238427270967,8,233.0,5163.0,9.852135663653073,8.0,49.26067831826536,0.0,17.852135663653073,0.0,17.852135663653073,0.0,17.852135663653073,B_MovingAverage
17,HOUSEHOLD_1_464_WI_3,low,intermittent,MovingAverage,empirical,3,0.98,5,0,292,49.0,49.0,0.0,1.0,0,0.0,1.0,6.934931506849315,13.0,8.832098765432098,5,49.0,2025.0,9.19433245103653,5.0,45.97166225518266,0.0,14.19433245103653,0.0,14.19433245103653,0.0,14.19433245103653,B_MovingAverage
0,FOODS_3_449_CA_3,high,regular,MovingAverage,empirical,7,0.9,13,5,292,1628.0,1534.0,94.0,0.9422604422604423,13,0.04452054794520548,0.9554794520547946,68.38356164383562,185.0,28.040364583333332,13,1500.0,19968.0,18.955923470275042,13.0,94.77961735137521,13.959000134468083,45.91492360474312,55.83600053787233,87.79192400814738,167.50800161361698,199.46392508389204,B_MovingAverage
1,HOUSEHOLD_1_114_CA_3,high,regular,MovingAverage,empirical,7,0.9,7,2,292,941.0,921.0,20.0,0.9787460148777896,4,0.0136986301369863,0.9863013698630136,71.64041095890411,186.0,16.069840814570487,7,928.0,20919.0,9.728768095169983,7.0,48.64384047584991,1.4550000429153442,18.183768138085327,5.820000171661377,22.54876826683136,17.46000051498413,34.18876861015411,B_MovingAverage
2,FOODS_3_784_CA_3,medium,intermittent,MovingAverage,empirical,7,0.9,4,1,292,213.0,204.0,9.0,0.9577464788732394,3,0.010273972602739725,0.9897260273972602,35.054794520547944,73.0,7.274325908558031,4,245.0,10236.0,4.907671232876712,4.0,24.538356164383558,0.675,9.582671232876713,2.7,11.607671232876712,8.100000000000001,17.007671232876714,B_MovingAverage
3,HOUSEHOLD_2_270_CA_3,medium,intermittent,MovingAverage,empirical,7,0.9,6,1,292,118.0,109.0,9.0,0.923728813559322,3,0.010273972602739725,0.9897260273972602,11.941780821917808,31.0,11.409521078290794,6,136.0,3487.0,9.76360025510396,6.0,48.8180012755198,3.9420001029968263,19.705600358100785,15.768000411987305,31.531600667091265,47.30400123596192,63.06760149106588,B_MovingAverage
4,HOBBIES_1_377_CA_3,low,intermittent,MovingAverage,empirical,7,0.9,7,0,292,92.0,92.0,0.0,1.0,0,0.0,1.0,8.42123287671233,18.0,13.655957706384708,8,101.0,2459.0,11.766146035651637,8.0,58.83073017825819,0.0,19.766146035651637,0.0,19.766146035651637,0.0,19.766146035651637,B_MovingAverage
5,HOUSEHOLD_2_228_CA_3,low,intermittent,MovingAverage,empirical,7,0.9,5,2,292,112.0,108.0,4.0,0.9642857142857143,2,0.00684931506849315,0.9931506849315068,13.856164383561644,31.0,9.742956005931784,6,127.0,4046.0,10.61105027793205,6.0,53.05525138966024,1.6409999370574955,18.252050214989545,6.563999748229982,23.175050026162033,19.691999244689946,36.303049522622,B_MovingAverage
6,FOODS_2_347_TX_2,high,regular,MovingAverage,empirical,7,0.9,13,4,292,1785.0,1621.0,164.0,0.9081232492997199,13,0.04452054794520548,0.9554794520547946,67.68150684931507,213.0,29.93801548347923,13,1609.0,19763.0,16.86623123575563,13.0,84.33115617877816,21.893999648094184,51.760230883849815,87.57599859237673,117.44222982813237,262.7279957771302,292.5942270128858,B_MovingAverage
7,HOUSEHOLD_1_247_TX_2,high,regular,MovingAverage,empirical,7,0.9,9,1,292,1273.0,1268.0,5.0,0.9960722702278083,2,0.00684931506849315,0.9931506849315068,75.7431506849315,154.0,20.925984536781662,9,1263.0,22117.0,10.285920166397748,9.0,51.429600831988736,0.36375001072883606,19.649670177126584,1.4550000429153442,20.740920209313092,4.365000128746033,23.65092029514378,B_MovingAverage
8,FOODS_3_729_TX_2,medium,intermittent,MovingAverage,empirical,7,0.9,8,0,292,224.0,224.0,0.0,1.0,0,0.0,1.0,19.753424657534246,55.0,14.174757281553399,8,261.0,5768.0,11.006608271925415,8.0,55.033041359627084,0.0,19.006608271925415,0.0,19.006608271925415,0.0,19.006608271925415,B_MovingAverage
9,HOBBIES_1_034_TX_2,medium,intermittent,MovingAverage,empirical,7,0.9,9,3,292,281.0,275.0,6.0,0.9786476868327402,4,0.0136986301369863,0.9863013698630136,18.006849315068493,43.0,19.089958158995817,9,287.0,5258.0,11.747668108482882,9.0,58.73834054241441,2.0969999313354495,22.844668039818334,8.387999725341798,29.135667833824684,25.163999176025392,45.911667284508276,B_MovingAverage
10,FOODS_2_196_TX_2,low,intermittent,MovingAverage,empirical,7,0.9,7,0,292,165.0,165.0,0.0,1.0,0,0.0,1.0,15.95890410958904,36.0,12.92381974248927,7,174.0,4660.0,8.80293163469393,7.0,44.01465817346965,0.0,15.80293163469393,0.0,15.80293163469393,0.0,15.80293163469393,B_MovingAverage
11,HOUSEHOLD_2_315_TX_2,low,intermittent,MovingAverage,empirical,7,0.9,7,0,292,122.0,122.0,0.0,1.0,0,0.0,1.0,13.14041095890411,27.0,11.605420901746156,7,131.0,3837.0,14.110173428025965,7.0,70.55086714012981,0.0,21.110173428025966,0.0,21.110173428025966,0.0,21.110173428025966,B_MovingAverage
12,FOODS_2_056_WI_3,high,intermittent,MovingAverage,empirical,7,0.9,21,3,292,1064.0,1047.0,17.0,0.9840225563909775,4,0.0136986301369863,0.9863013698630136,35.18150684931507,69.0,37.19994159447094,21,1050.0,10273.0,34.37936858709544,21.0,171.89684293547722,8.899500024318696,64.27886861141414,35.598000097274785,90.97736868437022,106.79400029182436,162.1733688789198,B_MovingAverage
13,HOBBIES_1_312_WI_3,high,intermittent,MovingAverage,empirical,7,0.9,6,2,292,799.0,785.0,14.0,0.9824780976220275,5,0.017123287671232876,0.9828767123287672,81.66095890410959,189.0,12.016145942545606,6,879.0,23845.0,6.516544438776087,6.0,32.58272219388044,0.5984999924898149,13.115044431265902,2.3939999699592596,14.910544408735348,7.181999909877778,19.698544348653865,B_MovingAverage
14,FOODS_3_128_WI_3,medium,intermittent,MovingAverage,empirical,7,0.9,4,1,292,156.0,155.0,1.0,0.9935897435897436,1,0.003424657534246575,0.9965753424657534,26.363013698630137,54.0,7.349311509482982,5,195.0,7698.0,10.998649385465335,5.0,54.993246927326666,0.22350000143051152,16.222149386895847,0.8940000057220461,16.89264939118738,2.6820000171661382,18.680649402631474,B_MovingAverage
15,HOBBIES_1_036_WI_3,medium,intermittent,MovingAverage,empirical,7,0.9,4,1,292,242.0,238.0,4.0,0.9834710743801653,3,0.010273972602739725,0.9897260273972602,32.397260273972606,76.0,9.182875264270612,5,285.0,9460.0,5.079890432586408,5.0,25.399452162932043,0.33600000143051156,10.41589043401692,1.3440000057220463,11.423890438308455,4.032000017166139,14.111890449752547,B_MovingAverage
16,FOODS_3_520_WI_3,low,intermittent,MovingAverage,empirical,7,0.9,7,1,292,206.0,203.0,3.0,0.9854368932038835,1,0.003424657534246575,0.9965753424657534,16.654109589041095,37.0,15.236479539378985,8,225.0,4863.0,9.27966990748497,8.0,46.39834953742484,0.8955000042915344,18.175169911776504,3.5820000171661377,20.861669924651107,10.746000051498413,28.025669958983382,B_MovingAverage
17,HOUSEHOLD_1_464_WI_3,low,intermittent,MovingAverage,empirical,7,0.9,6,0,292,49.0,49.0,0.0,1.0,0,0.0,1.0,6.732876712328767,14.0,9.097151576805697,6,57.0,1966.0,8.926448196907565,6.0,44.63224098453783,0.0,14.926448196907565,0.0,14.926448196907565,0.0,14.926448196907565,B_MovingAverage
0,FOODS_3_449_CA_3,high,regular,MovingAverage,empirical,7,0.95,13,4,292,1628.0,1527.0,101.0,0.937960687960688,10,0.03424657534246575,0.9657534246575342,74.0,231.0,25.79391891891892,13,1471.0,21608.0,20.512800197601315,13.0,102.56400098800658,14.998500144481662,48.511300342082976,59.99400057792665,93.50680077552796,179.98200173377995,213.49480193138126,B_MovingAverage
1,HOUSEHOLD_1_114_CA_3,high,regular,MovingAverage,empirical,7,0.95,7,1,292,941.0,932.0,9.0,0.9904357066950054,2,0.00684931506849315,0.9931506849315068,75.4931506849315,177.0,15.431863545636,8,1049.0,22044.0,10.25197016539639,8.0,51.259850826981946,0.6547500193119049,18.906720184708295,2.6190000772476196,20.87097024264401,7.857000231742859,26.10897039713925,B_MovingAverage
2,FOODS_3_784_CA_3,medium,intermittent,MovingAverage,empirical,7,0.95,3,0,292,213.0,213.0,0.0,1.0,0,0.0,1.0,44.21232876712329,85.0,6.022075910147173,4,281.0,12910.0,6.18972602739726,4.0,30.9486301369863,0.0,10.18972602739726,0.0,10.18972602739726,0.0,10.18972602739726,B_MovingAverage
3,HOUSEHOLD_2_270_CA_3,medium,intermittent,MovingAverage,empirical,7,0.95,6,1,292,118.0,110.0,8.0,0.9322033898305084,3,0.010273972602739725,0.9897260273972602,12.98972602739726,35.0,10.585288689691536,6,141.0,3793.0,10.620400277490486,6.0,53.102001387452425,3.5040000915527347,20.124400369043222,14.016000366210939,30.636400643701425,42.04800109863282,58.6684013761233,B_MovingAverage
4,HOBBIES_1_377_CA_3,low,intermittent,MovingAverage,empirical,7,0.95,7,0,292,92.0,92.0,0.0,1.0,0,0.0,1.0,9.092465753424657,19.0,12.64783427495292,8,105.0,2655.0,12.70399256797686,8.0,63.51996283988429,0.0,20.70399256797686,0.0,20.70399256797686,0.0,20.70399256797686,B_MovingAverage
5,HOUSEHOLD_2_228_CA_3,low,intermittent,MovingAverage,empirical,7,0.95,6,0,292,112.0,112.0,0.0,1.0,0,0.0,1.0,14.75,30.0,9.491525423728813,6,114.0,4307.0,11.295549566745757,6.0,56.477747833728785,0.0,17.295549566745755,0.0,17.295549566745755,0.0,17.295549566745755,B_MovingAverage
6,FOODS_2_347_TX_2,high,regular,MovingAverage,empirical,7,0.95,13,4,292,1785.0,1612.0,173.0,0.9030812324929972,15,0.05136986301369863,0.9486301369863014,71.83219178082192,196.0,28.05148986889154,13,1603.0,20975.0,17.900581904061852,13.0,89.50290952030925,23.09549962878228,53.99608153284413,92.38199851512913,123.28258041919098,277.14599554538734,308.04657744944916,B_MovingAverage
7,HOUSEHOLD_1_247_TX_2,high,regular,MovingAverage,empirical,7,0.95,9,1,292,1273.0,1270.0,3.0,0.997643362136685,1,0.003424657534246575,0.9965753424657534,77.41438356164383,156.0,20.50652510506525,9,1267.0,22605.0,10.512873597749293,9.0,52.564367988746454,0.21825000643730164,19.731123604186593,0.8730000257492065,20.385873623498497,2.6190000772476196,22.13187367499691,B_MovingAverage
8,FOODS_3_729_TX_2,medium,intermittent,MovingAverage,empirical,7,0.95,8,0,292,224.0,224.0,0.0,1.0,0,0.0,1.0,23.03082191780822,58.0,12.157620817843867,8,264.0,6725.0,12.832774034101668,8.0,64.16387017050835,0.0,20.832774034101668,0.0,20.832774034101668,0.0,20.832774034101668,B_MovingAverage
9,HOBBIES_1_034_TX_2,medium,intermittent,MovingAverage,empirical,7,0.95,9,4,292,281.0,275.0,6.0,0.9786476868327402,4,0.0136986301369863,0.9863013698630136,20.013698630136986,44.0,17.175735797399042,9,283.0,5844.0,13.05693655876264,9.0,65.2846827938132,2.0969999313354495,24.15393649009809,8.387999725341798,30.444936284104436,25.163999176025392,47.22093573478803,B_MovingAverage
10,FOODS_2_196_TX_2,low,intermittent,MovingAverage,empirical,7,0.95,6,0,292,165.0,165.0,0.0,1.0,0,0.0,1.0,23.53767123287671,42.0,8.762549105194239,6,172.0,6873.0,12.983379640611883,6.0,64.91689820305942,0.0,18.983379640611883,0.0,18.983379640611883,0.0,18.983379640611883,B_MovingAverage
11,HOUSEHOLD_2_315_TX_2,low,intermittent,MovingAverage,empirical,7,0.95,7,1,292,122.0,120.0,2.0,0.9836065573770492,1,0.003424657534246575,0.9965753424657534,12.982876712328768,24.0,11.553679767871273,7,123.0,3791.0,13.941013152370713,7.0,69.70506576185358,1.150500011444092,22.091513163814806,4.602000045776368,25.543013198147083,13.806000137329104,34.74701328969982,B_MovingAverage
12,FOODS_2_056_WI_3,high,intermittent,MovingAverage,empirical,7,0.95,21,3,292,1064.0,1044.0,20.0,0.981203007518797,4,0.0136986301369863,0.9863013698630136,37.79794520547945,71.0,34.52568632780647,21,1050.0,11037.0,36.93615215572592,21.0,184.6807607786296,10.470000028610231,68.40615218433615,41.880000114440925,99.81615227016684,125.64000034332278,183.5761524990487,B_MovingAverage
13,HOBBIES_1_312_WI_3,high,intermittent,MovingAverage,empirical,7,0.95,6,1,292,799.0,797.0,2.0,0.9974968710888611,1,0.003424657534246575,0.9965753424657534,87.51712328767124,194.0,11.383486597534729,6,896.0,25555.0,6.983866350720189,6.0,34.91933175360095,0.0854999989271164,13.069366349647304,0.3419999957084656,13.325866346428654,1.0259999871253969,14.009866337845585,B_MovingAverage
14,FOODS_3_128_WI_3,medium,intermittent,MovingAverage,empirical,7,0.95,4,0,292,156.0,156.0,0.0,1.0,0,0.0,1.0,28.017123287671232,56.0,6.9600293362669605,5,198.0,8181.0,11.688743910430228,5.0,58.44371955215114,0.0,16.688743910430226,0.0,16.688743910430226,0.0,16.688743910430226,B_MovingAverage
15,HOBBIES_1_036_WI_3,medium,intermittent,MovingAverage,empirical,7,0.95,5,1,292,242.0,238.0,4.0,0.9834710743801653,3,0.010273972602739725,0.9897260273972602,36.78082191780822,78.0,8.088454376163874,5,292.0,10740.0,5.767232901266176,5.0,28.836164506330878,0.33600000143051156,11.103232902696687,1.3440000057220463,12.111232906988223,4.032000017166139,14.799232918432315,B_MovingAverage
16,FOODS_3_520_WI_3,low,intermittent,MovingAverage,empirical,7,0.95,8,1,292,206.0,204.0,2.0,0.9902912621359223,1,0.003424657534246575,0.9965753424657534,17.873287671232877,42.0,14.267100977198696,8,233.0,5219.0,9.958995938137786,8.0,49.79497969068893,0.597000002861023,18.55599594099881,2.388000011444092,20.346995949581878,7.164000034332275,25.12299597247006,B_MovingAverage
17,HOUSEHOLD_1_464_WI_3,low,intermittent,MovingAverage,empirical,7,0.95,6,0,292,49.0,49.0,0.0,1.0,0,0.0,1.0,8.116438356164384,15.0,7.546413502109704,6,58.0,2370.0,10.76077427602794,6.0,53.803871380139704,0.0,16.760774276027938,0.0,16.760774276027938,0.0,16.760774276027938,B_MovingAverage
0,FOODS_3_449_CA_3,high,regular,MovingAverage,empirical,7,0.98,13,4,292,1628.0,1528.0,100.0,0.9385749385749386,9,0.030821917808219176,0.9691780821917808,75.53082191780823,234.0,25.287689866243475,13,1475.0,22055.0,20.93714403730549,13.0,104.68572018652746,14.850000143051151,48.787144180356634,59.400000572204604,93.33714460951009,178.2000017166138,212.1371457539193,B_MovingAverage
1,HOUSEHOLD_1_114_CA_3,high,regular,MovingAverage,empirical,7,0.98,8,0,292,941.0,941.0,0.0,1.0,0,0.0,1.0,72.97945205479452,197.0,16.117550445800095,8,973.0,21310.0,9.910609881355338,8.0,49.55304940677669,0.0,17.910609881355338,0.0,17.910609881355338,0.0,17.910609881355338,B_MovingAverage
2,FOODS_3_784_CA_3,medium,intermittent,MovingAverage,empirical,7,0.98,3,0,292,213.0,213.0,0.0,1.0,0,0.0,1.0,45.12328767123287,86.0,5.900500910746813,4,282.0,13176.0,6.317260273972603,4.0,31.58630136986301,0.0,10.317260273972604,0.0,10.317260273972604,0.0,10.317260273972604,B_MovingAverage
3,HOUSEHOLD_2_270_CA_3,medium,intermittent,MovingAverage,empirical,7,0.98,6,1,292,118.0,114.0,4.0,0.9661016949152542,1,0.003424657534246575,0.9965753424657534,17.544520547945204,45.0,8.122194026937342,6,150.0,5123.0,14.344400374791393,6.0,71.72200187395696,1.7520000457763674,22.096400420567758,7.0080001831054695,27.35240055789686,21.02400054931641,41.3684009241078,B_MovingAverage
4,HOBBIES_1_377_CA_3,low,intermittent,MovingAverage,empirical,7,0.98,7,0,292,92.0,92.0,0.0,1.0,0,0.0,1.0,9.866438356164384,19.0,11.655675112808053,8,102.0,2881.0,13.785387038923288,8.0,68.92693519461645,0.0,21.78538703892329,0.0,21.78538703892329,0.0,21.78538703892329,B_MovingAverage
5,HOUSEHOLD_2_228_CA_3,low,intermittent,MovingAverage,empirical,7,0.98,6,0,292,112.0,112.0,0.0,1.0,0,0.0,1.0,15.856164383561644,31.0,8.829373650107991,6,115.0,4630.0,12.142650219185711,6.0,60.713251095928555,0.0,18.14265021918571,0.0,18.14265021918571,0.0,18.14265021918571,B_MovingAverage
6,FOODS_2_347_TX_2,high,regular,MovingAverage,empirical,7,0.98,13,3,292,1785.0,1642.0,143.0,0.9198879551820728,10,0.03424657534246575,0.9657534246575342,73.83561643835617,213.0,27.798237476808904,13,1630.0,21560.0,18.3998353206948,13.0,91.99917660347403,19.090499693155294,50.4903350138501,76.36199877262118,107.76183409331598,229.08599631786353,260.48583163855835,B_MovingAverage
7,HOUSEHOLD_1_247_TX_2,high,regular,MovingAverage,empirical,7,0.98,9,1,292,1273.0,1271.0,2.0,0.9984289080911233,1,0.003424657534246575,0.9965753424657534,79.65068493150685,165.0,19.94647003181701,9,1270.0,23258.0,10.816563332734043,9.0,54.08281666367021,0.14550000429153442,19.962063337025576,0.5820000171661377,20.39856334990018,1.746000051498413,21.562563384232455,B_MovingAverage
8,FOODS_3_729_TX_2,medium,intermittent,MovingAverage,empirical,7,0.98,8,0,292,224.0,224.0,0.0,1.0,0,0.0,1.0,26.20205479452055,50.0,10.686184812442818,8,252.0,7651.0,14.599785001473883,8.0,72.99892500736942,0.0,22.599785001473883,0.0,22.599785001473883,0.0,22.599785001473883,B_MovingAverage
9,HOBBIES_1_034_TX_2,medium,intermittent,MovingAverage,empirical,7,0.98,9,2,292,281.0,278.0,3.0,0.9893238434163701,2,0.00684931506849315,0.9931506849315068,21.277397260273972,45.0,16.331884757765977,9,287.0,6213.0,13.881373518068495,9.0,69.40686759034247,1.0484999656677247,23.929873483736216,4.193999862670899,27.075373380739393,12.581999588012696,35.46337310608119,B_MovingAverage
10,FOODS_2_196_TX_2,low,intermittent,MovingAverage,empirical,7,0.98,6,0,292,165.0,165.0,0.0,1.0,0,0.0,1.0,25.910958904109588,44.0,7.9599524187153055,6,174.0,7566.0,14.292485139076025,6.0,71.46242569538012,0.0,20.292485139076025,0.0,20.292485139076025,0.0,20.292485139076025,B_MovingAverage
11,HOUSEHOLD_2_315_TX_2,low,intermittent,MovingAverage,empirical,7,0.98,7,1,292,122.0,120.0,2.0,0.9836065573770492,1,0.003424657534246575,0.9965753424657534,13.178082191780822,25.0,11.382536382536383,7,126.0,3848.0,14.15062479829135,7.0,70.75312399145675,1.150500011444092,22.30112480973544,4.602000045776368,25.752624844067718,13.806000137329104,34.956624935620454,B_MovingAverage
12,FOODS_2_056_WI_3,high,intermittent,MovingAverage,empirical,7,0.98,21,1,292,1064.0,1061.0,3.0,0.9971804511278195,1,0.003424657534246575,0.9965753424657534,40.784246575342465,80.0,32.518683348727855,22,1104.0,11909.0,39.85436586233034,22.0,199.27182931165171,1.5705000042915347,63.42486586662187,6.282000017166139,68.13636587949648,18.846000051498415,80.70036591382876,B_MovingAverage
13,HOBBIES_1_312_WI_3,high,intermittent,MovingAverage,empirical,7,0.98,6,0,292,799.0,799.0,0.0,1.0,0,0.0,1.0,101.58561643835617,204.0,9.83160840103833,6,908.0,29663.0,8.106532090057248,6.0,40.532660450286244,0.0,14.106532090057248,0.0,14.106532090057248,0.0,14.106532090057248,B_MovingAverage
14,FOODS_3_128_WI_3,medium,intermittent,MovingAverage,empirical,7,0.98,4,0,292,156.0,156.0,0.0,1.0,0,0.0,1.0,29.84931506849315,58.0,6.532813217072051,5,200.0,8716.0,12.453134326281612,5.0,62.26567163140806,0.0,17.453134326281614,0.0,17.453134326281614,0.0,17.453134326281614,B_MovingAverage
15,HOBBIES_1_036_WI_3,medium,intermittent,MovingAverage,empirical,7,0.98,5,0,292,242.0,242.0,0.0,1.0,0,0.0,1.0,42.8013698630137,83.0,7.067530804928789,5,300.0,12498.0,6.711254823093545,5.0,33.55627411546772,0.0,11.711254823093544,0.0,11.711254823093544,0.0,11.711254823093544,B_MovingAverage
16,FOODS_3_520_WI_3,low,intermittent,MovingAverage,empirical,7,0.98,7,0,292,206.0,206.0,0.0,1.0,0,0.0,1.0,18.294520547945204,37.0,14.0752527143392,7,204.0,5342.0,10.193706898166708,7.0,50.96853449083354,0.0,17.19370689816671,0.0,17.19370689816671,0.0,17.19370689816671,B_MovingAverage
17,HOUSEHOLD_1_464_WI_3,low,intermittent,MovingAverage,empirical,7,0.98,6,0,292,49.0,49.0,0.0,1.0,0,0.0,1.0,9.20890410958904,17.0,6.651171439196728,6,60.0,2689.0,12.209165412759127,6.0,61.045827063795635,0.0,18.209165412759127,0.0,18.209165412759127,0.0,18.209165412759127,B_MovingAverage
0,FOODS_3_449_CA_3,high,regular,MovingAverage,empirical,14,0.9,12,4,292,1628.0,1459.0,169.0,0.8961916461916462,16,0.0547945205479452,0.9452054794520548,87.86986301369863,251.0,20.755125107179047,12,1412.0,25658.0,24.35752626203511,12.0,121.78763131017554,25.096500241756445,61.45402650379155,100.38600096702578,136.74352722906087,301.15800290107734,337.51552916311243,B_MovingAverage
1,HOUSEHOLD_1_114_CA_3,high,regular,MovingAverage,empirical,14,0.9,7,2,292,941.0,893.0,48.0,0.9489904357066951,10,0.03424657534246575,0.9657534246575342,79.96917808219177,219.0,13.958502847843777,7,920.0,23351.0,10.85981470387276,7.0,54.299073519363795,3.492000102996826,21.351814806869584,13.968000411987305,31.827815115860062,41.904001235961914,59.76381593983467,B_MovingAverage
2,FOODS_3_784_CA_3,medium,intermittent,MovingAverage,empirical,14,0.9,3,0,292,213.0,213.0,0.0,1.0,0,0.0,1.0,53.21917808219178,98.0,5.0028957528957525,4,290.0,15540.0,7.450684931506849,4.0,37.25342465753425,0.0,11.45068493150685,0.0,11.45068493150685,0.0,11.45068493150685,B_MovingAverage
3,HOUSEHOLD_2_270_CA_3,medium,intermittent,MovingAverage,empirical,14,0.9,6,2,292,118.0,107.0,11.0,0.9067796610169492,6,0.02054794520547945,0.9794520547945206,15.229452054794521,46.0,8.782325163031256,6,139.0,4447.0,12.451600325336194,6.0,62.25800162668097,4.8180001258850105,23.269600451221205,19.272000503540042,37.723600828876236,57.816001510620126,76.26760183595633,B_MovingAverage
4,HOBBIES_1_377_CA_3,low,intermittent,MovingAverage,empirical,14,0.9,7,0,292,92.0,92.0,0.0,1.0,0,0.0,1.0,9.616438356164384,21.0,11.958689458689458,8,106.0,2808.0,13.436087054945018,8.0,67.18043527472508,0.0,21.43608705494502,0.0,21.43608705494502,0.0,21.43608705494502,B_MovingAverage
5,HOUSEHOLD_2_228_CA_3,low,intermittent,MovingAverage,empirical,14,0.9,6,0,292,112.0,112.0,0.0,1.0,0,0.0,1.0,15.64041095890411,29.0,8.951171447339611,6,117.0,4567.0,11.977426252920333,6.0,59.88713126460166,0.0,17.97742625292033,0.0,17.97742625292033,0.0,17.97742625292033,B_MovingAverage
6,FOODS_2_347_TX_2,high,regular,MovingAverage,empirical,14,0.9,11,5,292,1785.0,1543.0,242.0,0.8644257703081233,16,0.0547945205479452,0.9452054794520548,96.14041095890411,293.0,20.061803156057422,12,1511.0,28073.0,23.95819002587501,12.0,119.79095012937505,32.30699948072434,68.26518950659936,129.22799792289737,165.18618794877239,387.6839937686921,423.64218379456713,B_MovingAverage
7,HOUSEHOLD_1_247_TX_2,high,regular,MovingAverage,empirical,14,0.9,9,0,292,1273.0,1273.0,0.0,1.0,0,0.0,1.0,78.33904109589041,169.0,20.31234972677596,9,1270.0,22875.0,10.63844209460363,9.0,53.19221047301815,0.0,19.63844209460363,0.0,19.63844209460363,0.0,19.63844209460363,B_MovingAverage
8,FOODS_3_729_TX_2,medium,intermittent,MovingAverage,empirical,14,0.9,8,0,292,224.0,224.0,0.0,1.0,0,0.0,1.0,21.311643835616437,53.0,13.13835770528684,8,255.0,6223.0,11.874848002113708,8.0,59.374240010568535,0.0,19.87484800211371,0.0,19.87484800211371,0.0,19.87484800211371,B_MovingAverage
9,HOBBIES_1_034_TX_2,medium,intermittent,MovingAverage,empirical,14,0.9,9,1,292,281.0,278.0,3.0,0.9893238434163701,2,0.00684931506849315,0.9931506849315068,25.376712328767123,55.0,13.693657219973009,9,286.0,7410.0,16.55576658118261,9.0,82.77883290591305,1.0484999656677247,26.604266546850333,4.193999862670899,29.74976644385351,12.581999588012696,38.1377661691953,B_MovingAverage
10,FOODS_2_196_TX_2,low,intermittent,MovingAverage,empirical,14,0.9,6,0,292,165.0,165.0,0.0,1.0,0,0.0,1.0,26.616438356164384,49.0,7.748970663921771,6,174.0,7772.0,14.681627610480948,6.0,73.40813805240474,0.0,20.681627610480948,0.0,20.681627610480948,0.0,20.681627610480948,B_MovingAverage
11,HOUSEHOLD_2_315_TX_2,low,intermittent,MovingAverage,empirical,14,0.9,6,1,292,122.0,119.0,3.0,0.9754098360655737,2,0.00684931506849315,0.9931506849315068,14.602739726027398,30.0,10.186444652908067,7,129.0,4264.0,15.680422073782307,7.0,78.40211036891154,1.725750017166138,24.406172090948445,6.903000068664552,29.583422142446857,20.709000205993654,43.38942227977596,B_MovingAverage
12,FOODS_2_056_WI_3,high,intermittent,MovingAverage,empirical,14,0.9,20,3,292,1064.0,1045.0,19.0,0.9821428571428571,6,0.02054794520547945,0.9794520547945206,44.38356164383562,96.0,29.43094135802469,21,1050.0,12960.0,43.37161655687306,21.0,216.8580827843653,9.94650002717972,74.31811658405277,39.78600010871888,104.15761666559193,119.35800032615664,183.72961688302968,B_MovingAverage
13,HOBBIES_1_312_WI_3,high,intermittent,MovingAverage,empirical,14,0.9,6,0,292,799.0,799.0,0.0,1.0,0,0.0,1.0,93.59246575342466,210.0,10.671264956639467,6,938.0,27329.0,7.468678673403719,6.0,37.3433933670186,0.0,13.46867867340372,0.0,13.46867867340372,0.0,13.46867867340372,B_MovingAverage
14,FOODS_3_128_WI_3,medium,intermittent,MovingAverage,empirical,14,0.9,4,1,292,156.0,152.0,4.0,0.9743589743589743,2,0.00684931506849315,0.9931506849315068,33.513698630136986,60.0,5.669323523400776,5,194.0,9786.0,13.98191515798438,5.0,69.9095757899219,0.8940000057220461,19.875915163706427,3.5760000228881843,22.557915180872566,10.728000068664553,29.709915226648935,B_MovingAverage
15,HOBBIES_1_036_WI_3,medium,intermittent,MovingAverage,empirical,14,0.9,4,0,292,242.0,242.0,0.0,1.0,0,0.0,1.0,37.832191780821915,79.0,7.995835973567485,4,262.0,11047.0,5.932087696488589,4.0,29.66043848244294,0.0,9.932087696488589,0.0,9.932087696488589,0.0,9.932087696488589,B_MovingAverage
16,FOODS_3_520_WI_3,low,intermittent,MovingAverage,empirical,14,0.9,8,0,292,206.0,206.0,0.0,1.0,0,0.0,1.0,18.22945205479452,40.0,14.125493142964494,8,231.0,5323.0,10.157450733609394,8.0,50.78725366804698,0.0,18.157450733609394,0.0,18.157450733609394,0.0,18.157450733609394,B_MovingAverage
17,HOUSEHOLD_1_464_WI_3,low,intermittent,MovingAverage,empirical,14,0.9,5,0,292,49.0,49.0,0.0,1.0,0,0.0,1.0,9.5,16.0,6.447368421052632,6,62.0,2774.0,12.595100355148315,6.0,62.97550177574158,0.0,18.595100355148315,0.0,18.595100355148315,0.0,18.595100355148315,B_MovingAverage
0,FOODS_3_449_CA_3,high,regular,MovingAverage,empirical,14,0.95,13,6,292,1628.0,1501.0,127.0,0.921990171990172,13,0.04452054794520548,0.9554794520547946,83.73972602739725,221.0,22.405733682316374,13,1519.0,24452.0,23.212652278403713,13.0,116.06326139201855,18.85950018167496,55.07215246007867,75.43800072669984,111.65065300510355,226.31400218009955,262.52665445850323,B_MovingAverage
1,HOUSEHOLD_1_114_CA_3,high,regular,MovingAverage,empirical,14,0.95,7,2,292,941.0,926.0,15.0,0.9840595111583422,4,0.0136986301369863,0.9863013698630136,81.51712328767124,216.0,14.199470654959457,8,1051.0,23803.0,11.070025668977058,8.0,55.35012834488529,1.0912500321865082,20.161275701163568,4.365000128746033,23.435025797723092,13.095000386238098,32.16502605521516,B_MovingAverage
2,FOODS_3_784_CA_3,medium,intermittent,MovingAverage,empirical,14,0.95,3,0,292,213.0,213.0,0.0,1.0,0,0.0,1.0,54.113013698630134,99.0,4.920258211505601,4,289.0,15801.0,7.575821917808219,4.0,37.87910958904109,0.0,11.57582191780822,0.0,11.57582191780822,0.0,11.57582191780822,B_MovingAverage
3,HOUSEHOLD_2_270_CA_3,medium,intermittent,MovingAverage,empirical,14,0.95,6,2,292,118.0,112.0,6.0,0.9491525423728814,5,0.017123287671232876,0.9828767123287672,19.636986301369863,51.0,7.129403557725846,6,148.0,5734.0,16.055200419491285,6.0,80.27600209745641,2.628000068664551,24.683200488155837,10.512000274658204,32.56720069414949,31.53600082397461,53.591201243465896,B_MovingAverage
4,HOBBIES_1_377_CA_3,low,intermittent,MovingAverage,empirical,14,0.95,7,0,292,92.0,92.0,0.0,1.0,0,0.0,1.0,11.044520547945206,22.0,10.412403100775194,8,108.0,3225.0,15.4314034017798,8.0,77.157017008899,0.0,23.4314034017798,0.0,23.4314034017798,0.0,23.4314034017798,B_MovingAverage
5,HOUSEHOLD_2_228_CA_3,low,intermittent,MovingAverage,empirical,14,0.95,6,0,292,112.0,112.0,0.0,1.0,0,0.0,1.0,17.53767123287671,31.0,7.982815856278071,6,119.0,5121.0,13.430348115000006,6.0,67.15174057500002,0.0,19.430348115000008,0.0,19.430348115000008,0.0,19.430348115000008,B_MovingAverage
6,FOODS_2_347_TX_2,high,regular,MovingAverage,empirical,14,0.95,11,3,292,1785.0,1596.0,189.0,0.8941176470588236,11,0.03767123287671233,0.9623287671232876,118.33219178082192,425.0,16.85931757010969,12,1571.0,34553.0,29.488381717809254,12.0,147.44190858904628,25.231499594450007,66.71988131225926,100.92599837780003,142.4143800956093,302.77799513340005,344.2663768512093,B_MovingAverage
7,HOUSEHOLD_1_247_TX_2,high,regular,MovingAverage,empirical,14,0.95,9,0,292,1273.0,1273.0,0.0,1.0,0,0.0,1.0,81.1027397260274,172.0,19.62017566083946,9,1273.0,23682.0,11.013752379646041,9.0,55.0687618982302,0.0,20.013752379646043,0.0,20.013752379646043,0.0,20.013752379646043,B_MovingAverage
8,FOODS_3_729_TX_2,medium,intermittent,MovingAverage,empirical,14,0.95,8,0,292,224.0,224.0,0.0,1.0,0,0.0,1.0,24.256849315068493,56.0,11.543131441479598,8,258.0,7083.0,13.51591650312894,8.0,67.5795825156447,0.0,21.515916503128942,0.0,21.515916503128942,0.0,21.515916503128942,B_MovingAverage
9,HOBBIES_1_034_TX_2,medium,intermittent,MovingAverage,empirical,14,0.95,9,0,292,281.0,281.0,0.0,1.0,0,0.0,1.0,26.732876712328768,55.0,13.139251857545478,9,294.0,7806.0,17.440528196047428,9.0,87.20264098023715,0.0,26.440528196047428,0.0,26.440528196047428,0.0,26.440528196047428,B_MovingAverage
10,FOODS_2_196_TX_2,low,intermittent,MovingAverage,empirical,14,0.95,6,0,292,165.0,165.0,0.0,1.0,0,0.0,1.0,29.27054794520548,51.0,7.046332046332046,6,179.0,8547.0,16.14563448105773,6.0,80.72817240528865,0.0,22.14563448105773,0.0,22.14563448105773,0.0,22.14563448105773,B_MovingAverage
11,HOUSEHOLD_2_315_TX_2,low,intermittent,MovingAverage,empirical,14,0.95,6,1,292,122.0,120.0,2.0,0.9836065573770492,2,0.00684931506849315,0.9931506849315068,14.736301369863014,29.0,10.17894492214734,7,131.0,4303.0,15.823840568359584,7.0,79.11920284179791,1.150500011444092,23.974340579803677,4.602000045776368,27.425840614135954,13.806000137329104,36.62984070568869,B_MovingAverage
12,FOODS_2_056_WI_3,high,intermittent,MovingAverage,empirical,14,0.95,20,3,292,1064.0,1052.0,12.0,0.9887218045112782,5,0.017123287671232876,0.9828767123287672,47.54109589041096,100.0,27.660279498631322,22,1117.0,13882.0,46.457159031058005,22.0,232.28579515529003,6.282000017166139,74.73915904822415,25.128000068664555,93.58515909972257,75.38400020599366,143.84115923705167,B_MovingAverage
13,HOBBIES_1_312_WI_3,high,intermittent,MovingAverage,empirical,14,0.95,6,0,292,799.0,799.0,0.0,1.0,0,0.0,1.0,114.31164383561644,224.0,8.737080200125828,6,964.0,33379.0,9.122069063615308,6.0,45.61034531807654,0.0,15.122069063615308,0.0,15.122069063615308,0.0,15.122069063615308,B_MovingAverage
14,FOODS_3_128_WI_3,medium,intermittent,MovingAverage,empirical,14,0.95,4,1,292,156.0,152.0,4.0,0.9743589743589743,2,0.00684931506849315,0.9931506849315068,41.763698630136986,68.0,4.54940549405494,4,168.0,12195.0,17.42381518001426,4.0,87.11907590007128,0.8940000057220461,22.317815185736304,3.5760000228881843,24.999815202902443,10.728000068664553,32.151815248678815,B_MovingAverage
15,HOBBIES_1_036_WI_3,medium,intermittent,MovingAverage,empirical,14,0.95,4,0,292,242.0,242.0,0.0,1.0,0,0.0,1.0,41.56164383561644,83.0,7.278345418589321,4,266.0,12136.0,6.516865781170048,4.0,32.584328905850235,0.0,10.516865781170047,0.0,10.516865781170047,0.0,10.516865781170047,B_MovingAverage
16,FOODS_3_520_WI_3,low,intermittent,MovingAverage,empirical,14,0.95,8,0,292,206.0,206.0,0.0,1.0,0,0.0,1.0,18.482876712328768,37.0,13.931813970724477,8,226.0,5397.0,10.298658953464194,8.0,51.493294767320975,0.0,18.298658953464194,0.0,18.298658953464194,0.0,18.298658953464194,B_MovingAverage
17,HOUSEHOLD_1_464_WI_3,low,intermittent,MovingAverage,empirical,14,0.95,5,0,292,49.0,49.0,0.0,1.0,0,0.0,1.0,10.448630136986301,17.0,5.862012454932809,6,63.0,3051.0,13.852794226228372,6.0,69.26397113114187,0.0,19.852794226228372,0.0,19.852794226228372,0.0,19.852794226228372,B_MovingAverage
0,FOODS_3_449_CA_3,high,regular,MovingAverage,empirical,14,0.98,13,6,292,1628.0,1483.0,145.0,0.9109336609336609,14,0.04794520547945205,0.952054794520548,89.97602739726027,265.0,20.602710006470524,13,1503.0,26273.0,24.94135503478246,13.0,124.70677517391229,21.532500207424167,59.473855242206625,86.13000082969667,124.07135586447913,258.39000248909,296.3313575238725,B_MovingAverage
1,HOUSEHOLD_1_114_CA_3,high,regular,MovingAverage,empirical,14,0.98,7,0,292,941.0,941.0,0.0,1.0,0,0.0,1.0,131.5,238.0,8.94486692015209,8,1100.0,38398.0,17.857700526714325,8.0,89.28850263357162,0.0,25.857700526714325,0.0,25.857700526714325,0.0,25.857700526714325,B_MovingAverage
2,FOODS_3_784_CA_3,medium,intermittent,MovingAverage,empirical,14,0.98,4,0,292,213.0,213.0,0.0,1.0,0,0.0,1.0,46.832191780821915,93.0,5.6851919561243145,4,256.0,13675.0,6.556506849315069,4.0,32.78253424657534,0.0,10.556506849315069,0.0,10.556506849315069,0.0,10.556506849315069,B_MovingAverage
3,HOUSEHOLD_2_270_CA_3,medium,intermittent,MovingAverage,empirical,14,0.98,6,0,292,118.0,118.0,0.0,1.0,0,0.0,1.0,25.35958904109589,50.0,5.816340310600945,7,178.0,7405.0,20.734000541739267,7.0,103.67000270869633,0.0,27.734000541739267,0.0,27.734000541739267,0.0,27.734000541739267,B_MovingAverage
4,HOBBIES_1_377_CA_3,low,intermittent,MovingAverage,empirical,14,0.98,7,0,292,92.0,92.0,0.0,1.0,0,0.0,1.0,11.513698630136986,23.0,9.988102320047592,8,108.0,3362.0,16.08693898814998,8.0,80.4346949407499,0.0,24.08693898814998,0.0,24.08693898814998,0.0,24.08693898814998,B_MovingAverage
5,HOUSEHOLD_2_228_CA_3,low,intermittent,MovingAverage,empirical,14,0.98,6,0,292,112.0,112.0,0.0,1.0,0,0.0,1.0,18.486301369863014,32.0,7.573175250092627,6,120.0,5398.0,14.156809046039843,6.0,70.78404523019921,0.0,20.156809046039843,0.0,20.156809046039843,0.0,20.156809046039843,B_MovingAverage
6,FOODS_2_347_TX_2,high,regular,MovingAverage,empirical,14,0.98,11,2,292,1785.0,1602.0,183.0,0.8974789915966387,9,0.030821917808219176,0.9691780821917808,125.57876712328768,433.0,15.94616706209605,12,1586.0,36669.0,31.294228264126055,12.0,156.47114132063027,24.43049960732461,67.72472787145067,97.72199842929844,141.0162266934245,293.1659952878953,336.4602235520214,B_MovingAverage
7,HOUSEHOLD_1_247_TX_2,high,regular,MovingAverage,empirical,14,0.98,9,0,292,1273.0,1273.0,0.0,1.0,0,0.0,1.0,83.69520547945206,173.0,19.012439134170794,10,1410.0,24439.0,11.365809239345054,10.0,56.82904619672527,0.0,21.365809239345054,0.0,21.365809239345054,0.0,21.365809239345054,B_MovingAverage
8,FOODS_3_729_TX_2,medium,intermittent,MovingAverage,empirical,14,0.98,8,0,292,224.0,224.0,0.0,1.0,0,0.0,1.0,26.154109589041095,58.0,10.7057745187901,8,260.0,7637.0,14.573069932852706,8.0,72.86534966426353,0.0,22.573069932852704,0.0,22.573069932852704,0.0,22.573069932852704,B_MovingAverage
9,HOBBIES_1_034_TX_2,medium,intermittent,MovingAverage,empirical,14,0.98,9,0,292,281.0,281.0,0.0,1.0,0,0.0,1.0,30.01027397260274,58.0,11.704325002852904,9,297.0,8763.0,19.57870209863741,9.0,97.89351049318705,0.0,28.57870209863741,0.0,28.57870209863741,0.0,28.57870209863741,B_MovingAverage
10,FOODS_2_196_TX_2,low,intermittent,MovingAverage,empirical,14,0.98,6,0,292,165.0,165.0,0.0,1.0,0,0.0,1.0,32.4486301369863,56.0,6.356200527704485,6,181.0,9475.0,17.898664643503214,6.0,89.49332321751608,0.0,23.898664643503214,0.0,23.898664643503214,0.0,23.898664643503214,B_MovingAverage
11,HOUSEHOLD_2_315_TX_2,low,intermittent,MovingAverage,empirical,14,0.98,6,1,292,122.0,120.0,2.0,0.9836065573770492,2,0.00684931506849315,0.9931506849315068,14.736301369863014,29.0,10.17894492214734,7,131.0,4303.0,15.823840568359584,7.0,79.11920284179791,1.150500011444092,23.974340579803677,4.602000045776368,27.425840614135954,13.806000137329104,36.62984070568869,B_MovingAverage
12,FOODS_2_056_WI_3,high,intermittent,MovingAverage,empirical,14,0.98,20,3,292,1064.0,1055.0,9.0,0.9915413533834586,3,0.010273972602739725,0.9897260273972602,49.0958904109589,89.0,26.86070033482143,22,1123.0,14336.0,47.97650424068921,22.0,239.88252120344603,4.711500012874604,74.68800425356382,18.846000051498415,88.82250429218763,56.53800015449525,126.51450439518446,B_MovingAverage
13,HOBBIES_1_312_WI_3,high,intermittent,MovingAverage,empirical,14,0.98,6,0,292,799.0,799.0,0.0,1.0,0,0.0,1.0,128.1095890410959,238.0,7.796059666381523,6,978.0,37408.0,10.223145077195884,6.0,51.115725385979424,0.0,16.223145077195884,0.0,16.223145077195884,0.0,16.223145077195884,B_MovingAverage
14,FOODS_3_128_WI_3,medium,intermittent,MovingAverage,empirical,14,0.98,4,1,292,156.0,154.0,2.0,0.9871794871794872,1,0.003424657534246575,0.9965753424657534,43.613013698630134,70.0,4.413820180604633,4,170.0,12735.0,18.195349431527802,4.0,90.97674715763901,0.44700000286102304,22.642349434388827,1.7880000114440922,23.983349442971893,5.3640000343322765,27.55934946586008,B_MovingAverage
15,HOBBIES_1_036_WI_3,medium,intermittent,MovingAverage,empirical,14,0.98,4,0,292,242.0,242.0,0.0,1.0,0,0.0,1.0,43.45890410958904,85.0,6.96059889676911,4,268.0,12690.0,6.8143561933955095,4.0,34.07178096697755,0.0,10.81435619339551,0.0,10.81435619339551,0.0,10.81435619339551,B_MovingAverage
16,FOODS_3_520_WI_3,low,intermittent,MovingAverage,empirical,14,0.98,8,0,292,206.0,206.0,0.0,1.0,0,0.0,1.0,19.688356164383563,41.0,13.078796312402156,8,233.0,5749.0,10.970352107368102,8.0,54.85176053684052,0.0,18.9703521073681,0.0,18.9703521073681,0.0,18.9703521073681,B_MovingAverage
17,HOUSEHOLD_1_464_WI_3,low,intermittent,MovingAverage,empirical,14,0.98,5,0,292,49.0,49.0,0.0,1.0,0,0.0,1.0,11.952054794520548,19.0,5.124641833810888,6,64.0,3490.0,15.846034693391355,6.0,79.23017346695677,0.0,21.846034693391353,0.0,21.846034693391353,0.0,21.846034693391353,B_MovingAverage
0,FOODS_3_449_CA_3,high,regular,Croston,gaussian,3,0.9,14,5,292,1628.0,1608.0,20.0,0.9877149877149877,5,0.017123287671232876,0.9828767123287672,58.17123287671233,168.0,34.553161427057574,14,1573.0,16986.0,16.125065908758607,14.0,80.62532954379303,2.9700000286102304,33.09506593736884,11.880000114440922,42.00506602319953,35.64000034332276,65.76506625208137,B_Croston
1,HOUSEHOLD_1_114_CA_3,high,regular,Croston,gaussian,3,0.9,8,2,292,941.0,928.0,13.0,0.9861849096705633,3,0.010273972602739725,0.9897260273972602,63.66438356164384,161.0,18.22054868208714,8,1027.0,18590.0,8.6456235426746,8.0,43.228117713373,0.9457500278949738,17.591373570569573,3.783000111579895,20.428623654254494,11.349000334739685,27.994623877414284,B_Croston
2,FOODS_3_784_CA_3,medium,intermittent,Croston,gaussian,3,0.9,4,1,292,213.0,210.0,3.0,0.9859154929577465,2,0.00684931506849315,0.9931506849315068,36.50684931506849,65.0,7.190431519699812,4,242.0,10660.0,5.110958904109589,4.0,25.554794520547944,0.22500000000000003,9.335958904109589,0.9000000000000001,10.01095890410959,2.7,11.81095890410959,B_Croston
3,HOUSEHOLD_2_270_CA_3,medium,intermittent,Croston,gaussian,3,0.9,6,3,292,118.0,105.0,13.0,0.8898305084745762,6,0.02054794520547945,0.9794520547945206,12.883561643835616,31.0,10.187400318979266,6,118.0,3762.0,10.53360027522257,6.0,52.66800137611284,5.694000148773194,22.22760042399576,22.776000595092775,39.30960087031534,68.32800178527833,84.8616020605009,B_Croston
4,HOBBIES_1_377_CA_3,low,intermittent,Croston,gaussian,3,0.9,7,1,292,92.0,91.0,1.0,0.9891304347826086,1,0.003424657534246575,0.9965753424657534,8.092465753424657,16.0,14.056284384257303,7,92.0,2363.0,11.306792632063773,7.0,56.53396316031886,0.7484999656677247,19.0552925977315,2.993999862670899,21.300792494734672,8.981999588012696,27.288792220076473,B_Croston
5,HOUSEHOLD_2_228_CA_3,low,intermittent,Croston,gaussian,3,0.9,6,2,292,112.0,109.0,3.0,0.9732142857142857,2,0.00684931506849315,0.9931506849315068,9.188356164383562,21.0,14.828550130450989,6,106.0,2683.0,7.0364428807937935,6.0,35.18221440396896,1.2307499527931216,14.267192833586915,4.922999811172486,17.95944269196628,14.76899943351746,27.80544231431125,B_Croston
6,FOODS_2_347_TX_2,high,regular,Croston,gaussian,3,0.9,13,4,292,1785.0,1687.0,98.0,0.9450980392156862,8,0.0273972602739726,0.9726027397260274,67.37328767123287,189.0,31.299496772225893,13,1676.0,19673.0,16.789423017812098,13.0,83.94711508906049,13.082999789714817,42.87242280752692,52.33199915885927,82.12142217667136,156.9959974765778,186.78542049438988,B_Croston
7,HOUSEHOLD_1_247_TX_2,high,regular,Croston,gaussian,3,0.9,9,1,292,1273.0,1269.0,4.0,0.9968578161822467,1,0.003424657534246575,0.9965753424657534,71.58219178082192,148.0,22.159841163525023,9,1267.0,20902.0,9.720861930553227,9.0,48.60430965276613,0.29100000858306885,19.011861939136296,1.1640000343322754,19.884861964885502,3.492000102996826,22.212862033550053,B_Croston
8,FOODS_3_729_TX_2,medium,intermittent,Croston,gaussian,3,0.9,8,1,292,224.0,223.0,1.0,0.9955357142857143,1,0.003424657534246575,0.9965753424657534,18.386986301369863,46.0,15.160178804246602,8,250.0,5369.0,10.245228816221838,8.0,51.22614408110919,0.2985000014305115,18.54372881765235,1.194000005722046,19.439228821943885,3.5820000171661377,21.827228833387977,B_Croston
9,HOBBIES_1_034_TX_2,medium,intermittent,Croston,gaussian,3,0.9,9,4,292,281.0,269.0,12.0,0.9572953736654805,6,0.02054794520547945,0.9794520547945206,15.986301369863014,39.0,21.03363324764353,9,279.0,4668.0,10.429462672194388,9.0,52.14731336097194,4.193999862670899,23.62346253486529,16.775999450683596,36.20546212287799,50.327998352050784,69.75746102424517,B_Croston
10,FOODS_2_196_TX_2,low,intermittent,Croston,gaussian,3,0.9,7,0,292,165.0,165.0,0.0,1.0,0,0.0,1.0,13.349315068493151,35.0,15.450230887634683,7,176.0,3898.0,7.363482298720373,7.0,36.81741149360187,0.0,14.363482298720374,0.0,14.363482298720374,0.0,14.363482298720374,B_Croston
11,HOUSEHOLD_2_315_TX_2,low,intermittent,Croston,gaussian,3,0.9,7,1,292,122.0,121.0,1.0,0.9918032786885246,1,0.003424657534246575,0.9965753424657534,9.962328767123287,21.0,15.1821931935373,7,119.0,2909.0,10.697548736546137,7.0,53.48774368273068,0.575250005722046,18.272798742268186,2.301000022888184,19.99854875943432,6.903000068664552,24.600548805210693,B_Croston
12,FOODS_2_056_WI_3,high,intermittent,Croston,gaussian,3,0.9,20,8,292,1064.0,1026.0,38.0,0.9642857142857143,10,0.03424657534246575,0.9657534246575342,27.431506849315067,62.0,46.752808988764045,21,1048.0,8010.0,26.806068566400707,21.0,134.03034283200353,19.89300005435944,67.69906862076016,79.57200021743776,127.37806878383847,238.71600065231328,286.522069218714,B_Croston
13,HOBBIES_1_312_WI_3,high,intermittent,Croston,gaussian,3,0.9,6,1,292,799.0,796.0,3.0,0.9962453066332916,1,0.003424657534246575,0.9965753424657534,83.46232876712328,198.0,11.9215460998728,6,914.0,24371.0,6.660293752040764,6.0,33.30146876020382,0.1282499983906746,12.78854375043144,0.5129999935626984,13.173293745603463,1.5389999806880952,14.19929373272886,B_Croston
14,FOODS_3_128_WI_3,medium,intermittent,Croston,gaussian,3,0.9,5,1,292,156.0,155.0,1.0,0.9935897435897436,1,0.003424657534246575,0.9965753424657534,23.08219178082192,49.0,8.393916913946587,5,176.0,6740.0,9.629890472595006,5.0,48.149452362975026,0.22350000143051152,14.853390474025518,0.8940000057220461,15.523890478317053,2.6820000171661382,17.311890489761144,B_Croston
15,HOBBIES_1_036_WI_3,medium,intermittent,Croston,gaussian,3,0.9,4,0,292,242.0,240.0,2.0,0.9917355371900827,1,0.003424657534246575,0.9965753424657534,36.74315068493151,68.0,8.164787025817876,4,248.0,10729.0,5.761326051925959,4.0,28.806630259629795,0.16800000071525578,9.929326052641215,0.6720000028610231,10.433326054786981,2.0160000085830694,11.77732606050903,B_Croston
16,FOODS_3_520_WI_3,low,intermittent,Croston,gaussian,3,0.9,8,2,292,206.0,203.0,3.0,0.9854368932038835,3,0.010273972602739725,0.9897260273972602,15.417808219178083,36.0,16.45824078187472,8,227.0,4502.0,8.590802780896016,8.0,42.954013904480085,0.8955000042915344,17.48630278518755,3.5820000171661377,20.172802798062154,10.746000051498413,27.33680283239443,B_Croston
17,HOUSEHOLD_1_464_WI_3,low,intermittent,Croston,gaussian,3,0.9,5,1,292,49.0,48.0,1.0,0.9795918367346939,1,0.003424657534246575,0.9965753424657534,5.97945205479452,11.0,10.034364261168385,5,51.0,1746.0,7.927557757782608,5.0,39.63778878891304,0.7102500200271606,13.637807777809769,2.8410000801086426,15.768557837891251,8.523000240325928,21.450557998108536,B_Croston
0,FOODS_3_449_CA_3,high,regular,Croston,gaussian,3,0.95,14,2,292,1628.0,1614.0,14.0,0.9914004914004914,2,0.00684931506849315,0.9931506849315068,60.72260273972603,171.0,33.224860413964244,14,1581.0,17731.0,16.832305641598897,14.0,84.16152820799448,2.079000020027161,32.91130566162606,8.316000080108644,39.148305721707544,24.948000240325932,55.78030588192483,B_Croston
1,HOUSEHOLD_1_114_CA_3,high,regular,Croston,gaussian,3,0.95,8,2,292,941.0,932.0,9.0,0.9904357066950054,3,0.010273972602739725,0.9897260273972602,64.0513698630137,181.0,18.188525904935034,8,1014.0,18703.0,8.698176283950675,8.0,43.49088141975338,0.6547500193119049,17.352926303262578,2.6190000772476196,19.317176361198293,7.857000231742859,24.55517651569353,B_Croston
2,FOODS_3_784_CA_3,medium,intermittent,Croston,gaussian,3,0.95,4,1,292,213.0,209.0,4.0,0.9812206572769953,3,0.010273972602739725,0.9897260273972602,35.60616438356164,65.0,7.337212657497355,4,241.0,10397.0,4.9848630136986305,4.0,24.924315068493147,0.30000000000000004,9.284863013698631,1.2000000000000002,10.184863013698632,3.6000000000000005,12.58486301369863,B_Croston
3,HOUSEHOLD_2_270_CA_3,medium,intermittent,Croston,gaussian,3,0.95,7,2,292,118.0,112.0,6.0,0.9491525423728814,2,0.00684931506849315,0.9931506849315068,14.284246575342467,36.0,9.80100695276912,7,144.0,4171.0,11.678800305144428,7.0,58.39400152572214,2.628000068664551,21.30680037380898,10.512000274658204,29.190800579802634,31.53600082397461,50.21480112911904,B_Croston
4,HOBBIES_1_377_CA_3,low,intermittent,Croston,gaussian,3,0.95,7,1,292,92.0,91.0,1.0,0.9891304347826086,1,0.003424657534246575,0.9965753424657534,8.280821917808218,16.0,13.73655913978495,7,92.0,2418.0,11.56996385286932,7.0,57.8498192643466,0.7484999656677247,19.318463818537047,2.993999862670899,21.56396371554022,8.981999588012696,27.55196344088202,B_Croston
5,HOUSEHOLD_2_228_CA_3,low,intermittent,Croston,gaussian,3,0.95,5,2,292,112.0,103.0,9.0,0.9196428571428571,5,0.017123287671232876,0.9828767123287672,12.037671232876713,22.0,10.695590327169274,5,105.0,3515.0,9.218448276552435,5.0,46.092241382762175,3.692249858379365,17.9106981349318,14.76899943351746,28.987447710069894,44.30699830055238,58.525446577104816,B_Croston
6,FOODS_2_347_TX_2,high,regular,Croston,gaussian,3,0.95,13,4,292,1785.0,1693.0,92.0,0.9484593837535014,7,0.023972602739726026,0.976027397260274,68.23972602739725,189.0,31.011994379203056,13,1682.0,19926.0,17.005339452697804,13.0,85.02669726348901,12.281999802589421,42.28733925528722,49.127999210357686,79.1333386630555,147.38399763107304,177.38933708377084,B_Croston
7,HOUSEHOLD_1_247_TX_2,high,regular,Croston,gaussian,3,0.95,9,0,292,1273.0,1273.0,0.0,1.0,0,0.0,1.0,68.66438356164383,155.0,23.174314214463845,10,1378.0,20050.0,9.324623562701762,10.0,46.6231178135088,0.0,19.32462356270176,0.0,19.32462356270176,0.0,19.32462356270176,B_Croston
8,FOODS_3_729_TX_2,medium,intermittent,Croston,gaussian,3,0.95,8,0,292,224.0,224.0,0.0,1.0,0,0.0,1.0,20.0,47.0,14.0,8,252.0,5840.0,11.144000053405762,8.0,55.72000026702881,0.0,19.14400005340576,0.0,19.14400005340576,0.0,19.14400005340576,B_Croston
9,HOBBIES_1_034_TX_2,medium,intermittent,Croston,gaussian,3,0.95,9,3,292,281.0,273.0,8.0,0.9715302491103203,4,0.0136986301369863,0.9863013698630136,16.897260273972602,42.0,20.1955816781516,9,276.0,4934.0,11.023772241775303,9.0,55.11886120887651,2.795999908447266,22.81977215022257,11.183999633789064,31.20777187556437,33.55199890136719,53.5757711431425,B_Croston
10,FOODS_2_196_TX_2,low,intermittent,Croston,gaussian,3,0.95,7,0,292,165.0,165.0,0.0,1.0,0,0.0,1.0,14.065068493150685,36.0,14.663988312636961,7,177.0,4107.0,7.758291893495272,7.0,38.79145946747636,0.0,14.758291893495272,0.0,14.758291893495272,0.0,14.758291893495272,B_Croston
11,HOUSEHOLD_2_315_TX_2,low,intermittent,Croston,gaussian,3,0.95,7,0,292,122.0,122.0,0.0,1.0,0,0.0,1.0,10.623287671232877,20.0,14.35525467440361,7,121.0,3102.0,11.407286414838817,7.0,57.03643207419408,0.0,18.407286414838815,0.0,18.407286414838815,0.0,18.407286414838815,B_Croston
12,FOODS_2_056_WI_3,high,intermittent,Croston,gaussian,3,0.95,21,5,292,1064.0,1056.0,8.0,0.9924812030075187,5,0.017123287671232876,0.9828767123287672,32.22260273972603,73.0,40.96503347858433,21,1056.0,9409.0,31.487927483303903,21.0,157.43963741651953,4.1880000114440925,56.675927494747995,16.75200004577637,69.23992752908028,50.25600013732911,102.74392762063302,B_Croston
13,HOBBIES_1_312_WI_3,high,intermittent,Croston,gaussian,3,0.95,6,0,292,799.0,799.0,0.0,1.0,0,0.0,1.0,85.91438356164383,201.0,11.624945190736238,6,920.0,25087.0,6.855967722188119,6.0,34.279838610940594,0.0,12.855967722188119,0.0,12.855967722188119,0.0,12.855967722188119,B_Croston
14,FOODS_3_128_WI_3,medium,intermittent,Croston,gaussian,3,0.95,5,2,292,156.0,150.0,6.0,0.9615384615384616,4,0.0136986301369863,0.9863013698630136,22.205479452054796,48.0,8.44386181369525,5,164.0,6484.0,9.264126086692288,5.0,46.32063043346144,1.3410000085830691,15.605126095275358,5.3640000343322765,19.628126121024565,16.092000102996828,30.356126189689114,B_Croston
15,HOBBIES_1_036_WI_3,medium,intermittent,Croston,gaussian,3,0.95,4,0,292,242.0,240.0,2.0,0.9917355371900827,1,0.003424657534246575,0.9965753424657534,37.71232876712329,69.0,7.954958227388303,4,249.0,11012.0,5.913293175860627,4.0,29.566465879303134,0.16800000071525578,10.081293176575883,0.6720000028610231,10.585293178721649,2.0160000085830694,11.929293184443697,B_Croston
16,FOODS_3_520_WI_3,low,intermittent,Croston,gaussian,3,0.95,8,1,292,206.0,204.0,2.0,0.9902912621359223,2,0.00684931506849315,0.9931506849315068,16.095890410958905,36.0,15.84255319148936,8,228.0,4700.0,8.968630179966965,8.0,44.84315089983483,0.597000002861023,17.565630182827988,2.388000011444092,19.356630191411057,7.164000034332275,24.13263021429924,B_Croston
17,HOUSEHOLD_1_464_WI_3,low,intermittent,Croston,gaussian,3,0.95,5,1,292,49.0,48.0,1.0,0.9795918367346939,1,0.003424657534246575,0.9965753424657534,5.97945205479452,11.0,10.034364261168385,5,51.0,1746.0,7.927557757782608,5.0,39.63778878891304,0.7102500200271606,13.637807777809769,2.8410000801086426,15.768557837891251,8.523000240325928,21.450557998108536,B_Croston
0,FOODS_3_449_CA_3,high,regular,Croston,gaussian,3,0.98,14,1,292,1628.0,1618.0,10.0,0.9938574938574939,1,0.003424657534246575,0.9965753424657534,63.95890410958904,173.0,31.621867637609768,14,1588.0,18676.0,17.729408389966782,14.0,88.6470419498339,1.4850000143051152,33.2144084042719,5.940000057220461,37.669408447187244,17.82000017166138,49.54940856162816,B_Croston
1,HOUSEHOLD_1_114_CA_3,high,regular,Croston,gaussian,3,0.98,8,1,292,941.0,936.0,5.0,0.9946865037194474,1,0.003424657534246575,0.9965753424657534,65.75342465753425,184.0,17.79375,8,1017.0,19200.0,8.92931533186403,8.0,44.646576659320154,0.36375001072883606,17.293065342592868,1.4550000429153442,18.384315374779376,4.365000128746033,21.294315460610065,B_Croston
2,FOODS_3_784_CA_3,medium,intermittent,Croston,gaussian,3,0.98,4,1,292,213.0,210.0,3.0,0.9859154929577465,2,0.00684931506849315,0.9931506849315068,36.304794520547944,66.0,7.2304499575511745,4,243.0,10601.0,5.082671232876712,4.0,25.413356164383558,0.22500000000000003,9.307671232876713,0.9000000000000001,9.982671232876713,2.7,11.782671232876712,B_Croston
3,HOUSEHOLD_2_270_CA_3,medium,intermittent,Croston,gaussian,3,0.98,6,1,292,118.0,114.0,4.0,0.9661016949152542,1,0.003424657534246575,0.9965753424657534,14.746575342465754,30.0,9.663260566651184,7,144.0,4306.0,12.056800315020835,7.0,60.28400157510418,1.7520000457763674,20.808800360797203,7.0080001831054695,26.064800498126306,21.02400054931641,40.08080086433725,B_Croston
4,HOBBIES_1_377_CA_3,low,intermittent,Croston,gaussian,3,0.98,7,0,292,92.0,92.0,0.0,1.0,0,0.0,1.0,8.54109589041096,17.0,13.46431435445068,7,93.0,2494.0,11.933618630709713,7.0,59.66809315354857,0.0,18.933618630709713,0.0,18.933618630709713,0.0,18.933618630709713,B_Croston
5,HOUSEHOLD_2_228_CA_3,low,intermittent,Croston,gaussian,3,0.98,6,1,292,112.0,111.0,1.0,0.9910714285714286,1,0.003424657534246575,0.9965753424657534,9.86986301369863,22.0,14.05794587092297,7,128.0,2882.0,7.558340805981257,7.0,37.791704029906285,0.41024998426437387,14.96859079024563,1.6409999370574955,16.199340743038753,4.922999811172486,19.48134061715374,B_Croston
6,FOODS_2_347_TX_2,high,regular,Croston,gaussian,3,0.98,13,3,292,1785.0,1699.0,86.0,0.9518207282913165,6,0.02054794520547945,0.9794520547945206,70.24657534246575,189.0,30.23279056162247,13,1688.0,20512.0,17.505446293974572,13.0,87.52723146987286,11.480999815464024,41.986446109438596,45.923999261856096,76.42944555583067,137.7719977855683,168.27744407954287,B_Croston
7,HOUSEHOLD_1_247_TX_2,high,regular,Croston,gaussian,3,0.98,9,1,292,1273.0,1272.0,1.0,0.9992144540455616,1,0.003424657534246575,0.9965753424657534,72.96917808219177,156.0,21.79002205847843,9,1266.0,21307.0,9.909214675834734,9.0,49.54607337917367,0.07275000214576721,18.9819646779805,0.29100000858306885,19.2002146844178,0.8730000257492065,19.78221470158394,B_Croston
8,FOODS_3_729_TX_2,medium,intermittent,Croston,gaussian,3,0.98,8,0,292,224.0,224.0,0.0,1.0,0,0.0,1.0,21.19178082191781,48.0,13.212669683257918,8,253.0,6188.0,11.808060330560762,8.0,59.04030165280382,0.0,19.808060330560764,0.0,19.808060330560764,0.0,19.808060330560764,B_Croston
9,HOBBIES_1_034_TX_2,medium,intermittent,Croston,gaussian,3,0.98,9,1,292,281.0,277.0,4.0,0.9857651245551602,2,0.00684931506849315,0.9931506849315068,17.46917808219178,44.0,19.820623407175063,9,269.0,5101.0,11.396891407640013,9.0,56.98445703820006,1.397999954223633,21.794891361863645,5.591999816894532,25.988891224534544,16.775999450683596,37.17289085832361,B_Croston
10,FOODS_2_196_TX_2,low,intermittent,Croston,gaussian,3,0.98,7,0,292,165.0,165.0,0.0,1.0,0,0.0,1.0,14.472602739726028,31.0,14.251064836725035,7,176.0,4226.0,7.983087787170933,7.0,39.91543893585467,0.0,14.983087787170934,0.0,14.983087787170934,0.0,14.983087787170934,B_Croston
11,HOUSEHOLD_2_315_TX_2,low,intermittent,Croston,gaussian,3,0.98,7,0,292,122.0,122.0,0.0,1.0,0,0.0,1.0,10.83904109589041,21.0,14.069510268562402,7,121.0,3165.0,11.638962444540573,7.0,58.19481222270286,0.0,18.638962444540574,0.0,18.638962444540574,0.0,18.638962444540574,B_Croston
12,FOODS_2_056_WI_3,high,intermittent,Croston,gaussian,3,0.98,21,2,292,1064.0,1053.0,11.0,0.9896616541353384,2,0.00684931506849315,0.9931506849315068,32.582191780821915,75.0,40.39783476981291,21,1055.0,9514.0,31.839317895223015,21.0,159.19658947611507,5.758500015735628,58.597817910958646,23.03400006294251,75.87331795816553,69.10200018882753,121.94131808405055,B_Croston
13,HOBBIES_1_312_WI_3,high,intermittent,Croston,gaussian,3,0.98,6,0,292,799.0,799.0,0.0,1.0,0,0.0,1.0,88.38013698630137,204.0,11.300616111907622,6,903.0,25807.0,7.0527348430066885,6.0,35.26367421503344,0.0,13.05273484300669,0.0,13.05273484300669,0.0,13.05273484300669,B_Croston
14,FOODS_3_128_WI_3,medium,intermittent,Croston,gaussian,3,0.98,5,1,292,156.0,155.0,1.0,0.9935897435897436,1,0.003424657534246575,0.9965753424657534,23.027397260273972,49.0,8.413890541344438,5,163.0,6724.0,9.607030198476085,5.0,48.03515099238042,0.22350000143051152,14.830530199906597,0.8940000057220461,15.50103020419813,2.6820000171661382,17.289030215642224,B_Croston
15,HOBBIES_1_036_WI_3,medium,intermittent,Croston,gaussian,3,0.98,5,2,292,242.0,236.0,6.0,0.9752066115702479,2,0.00684931506849315,0.9931506849315068,33.52739726027397,69.0,8.798774259448416,5,278.0,9790.0,5.257095912792911,5.0,26.285479563964554,0.5040000021457673,10.761095914938679,2.0160000085830694,12.27309592137598,6.048000025749208,16.30509593854212,B_Croston
16,FOODS_3_520_WI_3,low,intermittent,Croston,gaussian,3,0.98,8,3,292,206.0,200.0,6.0,0.970873786407767,4,0.0136986301369863,0.9863013698630136,15.599315068493151,34.0,16.02634467618002,8,217.0,4555.0,8.69193839781905,8.0,43.45969198909525,1.7910000085830688,18.48293840640212,7.164000034332275,23.855938432151326,21.492000102996826,38.18393850081588,B_Croston
17,HOUSEHOLD_1_464_WI_3,low,intermittent,Croston,gaussian,3,0.98,5,0,292,49.0,49.0,0.0,1.0,0,0.0,1.0,6.945205479452055,12.0,8.819033530571993,5,49.0,2028.0,9.207953684297326,5.0,46.039768421486635,0.0,14.207953684297326,0.0,14.207953684297326,0.0,14.207953684297326,B_Croston
0,FOODS_3_449_CA_3,high,regular,Croston,gaussian,7,0.9,13,2,292,1628.0,1536.0,92.0,0.9434889434889435,6,0.02054794520547945,0.9794520547945206,67.23287671232876,166.0,28.55745721271394,14,1599.0,19632.0,18.636953604188683,14.0,93.1847680209434,13.662000131607059,46.29895373579574,54.648000526428234,87.28495413061691,163.9440015792847,196.58095518347338,B_Croston
1,HOUSEHOLD_1_114_CA_3,high,regular,Croston,gaussian,7,0.9,7,3,292,941.0,915.0,26.0,0.9723698193411264,6,0.02054794520547945,0.9794520547945206,71.77397260273973,175.0,15.935442313197823,8,1031.0,20958.0,9.74690576693783,8.0,48.73452883468916,1.8915000557899475,19.638405822727776,7.56600022315979,25.31290599009762,22.69800066947937,40.4449064364172,B_Croston
2,FOODS_3_784_CA_3,medium,intermittent,Croston,gaussian,7,0.9,4,0,292,213.0,213.0,0.0,1.0,0,0.0,1.0,38.736301369863014,72.0,6.873397577579348,4,247.0,11311.0,5.423082191780821,4.0,27.115410958904107,0.0,9.423082191780821,0.0,9.423082191780821,0.0,9.423082191780821,B_Croston
3,HOUSEHOLD_2_270_CA_3,medium,intermittent,Croston,gaussian,7,0.9,7,2,292,118.0,112.0,6.0,0.9491525423728814,4,0.0136986301369863,0.9863013698630136,15.236301369863014,39.0,9.188581703753652,7,150.0,4449.0,12.457200325482512,7.0,62.28600162741256,2.628000068664551,22.085200394147062,10.512000274658204,29.969200600140717,31.53600082397461,50.99320114945712,B_Croston
4,HOBBIES_1_377_CA_3,low,intermittent,Croston,gaussian,7,0.9,7,1,292,92.0,89.0,3.0,0.967391304347826,1,0.003424657534246575,0.9965753424657534,9.376712328767123,17.0,11.864499634769905,7,92.0,2738.0,13.101141864828866,7.0,65.50570932414433,2.245499897003174,22.346641761832043,8.981999588012696,29.083141452841566,26.945998764038087,47.047140628866956,B_Croston
5,HOUSEHOLD_2_228_CA_3,low,intermittent,Croston,gaussian,7,0.9,5,2,292,112.0,105.0,7.0,0.9375,5,0.017123287671232876,0.9828767123287672,12.643835616438356,24.0,10.380552546045504,5,108.0,3692.0,9.682648943678974,5.0,48.413244718394864,2.871749889850617,17.55439883352959,11.486999559402468,26.16964850308144,34.4609986782074,49.14364762188637,B_Croston
6,FOODS_2_347_TX_2,high,regular,Croston,gaussian,7,0.9,12,4,292,1785.0,1629.0,156.0,0.9126050420168067,13,0.04452054794520548,0.9554794520547946,77.73287671232876,292.0,26.19547977795401,12,1590.0,22698.0,19.371032565358565,12.0,96.8551628267928,20.825999665260323,52.19703223061889,83.30399866104129,114.67503122639985,249.91199598312386,281.28302854848243,B_Croston
7,HOUSEHOLD_1_247_TX_2,high,regular,Croston,gaussian,7,0.9,9,2,292,1273.0,1263.0,10.0,0.9921445404556166,3,0.010273972602739725,0.9897260273972602,73.01712328767124,153.0,21.621640635992676,9,1275.0,21321.0,9.915725634930885,9.0,49.578628174654426,0.7275000214576721,19.64322565638856,2.9100000858306885,21.825725720761575,8.730000257492065,27.645725892422952,B_Croston
8,FOODS_3_729_TX_2,medium,intermittent,Croston,gaussian,7,0.9,8,0,292,224.0,224.0,0.0,1.0,0,0.0,1.0,20.253424657534246,53.0,13.824822455191072,8,256.0,5914.0,11.28520827326056,8.0,56.426041366302805,0.0,19.285208273260558,0.0,19.285208273260558,0.0,19.285208273260558,B_Croston
9,HOBBIES_1_034_TX_2,medium,intermittent,Croston,gaussian,7,0.9,9,4,292,281.0,268.0,13.0,0.9537366548042705,8,0.0273972602739726,0.9726027397260274,17.198630136986303,42.0,19.478295499800875,9,274.0,5022.0,11.220385933967485,9.0,56.10192966983743,4.543499851226807,24.76388578519429,18.173999404907228,38.39438533887471,54.521998214721684,74.74238414868917,B_Croston
10,FOODS_2_196_TX_2,low,intermittent,Croston,gaussian,7,0.9,7,0,292,165.0,165.0,0.0,1.0,0,0.0,1.0,15.222602739726028,35.0,13.548931383577052,7,179.0,4445.0,8.396787793179081,7.0,41.983938965895405,0.0,15.396787793179081,0.0,15.396787793179081,0.0,15.396787793179081,B_Croston
11,HOUSEHOLD_2_315_TX_2,low,intermittent,Croston,gaussian,7,0.9,7,0,292,122.0,122.0,0.0,1.0,0,0.0,1.0,10.48972602739726,20.0,14.538034606594842,7,120.0,3063.0,11.26386792026154,7.0,56.319339601307696,0.0,18.26386792026154,0.0,18.26386792026154,0.0,18.26386792026154,B_Croston
12,FOODS_2_056_WI_3,high,intermittent,Croston,gaussian,7,0.9,20,5,292,1064.0,1042.0,22.0,0.9793233082706767,7,0.023972602739726026,0.976027397260274,36.476027397260275,76.0,35.708384189278,21,1078.0,10651.0,35.64437407000424,21.0,178.2218703500212,11.517000031471255,68.1613741014755,46.06800012588502,102.71237419588925,138.20400037765506,194.8483744476593,B_Croston
13,HOBBIES_1_312_WI_3,high,intermittent,Croston,gaussian,7,0.9,5,1,292,799.0,774.0,25.0,0.9687108886107635,1,0.003424657534246575,0.9965753424657534,94.07191780821918,224.0,10.28468455349667,5,764.0,27469.0,7.506938946896219,5.0,37.5346947344811,1.0687499865889551,13.575688933485175,4.274999946355821,16.78193889325204,12.82499983906746,25.33193878596368,B_Croston
14,FOODS_3_128_WI_3,medium,intermittent,Croston,gaussian,7,0.9,5,1,292,156.0,152.0,4.0,0.9743589743589743,2,0.00684931506849315,0.9931506849315068,23.82191780821918,52.0,7.975848188614146,5,171.0,6956.0,9.938504173200425,5.0,49.69252086600212,0.8940000057220461,15.83250417892247,3.5760000228881843,18.51450419608861,10.728000068664553,25.666504241864978,B_Croston
15,HOBBIES_1_036_WI_3,medium,intermittent,Croston,gaussian,7,0.9,4,1,292,242.0,240.0,2.0,0.9917355371900827,2,0.00684931506849315,0.9931506849315068,31.801369863013697,73.0,9.433555890587982,5,279.0,9286.0,4.986454815750252,5.0,24.93227407875126,0.16800000071525578,10.15445481646551,0.6720000028610231,10.658454818611276,2.0160000085830694,12.002454824333324,B_Croston
16,FOODS_3_520_WI_3,low,intermittent,Croston,gaussian,7,0.9,8,2,292,206.0,200.0,6.0,0.970873786407767,5,0.017123287671232876,0.9828767123287672,14.866438356164384,36.0,16.816401750748675,8,221.0,4341.0,8.283579491752468,8.0,41.41789745876234,1.7910000085830688,18.07457950033554,7.164000034332275,23.447579526084745,21.492000102996826,37.775579594749296,B_Croston
17,HOUSEHOLD_1_464_WI_3,low,intermittent,Croston,gaussian,7,0.9,5,0,292,49.0,49.0,0.0,1.0,0,0.0,1.0,7.184931506849315,13.0,8.524785510009533,5,49.0,2098.0,9.525782460382539,5.0,47.6289123019127,0.0,14.525782460382539,0.0,14.525782460382539,0.0,14.525782460382539,B_Croston
0,FOODS_3_449_CA_3,high,regular,Croston,gaussian,7,0.95,13,1,292,1628.0,1549.0,79.0,0.9514742014742015,5,0.017123287671232876,0.9828767123287672,71.63013698630137,168.0,27.031220118569518,14,1588.0,20916.0,19.85587416387584,14.0,99.2793708193792,11.731500113010409,45.58737427688625,46.926000452041635,80.78187461591747,140.77800135612492,174.63387552000074,B_Croston
1,HOUSEHOLD_1_114_CA_3,high,regular,Croston,gaussian,7,0.95,8,3,292,941.0,923.0,18.0,0.9808714133900106,4,0.0136986301369863,0.9863013698630136,68.39041095890411,189.0,16.870055082623935,8,1011.0,19970.0,9.287418082152328,8.0,46.43709041076164,1.3095000386238098,18.596918120776138,5.238000154495239,22.525418236647567,15.714000463485718,33.001418545638046,B_Croston
2,FOODS_3_784_CA_3,medium,intermittent,Croston,gaussian,7,0.95,4,0,292,213.0,213.0,0.0,1.0,0,0.0,1.0,40.51712328767123,76.0,6.571295748457443,4,248.0,11831.0,5.672397260273972,4.0,28.36198630136986,0.0,9.672397260273971,0.0,9.672397260273971,0.0,9.672397260273971,B_Croston
3,HOUSEHOLD_2_270_CA_3,medium,intermittent,Croston,gaussian,7,0.95,7,2,292,118.0,114.0,4.0,0.9661016949152542,4,0.0136986301369863,0.9863013698630136,16.03767123287671,27.0,8.885329916720051,7,137.0,4683.0,13.11240034260162,7.0,65.56200171300809,1.7520000457763674,21.864400388377984,7.0080001831054695,27.120400525707087,21.02400054931641,41.13640089191803,B_Croston
4,HOBBIES_1_377_CA_3,low,intermittent,Croston,gaussian,7,0.95,7,1,292,92.0,89.0,3.0,0.967391304347826,1,0.003424657534246575,0.9965753424657534,9.897260273972602,17.0,11.240484429065745,7,92.0,2890.0,13.828451420509651,7.0,69.14225710254826,2.245499897003174,23.073951317512826,8.981999588012696,29.81045100852235,26.945998764038087,47.77445018454774,B_Croston
5,HOUSEHOLD_2_228_CA_3,low,intermittent,Croston,gaussian,7,0.95,5,2,292,112.0,106.0,6.0,0.9464285714285714,5,0.017123287671232876,0.9828767123287672,13.263698630136986,25.0,9.989672088820036,5,109.0,3873.0,10.157340021362042,5.0,50.78670010681021,2.461499905586243,17.618839926948286,9.845999622344973,25.003339643707015,29.53799886703492,44.69533888839696,B_Croston
6,FOODS_2_347_TX_2,high,regular,Croston,gaussian,7,0.95,12,2,292,1785.0,1671.0,114.0,0.9361344537815126,7,0.023972602739726026,0.976027397260274,78.51369863013699,225.0,26.60363779115415,13,1685.0,22926.0,19.565613384148843,13.0,97.82806692074422,15.218999755382542,47.78461313953139,60.87599902153017,93.44161240567902,182.62799706459052,215.19361044873938,B_Croston
7,HOUSEHOLD_1_247_TX_2,high,regular,Croston,gaussian,7,0.95,9,1,292,1273.0,1270.0,3.0,0.997643362136685,1,0.003424657534246575,0.9965753424657534,75.52054794520548,154.0,21.02076909123889,9,1271.0,22052.0,10.255690713451333,9.0,51.27845356725667,0.21825000643730164,19.473940719888635,0.8730000257492065,20.12869073920054,2.6190000772476196,21.874690790698953,B_Croston
8,FOODS_3_729_TX_2,medium,intermittent,Croston,gaussian,7,0.95,8,0,292,224.0,224.0,0.0,1.0,0,0.0,1.0,22.33219178082192,45.0,12.5379543014875,8,247.0,6521.0,12.443497319907358,8.0,62.2174865995368,0.0,20.443497319907358,0.0,20.443497319907358,0.0,20.443497319907358,B_Croston
9,HOBBIES_1_034_TX_2,medium,intermittent,Croston,gaussian,7,0.95,9,4,292,281.0,268.0,13.0,0.9537366548042705,8,0.0273972602739726,0.9726027397260274,18.86986301369863,43.0,17.75317604355717,9,275.0,5510.0,12.310698227033223,9.0,61.55349113516611,4.543499851226807,25.854198078260026,18.173999404907228,39.48469763194045,54.521998214721684,75.8326964417549,B_Croston
10,FOODS_2_196_TX_2,low,intermittent,Croston,gaussian,7,0.95,7,0,292,165.0,165.0,0.0,1.0,0,0.0,1.0,16.35958904109589,37.0,12.6072849068453,7,180.0,4777.0,9.02394944612294,7.0,45.1197472306147,0.0,16.02394944612294,0.0,16.02394944612294,0.0,16.02394944612294,B_Croston
11,HOUSEHOLD_2_315_TX_2,low,intermittent,Croston,gaussian,7,0.95,7,0,292,122.0,122.0,0.0,1.0,0,0.0,1.0,11.273972602739725,21.0,13.526731470230864,7,121.0,3292.0,12.105991901240936,7.0,60.529959506204676,0.0,19.105991901240934,0.0,19.105991901240934,0.0,19.105991901240934,B_Croston
12,FOODS_2_056_WI_3,high,intermittent,Croston,gaussian,7,0.95,21,2,292,1064.0,1054.0,10.0,0.9906015037593985,2,0.00684931506849315,0.9931506849315068,40.215753424657535,77.0,32.760793664310654,21,1073.0,11743.0,39.29883435396299,21.0,196.49417176981493,5.235000014305116,65.5338343682681,20.940000057220463,81.23883441118345,62.82000017166139,123.11883452562438,B_Croston
13,HOBBIES_1_312_WI_3,high,intermittent,Croston,gaussian,7,0.95,5,1,292,799.0,779.0,20.0,0.9749687108886108,1,0.003424657534246575,0.9965753424657534,98.21575342465754,229.0,9.914397294187385,6,920.0,28679.0,7.837617024938536,6.0,39.188085124692684,0.854999989271164,14.6926170142097,3.419999957084656,17.257616982023194,10.259999871253969,24.097616896192505,B_Croston
14,FOODS_3_128_WI_3,medium,intermittent,Croston,gaussian,7,0.95,5,1,292,156.0,152.0,4.0,0.9743589743589743,2,0.00684931506849315,0.9931506849315068,25.027397260273972,53.0,7.59168035030104,5,164.0,7308.0,10.441430203816662,5.0,52.207151019083305,0.8940000057220461,16.335430209538707,3.5760000228881843,19.017430226704846,10.728000068664553,26.169430272481215,B_Croston
15,HOBBIES_1_036_WI_3,medium,intermittent,Croston,gaussian,7,0.95,5,0,292,242.0,242.0,0.0,1.0,0,0.0,1.0,35.18835616438356,73.0,8.596593673965936,5,279.0,10275.0,5.517534270066104,5.0,27.58767135033052,0.0,10.517534270066104,0.0,10.517534270066104,0.0,10.517534270066104,B_Croston
16,FOODS_3_520_WI_3,low,intermittent,Croston,gaussian,7,0.95,8,2,292,206.0,201.0,5.0,0.9757281553398058,4,0.0136986301369863,0.9863013698630136,17.126712328767123,40.0,14.670065986802639,8,228.0,5001.0,9.543004155322297,8.0,47.71502077661148,1.4925000071525574,19.035504162474854,5.9700000286102295,23.513004183932527,17.91000008583069,35.45300424115298,B_Croston
17,HOUSEHOLD_1_464_WI_3,low,intermittent,Croston,gaussian,7,0.95,5,0,292,49.0,49.0,0.0,1.0,0,0.0,1.0,7.184931506849315,13.0,8.524785510009533,5,49.0,2098.0,9.525782460382539,5.0,47.6289123019127,0.0,14.525782460382539,0.0,14.525782460382539,0.0,14.525782460382539,B_Croston
0,FOODS_3_449_CA_3,high,regular,Croston,gaussian,7,0.98,13,1,292,1628.0,1555.0,73.0,0.9551597051597052,5,0.017123287671232876,0.9828767123287672,77.81164383561644,194.0,24.980194533691296,14,1606.0,22721.0,21.569387879012382,14.0,107.8469393950619,10.84050010442734,46.409887983439724,43.36200041770936,78.93138829672174,130.08600125312807,165.65538913214044,B_Croston
1,HOUSEHOLD_1_114_CA_3,high,regular,Croston,gaussian,7,0.98,8,2,292,941.0,931.0,10.0,0.9893730074388948,2,0.00684931506849315,0.9931506849315068,67.35958904109589,186.0,17.27667903808023,8,967.0,19669.0,9.147432461585085,8.0,45.737162307925416,0.7275000214576721,17.874932483042755,2.9100000858306885,20.05743254741577,8.730000257492065,25.87743271907715,B_Croston
2,FOODS_3_784_CA_3,medium,intermittent,Croston,gaussian,7,0.98,4,0,292,213.0,213.0,0.0,1.0,0,0.0,1.0,41.602739726027394,77.0,6.399818900230491,4,249.0,12148.0,5.8243835616438355,4.0,29.121917808219173,0.0,9.824383561643835,0.0,9.824383561643835,0.0,9.824383561643835,B_Croston
3,HOUSEHOLD_2_270_CA_3,medium,intermittent,Croston,gaussian,7,0.98,7,1,292,118.0,116.0,2.0,0.9830508474576272,2,0.00684931506849315,0.9931506849315068,17.438356164383563,35.0,8.315003927729771,7,138.0,5092.0,14.257600372523477,7.0,71.28800186261739,0.8760000228881837,22.133600395411662,3.5040000915527347,24.76160046407621,10.512000274658204,31.769600647181683,B_Croston
4,HOBBIES_1_377_CA_3,low,intermittent,Croston,gaussian,7,0.98,7,0,292,92.0,92.0,0.0,1.0,0,0.0,1.0,8.900684931506849,16.0,12.920353982300886,8,101.0,2599.0,12.436036415883938,8.0,62.18018207941969,0.0,20.43603641588394,0.0,20.43603641588394,0.0,20.43603641588394,B_Croston
5,HOUSEHOLD_2_228_CA_3,low,intermittent,Croston,gaussian,7,0.98,6,0,292,112.0,112.0,0.0,1.0,0,0.0,1.0,14.678082191780822,26.0,9.538030797946803,6,116.0,4286.0,11.240474911323965,6.0,56.20237455661982,0.0,17.240474911323965,0.0,17.240474911323965,0.0,17.240474911323965,B_Croston
6,FOODS_2_347_TX_2,high,regular,Croston,gaussian,7,0.98,12,2,292,1785.0,1674.0,111.0,0.9378151260504202,7,0.023972602739726026,0.976027397260274,82.15068493150685,229.0,25.471485742871437,13,1691.0,23988.0,20.471950355882512,13.0,102.35975177941255,14.818499761819844,48.290450117702356,59.273999047279375,92.74594940316189,177.82199714183812,211.29394749772064,B_Croston
7,HOUSEHOLD_1_247_TX_2,high,regular,Croston,gaussian,7,0.98,9,1,292,1273.0,1270.0,3.0,0.997643362136685,1,0.003424657534246575,0.9965753424657534,78.02397260273973,153.0,20.34631084580608,9,1274.0,22783.0,10.595655791971781,9.0,52.97827895985891,0.21825000643730164,19.81390579840908,0.8730000257492065,20.468655817720986,2.6190000772476196,22.2146558692194,B_Croston
8,FOODS_3_729_TX_2,medium,intermittent,Croston,gaussian,7,0.98,8,0,292,224.0,224.0,0.0,1.0,0,0.0,1.0,24.431506849315067,47.0,11.460611157835716,8,249.0,7134.0,13.613235681677518,8.0,68.06617840838759,0.0,21.613235681677516,0.0,21.613235681677516,0.0,21.613235681677516,B_Croston
9,HOBBIES_1_034_TX_2,medium,intermittent,Croston,gaussian,7,0.98,9,3,292,281.0,274.0,7.0,0.9750889679715302,4,0.0136986301369863,0.9863013698630136,21.544520547945204,46.0,15.897313622635512,9,282.0,6291.0,14.055644745238839,9.0,70.27822372619418,2.446499919891358,25.502144665130196,9.785999679565432,32.84164442480427,29.357999038696292,52.41364378393513,B_Croston
10,FOODS_2_196_TX_2,low,intermittent,Croston,gaussian,7,0.98,7,0,292,165.0,165.0,0.0,1.0,0,0.0,1.0,20.373287671232877,38.0,10.123550176500252,7,182.0,5949.0,11.237905642659697,7.0,56.18952821329848,0.0,18.237905642659697,0.0,18.237905642659697,0.0,18.237905642659697,B_Croston
11,HOUSEHOLD_2_315_TX_2,low,intermittent,Croston,gaussian,7,0.98,7,0,292,122.0,122.0,0.0,1.0,0,0.0,1.0,12.195205479452055,22.0,12.504914349901712,7,121.0,3561.0,13.095211774094464,7.0,65.47605887047231,0.0,20.095211774094466,0.0,20.095211774094466,0.0,20.095211774094466,B_Croston
12,FOODS_2_056_WI_3,high,intermittent,Croston,gaussian,7,0.98,21,1,292,1064.0,1063.0,1.0,0.9990601503759399,1,0.003424657534246575,0.9965753424657534,44.9041095890411,82.0,29.590832824893226,21,1070.0,13112.0,43.88029601031786,21.0,219.40148005158935,0.5235000014305116,65.40379601174837,2.0940000057220463,66.97429601603992,6.282000017166139,71.162296027484,B_Croston
13,HOBBIES_1_312_WI_3,high,intermittent,Croston,gaussian,7,0.98,5,1,292,799.0,785.0,14.0,0.9824780976220275,1,0.003424657534246575,0.9965753424657534,102.57876712328768,234.0,9.56581978432878,6,941.0,29953.0,8.185785513720283,6.0,40.92892756860142,0.5984999924898149,14.784285506210098,2.3939999699592596,16.579785483679544,7.181999909877778,21.36778542359806,B_Croston
14,FOODS_3_128_WI_3,medium,intermittent,Croston,gaussian,7,0.98,5,1,292,156.0,155.0,1.0,0.9935897435897436,1,0.003424657534246575,0.9965753424657534,27.11986301369863,55.0,7.144210127541356,5,177.0,7919.0,11.314406921732916,5.0,56.57203460866457,0.22350000143051152,16.53790692316343,0.8940000057220461,17.208406927454963,2.6820000171661382,18.996406938899057,B_Croston
15,HOBBIES_1_036_WI_3,medium,intermittent,Croston,gaussian,7,0.98,5,0,292,242.0,242.0,0.0,1.0,0,0.0,1.0,37.13356164383562,75.0,8.146269482615512,5,281.0,10843.0,5.822542490542751,5.0,29.112712452713758,0.0,10.822542490542752,0.0,10.822542490542752,0.0,10.822542490542752,B_Croston
16,FOODS_3_520_WI_3,low,intermittent,Croston,gaussian,7,0.98,8,1,292,206.0,203.0,3.0,0.9854368932038835,3,0.010273972602739725,0.9897260273972602,17.845890410958905,41.0,14.218959892535022,8,231.0,5211.0,9.94373018463997,8.0,49.71865092319985,0.8955000042915344,18.839230188931502,3.5820000171661377,21.525730201806105,10.746000051498413,28.68973023613838,B_Croston
17,HOUSEHOLD_1_464_WI_3,low,intermittent,Croston,gaussian,7,0.98,5,0,292,49.0,49.0,0.0,1.0,0,0.0,1.0,8.48972602739726,15.0,7.214602662363856,5,51.0,2479.0,11.255679084503486,5.0,56.27839542251744,0.0,16.255679084503484,0.0,16.255679084503484,0.0,16.255679084503484,B_Croston
0,FOODS_3_449_CA_3,high,regular,Croston,gaussian,14,0.9,12,5,292,1628.0,1506.0,122.0,0.9250614250614251,10,0.03424657534246575,0.9657534246575342,91.71575342465754,253.0,20.525372465553936,13,1542.0,26781.0,25.42360709422255,13.0,127.11803547111275,18.117000174522403,56.54060726874495,72.46800069808961,110.89160779231216,217.40400209426886,255.8276091884914,B_Croston
1,HOUSEHOLD_1_114_CA_3,high,regular,Croston,gaussian,14,0.9,7,1,292,941.0,914.0,27.0,0.971307120085016,6,0.02054794520547945,0.9794520547945206,77.72260273972603,199.0,14.699713593302489,8,1038.0,22695.0,10.554729763367405,8.0,52.773648816837024,1.9642500579357147,20.51897982130312,7.857000231742859,26.411729995110264,23.571000695228577,42.12573045859598,B_Croston
2,FOODS_3_784_CA_3,medium,intermittent,Croston,gaussian,14,0.9,4,1,292,213.0,210.0,3.0,0.9859154929577465,1,0.003424657534246575,0.9965753424657534,42.571917808219176,79.0,6.166036521599228,4,252.0,12431.0,5.960068493150684,4.0,29.80034246575342,0.22500000000000003,10.185068493150684,0.9000000000000001,10.860068493150685,2.7,12.660068493150685,B_Croston
3,HOUSEHOLD_2_270_CA_3,medium,intermittent,Croston,gaussian,14,0.9,7,4,292,118.0,109.0,9.0,0.923728813559322,6,0.02054794520547945,0.9794520547945206,18.465753424657535,36.0,7.378523738872403,7,139.0,5392.0,15.097600394471051,7.0,75.48800197235525,3.9420001029968263,26.039600497467877,15.768000411987305,37.86560080645836,47.30400123596192,69.40160163043296,B_Croston
4,HOBBIES_1_377_CA_3,low,intermittent,Croston,gaussian,14,0.9,7,0,292,92.0,92.0,0.0,1.0,0,0.0,1.0,9.767123287671232,19.0,11.774193548387098,8,107.0,2852.0,13.646624031589456,8.0,68.23312015794727,0.0,21.646624031589454,0.0,21.646624031589454,0.0,21.646624031589454,B_Croston
5,HOUSEHOLD_2_228_CA_3,low,intermittent,Croston,gaussian,14,0.9,6,0,292,112.0,112.0,0.0,1.0,0,0.0,1.0,13.897260273972602,27.0,10.073928043371119,6,116.0,4058.0,10.642521509601645,6.0,53.21260754800822,0.0,16.642521509601643,0.0,16.642521509601643,0.0,16.642521509601643,B_Croston
6,FOODS_2_347_TX_2,high,regular,Croston,gaussian,14,0.9,10,6,292,1785.0,1516.0,269.0,0.8492997198879552,23,0.07876712328767123,0.9212328767123288,106.17123287671232,352.0,17.84852590155474,12,1568.0,31002.0,26.45787080761504,12.0,132.2893540380752,35.91149942278863,74.36937023040366,143.64599769115452,182.10386849876954,430.9379930734636,469.39586388107864,B_Croston
7,HOUSEHOLD_1_247_TX_2,high,regular,Croston,gaussian,14,0.9,9,0,292,1273.0,1273.0,0.0,1.0,0,0.0,1.0,79.68150684931507,175.0,19.970129367774103,9,1296.0,23267.0,10.820748949295854,9.0,54.10374474647927,0.0,19.820748949295854,0.0,19.820748949295854,0.0,19.820748949295854,B_Croston
8,FOODS_3_729_TX_2,medium,intermittent,Croston,gaussian,14,0.9,8,1,292,224.0,223.0,1.0,0.9955357142857143,1,0.003424657534246575,0.9965753424657534,21.96917808219178,56.0,12.688230709275135,8,257.0,6415.0,12.241226086061294,8.0,61.20613043030647,0.2985000014305115,20.539726087491808,1.194000005722046,21.435226091783342,3.5820000171661377,23.823226103227434,B_Croston
9,HOBBIES_1_034_TX_2,medium,intermittent,Croston,gaussian,14,0.9,9,2,292,281.0,272.0,9.0,0.9679715302491103,5,0.017123287671232876,0.9828767123287672,23.304794520547944,51.0,14.589272593681118,9,275.0,6805.0,15.204047447361356,9.0,76.02023723680678,3.145499897003174,27.349547344364527,12.581999588012696,36.786047035374054,37.74599876403809,61.950046211399446,B_Croston
10,FOODS_2_196_TX_2,low,intermittent,Croston,gaussian,14,0.9,7,0,292,165.0,165.0,0.0,1.0,0,0.0,1.0,21.034246575342465,43.0,9.80543796808857,7,183.0,6142.0,11.602490579461398,7.0,58.012452897306986,0.0,18.602490579461396,0.0,18.602490579461396,0.0,18.602490579461396,B_Croston
11,HOUSEHOLD_2_315_TX_2,low,intermittent,Croston,gaussian,14,0.9,7,1,292,122.0,120.0,2.0,0.9836065573770492,1,0.003424657534246575,0.9965753424657534,11.952054794520548,23.0,12.550143266475645,7,123.0,3490.0,12.834116566017881,7.0,64.1705828300894,1.150500011444092,20.984616577461974,4.602000045776368,24.43611661179425,13.806000137329104,33.64011670334699,B_Croston
12,FOODS_2_056_WI_3,high,intermittent,Croston,gaussian,14,0.9,19,5,292,1064.0,1033.0,31.0,0.9708646616541353,5,0.017123287671232876,0.9828767123287672,48.31164383561644,103.0,26.727511164670023,21,1095.0,14107.0,47.21013848517039,21.0,236.05069242585193,16.228500044345857,84.43863852951625,64.91400017738343,133.12413866255383,194.7420005321503,262.9521390173207,B_Croston
13,HOBBIES_1_312_WI_3,high,intermittent,Croston,gaussian,14,0.9,5,1,292,799.0,791.0,8.0,0.9899874843554443,3,0.010273972602739725,0.9897260273972602,107.58904109589041,259.0,9.1900623885918,6,960.0,31416.0,8.585605371716904,6.0,42.928026858584516,0.3419999957084656,14.92760536742537,1.3679999828338625,15.953605354550767,4.1039999485015874,18.68960532021849,B_Croston
14,FOODS_3_128_WI_3,medium,intermittent,Croston,gaussian,14,0.9,4,1,292,156.0,143.0,13.0,0.9166666666666666,6,0.02054794520547945,0.9794520547945206,36.113013698630134,62.0,4.949739212897108,4,147.0,10545.0,15.066349411500642,4.0,75.33174705750321,2.9055000185966495,21.971849430097294,11.622000074386598,30.68834948588724,34.866000223159794,53.93234963466044,B_Croston
15,HOBBIES_1_036_WI_3,medium,intermittent,Croston,gaussian,14,0.9,4,0,292,242.0,242.0,0.0,1.0,0,0.0,1.0,37.43493150684932,73.0,8.080687951697008,4,257.0,10931.0,5.869797285264485,4.0,29.348986426322426,0.0,9.869797285264486,0.0,9.869797285264486,0.0,9.869797285264486,B_Croston
16,FOODS_3_520_WI_3,low,intermittent,Croston,gaussian,14,0.9,8,2,292,206.0,203.0,3.0,0.9854368932038835,3,0.010273972602739725,0.9897260273972602,17.434931506849313,42.0,14.55411510508741,8,221.0,5091.0,9.714743882172728,8.0,48.57371941086364,0.8955000042915344,18.61024388646426,3.5820000171661377,21.296743899338864,10.746000051498413,28.46074393367114,B_Croston
17,HOUSEHOLD_1_464_WI_3,low,intermittent,Croston,gaussian,14,0.9,5,0,292,49.0,49.0,0.0,1.0,0,0.0,1.0,8.267123287671232,15.0,7.408864954432477,5,51.0,2414.0,10.960552363852932,5.0,54.80276181926466,0.0,15.960552363852932,0.0,15.960552363852932,0.0,15.960552363852932,B_Croston
0,FOODS_3_449_CA_3,high,regular,Croston,gaussian,14,0.95,13,2,292,1628.0,1522.0,106.0,0.9348894348894349,8,0.0273972602739726,0.9726027397260274,91.3013698630137,261.0,20.837584396099025,14,1612.0,26660.0,25.308739969828355,14.0,126.54369984914179,15.74100015163422,55.04974012146257,62.96400060653688,102.27274057636524,188.89200181961064,228.200741789439,B_Croston
1,HOUSEHOLD_1_114_CA_3,high,regular,Croston,gaussian,14,0.95,7,1,292,941.0,920.0,21.0,0.9776833156216791,5,0.017123287671232876,0.9828767123287672,83.04452054794521,206.0,13.847993731700276,8,1051.0,24249.0,11.27744622304015,8.0,56.387231115200755,1.5277500450611115,20.805196268101263,6.111000180244446,25.388446403284597,18.333000540733337,37.61044676377349,B_Croston
2,FOODS_3_784_CA_3,medium,intermittent,Croston,gaussian,14,0.95,4,1,292,213.0,212.0,1.0,0.9953051643192489,1,0.003424657534246575,0.9965753424657534,43.763698630136986,81.0,6.055246889427968,4,254.0,12779.0,6.126917808219178,4.0,30.63458904109589,0.07500000000000001,10.201917808219179,0.30000000000000004,10.42691780821918,0.9000000000000001,11.02691780821918,B_Croston
3,HOUSEHOLD_2_270_CA_3,medium,intermittent,Croston,gaussian,14,0.95,7,4,292,118.0,112.0,6.0,0.9491525423728814,3,0.010273972602739725,0.9897260273972602,20.345890410958905,39.0,6.880996465241542,7,145.0,5941.0,16.63480043463511,7.0,83.17400217317555,2.628000068664551,26.262800503299662,10.512000274658204,34.146800709293316,31.53600082397461,55.17080125860972,B_Croston
4,HOBBIES_1_377_CA_3,low,intermittent,Croston,gaussian,14,0.95,7,0,292,92.0,92.0,0.0,1.0,0,0.0,1.0,10.51027397260274,19.0,10.941674812642555,8,108.0,3069.0,14.684954120949522,8.0,73.42477060474761,0.0,22.68495412094952,0.0,22.68495412094952,0.0,22.68495412094952,B_Croston
5,HOUSEHOLD_2_228_CA_3,low,intermittent,Croston,gaussian,14,0.95,6,0,292,112.0,112.0,0.0,1.0,0,0.0,1.0,14.845890410958905,28.0,9.430219146482122,6,117.0,4335.0,11.368982440641481,6.0,56.84491220320741,0.0,17.36898244064148,0.0,17.36898244064148,0.0,17.36898244064148,B_Croston
6,FOODS_2_347_TX_2,high,regular,Croston,gaussian,14,0.95,10,6,292,1785.0,1533.0,252.0,0.8588235294117647,21,0.07191780821917808,0.928082191780822,109.67808219178082,357.0,17.4715855867108,12,1585.0,32026.0,27.33177764288366,12.0,136.6588882144183,33.64199945926667,72.97377710215034,134.56799783706668,173.89977547995034,403.7039935112001,443.03577115408376,B_Croston
7,HOUSEHOLD_1_247_TX_2,high,regular,Croston,gaussian,14,0.95,9,0,292,1273.0,1273.0,0.0,1.0,0,0.0,1.0,83.85958904109589,178.0,18.97517049863193,9,1268.0,24487.0,11.388132527674715,9.0,56.94066263837357,0.0,20.388132527674713,0.0,20.388132527674713,0.0,20.388132527674713,B_Croston
8,FOODS_3_729_TX_2,medium,intermittent,Croston,gaussian,14,0.95,8,0,292,224.0,224.0,0.0,1.0,0,0.0,1.0,23.897260273972602,59.0,11.716824304958442,8,261.0,6978.0,13.315553488470103,8.0,66.57776744235052,0.0,21.3155534884701,0.0,21.3155534884701,0.0,21.3155534884701,B_Croston
9,HOBBIES_1_034_TX_2,medium,intermittent,Croston,gaussian,14,0.95,9,2,292,281.0,278.0,3.0,0.9893238434163701,3,0.010273972602739725,0.9897260273972602,24.174657534246574,54.0,14.374557302734098,9,287.0,7059.0,15.771546058916064,9.0,78.85773029458032,1.0484999656677247,25.82004602458379,4.193999862670899,28.965545921586966,12.581999588012696,37.353545646928765,B_Croston
10,FOODS_2_196_TX_2,low,intermittent,Croston,gaussian,14,0.95,6,0,292,165.0,165.0,0.0,1.0,0,0.0,1.0,23.726027397260275,45.0,8.692984988452656,7,189.0,6928.0,13.087276902394752,7.0,65.43638451197376,0.0,20.087276902394752,0.0,20.087276902394752,0.0,20.087276902394752,B_Croston
11,HOUSEHOLD_2_315_TX_2,low,intermittent,Croston,gaussian,14,0.95,7,0,292,122.0,122.0,0.0,1.0,0,0.0,1.0,11.575342465753424,21.0,13.174556213017752,8,131.0,3380.0,12.429602863364023,8.0,62.14801431682011,0.0,20.429602863364025,0.0,20.429602863364025,0.0,20.429602863364025,B_Croston
12,FOODS_2_056_WI_3,high,intermittent,Croston,gaussian,14,0.95,20,2,292,1064.0,1061.0,3.0,0.9971804511278195,1,0.003424657534246575,0.9965753424657534,55.28767123287671,111.0,23.988168979187314,22,1131.0,16144.0,54.02711247640113,22.0,270.1355623820056,1.5705000042915347,77.59761248069266,6.282000017166139,82.30911249356727,18.846000051498415,94.87311252789954,B_Croston
13,HOBBIES_1_312_WI_3,high,intermittent,Croston,gaussian,14,0.95,5,0,292,799.0,799.0,0.0,1.0,0,0.0,1.0,122.4041095890411,268.0,8.15944826814392,6,977.0,35742.0,9.76784782263514,6.0,48.8392391131757,0.0,15.76784782263514,0.0,15.76784782263514,0.0,15.76784782263514,B_Croston
14,FOODS_3_128_WI_3,medium,intermittent,Croston,gaussian,14,0.95,4,1,292,156.0,145.0,11.0,0.9294871794871795,6,0.02054794520547945,0.9794520547945206,37.667808219178085,64.0,4.811801072824802,4,150.0,10999.0,15.715009689624996,4.0,78.57504844812497,2.458500015735627,22.173509705360622,9.834000062942508,29.549009752567503,29.50200018882752,49.217009878452515,B_Croston
15,HOBBIES_1_036_WI_3,medium,intermittent,Croston,gaussian,14,0.95,4,0,292,242.0,242.0,0.0,1.0,0,0.0,1.0,39.332191780821915,75.0,7.690901175446235,4,259.0,11485.0,6.1672876974899475,4.0,30.836438487449733,0.0,10.167287697489947,0.0,10.167287697489947,0.0,10.167287697489947,B_Croston
16,FOODS_3_520_WI_3,low,intermittent,Croston,gaussian,14,0.95,8,2,292,206.0,204.0,2.0,0.9902912621359223,2,0.00684931506849315,0.9931506849315068,18.376712328767123,43.0,13.876257920238539,8,223.0,5366.0,10.239504158660157,8.0,51.19752079330078,0.597000002861023,18.83650416152118,2.388000011444092,20.62750417010425,7.164000034332275,25.403504192992433,B_Croston
17,HOUSEHOLD_1_464_WI_3,low,intermittent,Croston,gaussian,14,0.95,5,0,292,49.0,49.0,0.0,1.0,0,0.0,1.0,9.215753424657533,16.0,6.6462281679672985,5,52.0,2691.0,12.21824623493299,5.0,61.09123117466495,0.0,17.21824623493299,0.0,17.21824623493299,0.0,17.21824623493299,B_Croston
0,FOODS_3_449_CA_3,high,regular,Croston,gaussian,14,0.98,13,2,292,1628.0,1531.0,97.0,0.9404176904176904,7,0.023972602739726026,0.976027397260274,99.85958904109589,283.0,19.164408930347406,14,1631.0,29159.0,27.68107834884565,14.0,138.40539174422824,14.404500138759616,56.08557848760526,57.61800055503846,99.29907890388411,172.8540016651154,214.53508001396102,B_Croston
1,HOUSEHOLD_1_114_CA_3,high,regular,Croston,gaussian,14,0.98,7,0,292,941.0,941.0,0.0,1.0,0,0.0,1.0,112.50342465753425,214.0,10.45523728349213,8,1080.0,32851.0,15.277965519117982,8.0,76.38982759558992,0.0,23.277965519117984,0.0,23.277965519117984,0.0,23.277965519117984,B_Croston
2,FOODS_3_784_CA_3,medium,intermittent,Croston,gaussian,14,0.98,4,0,292,213.0,213.0,0.0,1.0,0,0.0,1.0,48.91438356164384,81.0,5.44318420499895,4,257.0,14283.0,6.848013698630137,4.0,34.24006849315069,0.0,10.848013698630137,0.0,10.848013698630137,0.0,10.848013698630137,B_Croston
3,HOUSEHOLD_2_270_CA_3,medium,intermittent,Croston,gaussian,14,0.98,7,0,292,118.0,118.0,0.0,1.0,0,0.0,1.0,23.10958904109589,43.0,6.382631890930646,7,147.0,6748.0,18.894400493674084,7.0,94.4720024683704,0.0,25.894400493674084,0.0,25.894400493674084,0.0,25.894400493674084,B_Croston
4,HOBBIES_1_377_CA_3,low,intermittent,Croston,gaussian,14,0.98,7,0,292,92.0,92.0,0.0,1.0,0,0.0,1.0,11.45890410958904,20.0,10.035863717872086,8,109.0,3346.0,16.010380087552004,8.0,80.05190043776001,0.0,24.010380087552004,0.0,24.010380087552004,0.0,24.010380087552004,B_Croston
5,HOUSEHOLD_2_228_CA_3,low,intermittent,Croston,gaussian,14,0.98,6,0,292,112.0,112.0,0.0,1.0,0,0.0,1.0,15.787671232876713,30.0,8.867678958785248,6,118.0,4610.0,12.090198166403052,6.0,60.45099083201526,0.0,18.090198166403052,0.0,18.090198166403052,0.0,18.090198166403052,B_Croston
6,FOODS_2_347_TX_2,high,regular,Croston,gaussian,14,0.98,11,6,292,1785.0,1578.0,207.0,0.8840336134453781,11,0.03767123287671233,0.9623287671232876,106.07876712328768,334.0,18.594673123486682,12,1588.0,30975.0,26.43482834223198,12.0,132.1741417111599,27.634499555826196,66.06932789805818,110.53799822330478,148.97282656553676,331.61399466991435,370.04882301214633,B_Croston
7,HOUSEHOLD_1_247_TX_2,high,regular,Croston,gaussian,14,0.98,9,0,292,1273.0,1273.0,0.0,1.0,0,0.0,1.0,88.3013698630137,182.0,18.020671734408936,9,1273.0,25784.0,11.991326381082404,9.0,59.956631905412024,0.0,20.991326381082402,0.0,20.991326381082402,0.0,20.991326381082402,B_Croston
8,FOODS_3_729_TX_2,medium,intermittent,Croston,gaussian,14,0.98,8,0,292,224.0,224.0,0.0,1.0,0,0.0,1.0,26.743150684931507,62.0,10.46997054680497,8,264.0,7809.0,14.901283633055751,8.0,74.50641816527876,0.0,22.90128363305575,0.0,22.90128363305575,0.0,22.90128363305575,B_Croston
9,HOBBIES_1_034_TX_2,medium,intermittent,Croston,gaussian,14,0.98,9,2,292,281.0,280.0,1.0,0.99644128113879,1,0.003424657534246575,0.9965753424657534,29.77054794520548,58.0,11.75658575865639,9,287.0,8693.0,19.422304843484536,9.0,97.11152421742268,0.34949998855590825,28.771804832040445,1.397999954223633,29.820304797708168,4.193999862670899,32.61630470615543,B_Croston
10,FOODS_2_196_TX_2,low,intermittent,Croston,gaussian,14,0.98,7,0,292,165.0,165.0,0.0,1.0,0,0.0,1.0,25.78767123287671,48.0,7.9980079681274905,7,189.0,7530.0,14.224479658636328,7.0,71.12239829318163,0.0,21.224479658636326,0.0,21.224479658636326,0.0,21.224479658636326,B_Croston
11,HOUSEHOLD_2_315_TX_2,low,intermittent,Croston,gaussian,14,0.98,7,0,292,122.0,122.0,0.0,1.0,0,0.0,1.0,12.493150684931507,22.0,12.206688596491228,8,132.0,3648.0,13.415145338920697,8.0,67.07572669460349,0.0,21.415145338920695,0.0,21.415145338920695,0.0,21.415145338920695,B_Croston
12,FOODS_2_056_WI_3,high,intermittent,Croston,gaussian,14,0.98,20,0,292,1064.0,1064.0,0.0,1.0,0,0.0,1.0,64.56849315068493,120.0,20.598281531770446,22,1142.0,18854.0,63.09633167926579,22.0,315.48165839632895,0.0,85.09633167926579,0.0,85.09633167926579,0.0,85.09633167926579,B_Croston
13,HOBBIES_1_312_WI_3,high,intermittent,Croston,gaussian,14,0.98,5,0,292,799.0,799.0,0.0,1.0,0,0.0,1.0,131.8904109589041,278.0,7.572574781886165,6,987.0,38512.0,10.524854662451023,6.0,52.62427331225513,0.0,16.524854662451023,0.0,16.524854662451023,0.0,16.524854662451023,B_Croston
14,FOODS_3_128_WI_3,medium,intermittent,Croston,gaussian,14,0.98,4,1,292,156.0,148.0,8.0,0.9487179487179487,5,0.017123287671232876,0.9828767123287672,40.42465753424658,67.0,4.57641477465266,5,188.0,11804.0,16.86516723123315,5.0,84.32583615616576,1.7880000114440922,23.65316724267724,7.152000045776369,29.01716727700952,21.456000137329106,43.32116736856226,B_Croston
15,HOBBIES_1_036_WI_3,medium,intermittent,Croston,gaussian,14,0.98,4,0,292,242.0,242.0,0.0,1.0,0,0.0,1.0,41.37328767123287,77.0,7.311480837679,4,261.0,12081.0,6.487331534468964,4.0,32.436657672344815,0.0,10.487331534468964,0.0,10.487331534468964,0.0,10.487331534468964,B_Croston
16,FOODS_3_520_WI_3,low,intermittent,Croston,gaussian,14,0.98,8,0,292,206.0,206.0,0.0,1.0,0,0.0,1.0,21.013698630136986,45.0,12.253911342894394,8,227.0,6136.0,11.708832932824958,8.0,58.544164664124786,0.0,19.708832932824958,0.0,19.708832932824958,0.0,19.708832932824958,B_Croston
17,HOUSEHOLD_1_464_WI_3,low,intermittent,Croston,gaussian,14,0.98,5,0,292,49.0,49.0,0.0,1.0,0,0.0,1.0,10.164383561643836,17.0,6.025943396226415,5,53.0,2968.0,13.475940106013049,5.0,67.37970053006525,0.0,18.47594010601305,0.0,18.47594010601305,0.0,18.47594010601305,B_Croston
0,FOODS_3_449_CA_3,high,regular,Croston,empirical,3,0.9,14,5,292,1628.0,1608.0,20.0,0.9877149877149877,5,0.017123287671232876,0.9828767123287672,58.09931506849315,168.0,34.59593280282936,14,1573.0,16965.0,16.10513029212821,14.0,80.52565146064104,2.9700000286102304,33.07513032073844,11.880000114440922,41.98513040656913,35.64000034332276,65.74513063545098,B_Croston
1,HOUSEHOLD_1_114_CA_3,high,regular,Croston,empirical,3,0.9,8,2,292,941.0,928.0,13.0,0.9861849096705633,3,0.010273972602739725,0.9897260273972602,63.236301369863014,161.0,18.34389385323585,8,1027.0,18465.0,8.58748997931611,8.0,42.93744989658055,0.9457500278949738,17.533240007211084,3.783000111579895,20.370490090896006,11.349000334739685,27.936490314055796,B_Croston
2,FOODS_3_784_CA_3,medium,intermittent,Croston,empirical,3,0.9,4,1,292,213.0,210.0,3.0,0.9859154929577465,2,0.00684931506849315,0.9931506849315068,36.304794520547944,65.0,7.2304499575511745,4,242.0,10601.0,5.082671232876712,4.0,25.413356164383558,0.22500000000000003,9.307671232876713,0.9000000000000001,9.982671232876713,2.7,11.782671232876712,B_Croston
3,HOUSEHOLD_2_270_CA_3,medium,intermittent,Croston,empirical,3,0.9,6,3,292,118.0,107.0,11.0,0.9067796610169492,6,0.02054794520547945,0.9794520547945206,12.547945205479452,29.0,10.659115720524017,6,113.0,3664.0,10.259200268053029,6.0,51.29600134026514,4.8180001258850105,21.07720039393804,19.272000503540042,35.53120077159307,57.816001510620126,74.07520177867315,B_Croston
4,HOBBIES_1_377_CA_3,low,intermittent,Croston,empirical,3,0.9,7,1,292,92.0,91.0,1.0,0.9891304347826086,1,0.003424657534246575,0.9965753424657534,8.092465753424657,16.0,14.056284384257303,7,92.0,2363.0,11.306792632063773,7.0,56.53396316031886,0.7484999656677247,19.0552925977315,2.993999862670899,21.300792494734672,8.981999588012696,27.288792220076473,B_Croston
5,HOUSEHOLD_2_228_CA_3,low,intermittent,Croston,empirical,3,0.9,5,2,292,112.0,103.0,9.0,0.9196428571428571,5,0.017123287671232876,0.9828767123287672,11.95890410958904,22.0,10.766036655211913,5,104.0,3492.0,9.158128415852376,5.0,45.79064207926188,3.692249858379365,17.85037827423174,14.76899943351746,28.927127849369835,44.30699830055238,58.465126716404754,B_Croston
6,FOODS_2_347_TX_2,high,regular,Croston,empirical,3,0.9,13,4,292,1785.0,1690.0,95.0,0.9467787114845938,7,0.023972602739726026,0.976027397260274,68.11986301369863,189.0,31.011512744457292,13,1679.0,19891.0,16.97546959016421,13.0,84.87734795082105,12.682499796152118,42.657969386316324,50.729999184608474,80.70546877477268,152.18999755382544,182.16546714398964,B_Croston
7,HOUSEHOLD_1_247_TX_2,high,regular,Croston,empirical,3,0.9,9,2,292,1273.0,1260.0,13.0,0.9897879025923016,3,0.010273972602739725,0.9897260273972602,71.03767123287672,148.0,22.17133490816179,9,1258.0,20743.0,9.646916037961228,9.0,48.234580189806145,0.9457500278949738,19.5926660658562,3.783000111579895,22.42991614954112,11.349000334739685,29.99591637270091,B_Croston
8,FOODS_3_729_TX_2,medium,intermittent,Croston,empirical,3,0.9,8,1,292,224.0,223.0,1.0,0.9955357142857143,1,0.003424657534246575,0.9965753424657534,18.15068493150685,46.0,15.35754716981132,8,250.0,5300.0,10.113561692303174,8.0,50.56780846151587,0.2985000014305115,18.412061693733683,1.194000005722046,19.307561698025218,3.5820000171661377,21.69556170946931,B_Croston
9,HOBBIES_1_034_TX_2,medium,intermittent,Croston,empirical,3,0.9,9,2,292,281.0,272.0,9.0,0.9679715302491103,4,0.0136986301369863,0.9863013698630136,16.45205479452055,42.0,20.666111573688593,9,275.0,4804.0,10.733320196491396,9.0,53.66660098245699,3.145499897003174,22.87882009349457,12.581999588012696,32.3153197845041,37.74599876403809,57.47931896052949,B_Croston
10,FOODS_2_196_TX_2,low,intermittent,Croston,empirical,3,0.9,7,1,292,165.0,163.0,2.0,0.9878787878787879,2,0.00684931506849315,0.9931506849315068,13.66095890410959,31.0,14.91476560541489,7,178.0,3989.0,7.535385040942937,7.0,37.676925204714685,0.5910000085830689,15.126385049526007,2.3640000343322756,16.899385075275212,7.092000102996827,21.627385143939765,B_Croston
11,HOUSEHOLD_2_315_TX_2,low,intermittent,Croston,empirical,3,0.9,7,0,292,122.0,122.0,0.0,1.0,0,0.0,1.0,10.133561643835616,20.0,15.049003041568097,7,120.0,2959.0,10.8814186013888,7.0,54.407093006943995,0.0,17.881418601388802,0.0,17.881418601388802,0.0,17.881418601388802,B_Croston
12,FOODS_2_056_WI_3,high,intermittent,Croston,empirical,3,0.9,21,5,292,1064.0,1051.0,13.0,0.9877819548872181,5,0.017123287671232876,0.9828767123287672,31.465753424657535,72.0,41.75174140182847,21,1050.0,9188.0,30.748334330597967,21.0,153.74167165298985,6.80550001859665,58.55383434919462,27.2220000743866,78.97033440498457,81.6660002231598,133.41433455375778,B_Croston
13,HOBBIES_1_312_WI_3,high,intermittent,Croston,empirical,3,0.9,6,3,292,799.0,789.0,10.0,0.9874843554443054,3,0.010273972602739725,0.9897260273972602,79.71917808219177,196.0,12.37155253887791,6,906.0,23278.0,6.361590331131464,6.0,31.80795165565732,0.427499994635582,12.789090325767045,1.709999978542328,14.071590309673791,5.1299999356269845,17.491590266758447,B_Croston
14,FOODS_3_128_WI_3,medium,intermittent,Croston,empirical,3,0.9,5,2,292,156.0,151.0,5.0,0.967948717948718,4,0.0136986301369863,0.9863013698630136,22.15068493150685,48.0,8.521181199752627,5,171.0,6468.0,9.241265812573367,5.0,46.206329062866835,1.1175000071525576,15.358765819725924,4.47000002861023,18.711265841183597,13.410000085830692,27.65126589840406,B_Croston
15,HOBBIES_1_036_WI_3,medium,intermittent,Croston,empirical,3,0.9,4,1,292,242.0,234.0,8.0,0.9669421487603306,4,0.0136986301369863,0.9863013698630136,32.02739726027397,66.0,9.132805816937553,4,241.0,9352.0,5.021895911791553,4.0,25.109479558957762,0.6720000028610231,9.693895914652575,2.6880000114440925,11.709895923235646,8.064000034332278,17.08589594612383,B_Croston
16,FOODS_3_520_WI_3,low,intermittent,Croston,empirical,3,0.9,8,1,292,206.0,204.0,2.0,0.9902912621359223,2,0.00684931506849315,0.9931506849315068,15.965753424657533,36.0,15.971685971685973,8,228.0,4662.0,8.896117850852338,8.0,44.480589254261695,0.597000002861023,17.49311785371336,2.388000011444092,19.28411786229643,7.164000034332275,24.060117885184614,B_Croston
17,HOUSEHOLD_1_464_WI_3,low,intermittent,Croston,empirical,3,0.9,5,1,292,49.0,48.0,1.0,0.9795918367346939,1,0.003424657534246575,0.9965753424657534,5.97945205479452,11.0,10.034364261168385,5,51.0,1746.0,7.927557757782608,5.0,39.63778878891304,0.7102500200271606,13.637807777809769,2.8410000801086426,15.768557837891251,8.523000240325928,21.450557998108536,B_Croston
0,FOODS_3_449_CA_3,high,regular,Croston,empirical,3,0.95,14,1,292,1628.0,1616.0,12.0,0.9926289926289926,1,0.003424657534246575,0.9965753424657534,60.965753424657535,171.0,33.133355802718796,14,1584.0,17802.0,16.899707012111193,14.0,84.49853506055597,1.782000017166138,32.681707029277334,7.128000068664552,38.02770708077575,21.384000205993658,52.28370721810485,B_Croston
1,HOUSEHOLD_1_114_CA_3,high,regular,Croston,empirical,3,0.95,8,2,292,941.0,933.0,8.0,0.9914984059511158,2,0.00684931506849315,0.9931506849315068,59.715753424657535,169.0,19.530022366232725,8,955.0,17437.0,8.10939955425589,8.0,40.54699777127945,0.5820000171661377,16.69139957142203,2.328000068664551,18.43739962292044,6.984000205993652,23.093399760249543,B_Croston
2,FOODS_3_784_CA_3,medium,intermittent,Croston,empirical,3,0.95,4,1,292,213.0,210.0,3.0,0.9859154929577465,2,0.00684931506849315,0.9931506849315068,36.304794520547944,66.0,7.2304499575511745,4,243.0,10601.0,5.082671232876712,4.0,25.413356164383558,0.22500000000000003,9.307671232876713,0.9000000000000001,9.982671232876713,2.7,11.782671232876712,B_Croston
3,HOUSEHOLD_2_270_CA_3,medium,intermittent,Croston,empirical,3,0.95,7,2,292,118.0,112.0,6.0,0.9491525423728814,2,0.00684931506849315,0.9931506849315068,14.376712328767123,36.0,9.73797046212482,7,144.0,4198.0,11.75440030711971,7.0,58.77200153559854,2.628000068664551,21.38240037578426,10.512000274658204,29.266400581777916,31.53600082397461,50.29040113109432,B_Croston
4,HOBBIES_1_377_CA_3,low,intermittent,Croston,empirical,3,0.95,7,0,292,92.0,92.0,0.0,1.0,0,0.0,1.0,8.606164383561644,17.0,13.3625149224035,7,93.0,2513.0,12.02453232516981,7.0,60.122661625849055,0.0,19.024532325169808,0.0,19.024532325169808,0.0,19.024532325169808,B_Croston
5,HOUSEHOLD_2_228_CA_3,low,intermittent,Croston,empirical,3,0.95,5,2,292,112.0,105.0,7.0,0.9375,4,0.0136986301369863,0.9863013698630136,12.91095890410959,23.0,10.165782493368699,5,107.0,3770.0,9.887211949531347,5.0,49.43605974765673,2.871749889850617,17.758961839381964,11.486999559402468,26.374211508933815,34.4609986782074,49.34821062773875,B_Croston
6,FOODS_2_347_TX_2,high,regular,Croston,empirical,3,0.95,13,4,292,1785.0,1696.0,89.0,0.9501400560224089,7,0.023972602739726026,0.976027397260274,68.9931506849315,189.0,30.727687878487046,13,1685.0,20146.0,17.193092874337548,13.0,85.96546437168773,11.881499809026723,42.07459268336427,47.52599923610689,77.71909211044444,142.57799770832065,172.7710905826582,B_Croston
7,HOUSEHOLD_1_247_TX_2,high,regular,Croston,empirical,3,0.95,9,1,292,1273.0,1270.0,3.0,0.997643362136685,1,0.003424657534246575,0.9965753424657534,69.7431506849315,150.0,22.762091824208202,10,1376.0,20365.0,9.471120142365155,10.0,47.35560071182577,0.21825000643730164,19.689370148802457,0.8730000257492065,20.34412016811436,2.6190000772476196,22.090120219612775,B_Croston
8,FOODS_3_729_TX_2,medium,intermittent,Croston,empirical,3,0.95,8,0,292,224.0,224.0,0.0,1.0,0,0.0,1.0,20.21917808219178,47.0,13.848238482384824,8,252.0,5904.0,11.26612608138829,8.0,56.33063040694145,0.0,19.26612608138829,0.0,19.26612608138829,0.0,19.26612608138829,B_Croston
9,HOBBIES_1_034_TX_2,medium,intermittent,Croston,empirical,3,0.95,9,1,292,281.0,277.0,4.0,0.9857651245551602,2,0.00684931506849315,0.9931506849315068,17.46917808219178,44.0,19.820623407175063,9,269.0,5101.0,11.396891407640013,9.0,56.98445703820006,1.397999954223633,21.794891361863645,5.591999816894532,25.988891224534544,16.775999450683596,37.17289085832361,B_Croston
10,FOODS_2_196_TX_2,low,intermittent,Croston,empirical,3,0.95,7,0,292,165.0,165.0,0.0,1.0,0,0.0,1.0,14.650684931506849,36.0,14.077840112201963,7,177.0,4278.0,8.081317925583827,7.0,40.406589627919125,0.0,15.081317925583827,0.0,15.081317925583827,0.0,15.081317925583827,B_Croston
11,HOUSEHOLD_2_315_TX_2,low,intermittent,Croston,empirical,3,0.95,7,0,292,122.0,122.0,0.0,1.0,0,0.0,1.0,10.39041095890411,20.0,14.67699406723797,7,120.0,3034.0,11.157223398652794,7.0,55.78611699326397,0.0,18.157223398652796,0.0,18.157223398652796,0.0,18.157223398652796,B_Croston
12,FOODS_2_056_WI_3,high,intermittent,Croston,empirical,3,0.95,21,3,292,1064.0,1050.0,14.0,0.9868421052631579,4,0.0136986301369863,0.9863013698630136,31.39041095890411,74.0,41.81213179140301,21,1051.0,9166.0,30.674709672862534,21.0,153.37354836431265,7.329000020027162,59.00370969288969,29.316000080108648,80.99070975297118,87.94800024032594,139.6227099131885,B_Croston
13,HOBBIES_1_312_WI_3,high,intermittent,Croston,empirical,3,0.95,6,0,292,799.0,799.0,0.0,1.0,0,0.0,1.0,83.87328767123287,200.0,11.907843697684864,6,899.0,24491.0,6.693088272177192,6.0,33.46544136088596,0.0,12.693088272177192,0.0,12.693088272177192,0.0,12.693088272177192,B_Croston
14,FOODS_3_128_WI_3,medium,intermittent,Croston,empirical,3,0.95,5,2,292,156.0,150.0,6.0,0.9615384615384616,4,0.0136986301369863,0.9863013698630136,22.205479452054796,48.0,8.44386181369525,5,164.0,6484.0,9.264126086692288,5.0,46.32063043346144,1.3410000085830691,15.605126095275358,5.3640000343322765,19.628126121024565,16.092000102996828,30.356126189689114,B_Croston
15,HOBBIES_1_036_WI_3,medium,intermittent,Croston,empirical,3,0.95,4,1,292,242.0,235.0,7.0,0.9710743801652892,4,0.0136986301369863,0.9863013698630136,32.98287671232877,67.0,8.906136434430485,4,243.0,9631.0,5.171715090511596,4.0,25.85857545255798,0.5880000025033952,9.759715093014993,2.352000010013581,11.523715100525179,7.056000030040742,16.22771512055234,B_Croston
16,FOODS_3_520_WI_3,low,intermittent,Croston,empirical,3,0.95,8,4,292,206.0,199.0,7.0,0.9660194174757282,5,0.017123287671232876,0.9828767123287672,15.321917808219178,33.0,16.23491282968261,8,216.0,4474.0,8.53737264365366,8.0,42.6868632182683,2.0895000100135803,18.62687265366724,8.358000040054321,24.895372683707983,25.074000120162964,41.611372763816625,B_Croston
17,HOUSEHOLD_1_464_WI_3,low,intermittent,Croston,empirical,3,0.95,5,0,292,49.0,49.0,0.0,1.0,0,0.0,1.0,6.945205479452055,12.0,8.819033530571993,5,49.0,2028.0,9.207953684297326,5.0,46.039768421486635,0.0,14.207953684297326,0.0,14.207953684297326,0.0,14.207953684297326,B_Croston
0,FOODS_3_449_CA_3,high,regular,Croston,empirical,3,0.98,14,1,292,1628.0,1619.0,9.0,0.9944717444717445,1,0.003424657534246575,0.9965753424657534,64.87671232876713,174.0,31.19378167229729,14,1590.0,18944.0,17.983824830773756,14.0,89.9191241538688,1.3365000128746036,33.32032484364836,5.3460000514984145,37.32982488227217,16.038000154495244,48.021824985269,B_Croston
1,HOUSEHOLD_1_114_CA_3,high,regular,Croston,empirical,3,0.98,8,1,292,941.0,940.0,1.0,0.9989373007438895,1,0.003424657534246575,0.9965753424657534,61.80821917808219,172.0,19.010416666666668,8,965.0,18048.0,8.393556411952188,8.0,41.96778205976094,0.07275000214576721,16.466306414097957,0.29100000858306885,16.68455642053526,0.8730000257492065,17.266556437701396,B_Croston
2,FOODS_3_784_CA_3,medium,intermittent,Croston,empirical,3,0.98,4,1,292,213.0,210.0,3.0,0.9859154929577465,2,0.00684931506849315,0.9931506849315068,36.95890410958904,66.0,7.102483320978503,4,244.0,10792.0,5.174246575342465,4.0,25.871232876712327,0.22500000000000003,9.399246575342465,0.9000000000000001,10.074246575342466,2.7,11.874246575342465,B_Croston
3,HOUSEHOLD_2_270_CA_3,medium,intermittent,Croston,empirical,3,0.98,7,1,292,118.0,115.0,3.0,0.9745762711864406,1,0.003424657534246575,0.9965753424657534,16.243150684931507,38.0,8.84988403963736,7,149.0,4743.0,13.280400346991135,7.0,66.40200173495566,1.3140000343322755,21.59440038132341,5.256000137329102,25.53640048432024,15.768000411987305,36.048400758978445,B_Croston
4,HOBBIES_1_377_CA_3,low,intermittent,Croston,empirical,3,0.98,7,1,292,92.0,90.0,2.0,0.9782608695652174,1,0.003424657534246575,0.9965753424657534,8.657534246575343,17.0,12.994462025316455,7,93.0,2528.0,12.096306294480414,7.0,60.48153147240208,1.4969999313354494,20.593306225815862,5.987999725341798,25.08430601982221,17.963999176025393,37.06030547050581,B_Croston
5,HOUSEHOLD_2_228_CA_3,low,intermittent,Croston,empirical,3,0.98,5,2,292,112.0,105.0,7.0,0.9375,4,0.0136986301369863,0.9863013698630136,12.98972602739726,23.0,10.104139203796468,5,108.0,3793.0,9.947531810231405,5.0,49.73765905115702,2.871749889850617,17.819281700082023,11.486999559402468,26.434531369633874,34.4609986782074,49.40853048843881,B_Croston
6,FOODS_2_347_TX_2,high,regular,Croston,empirical,3,0.98,13,3,292,1785.0,1701.0,84.0,0.9529411764705882,6,0.02054794520547945,0.9794520547945206,70.91095890410959,189.0,29.984787018255577,13,1691.0,20706.0,17.671010674875074,13.0,88.35505337437537,11.213999819755557,41.885010494630635,44.85599927902223,75.5270099538973,134.56799783706668,165.23900851194176,B_Croston
7,HOUSEHOLD_1_247_TX_2,high,regular,Croston,empirical,3,0.98,9,0,292,1273.0,1273.0,0.0,1.0,0,0.0,1.0,74.27739726027397,158.0,21.423071603116792,9,1268.0,21689.0,10.086870845458279,9.0,50.434354227291394,0.0,19.08687084545828,0.0,19.08687084545828,0.0,19.08687084545828,B_Croston
8,FOODS_3_729_TX_2,medium,intermittent,Croston,empirical,3,0.98,8,0,292,224.0,224.0,0.0,1.0,0,0.0,1.0,22.164383561643834,49.0,12.632880098887517,8,254.0,6472.0,12.349994579733234,8.0,61.74997289866617,0.0,20.349994579733234,0.0,20.349994579733234,0.0,20.349994579733234,B_Croston
9,HOBBIES_1_034_TX_2,medium,intermittent,Croston,empirical,3,0.98,9,1,292,281.0,279.0,2.0,0.9928825622775801,1,0.003424657534246575,0.9965753424657534,20.791095890410958,45.0,16.774007577005438,9,272.0,6071.0,13.564110514758383,9.0,67.82055257379191,0.6989999771118165,23.2631104918702,2.795999908447266,25.360110423205647,8.387999725341798,30.952110240100183,B_Croston
10,FOODS_2_196_TX_2,low,intermittent,Croston,empirical,3,0.98,7,0,292,165.0,165.0,0.0,1.0,0,0.0,1.0,15.174657534246576,32.0,13.591740013540962,7,177.0,4431.0,8.370341217452532,7.0,41.85170608726266,0.0,15.370341217452532,0.0,15.370341217452532,0.0,15.370341217452532,B_Croston
11,HOUSEHOLD_2_315_TX_2,low,intermittent,Croston,empirical,3,0.98,7,0,292,122.0,122.0,0.0,1.0,0,0.0,1.0,11.60958904109589,21.0,13.135693215339233,7,122.0,3390.0,12.466376836332556,7.0,62.33188418166278,0.0,19.466376836332557,0.0,19.466376836332557,0.0,19.466376836332557,B_Croston
12,FOODS_2_056_WI_3,high,intermittent,Croston,empirical,3,0.98,21,2,292,1064.0,1055.0,9.0,0.9915413533834586,2,0.00684931506849315,0.9931506849315068,33.4486301369863,76.0,39.426128801064806,21,1058.0,9767.0,32.68600145918049,21.0,163.43000729590247,4.711500012874604,58.39750147205509,18.846000051498415,72.5320015106789,56.53800015449525,110.22400161367574,B_Croston
13,HOBBIES_1_312_WI_3,high,intermittent,Croston,empirical,3,0.98,6,0,292,799.0,799.0,0.0,1.0,0,0.0,1.0,93.15753424657534,209.0,10.72108668480259,6,908.0,27202.0,7.433971139592666,6.0,37.169855697963335,0.0,13.433971139592666,0.0,13.433971139592666,0.0,13.433971139592666,B_Croston
14,FOODS_3_128_WI_3,medium,intermittent,Croston,empirical,3,0.98,5,1,292,156.0,155.0,1.0,0.9935897435897436,1,0.003424657534246575,0.9965753424657534,23.11986301369863,49.0,8.38023996444971,5,163.0,6751.0,9.645606911051763,5.0,48.228034555258816,0.22350000143051152,14.869106912482275,0.8940000057220461,15.53960691677381,2.6820000171661382,17.3276069282179,B_Croston
15,HOBBIES_1_036_WI_3,medium,intermittent,Croston,empirical,3,0.98,5,2,292,242.0,236.0,6.0,0.9752066115702479,2,0.00684931506849315,0.9931506849315068,33.52739726027397,69.0,8.798774259448416,5,278.0,9790.0,5.257095912792911,5.0,26.285479563964554,0.5040000021457673,10.761095914938679,2.0160000085830694,12.27309592137598,6.048000025749208,16.30509593854212,B_Croston
16,FOODS_3_520_WI_3,low,intermittent,Croston,empirical,3,0.98,8,3,292,206.0,200.0,6.0,0.970873786407767,4,0.0136986301369863,0.9863013698630136,16.05821917808219,34.0,15.568351460865857,8,217.0,4689.0,8.947639768907468,8.0,44.73819884453734,1.7910000085830688,18.738639777490537,7.164000034332275,24.111639803239743,21.492000102996826,38.43963987190429,B_Croston
17,HOUSEHOLD_1_464_WI_3,low,intermittent,Croston,empirical,3,0.98,5,0,292,49.0,49.0,0.0,1.0,0,0.0,1.0,6.945205479452055,12.0,8.819033530571993,5,49.0,2028.0,9.207953684297326,5.0,46.039768421486635,0.0,14.207953684297326,0.0,14.207953684297326,0.0,14.207953684297326,B_Croston
0,FOODS_3_449_CA_3,high,regular,Croston,empirical,7,0.9,13,3,292,1628.0,1535.0,93.0,0.9428746928746928,8,0.0273972602739726,0.9726027397260274,67.43835616438356,158.0,28.45190940483445,14,1598.0,19692.0,18.69391250884696,14.0,93.4695625442348,13.81050013303757,46.504412641884535,55.24200053215028,87.93591304099724,165.72600159645086,198.41991410529783,B_Croston
1,HOUSEHOLD_1_114_CA_3,high,regular,Croston,empirical,7,0.9,7,4,292,941.0,916.0,25.0,0.973432518597237,6,0.02054794520547945,0.9794520547945206,70.53767123287672,174.0,16.232461038015245,8,1032.0,20597.0,9.579016035958512,8.0,47.895080179792565,1.8187500536441803,19.39776608960269,7.275000214576721,24.85401625053523,21.825000643730164,39.404016679688674,B_Croston
2,FOODS_3_784_CA_3,medium,intermittent,Croston,empirical,7,0.9,4,0,292,213.0,213.0,0.0,1.0,0,0.0,1.0,38.736301369863014,72.0,6.873397577579348,4,247.0,11311.0,5.423082191780821,4.0,27.115410958904107,0.0,9.423082191780821,0.0,9.423082191780821,0.0,9.423082191780821,B_Croston
3,HOUSEHOLD_2_270_CA_3,medium,intermittent,Croston,empirical,7,0.9,7,2,292,118.0,111.0,7.0,0.940677966101695,4,0.0136986301369863,0.9863013698630136,15.061643835616438,39.0,9.212141882673942,7,148.0,4398.0,12.314400321751425,7.0,61.57200160875712,3.066000080108643,22.38040040186007,12.264000320434572,31.578400642185997,36.792000961303714,56.106401283055135,B_Croston
4,HOBBIES_1_377_CA_3,low,intermittent,Croston,empirical,7,0.9,7,1,292,92.0,89.0,3.0,0.967391304347826,1,0.003424657534246575,0.9965753424657534,9.376712328767123,17.0,11.864499634769905,7,92.0,2738.0,13.101141864828866,7.0,65.50570932414433,2.245499897003174,22.346641761832043,8.981999588012696,29.083141452841566,26.945998764038087,47.047140628866956,B_Croston
5,HOUSEHOLD_2_228_CA_3,low,intermittent,Croston,empirical,7,0.9,5,2,292,112.0,105.0,7.0,0.9375,5,0.017123287671232876,0.9828767123287672,12.61986301369863,24.0,10.400271370420624,5,108.0,3685.0,9.664290725205042,5.0,48.32145362602521,2.871749889850617,17.536040615055658,11.486999559402468,26.151290284607512,34.4609986782074,49.125289403412445,B_Croston
6,FOODS_2_347_TX_2,high,regular,Croston,empirical,7,0.9,12,4,292,1785.0,1632.0,153.0,0.9142857142857143,12,0.0410958904109589,0.9589041095890412,78.51712328767124,293.0,25.98159375408906,12,1593.0,22927.0,19.56646680879266,12.0,97.83233404396331,20.425499671697622,51.991966480490284,81.70199868679049,113.26846549558314,245.10599606037147,276.6724628691641,B_Croston
7,HOUSEHOLD_1_247_TX_2,high,regular,Croston,empirical,7,0.9,9,1,292,1273.0,1266.0,7.0,0.9945011783189317,2,0.00684931506849315,0.9931506849315068,74.40753424657534,149.0,21.268007548211905,9,1266.0,21727.0,10.10454344871926,9.0,50.5227172435963,0.5092500150203705,19.613793463739633,2.037000060081482,21.141543508800744,6.111000180244446,25.215543628963708,B_Croston
8,FOODS_3_729_TX_2,medium,intermittent,Croston,empirical,7,0.9,8,0,292,224.0,224.0,0.0,1.0,0,0.0,1.0,20.267123287671232,46.0,13.815478202095303,8,249.0,5918.0,11.292841150009469,8.0,56.46420575004734,0.0,19.29284115000947,0.0,19.29284115000947,0.0,19.29284115000947,B_Croston
9,HOBBIES_1_034_TX_2,medium,intermittent,Croston,empirical,7,0.9,9,3,292,281.0,270.0,11.0,0.9608540925266904,6,0.02054794520547945,0.9794520547945206,19.708904109589042,44.0,17.124239791485664,9,276.0,5755.0,12.858088620068274,9.0,64.29044310034138,3.844499874114991,25.702588494183264,15.377999496459964,37.23608811652824,46.13399848937989,67.99208710944816,B_Croston
10,FOODS_2_196_TX_2,low,intermittent,Croston,empirical,7,0.9,7,0,292,165.0,165.0,0.0,1.0,0,0.0,1.0,16.08219178082192,36.0,12.824744463373083,7,180.0,4696.0,8.870937115133625,7.0,44.35468557566813,0.0,15.870937115133625,0.0,15.870937115133625,0.0,15.870937115133625,B_Croston
11,HOUSEHOLD_2_315_TX_2,low,intermittent,Croston,empirical,7,0.9,7,0,292,122.0,122.0,0.0,1.0,0,0.0,1.0,11.222602739726028,21.0,13.588648153799205,7,120.0,3277.0,12.050830941788137,7.0,60.25415470894069,0.0,19.050830941788135,0.0,19.050830941788135,0.0,19.050830941788135,B_Croston
12,FOODS_2_056_WI_3,high,intermittent,Croston,empirical,7,0.9,20,4,292,1064.0,1046.0,18.0,0.9830827067669173,5,0.017123287671232876,0.9828767123287672,37.534246575342465,78.0,34.83485401459854,21,1084.0,10960.0,36.67846585365191,21.0,183.39232926825952,9.423000025749207,67.10146587940112,37.69200010299683,95.37046595664873,113.0760003089905,170.75446616264242,B_Croston
13,HOBBIES_1_312_WI_3,high,intermittent,Croston,empirical,7,0.9,5,1,292,799.0,769.0,30.0,0.9624530663329162,1,0.003424657534246575,0.9965753424657534,87.32191780821918,219.0,11.008118283786965,5,759.0,25498.0,6.968288953655386,5.0,34.841444768276936,1.2824999839067461,13.250788937562131,5.1299999356269845,17.09828888928237,15.389999806880953,27.35828876053634,B_Croston
14,FOODS_3_128_WI_3,medium,intermittent,Croston,empirical,7,0.9,5,1,292,156.0,152.0,4.0,0.9743589743589743,2,0.00684931506849315,0.9931506849315068,23.82191780821918,52.0,7.975848188614146,5,171.0,6956.0,9.938504173200425,5.0,49.69252086600212,0.8940000057220461,15.83250417892247,3.5760000228881843,18.51450419608861,10.728000068664553,25.666504241864978,B_Croston
15,HOBBIES_1_036_WI_3,medium,intermittent,Croston,empirical,7,0.9,5,0,292,242.0,242.0,0.0,1.0,0,0.0,1.0,32.73972602739726,71.0,9.239539748953975,5,277.0,9560.0,5.133589062952015,5.0,25.667945314760075,0.0,10.133589062952016,0.0,10.133589062952016,0.0,10.133589062952016,B_Croston
16,FOODS_3_520_WI_3,low,intermittent,Croston,empirical,7,0.9,8,2,292,206.0,200.0,6.0,0.970873786407767,5,0.017123287671232876,0.9828767123287672,14.729452054794521,35.0,16.97279702394792,8,217.0,4301.0,8.207250724263387,8.0,41.03625362131694,1.7910000085830688,17.998250732846458,7.164000034332275,23.371250758595664,21.492000102996826,37.699250827260215,B_Croston
17,HOUSEHOLD_1_464_WI_3,low,intermittent,Croston,empirical,7,0.9,5,0,292,49.0,49.0,0.0,1.0,0,0.0,1.0,6.595890410958904,13.0,9.286085150571132,5,49.0,1926.0,8.7448317534303,5.0,43.72415876715151,0.0,13.7448317534303,0.0,13.7448317534303,0.0,13.7448317534303,B_Croston
0,FOODS_3_449_CA_3,high,regular,Croston,empirical,7,0.95,13,2,292,1628.0,1547.0,81.0,0.9502457002457002,6,0.02054794520547945,0.9794520547945206,70.27397260273973,167.0,27.517300194931774,14,1591.0,20520.0,19.479945393131203,14.0,97.39972696565601,12.028500115871433,45.508445509002634,48.11400046348573,81.59394585661693,144.3420013904572,177.8219467835884,B_Croston
1,HOUSEHOLD_1_114_CA_3,high,regular,Croston,empirical,7,0.95,8,3,292,941.0,922.0,19.0,0.9798087141339001,5,0.017123287671232876,0.9828767123287672,68.13698630136986,189.0,16.914455166867715,8,1009.0,19896.0,9.253003012644102,8.0,46.2650150632205,1.382250040769577,18.635253053413678,5.529000163078308,22.78200317572241,16.587000489234924,33.840003501879025,B_Croston
2,FOODS_3_784_CA_3,medium,intermittent,Croston,empirical,7,0.95,4,0,292,213.0,213.0,0.0,1.0,0,0.0,1.0,38.726027397260275,73.0,6.875221082419526,4,248.0,11308.0,5.421643835616439,4.0,27.10821917808219,0.0,9.42164383561644,0.0,9.42164383561644,0.0,9.42164383561644,B_Croston
3,HOUSEHOLD_2_270_CA_3,medium,intermittent,Croston,empirical,7,0.95,7,2,292,118.0,113.0,5.0,0.9576271186440678,4,0.0136986301369863,0.9863013698630136,15.83904109589041,36.0,8.917837837837839,7,145.0,4625.0,12.950000338358421,7.0,64.75000169179211,2.190000057220459,22.14000039557888,8.760000228881836,28.710000567240257,26.28000068664551,46.23000102500393,B_Croston
4,HOBBIES_1_377_CA_3,low,intermittent,Croston,empirical,7,0.95,7,1,292,92.0,89.0,3.0,0.967391304347826,1,0.003424657534246575,0.9965753424657534,9.897260273972602,17.0,11.240484429065745,7,92.0,2890.0,13.828451420509651,7.0,69.14225710254826,2.245499897003174,23.073951317512826,8.981999588012696,29.81045100852235,26.945998764038087,47.77445018454774,B_Croston
5,HOUSEHOLD_2_228_CA_3,low,intermittent,Croston,empirical,7,0.95,6,0,292,112.0,112.0,0.0,1.0,0,0.0,1.0,13.082191780821917,23.0,10.701570680628272,7,131.0,3820.0,10.018342081487996,7.0,50.09171040743997,0.0,17.018342081487994,0.0,17.018342081487994,0.0,17.018342081487994,B_Croston
6,FOODS_2_347_TX_2,high,regular,Croston,empirical,7,0.95,12,2,292,1785.0,1671.0,114.0,0.9361344537815126,7,0.023972602739726026,0.976027397260274,78.20547945205479,226.0,26.7084866001051,13,1685.0,22836.0,19.488805166205314,13.0,97.44402583102655,15.218999755382542,47.70780492158785,60.87599902153017,93.36480418773547,182.62799706459052,215.11680223079583,B_Croston
7,HOUSEHOLD_1_247_TX_2,high,regular,Croston,empirical,7,0.95,9,1,292,1273.0,1268.0,5.0,0.9960722702278083,2,0.00684931506849315,0.9931506849315068,76.0,150.0,20.855263157894736,9,1269.0,22192.0,10.320800304412842,9.0,51.60400152206421,0.36375001072883606,19.684550315141678,1.4550000429153442,20.775800347328186,4.365000128746033,23.685800433158875,B_Croston
8,FOODS_3_729_TX_2,medium,intermittent,Croston,empirical,7,0.95,8,0,292,224.0,224.0,0.0,1.0,0,0.0,1.0,22.486301369863014,51.0,12.452025586353944,8,244.0,6566.0,12.529367183332573,8.0,62.64683591666287,0.0,20.529367183332575,0.0,20.529367183332575,0.0,20.529367183332575,B_Croston
9,HOBBIES_1_034_TX_2,medium,intermittent,Croston,empirical,7,0.95,9,3,292,281.0,272.0,9.0,0.9679715302491103,6,0.02054794520547945,0.9794520547945206,20.863013698630137,45.0,16.296782665791202,9,280.0,6092.0,13.611029691304244,9.0,68.05514845652122,3.145499897003174,25.75652958830742,12.581999588012696,35.193029279316946,37.74599876403809,60.35702845534234,B_Croston
10,FOODS_2_196_TX_2,low,intermittent,Croston,empirical,7,0.95,7,0,292,165.0,165.0,0.0,1.0,0,0.0,1.0,19.852739726027398,38.0,10.38899430740038,7,181.0,5797.0,10.950771391914316,7.0,54.75385695957158,0.0,17.950771391914316,0.0,17.950771391914316,0.0,17.950771391914316,B_Croston
11,HOUSEHOLD_2_315_TX_2,low,intermittent,Croston,empirical,7,0.95,7,0,292,122.0,122.0,0.0,1.0,0,0.0,1.0,11.304794520547945,21.0,13.489851560133292,7,121.0,3301.0,12.139088476912615,7.0,60.69544238456308,0.0,19.139088476912615,0.0,19.139088476912615,0.0,19.139088476912615,B_Croston
12,FOODS_2_056_WI_3,high,intermittent,Croston,empirical,7,0.95,21,2,292,1064.0,1058.0,6.0,0.9943609022556391,2,0.00684931506849315,0.9931506849315068,41.58904109589041,79.0,31.799242424242426,21,1079.0,12144.0,40.64081106995883,21.0,203.20405534979412,3.1410000085830694,64.78181107854189,12.564000034332278,74.20481110429111,37.69200010299683,99.33281117295566,B_Croston
13,HOBBIES_1_312_WI_3,high,intermittent,Croston,empirical,7,0.95,5,1,292,799.0,779.0,20.0,0.9749687108886108,1,0.003424657534246575,0.9965753424657534,97.96917808219177,228.0,9.939350508616773,5,769.0,28607.0,7.817940312856679,5.0,39.0897015642834,0.854999989271164,13.672940302127843,3.419999957084656,16.237940269941337,10.259999871253969,23.07794018411065,B_Croston
14,FOODS_3_128_WI_3,medium,intermittent,Croston,empirical,7,0.95,5,1,292,156.0,152.0,4.0,0.9743589743589743,2,0.00684931506849315,0.9931506849315068,25.113013698630137,53.0,7.565798445383881,5,164.0,7333.0,10.477149382127473,5.0,52.385746910637366,0.8940000057220461,16.37114938784952,3.5760000228881843,19.05314940501566,10.728000068664553,26.205149450792028,B_Croston
15,HOBBIES_1_036_WI_3,medium,intermittent,Croston,empirical,7,0.95,5,0,292,242.0,242.0,0.0,1.0,0,0.0,1.0,36.054794520547944,75.0,8.390007598784194,5,289.0,10528.0,5.65339180489109,5.0,28.266959024455446,0.0,10.65339180489109,0.0,10.65339180489109,0.0,10.65339180489109,B_Croston
16,FOODS_3_520_WI_3,low,intermittent,Croston,empirical,7,0.95,8,3,292,206.0,199.0,7.0,0.9660194174757282,6,0.02054794520547945,0.9794520547945206,16.133561643835616,40.0,15.418170239864146,8,226.0,4711.0,8.989620591026462,8.0,44.94810295513231,2.0895000100135803,19.079120601040042,8.358000040054321,25.347620631080783,25.074000120162964,42.06362071118943,B_Croston
17,HOUSEHOLD_1_464_WI_3,low,intermittent,Croston,empirical,7,0.95,5,0,292,49.0,49.0,0.0,1.0,0,0.0,1.0,7.684931506849315,15.0,7.970142602495543,5,50.0,2244.0,10.188682479074556,5.0,50.94341239537278,0.0,15.188682479074556,0.0,15.188682479074556,0.0,15.188682479074556,B_Croston
0,FOODS_3_449_CA_3,high,regular,Croston,empirical,7,0.98,13,1,292,1628.0,1554.0,74.0,0.9545454545454546,5,0.017123287671232876,0.9828767123287672,75.02054794520548,173.0,25.892906053136127,14,1604.0,21906.0,20.795696090737433,14.0,103.97848045368715,10.989000105857851,45.78469619659529,43.956000423431405,78.75169651416884,131.86800127029423,166.66369736103167,B_Croston
1,HOUSEHOLD_1_114_CA_3,high,regular,Croston,empirical,7,0.98,8,4,292,941.0,916.0,25.0,0.973432518597237,4,0.0136986301369863,0.9863013698630136,65.26369863013699,186.0,17.54420947683266,8,958.0,19057.0,8.862810535381918,8.0,44.31405267690959,1.8187500536441803,18.6815605890261,7.275000214576721,24.13781074995864,21.825000643730164,38.68781117911208,B_Croston
2,FOODS_3_784_CA_3,medium,intermittent,Croston,empirical,7,0.98,4,0,292,213.0,213.0,0.0,1.0,0,0.0,1.0,41.602739726027394,77.0,6.399818900230491,4,249.0,12148.0,5.8243835616438355,4.0,29.121917808219173,0.0,9.824383561643835,0.0,9.824383561643835,0.0,9.824383561643835,B_Croston
3,HOUSEHOLD_2_270_CA_3,medium,intermittent,Croston,empirical,7,0.98,7,0,292,118.0,118.0,0.0,1.0,0,0.0,1.0,21.94178082191781,39.0,6.722334946152645,7,137.0,6407.0,17.939600468727008,7.0,89.69800234363504,0.0,24.939600468727008,0.0,24.939600468727008,0.0,24.939600468727008,B_Croston
4,HOBBIES_1_377_CA_3,low,intermittent,Croston,empirical,7,0.98,7,0,292,92.0,92.0,0.0,1.0,0,0.0,1.0,8.900684931506849,16.0,12.920353982300886,8,101.0,2599.0,12.436036415883938,8.0,62.18018207941969,0.0,20.43603641588394,0.0,20.43603641588394,0.0,20.43603641588394,B_Croston
5,HOUSEHOLD_2_228_CA_3,low,intermittent,Croston,empirical,7,0.98,6,0,292,112.0,112.0,0.0,1.0,0,0.0,1.0,14.678082191780822,26.0,9.538030797946803,6,116.0,4286.0,11.240474911323965,6.0,56.20237455661982,0.0,17.240474911323965,0.0,17.240474911323965,0.0,17.240474911323965,B_Croston
6,FOODS_2_347_TX_2,high,regular,Croston,empirical,7,0.98,12,3,292,1785.0,1679.0,106.0,0.9406162464985994,8,0.0273972602739726,0.9726027397260274,80.51369863013699,223.0,26.066992769034453,13,1697.0,23510.0,20.06401337613798,13.0,100.3200668806899,14.15099977254868,47.21501314868666,56.60399909019472,89.6680124663327,169.81199727058416,202.87601064672214,B_Croston
7,HOUSEHOLD_1_247_TX_2,high,regular,Croston,empirical,7,0.98,9,1,292,1273.0,1269.0,4.0,0.9968578161822467,2,0.00684931506849315,0.9931506849315068,76.97945205479452,152.0,20.606148233828634,9,1272.0,22478.0,10.453809897377067,9.0,52.26904948688533,0.29100000858306885,19.744809905960135,1.1640000343322754,20.617809931709342,3.492000102996826,22.945810000373893,B_Croston
8,FOODS_3_729_TX_2,medium,intermittent,Croston,empirical,7,0.98,8,0,292,224.0,224.0,0.0,1.0,0,0.0,1.0,25.493150684931507,52.0,10.983342289091887,8,254.0,7444.0,14.204783629717891,8.0,71.02391814858946,0.0,22.20478362971789,0.0,22.20478362971789,0.0,22.20478362971789,B_Croston
9,HOBBIES_1_034_TX_2,medium,intermittent,Croston,empirical,7,0.98,9,1,292,281.0,277.0,4.0,0.9857651245551602,2,0.00684931506849315,0.9931506849315068,23.27054794520548,46.0,14.879323031640913,9,287.0,6795.0,15.181704982339518,9.0,75.9085249116976,1.397999954223633,25.57970493656315,5.591999816894532,29.77370479923405,16.775999450683596,40.95770443302311,B_Croston
10,FOODS_2_196_TX_2,low,intermittent,Croston,empirical,7,0.98,7,0,292,165.0,165.0,0.0,1.0,0,0.0,1.0,21.34931506849315,39.0,9.660731472569779,7,182.0,6234.0,11.776282362807287,7.0,58.88141181403643,0.0,18.776282362807287,0.0,18.776282362807287,0.0,18.776282362807287,B_Croston
11,HOUSEHOLD_2_315_TX_2,low,intermittent,Croston,empirical,7,0.98,7,0,292,122.0,122.0,0.0,1.0,0,0.0,1.0,11.811643835616438,21.0,12.910988692374602,7,122.0,3449.0,12.683343276846898,7.0,63.41671638423449,0.0,19.683343276846898,0.0,19.683343276846898,0.0,19.683343276846898,B_Croston
12,FOODS_2_056_WI_3,high,intermittent,Croston,empirical,7,0.98,21,0,292,1064.0,1064.0,0.0,1.0,0,0.0,1.0,42.842465753424655,81.0,31.043964828137494,21,1054.0,12510.0,41.865657648648295,21.0,209.32828824324147,0.0,62.865657648648295,0.0,62.865657648648295,0.0,62.865657648648295,B_Croston
13,HOBBIES_1_312_WI_3,high,intermittent,Croston,empirical,7,0.98,5,1,292,799.0,785.0,14.0,0.9824780976220275,1,0.003424657534246575,0.9965753424657534,102.93493150684931,235.0,9.5327211631234,6,942.0,30057.0,8.214207431171854,6.0,41.07103715585927,0.5984999924898149,14.812707423661669,2.3939999699592596,16.608207401131114,7.181999909877778,21.39620734104963,B_Croston
14,FOODS_3_128_WI_3,medium,intermittent,Croston,empirical,7,0.98,5,0,292,156.0,156.0,0.0,1.0,0,0.0,1.0,29.318493150684933,56.0,6.651092162130592,5,170.0,8561.0,12.231675420754575,5.0,61.15837710377288,0.0,17.231675420754577,0.0,17.231675420754577,0.0,17.231675420754577,B_Croston
15,HOBBIES_1_036_WI_3,medium,intermittent,Croston,empirical,7,0.98,5,0,292,242.0,242.0,0.0,1.0,0,0.0,1.0,41.023972602739725,79.0,7.373737373737374,5,285.0,11979.0,6.432558931496045,5.0,32.16279465748022,0.0,11.432558931496045,0.0,11.432558931496045,0.0,11.432558931496045,B_Croston
16,FOODS_3_520_WI_3,low,intermittent,Croston,empirical,7,0.98,8,2,292,206.0,201.0,5.0,0.9757281553398058,4,0.0136986301369863,0.9863013698630136,17.232876712328768,40.0,14.579689984101748,8,228.0,5032.0,9.602158950126334,8.0,48.010794750631675,1.4925000071525574,19.09465895727889,5.9700000286102295,23.572158978736564,17.91000008583069,35.512159035957026,B_Croston
17,HOUSEHOLD_1_464_WI_3,low,intermittent,Croston,empirical,7,0.98,5,0,292,49.0,49.0,0.0,1.0,0,0.0,1.0,9.462328767123287,16.0,6.47303655446978,5,52.0,2763.0,12.545155833192066,5.0,62.72577916596033,0.0,17.545155833192066,0.0,17.545155833192066,0.0,17.545155833192066,B_Croston
0,FOODS_3_449_CA_3,high,regular,Croston,empirical,14,0.9,12,4,292,1628.0,1506.0,122.0,0.9250614250614251,11,0.03767123287671233,0.9623287671232876,92.12671232876713,263.0,20.43381286941006,13,1564.0,26901.0,25.537524903539108,13.0,127.68762451769554,18.117000174522403,56.65452507806151,72.46800069808961,111.00552560162872,217.40400209426886,255.94152699780796,B_Croston
1,HOUSEHOLD_1_114_CA_3,high,regular,Croston,empirical,14,0.9,7,1,292,941.0,914.0,27.0,0.971307120085016,6,0.02054794520547945,0.9794520547945206,78.38013698630137,199.0,14.576397081312535,8,1037.0,22887.0,10.644022916686046,8.0,53.220114583430224,1.9642500579357147,20.608272974621762,7.857000231742859,26.501023148428906,23.571000695228577,42.215023611914624,B_Croston
2,FOODS_3_784_CA_3,medium,intermittent,Croston,empirical,14,0.9,4,1,292,213.0,210.0,3.0,0.9859154929577465,1,0.003424657534246575,0.9965753424657534,42.571917808219176,79.0,6.166036521599228,4,252.0,12431.0,5.960068493150684,4.0,29.80034246575342,0.22500000000000003,10.185068493150684,0.9000000000000001,10.860068493150685,2.7,12.660068493150685,B_Croston
3,HOUSEHOLD_2_270_CA_3,medium,intermittent,Croston,empirical,14,0.9,6,3,292,118.0,107.0,11.0,0.9067796610169492,7,0.023972602739726026,0.976027397260274,17.29794520547945,33.0,7.732132251039399,7,149.0,5051.0,14.142800369523975,7.0,70.71400184761987,4.8180001258850105,25.960800495408986,19.272000503540042,40.41480087306402,57.816001510620126,78.95880188014411,B_Croston
4,HOBBIES_1_377_CA_3,low,intermittent,Croston,empirical,14,0.9,7,0,292,92.0,92.0,0.0,1.0,0,0.0,1.0,8.154109589041095,16.0,14.103317933641328,8,103.0,2381.0,11.392921395236497,8.0,56.96460697618249,0.0,19.3929213952365,0.0,19.3929213952365,0.0,19.3929213952365,B_Croston
5,HOUSEHOLD_2_228_CA_3,low,intermittent,Croston,empirical,14,0.9,6,0,292,112.0,112.0,0.0,1.0,0,0.0,1.0,13.897260273972602,27.0,10.073928043371119,6,116.0,4058.0,10.642521509601645,6.0,53.21260754800822,0.0,16.642521509601643,0.0,16.642521509601643,0.0,16.642521509601643,B_Croston
6,FOODS_2_347_TX_2,high,regular,Croston,empirical,14,0.9,10,6,292,1785.0,1523.0,262.0,0.8532212885154061,22,0.07534246575342465,0.9246575342465754,107.36301369863014,353.0,17.73189792663477,12,1575.0,31350.0,26.75486258366336,12.0,133.7743129183168,34.976999437809,73.73186202147235,139.907997751236,178.66286033489936,419.72399325370804,458.4788558373714,B_Croston
7,HOUSEHOLD_1_247_TX_2,high,regular,Croston,empirical,14,0.9,9,0,292,1273.0,1273.0,0.0,1.0,0,0.0,1.0,79.56506849315069,175.0,19.999354366633668,9,1296.0,23233.0,10.804936620062344,9.0,54.02468310031173,0.0,19.804936620062342,0.0,19.804936620062342,0.0,19.804936620062342,B_Croston
8,FOODS_3_729_TX_2,medium,intermittent,Croston,empirical,14,0.9,8,1,292,224.0,222.0,2.0,0.9910714285714286,1,0.003424657534246575,0.9965753424657534,21.27054794520548,55.0,13.046208340041861,8,255.0,6211.0,11.851949371866983,8.0,59.25974685933492,0.597000002861023,20.448949374728006,2.388000011444092,22.239949383311075,7.164000034332275,27.015949406199258,B_Croston
9,HOBBIES_1_034_TX_2,medium,intermittent,Croston,empirical,14,0.9,9,2,292,281.0,276.0,5.0,0.9822064056939501,4,0.0136986301369863,0.9863013698630136,23.42808219178082,53.0,14.72591726355796,9,284.0,6841.0,15.284480321439977,9.0,76.42240160719989,1.7474999427795412,26.03198026421952,6.989999771118165,31.274480092558143,20.969999313354496,45.25447963479448,B_Croston
10,FOODS_2_196_TX_2,low,intermittent,Croston,empirical,14,0.9,7,0,292,165.0,165.0,0.0,1.0,0,0.0,1.0,22.171232876712327,44.0,9.30259499536608,7,185.0,6474.0,12.229652232405257,7.0,61.14826116202628,0.0,19.229652232405257,0.0,19.229652232405257,0.0,19.229652232405257,B_Croston
11,HOUSEHOLD_2_315_TX_2,low,intermittent,Croston,empirical,14,0.9,7,1,292,122.0,121.0,1.0,0.9918032786885246,1,0.003424657534246575,0.9965753424657534,10.897260273972602,22.0,13.879635449402892,7,120.0,3182.0,11.701478198587077,7.0,58.507390992935385,0.575250005722046,19.276728204309123,2.301000022888184,21.002478221475258,6.903000068664552,25.60447826725163,B_Croston
12,FOODS_2_056_WI_3,high,intermittent,Croston,empirical,14,0.9,20,3,292,1064.0,1054.0,10.0,0.9906015037593985,2,0.00684931506849315,0.9931506849315068,51.60958904109589,107.0,25.52820172528202,22,1120.0,15070.0,50.43289054877137,22.0,252.16445274385683,5.235000014305116,77.66789056307648,20.940000057220463,93.37289060599183,62.82000017166139,135.25289072043276,B_Croston
13,HOBBIES_1_312_WI_3,high,intermittent,Croston,empirical,14,0.9,5,1,292,799.0,793.0,6.0,0.9924906132665833,2,0.00684931506849315,0.9931506849315068,104.14041095890411,251.0,9.51839915814397,6,954.0,30409.0,8.310404690238709,6.0,41.552023451193556,0.2564999967813492,14.566904687020058,1.0259999871253969,15.336404677364106,3.0779999613761904,17.3884046516149,B_Croston
14,FOODS_3_128_WI_3,medium,intermittent,Croston,empirical,14,0.9,4,1,292,156.0,142.0,14.0,0.9102564102564102,6,0.02054794520547945,0.9794520547945206,33.22260273972603,61.0,5.342748170291722,4,146.0,9701.0,13.860469951727618,4.0,69.30234975863809,3.1290000200271613,20.989469971754776,12.516000080108645,30.376470031836263,37.54800024032593,55.40847019205355,B_Croston
15,HOBBIES_1_036_WI_3,medium,intermittent,Croston,empirical,14,0.9,4,0,292,242.0,242.0,0.0,1.0,0,0.0,1.0,37.57876712328767,73.0,8.049758498131778,4,257.0,10973.0,5.89235071001804,4.0,29.461753550090197,0.0,9.89235071001804,0.0,9.89235071001804,0.0,9.89235071001804,B_Croston
16,FOODS_3_520_WI_3,low,intermittent,Croston,empirical,14,0.9,8,2,292,206.0,202.0,4.0,0.9805825242718447,4,0.0136986301369863,0.9863013698630136,16.767123287671232,41.0,15.05923202614379,8,219.0,4896.0,9.34264114066346,8.0,46.7132057033173,1.194000005722046,18.536641146385506,4.776000022888184,22.118641163551644,14.32800006866455,31.67064120932801,B_Croston
17,HOUSEHOLD_1_464_WI_3,low,intermittent,Croston,empirical,14,0.9,5,0,292,49.0,49.0,0.0,1.0,0,0.0,1.0,8.64041095890411,15.0,7.088783194609592,5,51.0,2523.0,11.455457172328478,5.0,57.27728586164239,0.0,16.45545717232848,0.0,16.45545717232848,0.0,16.45545717232848,B_Croston
0,FOODS_3_449_CA_3,high,regular,Croston,empirical,14,0.95,12,5,292,1628.0,1514.0,114.0,0.9299754299754299,9,0.030821917808219176,0.9691780821917808,95.50342465753425,260.0,19.8160433176749,13,1554.0,27887.0,26.47354957009015,13.0,132.36774785045074,16.92900016307831,56.402549733168456,67.71600065231324,107.1895502224034,203.14800195693974,242.62155152702988,B_Croston
1,HOUSEHOLD_1_114_CA_3,high,regular,Croston,empirical,14,0.95,7,1,292,941.0,920.0,21.0,0.9776833156216791,5,0.017123287671232876,0.9828767123287672,80.20890410958904,202.0,14.33756030912429,8,1047.0,23421.0,10.892369499353514,8.0,54.46184749676757,1.5277500450611115,20.420119544414625,6.111000180244446,25.00336967959796,18.333000540733337,37.22537004008685,B_Croston
2,FOODS_3_784_CA_3,medium,intermittent,Croston,empirical,14,0.95,4,1,292,213.0,212.0,1.0,0.9953051643192489,1,0.003424657534246575,0.9965753424657534,44.3458904109589,81.0,5.975751023245039,4,254.0,12949.0,6.2084246575342465,4.0,31.042123287671227,0.07500000000000001,10.283424657534246,0.30000000000000004,10.508424657534247,0.9000000000000001,11.108424657534247,B_Croston
3,HOUSEHOLD_2_270_CA_3,medium,intermittent,Croston,empirical,14,0.95,7,0,292,118.0,118.0,0.0,1.0,0,0.0,1.0,23.431506849315067,42.0,6.294942999123064,8,173.0,6842.0,19.157600500550988,8.0,95.78800250275494,0.0,27.157600500550988,0.0,27.157600500550988,0.0,27.157600500550988,B_Croston
4,HOBBIES_1_377_CA_3,low,intermittent,Croston,empirical,14,0.95,7,0,292,92.0,92.0,0.0,1.0,0,0.0,1.0,9.770547945205479,22.0,11.77006659656502,8,105.0,2853.0,13.651408962876829,8.0,68.25704481438414,0.0,21.65140896287683,0.0,21.65140896287683,0.0,21.65140896287683,B_Croston
5,HOUSEHOLD_2_228_CA_3,low,intermittent,Croston,empirical,14,0.95,6,0,292,112.0,112.0,0.0,1.0,0,0.0,1.0,15.794520547945206,29.0,8.863833477883782,6,118.0,4612.0,12.095443371681318,6.0,60.477216858406585,0.0,18.09544337168132,0.0,18.09544337168132,0.0,18.09544337168132,B_Croston
6,FOODS_2_347_TX_2,high,regular,Croston,empirical,14,0.95,10,6,292,1785.0,1520.0,265.0,0.8515406162464986,19,0.06506849315068493,0.934931506849315,108.9417808219178,353.0,17.440508000377232,12,1572.0,31811.0,27.148291344463004,12.0,135.741456722315,35.3774994313717,74.52579077583471,141.5099977254868,180.65828906994983,424.5299931764604,463.6782845209234,B_Croston
7,HOUSEHOLD_1_247_TX_2,high,regular,Croston,empirical,14,0.95,9,0,292,1273.0,1273.0,0.0,1.0,0,0.0,1.0,85.5068493150685,179.0,18.609620314001926,9,1270.0,24968.0,11.611830479478183,9.0,58.05915239739092,0.0,20.611830479478183,0.0,20.611830479478183,0.0,20.611830479478183,B_Croston
8,FOODS_3_729_TX_2,medium,intermittent,Croston,empirical,14,0.95,8,0,292,224.0,224.0,0.0,1.0,0,0.0,1.0,24.938356164383563,60.0,11.227684702004943,8,262.0,7282.0,13.895652121387116,8.0,69.47826060693558,0.0,21.895652121387116,0.0,21.895652121387116,0.0,21.895652121387116,B_Croston
9,HOBBIES_1_034_TX_2,medium,intermittent,Croston,empirical,14,0.95,9,3,292,281.0,278.0,3.0,0.9893238434163701,3,0.010273972602739725,0.9897260273972602,27.503424657534246,57.0,12.634790188021418,9,284.0,8031.0,17.943233659038803,9.0,89.71616829519402,1.0484999656677247,27.991733624706526,4.193999862670899,31.137233521709703,12.581999588012696,39.5252332470515,B_Croston
10,FOODS_2_196_TX_2,low,intermittent,Croston,empirical,14,0.95,7,0,292,165.0,165.0,0.0,1.0,0,0.0,1.0,24.068493150684933,46.0,8.569294251565168,7,187.0,7028.0,13.27618101472724,7.0,66.3809050736362,0.0,20.27618101472724,0.0,20.27618101472724,0.0,20.27618101472724,B_Croston
11,HOUSEHOLD_2_315_TX_2,low,intermittent,Croston,empirical,14,0.95,7,0,292,122.0,122.0,0.0,1.0,0,0.0,1.0,12.044520547945206,23.0,12.661359112880294,7,121.0,3517.0,12.93340629303292,7.0,64.6670314651646,0.0,19.93340629303292,0.0,19.93340629303292,0.0,19.93340629303292,B_Croston
12,FOODS_2_056_WI_3,high,intermittent,Croston,empirical,14,0.95,20,2,292,1064.0,1063.0,1.0,0.9990601503759399,1,0.003424657534246575,0.9965753424657534,56.93150684931507,113.0,23.339448989412897,22,1135.0,16624.0,55.633468645174204,22.0,278.16734322587104,0.5235000014305116,78.15696864660471,2.0940000057220463,79.72746865089626,6.282000017166139,83.91546866234034,B_Croston
13,HOBBIES_1_312_WI_3,high,intermittent,Croston,empirical,14,0.95,5,1,292,799.0,795.0,4.0,0.9949937421777222,2,0.00684931506849315,0.9931506849315068,114.18150684931507,263.0,8.703248252901833,6,957.0,33341.0,9.111684132238771,6.0,45.558420661193864,0.1709999978542328,15.282684130093005,0.6839999914169312,15.795684123655702,2.0519999742507937,17.163684106489566,B_Croston
14,FOODS_3_128_WI_3,medium,intermittent,Croston,empirical,14,0.95,4,1,292,156.0,147.0,9.0,0.9423076923076923,5,0.017123287671232876,0.9828767123287672,39.37328767123287,66.0,4.66686961816126,5,186.0,11497.0,16.42653572157638,5.0,82.13267860788187,2.0115000128746034,23.43803573445098,8.046000051498414,29.472535773074792,24.138000154495245,45.56453587607162,B_Croston
15,HOBBIES_1_036_WI_3,medium,intermittent,Croston,empirical,14,0.95,4,0,292,242.0,242.0,0.0,1.0,0,0.0,1.0,39.476027397260275,75.0,7.662878459269541,4,259.0,11527.0,6.189841122243502,4.0,30.949205611217508,0.0,10.189841122243502,0.0,10.189841122243502,0.0,10.189841122243502,B_Croston
16,FOODS_3_520_WI_3,low,intermittent,Croston,empirical,14,0.95,7,2,292,206.0,202.0,4.0,0.9805825242718447,4,0.0136986301369863,0.9863013698630136,17.541095890410958,44.0,14.394767668879345,7,202.0,5122.0,9.773898676976765,7.0,48.869493384883825,1.194000005722046,17.96789868269881,4.776000022888184,21.549898699864947,14.32800006866455,31.101898745641314,B_Croston
17,HOUSEHOLD_1_464_WI_3,low,intermittent,Croston,empirical,14,0.95,5,0,292,49.0,49.0,0.0,1.0,0,0.0,1.0,10.164383561643836,17.0,6.025943396226415,5,53.0,2968.0,13.475940106013049,5.0,67.37970053006525,0.0,18.47594010601305,0.0,18.47594010601305,0.0,18.47594010601305,B_Croston
0,FOODS_3_449_CA_3,high,regular,Croston,empirical,14,0.98,13,2,292,1628.0,1526.0,102.0,0.9373464373464373,8,0.0273972602739726,0.9726027397260274,95.16095890410959,270.0,20.044985064958432,14,1621.0,27787.0,26.37861806232635,14.0,131.89309031163177,15.147000145912173,55.52561820823853,60.58800058364869,100.96661864597505,181.76400175094608,222.14261981327243,B_Croston
1,HOUSEHOLD_1_114_CA_3,high,regular,Croston,empirical,14,0.98,7,1,292,941.0,920.0,21.0,0.9776833156216791,5,0.017123287671232876,0.9828767123287672,82.28424657534246,205.0,13.97594372997045,8,1050.0,24027.0,11.174201014515472,8.0,55.87100507257736,1.5277500450611115,20.701951059576583,6.111000180244446,25.285201194759917,18.333000540733337,37.50720155524881,B_Croston
2,FOODS_3_784_CA_3,medium,intermittent,Croston,empirical,14,0.98,4,1,292,213.0,212.0,1.0,0.9953051643192489,1,0.003424657534246575,0.9965753424657534,43.763698630136986,81.0,6.055246889427968,4,254.0,12779.0,6.126917808219178,4.0,30.63458904109589,0.07500000000000001,10.201917808219179,0.30000000000000004,10.42691780821918,0.9000000000000001,11.02691780821918,B_Croston
3,HOUSEHOLD_2_270_CA_3,medium,intermittent,Croston,empirical,14,0.98,7,0,292,118.0,118.0,0.0,1.0,0,0.0,1.0,29.811643835616437,51.0,4.947731188971855,7,154.0,8705.0,24.37400063684542,7.0,121.87000318422709,0.0,31.37400063684542,0.0,31.37400063684542,0.0,31.37400063684542,B_Croston
4,HOBBIES_1_377_CA_3,low,intermittent,Croston,empirical,14,0.98,7,0,292,92.0,92.0,0.0,1.0,0,0.0,1.0,11.664383561643836,21.0,9.85907222548444,8,109.0,3406.0,16.29747596479442,8.0,81.4873798239721,0.0,24.29747596479442,0.0,24.29747596479442,0.0,24.29747596479442,B_Croston
5,HOUSEHOLD_2_228_CA_3,low,intermittent,Croston,empirical,14,0.98,6,0,292,112.0,112.0,0.0,1.0,0,0.0,1.0,16.743150684931507,30.0,8.36162814481489,6,119.0,4889.0,12.821904302721155,6.0,64.10952151360577,0.0,18.821904302721155,0.0,18.821904302721155,0.0,18.821904302721155,B_Croston
6,FOODS_2_347_TX_2,high,regular,Croston,empirical,14,0.98,11,6,292,1785.0,1586.0,199.0,0.8885154061624649,11,0.03767123287671233,0.9623287671232876,109.47602739726027,340.0,18.10898739324929,12,1600.0,31967.0,27.281425588898458,12.0,136.4071279444923,26.566499572992335,65.8479251618908,106.26599829196934,145.5474238808678,318.797994875908,358.07942046480645,B_Croston
7,HOUSEHOLD_1_247_TX_2,high,regular,Croston,empirical,14,0.98,9,0,292,1273.0,1273.0,0.0,1.0,0,0.0,1.0,90.16438356164383,184.0,17.64832117897296,9,1275.0,26328.0,12.244323648818552,9.0,61.22161824409275,0.0,21.24432364881855,0.0,21.24432364881855,0.0,21.24432364881855,B_Croston
8,FOODS_3_729_TX_2,medium,intermittent,Croston,empirical,14,0.98,8,0,292,224.0,224.0,0.0,1.0,0,0.0,1.0,25.886986301369863,61.0,10.816245535123693,8,263.0,7559.0,14.424228836248998,8.0,72.12114418124499,0.0,22.424228836249,0.0,22.424228836249,0.0,22.424228836249,B_Croston
9,HOBBIES_1_034_TX_2,medium,intermittent,Croston,empirical,14,0.98,9,0,292,281.0,281.0,0.0,1.0,0,0.0,1.0,30.654109589041095,58.0,11.458496257401407,9,288.0,8951.0,19.998740441047982,9.0,99.9937022052399,0.0,28.998740441047982,0.0,28.998740441047982,0.0,28.998740441047982,B_Croston
10,FOODS_2_196_TX_2,low,intermittent,Croston,empirical,14,0.98,7,0,292,165.0,165.0,0.0,1.0,0,0.0,1.0,25.78767123287671,48.0,7.9980079681274905,7,189.0,7530.0,14.224479658636328,7.0,71.12239829318163,0.0,21.224479658636326,0.0,21.224479658636326,0.0,21.224479658636326,B_Croston
11,HOUSEHOLD_2_315_TX_2,low,intermittent,Croston,empirical,14,0.98,7,0,292,122.0,122.0,0.0,1.0,0,0.0,1.0,12.044520547945206,23.0,12.661359112880294,7,121.0,3517.0,12.93340629303292,7.0,64.6670314651646,0.0,19.93340629303292,0.0,19.93340629303292,0.0,19.93340629303292,B_Croston
12,FOODS_2_056_WI_3,high,intermittent,Croston,empirical,14,0.98,19,1,292,1064.0,1061.0,3.0,0.9971804511278195,1,0.003424657534246575,0.9965753424657534,62.98972602739726,118.0,21.055020931876257,21,1125.0,18393.0,61.553560442173314,21.0,307.7678022108666,1.5705000042915347,84.12406044646484,6.282000017166139,88.83556045933945,18.846000051498415,101.39956049367171,B_Croston
13,HOBBIES_1_312_WI_3,high,intermittent,Croston,empirical,14,0.98,5,0,292,799.0,799.0,0.0,1.0,0,0.0,1.0,126.13698630136986,276.0,7.917978931364032,6,974.0,36832.0,10.06573138054103,6.0,50.32865690270515,0.0,16.06573138054103,0.0,16.06573138054103,0.0,16.06573138054103,B_Croston
14,FOODS_3_128_WI_3,medium,intermittent,Croston,empirical,14,0.98,4,1,292,156.0,151.0,5.0,0.967948717948718,3,0.010273972602739725,0.9897260273972602,43.06506849315068,70.0,4.382902584493041,5,191.0,12575.0,17.966746690338606,5.0,89.833733451693,1.1175000071525576,24.084246697491164,4.47000002861023,27.436746718948836,13.410000085830692,36.3767467761693,B_Croston
15,HOBBIES_1_036_WI_3,medium,intermittent,Croston,empirical,14,0.98,4,0,292,242.0,242.0,0.0,1.0,0,0.0,1.0,43.27054794520548,79.0,6.990898298377523,4,263.0,12635.0,6.784821946694426,4.0,33.92410973347213,0.0,10.784821946694425,0.0,10.784821946694425,0.0,10.784821946694425,B_Croston
16,FOODS_3_520_WI_3,low,intermittent,Croston,empirical,14,0.98,8,2,292,206.0,203.0,3.0,0.9854368932038835,3,0.010273972602739725,0.9897260273972602,17.873287671232877,43.0,14.197164207702626,8,225.0,5219.0,9.958995938137786,8.0,49.79497969068893,0.8955000042915344,18.85449594242932,3.5820000171661377,21.540995955303924,10.746000051498413,28.7049959896362,B_Croston
17,HOUSEHOLD_1_464_WI_3,low,intermittent,Croston,empirical,14,0.98,5,0,292,49.0,49.0,0.0,1.0,0,0.0,1.0,11.113013698630137,18.0,5.511556240369799,5,54.0,3245.0,14.733633977093108,5.0,73.66816988546555,0.0,19.733633977093106,0.0,19.733633977093106,0.0,19.733633977093106,B_Croston
0,FOODS_3_449_CA_3,high,regular,SES,gaussian,3,0.9,13,2,292,1628.0,1576.0,52.0,0.9680589680589681,4,0.0136986301369863,0.9863013698630136,59.98972602739726,170.0,32.83895644231318,14,1609.0,17517.0,16.62915221498437,14.0,83.14576107492185,7.722000074386599,38.351152289370965,30.888000297546395,61.517152512530764,92.66400089263918,123.29315310762355,B_SES
1,HOUSEHOLD_1_114_CA_3,high,regular,SES,gaussian,3,0.9,7,1,292,941.0,940.0,1.0,0.9989373007438895,1,0.003424657534246575,0.9965753424657534,64.58561643835617,187.0,18.192905244180498,7,947.0,18859.0,8.77072697102207,7.0,43.85363485511036,0.07275000214576721,15.843476973167837,0.29100000858306885,16.06172697960514,0.8730000257492065,16.643726996771278,B_SES
2,FOODS_3_784_CA_3,medium,intermittent,SES,gaussian,3,0.9,3,0,292,213.0,213.0,0.0,1.0,0,0.0,1.0,39.19178082191781,87.0,6.793516253058371,3,213.0,11444.0,5.486849315068493,3.0,27.434246575342467,0.0,8.486849315068493,0.0,8.486849315068493,0.0,8.486849315068493,B_SES
3,HOUSEHOLD_2_270_CA_3,medium,intermittent,SES,gaussian,3,0.9,5,1,292,118.0,116.0,2.0,0.9830508474576272,2,0.00684931506849315,0.9931506849315068,8.684931506849315,41.0,16.69558359621451,5,120.0,2536.0,7.1008001855301535,5.0,35.504000927650765,0.8760000228881837,12.976800208418338,3.5040000915527347,15.604800277082889,10.512000274658204,22.61280046018836,B_SES
4,HOBBIES_1_377_CA_3,low,intermittent,SES,gaussian,3,0.9,7,1,292,92.0,90.0,2.0,0.9782608695652174,1,0.003424657534246575,0.9965753424657534,8.202054794520548,16.0,13.716075156576201,7,92.0,2395.0,11.459910433259727,7.0,57.29955216629864,1.4969999313354494,19.956910364595178,5.987999725341798,24.447910158601527,17.963999176025393,36.42390960928512,B_SES
5,HOUSEHOLD_2_228_CA_3,low,intermittent,SES,gaussian,3,0.9,6,1,292,112.0,110.0,2.0,0.9821428571428571,1,0.003424657534246575,0.9965753424657534,9.945205479452055,20.0,13.825757575757576,6,112.0,2904.0,7.616038064042183,6.0,38.08019032021091,0.8204999685287477,14.43653803257093,3.281999874114991,16.898037938157174,9.845999622344973,23.462037686387156,B_SES
6,FOODS_2_347_TX_2,high,regular,SES,gaussian,3,0.9,13,7,292,1785.0,1646.0,139.0,0.9221288515406163,11,0.03767123287671233,0.9623287671232876,63.86986301369863,168.0,32.21394101876676,13,1654.0,18650.0,15.916369607187296,13.0,79.58184803593647,18.556499701738364,47.47286930892566,74.22599880695346,103.14236841414075,222.67799642086035,251.59436602804766,B_SES
7,HOUSEHOLD_1_247_TX_2,high,regular,SES,gaussian,3,0.9,9,0,292,1273.0,1273.0,0.0,1.0,0,0.0,1.0,71.26712328767124,156.0,22.327967323402213,9,1254.0,20810.0,9.678075627921379,9.0,48.390378139606895,0.0,18.67807562792138,0.0,18.67807562792138,0.0,18.67807562792138,B_SES
8,FOODS_3_729_TX_2,medium,intermittent,SES,gaussian,3,0.9,7,0,292,224.0,224.0,0.0,1.0,0,0.0,1.0,17.92808219178082,38.0,15.617956064947471,8,252.0,5235.0,9.989527445133417,8.0,49.94763722566709,0.0,17.98952744513342,0.0,17.98952744513342,0.0,17.98952744513342,B_SES
9,HOBBIES_1_034_TX_2,medium,intermittent,SES,gaussian,3,0.9,8,1,292,281.0,279.0,2.0,0.9928825622775801,1,0.003424657534246575,0.9965753424657534,19.684931506849313,43.0,17.71659707724426,9,305.0,5748.0,12.842448894552987,9.0,64.21224447276494,0.6989999771118165,22.541448871664805,2.795999908447266,24.63844880300025,8.387999725341798,30.230448619894787,B_SES
10,FOODS_2_196_TX_2,low,intermittent,SES,gaussian,3,0.9,6,1,292,165.0,164.0,1.0,0.9939393939393939,1,0.003424657534246575,0.9965753424657534,13.342465753424657,33.0,15.364476386036962,7,187.0,3896.0,7.359704216473723,7.0,36.79852108236861,0.29550000429153445,14.655204220765258,1.1820000171661378,15.54170423363986,3.5460000514984134,17.905704267972137,B_SES
11,HOUSEHOLD_2_315_TX_2,low,intermittent,SES,gaussian,3,0.9,7,1,292,122.0,121.0,1.0,0.9918032786885246,1,0.003424657534246575,0.9965753424657534,9.897260273972602,19.0,15.282006920415226,7,121.0,2890.0,10.627678187905925,7.0,53.13839093952962,0.575250005722046,18.202928193627972,2.301000022888184,19.92867821079411,6.903000068664552,24.530678256570475,B_SES
12,FOODS_2_056_WI_3,high,intermittent,SES,gaussian,3,0.9,19,3,292,1064.0,1056.0,8.0,0.9924812030075187,4,0.0136986301369863,0.9863013698630136,32.6541095890411,77.0,40.42370214997378,19,1062.0,9535.0,31.909595977606838,19.0,159.5479798880342,4.1880000114440925,55.09759598905093,16.75200004577637,67.66159602338321,50.25600013732911,101.16559611493595,B_SES
13,HOBBIES_1_312_WI_3,high,intermittent,SES,gaussian,3,0.9,6,3,292,799.0,780.0,19.0,0.9762202753441802,4,0.0136986301369863,0.9863013698630136,71.53082191780823,166.0,13.63048786326423,6,861.0,20887.0,5.708159517413132,6.0,28.540797587065665,0.8122499898076059,12.520409507220739,3.2489999592304235,14.957159476643557,9.74699987769127,21.455159395104403,B_SES
14,FOODS_3_128_WI_3,medium,intermittent,SES,gaussian,3,0.9,4,0,292,156.0,156.0,0.0,1.0,0,0.0,1.0,24.078767123287673,50.0,8.098421277200966,4,152.0,7031.0,10.045661708132862,4.0,50.22830854066431,0.0,14.045661708132862,0.0,14.045661708132862,0.0,14.045661708132862,B_SES
15,HOBBIES_1_036_WI_3,medium,intermittent,SES,gaussian,3,0.9,4,1,292,242.0,239.0,3.0,0.987603305785124,2,0.00684931506849315,0.9931506849315068,33.50684931506849,65.0,8.916087489779231,4,240.0,9784.0,5.2538739949709745,4.0,26.26936997485487,0.2520000010728837,9.505873996043857,1.0080000042915347,10.261873999262509,3.024000012874604,12.277874007845577,B_SES
16,FOODS_3_520_WI_3,low,intermittent,SES,gaussian,3,0.9,8,2,292,206.0,204.0,2.0,0.9902912621359223,2,0.00684931506849315,0.9931506849315068,14.568493150684931,33.0,17.50352609308886,8,223.0,4254.0,8.117564422463717,8.0,40.587822112318584,0.597000002861023,16.71456442532474,2.388000011444092,18.505564433907807,7.164000034332275,23.28156445679599,B_SES
17,HOUSEHOLD_1_464_WI_3,low,intermittent,SES,gaussian,3,0.9,5,0,292,49.0,49.0,0.0,1.0,0,0.0,1.0,6.390410958904109,12.0,9.584673097534834,5,54.0,1866.0,8.472407088214403,5.0,42.36203544107202,0.0,13.472407088214403,0.0,13.472407088214403,0.0,13.472407088214403,B_SES
0,FOODS_3_449_CA_3,high,regular,SES,gaussian,3,0.95,13,2,292,1628.0,1593.0,35.0,0.9785012285012284,4,0.0136986301369863,0.9863013698630136,65.13013698630137,172.0,30.57340414344306,13,1536.0,19018.0,18.054074146518968,13.0,90.27037073259483,5.1975000500679025,36.25157419658687,20.79000020027161,51.84407434679058,62.37000060081483,93.4240747473338,B_SES
1,HOUSEHOLD_1_114_CA_3,high,regular,SES,gaussian,3,0.95,7,0,292,941.0,941.0,0.0,1.0,0,0.0,1.0,65.88698630136986,189.0,17.852539113259525,7,950.0,19239.0,8.94745300363188,7.0,44.73726501815939,0.0,15.94745300363188,0.0,15.94745300363188,0.0,15.94745300363188,B_SES
2,FOODS_3_784_CA_3,medium,intermittent,SES,gaussian,3,0.95,4,1,292,213.0,212.0,1.0,0.9953051643192489,1,0.003424657534246575,0.9965753424657534,33.43493150684932,75.0,7.9258424664549825,4,240.0,9763.0,4.680890410958904,4.0,23.404452054794522,0.07500000000000001,8.755890410958903,0.30000000000000004,8.980890410958905,0.9000000000000001,9.580890410958904,B_SES
3,HOUSEHOLD_2_270_CA_3,medium,intermittent,SES,gaussian,3,0.95,5,1,292,118.0,117.0,1.0,0.9915254237288136,1,0.003424657534246575,0.9965753424657534,9.633561643835616,42.0,15.181301102026307,5,122.0,2813.0,7.876400205795079,5.0,39.382001028975395,0.43800001144409184,13.314400217239172,1.7520000457763674,14.628400251571446,5.256000137329102,18.132400343124182,B_SES
4,HOBBIES_1_377_CA_3,low,intermittent,SES,gaussian,3,0.95,7,1,292,92.0,90.0,2.0,0.9782608695652174,1,0.003424657534246575,0.9965753424657534,8.202054794520548,16.0,13.716075156576201,7,92.0,2395.0,11.459910433259727,7.0,57.29955216629864,1.4969999313354494,19.956910364595178,5.987999725341798,24.447910158601527,17.963999176025393,36.42390960928512,B_SES
5,HOUSEHOLD_2_228_CA_3,low,intermittent,SES,gaussian,3,0.95,6,1,292,112.0,111.0,1.0,0.9910714285714286,1,0.003424657534246575,0.9965753424657534,10.780821917808218,21.0,12.87007623888183,6,113.0,3148.0,8.25595310799063,6.0,41.27976553995315,0.41024998426437387,14.666203092255003,1.6409999370574955,15.896953045048125,4.922999811172486,19.178952919163116,B_SES
6,FOODS_2_347_TX_2,high,regular,SES,gaussian,3,0.95,13,5,292,1785.0,1646.0,139.0,0.9221288515406163,8,0.0273972602739726,0.9726027397260274,66.0,189.0,31.174242424242426,13,1654.0,19272.0,16.447199735641476,13.0,82.23599867820738,18.556499701738364,48.00369943737984,74.22599880695346,103.67319854259493,222.67799642086035,252.12519615650183,B_SES
7,HOUSEHOLD_1_247_TX_2,high,regular,SES,gaussian,3,0.95,9,0,292,1273.0,1273.0,0.0,1.0,0,0.0,1.0,72.88013698630137,157.0,21.833795404351303,9,1256.0,21281.0,9.89712289465617,9.0,49.48561447328084,0.0,18.89712289465617,0.0,18.89712289465617,0.0,18.89712289465617,B_SES
8,FOODS_3_729_TX_2,medium,intermittent,SES,gaussian,3,0.95,7,0,292,224.0,224.0,0.0,1.0,0,0.0,1.0,19.301369863013697,39.0,14.506742370475516,8,253.0,5636.0,10.75472333921145,8.0,53.77361669605725,0.0,18.754723339211452,0.0,18.754723339211452,0.0,18.754723339211452,B_SES
9,HOBBIES_1_034_TX_2,medium,intermittent,SES,gaussian,3,0.95,9,3,292,281.0,273.0,8.0,0.9715302491103203,3,0.010273972602739725,0.9897260273972602,17.59246575342466,40.0,19.39750827331127,9,281.0,5137.0,11.477324281718632,9.0,57.386621408593165,2.795999908447266,23.273324190165894,11.183999633789064,31.661323915507694,33.55199890136719,54.02932318308582,B_SES
10,FOODS_2_196_TX_2,low,intermittent,SES,gaussian,3,0.95,6,0,292,165.0,165.0,0.0,1.0,0,0.0,1.0,15.294520547945206,32.0,13.485221674876847,7,189.0,4466.0,8.436457656768903,7.0,42.182288283844514,0.0,15.436457656768903,0.0,15.436457656768903,0.0,15.436457656768903,B_SES
11,HOUSEHOLD_2_315_TX_2,low,intermittent,SES,gaussian,3,0.95,7,0,292,122.0,122.0,0.0,1.0,0,0.0,1.0,10.698630136986301,20.0,14.25416133162612,7,121.0,3124.0,11.48818915536959,7.0,57.44094577684794,0.0,18.48818915536959,0.0,18.48818915536959,0.0,18.48818915536959,B_SES
12,FOODS_2_056_WI_3,high,intermittent,SES,gaussian,3,0.95,19,1,292,1064.0,1061.0,3.0,0.9971804511278195,1,0.003424657534246575,0.9965753424657534,37.397260273972606,79.0,35.46382783882784,19,1057.0,10920.0,36.54460283958748,19.0,182.72301419793743,1.5705000042915347,57.115102843879015,6.282000017166139,61.826602856753624,18.846000051498415,74.3906028910859,B_SES
13,HOBBIES_1_312_WI_3,high,intermittent,SES,gaussian,3,0.95,6,2,292,799.0,790.0,9.0,0.9887359198998749,2,0.00684931506849315,0.9931506849315068,80.72602739726027,175.0,12.232733751909045,6,866.0,23572.0,6.441936905465713,6.0,32.20968452732856,0.3847499951720238,12.826686900637737,1.5389999806880952,13.980936886153808,4.616999942064286,17.05893684753,B_SES
14,FOODS_3_128_WI_3,medium,intermittent,SES,gaussian,3,0.95,4,0,292,156.0,156.0,0.0,1.0,0,0.0,1.0,24.955479452054796,51.0,7.813915191436805,4,153.0,7287.0,10.41142609403558,4.0,52.057130470177896,0.0,14.41142609403558,0.0,14.41142609403558,0.0,14.41142609403558,B_SES
15,HOBBIES_1_036_WI_3,medium,intermittent,SES,gaussian,3,0.95,4,0,292,242.0,240.0,2.0,0.9917355371900827,1,0.003424657534246575,0.9965753424657534,34.17123287671233,66.0,8.77931449188214,4,242.0,9978.0,5.358049337880252,4.0,26.79024668940126,0.16800000071525578,9.52604933859551,0.6720000028610231,10.030049340741275,2.0160000085830694,11.374049346463323,B_SES
16,FOODS_3_520_WI_3,low,intermittent,SES,gaussian,3,0.95,8,2,292,206.0,203.0,3.0,0.9854368932038835,3,0.010273972602739725,0.9897260273972602,15.143835616438356,33.0,16.75599276345545,8,222.0,4422.0,8.438145245917855,8.0,42.19072622958928,0.8955000042915344,17.33364525020939,3.5820000171661377,20.020145263083993,10.746000051498413,27.18414529741627,B_SES
17,HOUSEHOLD_1_464_WI_3,low,intermittent,SES,gaussian,3,0.95,5,0,292,49.0,49.0,0.0,1.0,0,0.0,1.0,6.421232876712328,12.0,9.538666666666668,5,55.0,1875.0,8.513270787996788,5.0,42.56635393998394,0.0,13.513270787996788,0.0,13.513270787996788,0.0,13.513270787996788,B_SES
0,FOODS_3_449_CA_3,high,regular,SES,gaussian,3,0.98,13,2,292,1628.0,1596.0,32.0,0.9803439803439803,4,0.0136986301369863,0.9863013698630136,68.4931506849315,175.0,29.127,13,1542.0,20000.0,18.986301552759457,13.0,94.93150776379728,4.752000045776368,36.73830159853583,19.008000183105473,50.99430173586493,57.02400054931642,89.01030210207588,B_SES
1,HOUSEHOLD_1_114_CA_3,high,regular,SES,gaussian,3,0.98,7,1,292,941.0,935.0,6.0,0.9936238044633369,2,0.00684931506849315,0.9931506849315068,68.51369863013699,166.0,17.058632410276918,7,929.0,20006.0,9.304160548399572,7.0,46.52080274199786,0.43650001287460327,16.740660561274176,1.746000051498413,18.050160599897985,5.238000154495239,21.54216070289481,B_SES
2,FOODS_3_784_CA_3,medium,intermittent,SES,gaussian,3,0.98,4,0,292,213.0,213.0,0.0,1.0,0,0.0,1.0,34.16438356164384,76.0,7.793203688853247,4,242.0,9976.0,4.783013698630137,4.0,23.915068493150685,0.0,8.783013698630137,0.0,8.783013698630137,0.0,8.783013698630137,B_SES
3,HOUSEHOLD_2_270_CA_3,medium,intermittent,SES,gaussian,3,0.98,5,1,292,118.0,117.0,1.0,0.9915254237288136,1,0.003424657534246575,0.9965753424657534,9.633561643835616,42.0,15.181301102026307,5,122.0,2813.0,7.876400205795079,5.0,39.382001028975395,0.43800001144409184,13.314400217239172,1.7520000457763674,14.628400251571446,5.256000137329102,18.132400343124182,B_SES
4,HOBBIES_1_377_CA_3,low,intermittent,SES,gaussian,3,0.98,7,1,292,92.0,90.0,2.0,0.9782608695652174,1,0.003424657534246575,0.9965753424657534,8.215753424657533,17.0,13.693205502292622,7,93.0,2399.0,11.479050158409223,7.0,57.395250792046106,1.4969999313354494,19.97605008974467,5.987999725341798,24.46704988375102,17.963999176025393,36.44304933443462,B_SES
5,HOUSEHOLD_2_228_CA_3,low,intermittent,SES,gaussian,3,0.98,6,1,292,112.0,111.0,1.0,0.9910714285714286,1,0.003424657534246575,0.9965753424657534,10.780821917808218,21.0,12.87007623888183,6,113.0,3148.0,8.25595310799063,6.0,41.27976553995315,0.41024998426437387,14.666203092255003,1.6409999370574955,15.896953045048125,4.922999811172486,19.178952919163116,B_SES
6,FOODS_2_347_TX_2,high,regular,SES,gaussian,3,0.98,13,4,292,1785.0,1659.0,126.0,0.9294117647058824,7,0.023972602739726026,0.976027397260274,69.1541095890411,189.0,29.987371861536175,13,1647.0,20193.0,17.233203832596946,13.0,86.16601916298474,16.820999729633336,47.054203562230285,67.28399891853334,97.51720275113028,201.85199675560006,232.085200588197,B_SES
7,HOUSEHOLD_1_247_TX_2,high,regular,SES,gaussian,3,0.98,9,1,292,1273.0,1269.0,4.0,0.9968578161822467,1,0.003424657534246575,0.9965753424657534,73.17465753424658,158.0,21.677586933121166,9,1243.0,21367.0,9.93711878624681,9.0,49.685593931234045,0.29100000858306885,19.22811879482988,1.1640000343322754,20.101118820579085,3.492000102996826,22.429118889243636,B_SES
8,FOODS_3_729_TX_2,medium,intermittent,SES,gaussian,3,0.98,7,0,292,224.0,224.0,0.0,1.0,0,0.0,1.0,20.39041095890411,40.0,13.731944910984213,8,255.0,5954.0,11.36153704074964,8.0,56.80768520374821,0.0,19.36153704074964,0.0,19.36153704074964,0.0,19.36153704074964,B_SES
9,HOBBIES_1_034_TX_2,medium,intermittent,SES,gaussian,3,0.98,8,1,292,281.0,280.0,1.0,0.99644128113879,1,0.003424657534246575,0.9965753424657534,21.44178082191781,44.0,16.323271042964382,9,308.0,6261.0,13.988617350173321,9.0,69.94308675086661,0.34949998855590825,23.33811733872923,1.397999954223633,24.386617304396953,4.193999862670899,27.18261721284422,B_SES
10,FOODS_2_196_TX_2,low,intermittent,SES,gaussian,3,0.98,6,0,292,165.0,165.0,0.0,1.0,0,0.0,1.0,15.654109589041095,33.0,13.175453948807702,7,190.0,4571.0,8.634806974718016,7.0,43.174034873590074,0.0,15.634806974718016,0.0,15.634806974718016,0.0,15.634806974718016,B_SES
11,HOUSEHOLD_2_315_TX_2,low,intermittent,SES,gaussian,3,0.98,7,0,292,122.0,122.0,0.0,1.0,0,0.0,1.0,10.698630136986301,20.0,14.25416133162612,7,121.0,3124.0,11.48818915536959,7.0,57.44094577684794,0.0,18.48818915536959,0.0,18.48818915536959,0.0,18.48818915536959,B_SES
12,FOODS_2_056_WI_3,high,intermittent,SES,gaussian,3,0.98,18,0,292,1064.0,1064.0,0.0,1.0,0,0.0,1.0,38.523972602739725,82.0,34.52395768512757,19,1093.0,11249.0,37.64562613026736,19.0,188.2281306513368,0.0,56.64562613026736,0.0,56.64562613026736,0.0,56.64562613026736,B_SES
13,HOBBIES_1_312_WI_3,high,intermittent,SES,gaussian,3,0.98,6,0,292,799.0,799.0,0.0,1.0,0,0.0,1.0,82.62328767123287,170.0,12.087996352482799,6,860.0,24126.0,6.5933382734288895,6.0,32.96669136714445,0.0,12.59333827342889,0.0,12.59333827342889,0.0,12.59333827342889,B_SES
14,FOODS_3_128_WI_3,medium,intermittent,SES,gaussian,3,0.98,5,0,292,156.0,156.0,0.0,1.0,0,0.0,1.0,24.02054794520548,54.0,8.118049615055604,5,195.0,7014.0,10.02137266688151,5.0,50.10686333440754,0.0,15.02137266688151,0.0,15.02137266688151,0.0,15.02137266688151,B_SES
15,HOBBIES_1_036_WI_3,medium,intermittent,SES,gaussian,3,0.98,4,2,292,242.0,236.0,6.0,0.9752066115702479,2,0.00684931506849315,0.9931506849315068,31.828767123287673,66.0,9.268345168926189,5,287.0,9294.0,4.990750706179501,5.0,24.953753530897504,0.5040000021457673,10.494750708325268,2.0160000085830694,12.006750714762571,6.048000025749208,16.038750731928708,B_SES
16,FOODS_3_520_WI_3,low,intermittent,SES,gaussian,3,0.98,8,1,292,206.0,205.0,1.0,0.9951456310679612,1,0.003424657534246575,0.9965753424657534,15.787671232876713,36.0,16.23101952277657,8,217.0,4610.0,8.796890453116534,8.0,43.984452265582675,0.2985000014305115,17.095390454547044,1.194000005722046,17.990890458838578,3.5820000171661377,20.37889047028267,B_SES
17,HOUSEHOLD_1_464_WI_3,low,intermittent,SES,gaussian,3,0.98,5,0,292,49.0,49.0,0.0,1.0,0,0.0,1.0,6.907534246575342,13.0,8.867129400099158,5,52.0,2017.0,9.158009162341077,5.0,45.79004581170539,0.0,14.158009162341077,0.0,14.158009162341077,0.0,14.158009162341077,B_SES
0,FOODS_3_449_CA_3,high,regular,SES,gaussian,7,0.9,13,2,292,1628.0,1580.0,48.0,0.9705159705159705,5,0.017123287671232876,0.9828767123287672,74.63698630136986,187.0,26.46141139763238,13,1559.0,21794.0,20.68937280204198,13.0,103.4468640102099,7.128000068664552,40.817372870706535,28.51200027465821,62.20137307670019,85.53600082397463,119.22537362601662,B_SES
1,HOUSEHOLD_1_114_CA_3,high,regular,SES,gaussian,7,0.9,7,2,292,941.0,926.0,15.0,0.9840595111583422,3,0.010273972602739725,0.9897260273972602,71.11643835616438,196.0,16.27612443417124,7,959.0,20766.0,9.657612613619191,7.0,48.28806306809595,1.0912500321865082,17.7488626458057,4.365000128746033,21.022612742365226,13.095000386238098,29.75261299985729,B_SES
2,FOODS_3_784_CA_3,medium,intermittent,SES,gaussian,7,0.9,3,0,292,213.0,213.0,0.0,1.0,0,0.0,1.0,38.52739726027397,104.0,6.910666666666667,4,281.0,11250.0,5.3938356164383565,4.0,26.969178082191778,0.0,9.393835616438356,0.0,9.393835616438356,0.0,9.393835616438356,B_SES
3,HOUSEHOLD_2_270_CA_3,medium,intermittent,SES,gaussian,7,0.9,5,1,292,118.0,111.0,7.0,0.940677966101695,3,0.010273972602739725,0.9897260273972602,11.58904109589041,45.0,11.972517730496454,5,132.0,3384.0,9.475200247568626,5.0,47.37600123784313,3.066000080108643,17.54120032767727,12.264000320434572,26.7392005680032,36.792000961303714,51.267201208872336,B_SES
4,HOBBIES_1_377_CA_3,low,intermittent,SES,gaussian,7,0.9,7,1,292,92.0,91.0,1.0,0.9891304347826086,1,0.003424657534246575,0.9965753424657534,8.883561643835616,17.0,12.80454895913647,7,93.0,2594.0,12.41211175944707,7.0,62.06055879723535,0.7484999656677247,20.160611725114798,2.993999862670899,22.40611162211797,8.981999588012696,28.39411134745977,B_SES
5,HOUSEHOLD_2_228_CA_3,low,intermittent,SES,gaussian,7,0.9,6,0,292,112.0,112.0,0.0,1.0,0,0.0,1.0,11.023972602739725,22.0,12.699596147872011,6,115.0,3219.0,8.442157895369073,6.0,42.210789476845356,0.0,14.442157895369073,0.0,14.442157895369073,0.0,14.442157895369073,B_SES
6,FOODS_2_347_TX_2,high,regular,SES,gaussian,7,0.9,12,4,292,1785.0,1594.0,191.0,0.8929971988795519,13,0.04452054794520548,0.9554794520547946,79.04794520547945,244.0,25.206221297981113,12,1596.0,23082.0,19.698747628584297,12.0,98.49373814292149,25.49849959015847,57.19724721874277,101.99399836063388,133.69274598921817,305.98199508190163,337.6807427104859,B_SES
7,HOUSEHOLD_1_247_TX_2,high,regular,SES,gaussian,7,0.9,9,1,292,1273.0,1271.0,2.0,0.9984289080911233,1,0.003424657534246575,0.9965753424657534,74.43493150684931,158.0,21.34414538762365,9,1259.0,21735.0,10.108263996774204,9.0,50.54131998387101,0.14550000429153442,19.25376400106574,0.5820000171661377,19.690264013940343,1.746000051498413,20.85426404827262,B_SES
8,FOODS_3_729_TX_2,medium,intermittent,SES,gaussian,7,0.9,7,1,292,224.0,223.0,1.0,0.9955357142857143,1,0.003424657534246575,0.9965753424657534,19.424657534246574,40.0,14.350317348377999,8,254.0,5672.0,10.823419229951623,8.0,54.11709614975811,0.2985000014305115,19.121919231382137,1.194000005722046,20.01741923567367,3.5820000171661377,22.405419247117763,B_SES
9,HOBBIES_1_034_TX_2,medium,intermittent,SES,gaussian,7,0.9,8,1,292,281.0,278.0,3.0,0.9893238434163701,1,0.003424657534246575,0.9965753424657534,21.708904109589042,48.0,16.00725666508913,9,307.0,6339.0,14.162888577343665,9.0,70.81444288671833,1.0484999656677247,24.211388543011388,4.193999862670899,27.356888440014565,12.581999588012696,35.74488816535636,B_SES
10,FOODS_2_196_TX_2,low,intermittent,SES,gaussian,7,0.9,6,0,292,165.0,165.0,0.0,1.0,0,0.0,1.0,15.976027397260275,33.0,12.909967845659164,7,192.0,4665.0,8.812376840310554,7.0,44.06188420155277,0.0,15.812376840310554,0.0,15.812376840310554,0.0,15.812376840310554,B_SES
11,HOUSEHOLD_2_315_TX_2,low,intermittent,SES,gaussian,7,0.9,7,0,292,122.0,122.0,0.0,1.0,0,0.0,1.0,11.04109589041096,21.0,13.812034739454093,7,121.0,3224.0,11.855928885054915,7.0,59.279644425274576,0.0,18.855928885054915,0.0,18.855928885054915,0.0,18.855928885054915,B_SES
12,FOODS_2_056_WI_3,high,intermittent,SES,gaussian,7,0.9,17,0,292,1064.0,1064.0,0.0,1.0,0,0.0,1.0,50.70205479452055,103.0,26.231678486997634,17,1105.0,14805.0,49.546048080594566,17.0,247.73024040297284,0.0,66.54604808059457,0.0,66.54604808059457,0.0,66.54604808059457,B_SES
13,HOBBIES_1_312_WI_3,high,intermittent,SES,gaussian,7,0.9,6,1,292,799.0,790.0,9.0,0.9887359198998749,3,0.010273972602739725,0.9897260273972602,84.96575342465754,183.0,11.622329705763805,6,882.0,24810.0,6.780267038206531,6.0,33.90133519103266,0.3847499951720238,13.165017033378556,1.5389999806880952,14.319267018894626,4.616999942064286,17.397266980270818,B_SES
14,FOODS_3_128_WI_3,medium,intermittent,SES,gaussian,7,0.9,4,2,292,156.0,151.0,5.0,0.967948717948718,3,0.010273972602739725,0.9897260273972602,27.606164383561644,47.0,6.837241037092171,4,149.0,8061.0,11.51729185453833,4.0,57.58645927269164,1.1175000071525576,16.63479186169089,4.47000002861023,19.98729188314856,13.410000085830692,28.927291940369024,B_SES
15,HOBBIES_1_036_WI_3,medium,intermittent,SES,gaussian,7,0.9,4,1,292,242.0,239.0,3.0,0.987603305785124,3,0.010273972602739725,0.9897260273972602,33.67465753424658,72.0,8.871656666327672,5,287.0,9833.0,5.280186323850122,5.0,26.40093161925061,0.2520000010728837,10.532186324923005,1.0080000042915347,11.288186328141657,3.024000012874604,13.304186336724726,B_SES
16,FOODS_3_520_WI_3,low,intermittent,SES,gaussian,7,0.9,8,2,292,206.0,203.0,3.0,0.9854368932038835,3,0.010273972602739725,0.9897260273972602,15.780821917808218,34.0,16.07964409722222,8,218.0,4608.0,8.79307401474208,8.0,43.9653700737104,0.8955000042915344,17.688574019033616,3.5820000171661377,20.37507403190822,10.746000051498413,27.539074066240495,B_SES
17,HOUSEHOLD_1_464_WI_3,low,intermittent,SES,gaussian,7,0.9,5,0,292,49.0,49.0,0.0,1.0,0,0.0,1.0,6.993150684931507,13.0,8.758570029382957,5,53.0,2042.0,9.271519439514368,5.0,46.35759719757185,0.0,14.271519439514368,0.0,14.271519439514368,0.0,14.271519439514368,B_SES
0,FOODS_3_449_CA_3,high,regular,SES,gaussian,7,0.95,13,2,292,1628.0,1574.0,54.0,0.9668304668304668,5,0.017123287671232876,0.9828767123287672,77.47602739726027,192.0,25.394952039959332,13,1558.0,22623.0,21.47635500140386,13.0,107.38177500701929,8.019000077247622,42.495355078651485,32.07600030899049,66.55235531039435,96.22800092697146,130.70435592837532,B_SES
1,HOUSEHOLD_1_114_CA_3,high,regular,SES,gaussian,7,0.95,7,1,292,941.0,936.0,5.0,0.9946865037194474,1,0.003424657534246575,0.9965753424657534,77.35616438356165,181.0,15.124845050469276,7,938.0,22588.0,10.504967433132538,7.0,52.52483716566269,0.36375001072883606,17.868717443861375,1.4550000429153442,18.959967476047883,4.365000128746033,21.86996756187857,B_SES
2,FOODS_3_784_CA_3,medium,intermittent,SES,gaussian,7,0.95,3,0,292,213.0,213.0,0.0,1.0,0,0.0,1.0,39.43835616438356,105.0,6.751042028482112,4,282.0,11516.0,5.521369863013699,4.0,27.606849315068494,0.0,9.5213698630137,0.0,9.5213698630137,0.0,9.5213698630137,B_SES
3,HOUSEHOLD_2_270_CA_3,medium,intermittent,SES,gaussian,7,0.95,5,1,292,118.0,112.0,6.0,0.9491525423728814,3,0.010273972602739725,0.9897260273972602,12.517123287671232,46.0,11.18467852257182,5,134.0,3655.0,10.2340002673946,5.0,51.170001336973,2.628000068664551,17.86200033605915,10.512000274658204,25.746000542052805,31.53600082397461,46.77000109136921,B_SES
4,HOBBIES_1_377_CA_3,low,intermittent,SES,gaussian,7,0.95,7,1,292,92.0,91.0,1.0,0.9891304347826086,1,0.003424657534246575,0.9965753424657534,9.284246575342467,17.0,12.251936554776835,7,93.0,2711.0,12.97194872006978,7.0,64.8597436003489,0.7484999656677247,20.720448685737505,2.993999862670899,22.96594858274068,8.981999588012696,28.953948308082474,B_SES
5,HOUSEHOLD_2_228_CA_3,low,intermittent,SES,gaussian,7,0.95,6,1,292,112.0,110.0,2.0,0.9821428571428571,1,0.003424657534246575,0.9965753424657534,11.356164383561644,23.0,12.107961399276236,6,113.0,3316.0,8.696550351364971,6.0,43.482751756824854,0.8204999685287477,15.51705031989372,3.281999874114991,17.978550225479964,9.845999622344973,24.542549973709946,B_SES
6,FOODS_2_347_TX_2,high,regular,SES,gaussian,7,0.95,12,3,292,1785.0,1639.0,146.0,0.9182072829131652,11,0.03767123287671233,0.9623287671232876,78.36643835616438,201.0,26.143206747367042,13,1665.0,22883.0,19.52891612446471,13.0,97.64458062232356,19.490999686717995,52.01991581118271,77.96399874687198,110.4929148713367,233.89199624061592,266.42091236508065,B_SES
7,HOUSEHOLD_1_247_TX_2,high,regular,SES,gaussian,7,0.95,9,0,292,1273.0,1273.0,0.0,1.0,0,0.0,1.0,76.35958904109589,160.0,20.838902094452173,9,1262.0,22297.0,10.369632497633974,9.0,51.84816248816986,0.0,19.369632497633972,0.0,19.369632497633972,0.0,19.369632497633972,B_SES
8,FOODS_3_729_TX_2,medium,intermittent,SES,gaussian,7,0.95,8,0,292,224.0,224.0,0.0,1.0,0,0.0,1.0,21.565068493150687,45.0,12.983960616166428,8,247.0,6297.0,12.016056221968507,8.0,60.08028110984254,0.0,20.016056221968505,0.0,20.016056221968505,0.0,20.016056221968505,B_SES
9,HOBBIES_1_034_TX_2,medium,intermittent,SES,gaussian,7,0.95,8,0,292,281.0,281.0,0.0,1.0,0,0.0,1.0,22.84246575342466,46.0,15.377061469265367,9,312.0,6670.0,14.902424169566531,9.0,74.51212084783266,0.0,23.90242416956653,0.0,23.90242416956653,0.0,23.90242416956653,B_SES
10,FOODS_2_196_TX_2,low,intermittent,SES,gaussian,7,0.95,6,0,292,165.0,165.0,0.0,1.0,0,0.0,1.0,18.17808219178082,36.0,11.346081386586286,7,193.0,5308.0,10.02703028260845,7.0,50.135151413042244,0.0,17.02703028260845,0.0,17.02703028260845,0.0,17.02703028260845,B_SES
11,HOUSEHOLD_2_315_TX_2,low,intermittent,SES,gaussian,7,0.95,7,0,292,122.0,122.0,0.0,1.0,0,0.0,1.0,11.04109589041096,21.0,13.812034739454093,7,121.0,3224.0,11.855928885054915,7.0,59.279644425274576,0.0,18.855928885054915,0.0,18.855928885054915,0.0,18.855928885054915,B_SES
12,FOODS_2_056_WI_3,high,intermittent,SES,gaussian,7,0.95,17,1,292,1064.0,1059.0,5.0,0.9953007518796992,2,0.00684931506849315,0.9931506849315068,52.40068493150685,108.0,25.262074374223907,17,1105.0,15301.0,51.205949454993416,17.0,256.02974727496706,2.617500007152558,70.82344946214597,10.470000028610231,78.67594948360365,31.410000085830696,99.61594954082412,B_SES
13,HOBBIES_1_312_WI_3,high,intermittent,SES,gaussian,7,0.95,6,2,292,799.0,787.0,12.0,0.9849812265331664,4,0.0136986301369863,0.9863013698630136,87.98972602739725,185.0,11.180282567236212,6,874.0,25693.0,7.021580048877081,6.0,35.107900244385405,0.5129999935626984,13.534580042439778,2.0519999742507937,15.073580023127874,6.155999922752381,19.177579971629463,B_SES
14,FOODS_3_128_WI_3,medium,intermittent,SES,gaussian,7,0.95,5,0,292,156.0,156.0,0.0,1.0,0,0.0,1.0,24.376712328767123,51.0,7.999438044394493,5,190.0,7118.0,10.169964448654488,5.0,50.849822243272435,0.0,15.169964448654488,0.0,15.169964448654488,0.0,15.169964448654488,B_SES
15,HOBBIES_1_036_WI_3,medium,intermittent,SES,gaussian,7,0.95,4,1,292,242.0,241.0,1.0,0.9958677685950413,1,0.003424657534246575,0.9965753424657534,34.88013698630137,74.0,8.636720667648502,5,288.0,10185.0,5.469205502737058,5.0,27.346027513685293,0.08400000035762789,10.553205503094686,0.33600000143051156,10.805205504167569,1.0080000042915347,11.477205507028593,B_SES
16,FOODS_3_520_WI_3,low,intermittent,SES,gaussian,7,0.95,8,1,292,206.0,201.0,5.0,0.9757281553398058,4,0.0136986301369863,0.9863013698630136,15.743150684931507,35.0,15.959321296497716,8,222.0,4597.0,8.772083603682583,8.0,43.860418018412915,1.4925000071525574,18.26458361083514,5.9700000286102295,22.74208363229281,17.91000008583069,34.68208368951327,B_SES
17,HOUSEHOLD_1_464_WI_3,low,intermittent,SES,gaussian,7,0.95,5,0,292,49.0,49.0,0.0,1.0,0,0.0,1.0,6.993150684931507,13.0,8.758570029382957,5,53.0,2042.0,9.271519439514368,5.0,46.35759719757185,0.0,14.271519439514368,0.0,14.271519439514368,0.0,14.271519439514368,B_SES
0,FOODS_3_449_CA_3,high,regular,SES,gaussian,7,0.98,13,1,292,1628.0,1582.0,46.0,0.9717444717444718,4,0.0136986301369863,0.9863013698630136,82.17123287671232,197.0,24.065599733266648,13,1571.0,23994.0,22.777865972845518,13.0,113.88932986422759,6.831000065803529,42.60886603864905,27.324000263214117,63.101866236059635,81.97200078964235,117.74986676248787,B_SES
1,HOUSEHOLD_1_114_CA_3,high,regular,SES,gaussian,7,0.98,7,1,292,941.0,936.0,5.0,0.9946865037194474,1,0.003424657534246575,0.9965753424657534,80.82191780821918,186.0,14.476271186440677,7,943.0,23600.0,10.97561676208287,7.0,54.87808381041436,0.36375001072883606,18.339366772811708,1.4550000429153442,19.430616804998216,4.365000128746033,22.340616890828905,B_SES
2,FOODS_3_784_CA_3,medium,intermittent,SES,gaussian,7,0.98,3,0,292,213.0,213.0,0.0,1.0,0,0.0,1.0,47.84931506849315,88.0,5.564342971657601,4,308.0,13972.0,6.698904109589041,4.0,33.4945205479452,0.0,10.69890410958904,0.0,10.69890410958904,0.0,10.69890410958904,B_SES
3,HOUSEHOLD_2_270_CA_3,medium,intermittent,SES,gaussian,7,0.98,5,1,292,118.0,113.0,5.0,0.9576271186440678,3,0.010273972602739725,0.9897260273972602,13.482876712328768,47.0,10.476250952501905,5,137.0,3937.0,11.023600288025321,5.0,55.118001440126605,2.190000057220459,18.21360034524578,8.760000228881836,24.783600516907157,26.28000068664551,42.30360097467083,B_SES
4,HOBBIES_1_377_CA_3,low,intermittent,SES,gaussian,7,0.98,7,0,292,92.0,92.0,0.0,1.0,0,0.0,1.0,10.136986301369863,18.0,11.344594594594595,7,95.0,2960.0,14.163396610625801,7.0,70.81698305312901,0.0,21.163396610625803,0.0,21.163396610625803,0.0,21.163396610625803,B_SES
5,HOUSEHOLD_2_228_CA_3,low,intermittent,SES,gaussian,7,0.98,6,0,292,112.0,112.0,0.0,1.0,0,0.0,1.0,14.599315068493151,27.0,9.589490968801313,6,116.0,4263.0,11.180155050623906,6.0,55.900775253119534,0.0,17.180155050623906,0.0,17.180155050623906,0.0,17.180155050623906,B_SES
6,FOODS_2_347_TX_2,high,regular,SES,gaussian,7,0.98,13,3,292,1785.0,1653.0,132.0,0.9260504201680673,9,0.030821917808219176,0.9691780821917808,77.14041095890411,194.0,26.785571587125414,13,1646.0,22525.0,19.22339010197822,13.0,96.11695050989111,17.621999716758733,49.84538981873696,70.48799886703493,102.71138896901316,211.4639966011048,243.68738670308304,B_SES
7,HOUSEHOLD_1_247_TX_2,high,regular,SES,gaussian,7,0.98,9,0,292,1273.0,1273.0,0.0,1.0,0,0.0,1.0,78.46575342465754,162.0,20.279547835195533,9,1264.0,22912.0,10.655649629357743,9.0,53.27824814678871,0.0,19.655649629357743,0.0,19.655649629357743,0.0,19.655649629357743,B_SES
8,FOODS_3_729_TX_2,medium,intermittent,SES,gaussian,7,0.98,8,0,292,224.0,224.0,0.0,1.0,0,0.0,1.0,23.352739726027398,47.0,11.990027863323068,8,249.0,6819.0,13.012146637701008,8.0,65.06073318850504,0.0,21.012146637701008,0.0,21.012146637701008,0.0,21.012146637701008,B_SES
9,HOBBIES_1_034_TX_2,medium,intermittent,SES,gaussian,7,0.98,9,2,292,281.0,276.0,5.0,0.9822064056939501,2,0.00684931506849315,0.9931506849315068,21.897260273972602,46.0,15.755395683453237,9,286.0,6394.0,14.285772134963779,9.0,71.42886067481889,1.7474999427795412,25.03327207774332,6.989999771118165,30.275771906081943,20.969999313354496,44.25577144831827,B_SES
10,FOODS_2_196_TX_2,low,intermittent,SES,gaussian,7,0.98,6,0,292,165.0,165.0,0.0,1.0,0,0.0,1.0,21.102739726027398,36.0,9.77361246348588,7,195.0,6162.0,11.640271401927896,7.0,58.20135700963948,0.0,18.640271401927897,0.0,18.640271401927897,0.0,18.640271401927897,B_SES
11,HOUSEHOLD_2_315_TX_2,low,intermittent,SES,gaussian,7,0.98,7,0,292,122.0,122.0,0.0,1.0,0,0.0,1.0,11.804794520547945,21.0,12.91847983753989,7,122.0,3447.0,12.675988482253192,7.0,63.37994241126596,0.0,19.675988482253192,0.0,19.675988482253192,0.0,19.675988482253192,B_SES
12,FOODS_2_056_WI_3,high,intermittent,SES,gaussian,7,0.98,17,0,292,1064.0,1064.0,0.0,1.0,0,0.0,1.0,58.06849315068493,110.0,22.903986789337107,17,1115.0,16956.0,56.744531661908916,17.0,283.72265830954456,0.0,73.74453166190892,0.0,73.74453166190892,0.0,73.74453166190892,B_SES
13,HOBBIES_1_312_WI_3,high,intermittent,SES,gaussian,7,0.98,6,2,292,799.0,795.0,4.0,0.9949937421777222,2,0.00684931506849315,0.9931506849315068,90.71575342465754,189.0,10.954547170523613,6,886.0,26489.0,7.239117032448722,6.0,36.19558516224361,0.1709999978542328,13.410117030302954,0.6839999914169312,13.923117023865652,2.0519999742507937,15.291117006699515,B_SES
14,FOODS_3_128_WI_3,medium,intermittent,SES,gaussian,7,0.98,4,1,292,156.0,155.0,1.0,0.9935897435897436,1,0.003424657534246575,0.9965753424657534,28.982876712328768,55.0,6.684981684981685,4,156.0,8463.0,12.091656241776192,4.0,60.458281208880955,0.22350000143051152,16.315156243206705,0.8940000057220461,16.985656247498238,2.6820000171661382,18.77365625894233,B_SES
15,HOBBIES_1_036_WI_3,medium,intermittent,SES,gaussian,7,0.98,5,0,292,242.0,242.0,0.0,1.0,0,0.0,1.0,36.02739726027397,75.0,8.39638783269962,5,290.0,10520.0,5.649095914461841,5.0,28.245479572309204,0.0,10.649095914461842,0.0,10.649095914461842,0.0,10.649095914461842,B_SES
16,FOODS_3_520_WI_3,low,intermittent,SES,gaussian,7,0.98,8,1,292,206.0,205.0,1.0,0.9951456310679612,1,0.003424657534246575,0.9965753424657534,17.29794520547945,35.0,14.81389823797268,8,219.0,5051.0,9.638415114683648,8.0,48.192075573418236,0.2985000014305115,17.936915116114157,1.194000005722046,18.83241512040569,3.5820000171661377,21.220415131849784,B_SES
17,HOUSEHOLD_1_464_WI_3,low,intermittent,SES,gaussian,7,0.98,5,0,292,49.0,49.0,0.0,1.0,0,0.0,1.0,8.558219178082192,14.0,7.1568627450980395,5,50.0,2499.0,11.34648730624212,5.0,56.7324365312106,0.0,16.346487306242118,0.0,16.346487306242118,0.0,16.346487306242118,B_SES
0,FOODS_3_449_CA_3,high,regular,SES,gaussian,14,0.9,12,3,292,1628.0,1537.0,91.0,0.9441031941031941,7,0.023972602739726026,0.976027397260274,104.07191780821918,277.0,18.46079173385106,13,1629.0,30389.0,28.848735894340358,13.0,144.2436794717018,13.513500130176547,55.3622360245169,54.05400052070619,95.90273641504655,162.16200156211858,204.01073745645894,B_SES
1,HOUSEHOLD_1_114_CA_3,high,regular,SES,gaussian,14,0.9,6,2,292,941.0,911.0,30.0,0.9681190223166843,6,0.02054794520547945,0.9794520547945206,82.32534246575342,214.0,13.832314156162901,7,975.0,24039.0,11.179781836597886,7.0,55.898909182989435,2.1825000643730164,20.362281900970903,8.730000257492065,26.90978209408995,26.190000772476196,44.36978260907408,B_SES
2,FOODS_3_784_CA_3,medium,intermittent,SES,gaussian,14,0.9,3,0,292,213.0,213.0,0.0,1.0,0,0.0,1.0,57.49657534246575,104.0,4.6307105843111565,3,226.0,16789.0,8.049520547945205,3.0,40.24760273972603,0.0,11.049520547945205,0.0,11.049520547945205,0.0,11.049520547945205,B_SES
3,HOUSEHOLD_2_270_CA_3,medium,intermittent,SES,gaussian,14,0.9,5,2,292,118.0,107.0,11.0,0.9067796610169492,5,0.017123287671232876,0.9828767123287672,13.726027397260275,45.0,9.744261477045908,6,158.0,4008.0,11.222400293219579,6.0,56.112001466097894,4.8180001258850105,22.04040041910459,19.272000503540042,36.49440079675962,57.816001510620126,75.0384018038397,B_SES
4,HOBBIES_1_377_CA_3,low,intermittent,SES,gaussian,14,0.9,7,0,292,92.0,92.0,0.0,1.0,0,0.0,1.0,9.373287671232877,18.0,12.268907563025211,7,96.0,2737.0,13.096356933541493,7.0,65.48178466770747,0.0,20.096356933541493,0.0,20.096356933541493,0.0,20.096356933541493,B_SES
5,HOUSEHOLD_2_228_CA_3,low,intermittent,SES,gaussian,14,0.9,6,0,292,112.0,112.0,0.0,1.0,0,0.0,1.0,13.455479452054794,26.0,10.404683125477222,7,131.0,3929.0,10.30420576915349,7.0,51.52102884576745,0.0,17.30420576915349,0.0,17.30420576915349,0.0,17.30420576915349,B_SES
6,FOODS_2_347_TX_2,high,regular,SES,gaussian,14,0.9,11,5,292,1785.0,1532.0,253.0,0.8582633053221288,16,0.0547945205479452,0.9452054794520548,94.8013698630137,306.0,20.200130048406905,12,1509.0,27682.0,23.624500990142558,12.0,118.1225049507128,33.77549945712091,69.40000044726347,135.10199782848363,170.7264988186262,405.30599348545087,440.93049447559343,B_SES
7,HOUSEHOLD_1_247_TX_2,high,regular,SES,gaussian,14,0.9,9,1,292,1273.0,1272.0,1.0,0.9992144540455616,1,0.003424657534246575,0.9965753424657534,77.97602739726027,166.0,20.390882340023715,9,1272.0,22769.0,10.58914483287563,9.0,52.94572416437815,0.07275000214576721,19.6618948350214,0.29100000858306885,19.8801448414587,0.8730000257492065,20.46214485862484,B_SES
8,FOODS_3_729_TX_2,medium,intermittent,SES,gaussian,14,0.9,8,0,292,224.0,224.0,0.0,1.0,0,0.0,1.0,22.982876712328768,40.0,12.18298316197288,8,270.0,6711.0,12.80605896548049,8.0,64.03029482740246,0.0,20.80605896548049,0.0,20.80605896548049,0.0,20.80605896548049,B_SES
9,HOBBIES_1_034_TX_2,medium,intermittent,SES,gaussian,14,0.9,8,1,292,281.0,276.0,5.0,0.9822064056939501,3,0.010273972602739725,0.9897260273972602,26.561643835616437,55.0,12.988653945332647,9,312.0,7756.0,17.328815870938236,9.0,86.64407935469117,1.7474999427795412,28.076315813717777,6.989999771118165,33.3188156420564,20.969999313354496,47.298815184292735,B_SES
10,FOODS_2_196_TX_2,low,intermittent,SES,gaussian,14,0.9,6,0,292,165.0,165.0,0.0,1.0,0,0.0,1.0,23.904109589041095,42.0,8.628223495702006,7,204.0,6980.0,13.185507040807646,7.0,65.92753520403822,0.0,20.185507040807646,0.0,20.185507040807646,0.0,20.185507040807646,B_SES
11,HOUSEHOLD_2_315_TX_2,low,intermittent,SES,gaussian,14,0.9,7,1,292,122.0,120.0,2.0,0.9836065573770492,1,0.003424657534246575,0.9965753424657534,11.36986301369863,21.0,13.19277108433735,7,121.0,3320.0,12.208959025552828,7.0,61.04479512776414,1.150500011444092,20.35945903699692,4.602000045776368,23.810959071329197,13.806000137329104,33.01495916288194,B_SES
12,FOODS_2_056_WI_3,high,intermittent,SES,gaussian,14,0.9,16,2,292,1064.0,1056.0,8.0,0.9924812030075187,1,0.003424657534246575,0.9965753424657534,74.07534246575342,148.0,17.819694868238557,17,1150.0,21630.0,72.38642485533674,17.0,361.93212427668374,4.1880000114440925,93.57442486678083,16.75200004577637,106.13842490111311,50.25600013732911,139.64242499266584,B_SES
13,HOBBIES_1_312_WI_3,high,intermittent,SES,gaussian,14,0.9,6,0,292,799.0,799.0,0.0,1.0,0,0.0,1.0,86.70205479452055,203.0,11.519334834301063,6,880.0,25317.0,6.91882388578294,6.0,34.5941194289147,0.0,12.91882388578294,0.0,12.91882388578294,0.0,12.91882388578294,B_SES
14,FOODS_3_128_WI_3,medium,intermittent,SES,gaussian,14,0.9,4,1,292,156.0,144.0,12.0,0.9230769230769231,5,0.017123287671232876,0.9828767123287672,33.06849315068493,60.0,5.4432477216238615,4,158.0,9656.0,13.796175430768157,4.0,68.98087715384078,2.6820000171661382,20.478175447934298,10.728000068664553,28.52417549943271,32.184000205993655,49.980175636761814,B_SES
15,HOBBIES_1_036_WI_3,medium,intermittent,SES,gaussian,14,0.9,4,0,292,242.0,242.0,0.0,1.0,0,0.0,1.0,34.70890410958904,72.0,8.715342871238283,5,291.0,10135.0,5.442356187554255,5.0,27.211780937771273,0.0,10.442356187554255,0.0,10.442356187554255,0.0,10.442356187554255,B_SES
16,FOODS_3_520_WI_3,low,intermittent,SES,gaussian,14,0.9,8,1,292,206.0,205.0,1.0,0.9951456310679612,1,0.003424657534246575,0.9965753424657534,17.051369863013697,38.0,15.028118096003215,8,222.0,4979.0,9.501023333203301,8.0,47.50511666601651,0.2985000014305115,17.79952333463381,1.194000005722046,18.695023338925346,3.5820000171661377,21.083023350369437,B_SES
17,HOUSEHOLD_1_464_WI_3,low,intermittent,SES,gaussian,14,0.9,5,0,292,49.0,49.0,0.0,1.0,0,0.0,1.0,8.35958904109589,14.0,7.326915198689061,6,61.0,2441.0,11.083143463200084,6.0,55.41571731600043,0.0,17.083143463200084,0.0,17.083143463200084,0.0,17.083143463200084,B_SES
0,FOODS_3_449_CA_3,high,regular,SES,gaussian,14,0.95,12,5,292,1628.0,1534.0,94.0,0.9422604422604423,8,0.0273972602739726,0.9726027397260274,101.11986301369863,274.0,18.96264435939987,13,1587.0,29527.0,28.030426297416422,13.0,140.15213148708213,13.959000134468083,54.98942643188451,55.83600053787233,96.86642683528876,167.50800161361698,208.5384279110334,B_SES
1,HOUSEHOLD_1_114_CA_3,high,regular,SES,gaussian,14,0.95,7,2,292,941.0,918.0,23.0,0.975557917109458,5,0.017123287671232876,0.9828767123287672,88.64041095890411,205.0,12.94556272456825,7,958.0,25883.0,12.037368163262329,7.0,60.186840816311644,1.6732500493526459,20.710618212614975,6.6930001974105835,25.730368360672912,20.07900059223175,39.11636875549408,B_SES
2,FOODS_3_784_CA_3,medium,intermittent,SES,gaussian,14,0.95,3,0,292,213.0,213.0,0.0,1.0,0,0.0,1.0,59.284246575342465,106.0,4.491075038992548,3,228.0,17311.0,8.299794520547945,3.0,41.49897260273972,0.0,11.299794520547945,0.0,11.299794520547945,0.0,11.299794520547945,B_SES
3,HOUSEHOLD_2_270_CA_3,medium,intermittent,SES,gaussian,14,0.95,5,2,292,118.0,109.0,9.0,0.923728813559322,4,0.0136986301369863,0.9863013698630136,15.35958904109589,47.0,8.870680044593088,6,162.0,4485.0,12.55800032811622,6.0,62.7900016405811,3.9420001029968263,22.500000431113047,15.768000411987305,34.326000740103524,47.30400123596192,65.86200156407814,B_SES
4,HOBBIES_1_377_CA_3,low,intermittent,SES,gaussian,14,0.95,7,0,292,92.0,92.0,0.0,1.0,0,0.0,1.0,9.876712328767123,19.0,11.643550624133148,7,97.0,2884.0,13.79974183278541,7.0,68.99870916392705,0.0,20.799741832785408,0.0,20.799741832785408,0.0,20.799741832785408,B_SES
5,HOUSEHOLD_2_228_CA_3,low,intermittent,SES,gaussian,14,0.95,6,0,292,112.0,112.0,0.0,1.0,0,0.0,1.0,13.948630136986301,27.0,10.036827890989443,7,132.0,4073.0,10.68186054918864,7.0,53.409302745943194,0.0,17.68186054918864,0.0,17.68186054918864,0.0,17.68186054918864,B_SES
6,FOODS_2_347_TX_2,high,regular,SES,gaussian,14,0.95,11,5,292,1785.0,1549.0,236.0,0.8677871148459384,15,0.05136986301369863,0.9486301369863014,98.42465753424658,306.0,19.67240779401531,12,1532.0,28740.0,24.527424263300958,12.0,122.63712131650479,31.50599949359895,68.03342375689991,126.0239979743958,162.55142223769676,378.0719939231874,414.5994181864884,B_SES
7,HOUSEHOLD_1_247_TX_2,high,regular,SES,gaussian,14,0.95,9,0,292,1273.0,1273.0,0.0,1.0,0,0.0,1.0,81.07191780821918,169.0,19.627634858277364,9,1276.0,23673.0,11.009566763084228,9.0,55.04783381542115,0.0,20.00956676308423,0.0,20.00956676308423,0.0,20.00956676308423,B_SES
8,FOODS_3_729_TX_2,medium,intermittent,SES,gaussian,14,0.95,8,0,292,224.0,224.0,0.0,1.0,0,0.0,1.0,24.982876712328768,55.0,11.207676490747087,8,257.0,7295.0,13.920458970821066,8.0,69.60229485410534,0.0,21.920458970821066,0.0,21.920458970821066,0.0,21.920458970821066,B_SES
9,HOBBIES_1_034_TX_2,medium,intermittent,SES,gaussian,14,0.95,9,2,292,281.0,280.0,1.0,0.99644128113879,1,0.003424657534246575,0.9965753424657534,27.76027397260274,56.0,12.607944732297064,9,285.0,8106.0,18.110802146702596,9.0,90.55401073351298,0.34949998855590825,27.460302135258505,1.397999954223633,28.50880210092623,4.193999862670899,31.304802009373496,B_SES
10,FOODS_2_196_TX_2,low,intermittent,SES,gaussian,14,0.95,6,0,292,165.0,165.0,0.0,1.0,0,0.0,1.0,25.92808219178082,44.0,7.95469554880465,7,196.0,7571.0,14.301930344692648,7.0,71.50965172346324,0.0,21.30193034469265,0.0,21.30193034469265,0.0,21.30193034469265,B_SES
11,HOUSEHOLD_2_315_TX_2,low,intermittent,SES,gaussian,14,0.95,7,1,292,122.0,120.0,2.0,0.9836065573770492,1,0.003424657534246575,0.9965753424657534,12.10958904109589,22.0,12.386877828054299,7,122.0,3536.0,13.003276841673133,7.0,65.01638420836566,1.150500011444092,21.153776853117225,4.602000045776368,24.605276887449502,13.806000137329104,33.809276979002234,B_SES
12,FOODS_2_056_WI_3,high,intermittent,SES,gaussian,14,0.95,16,0,292,1064.0,1064.0,0.0,1.0,0,0.0,1.0,83.88698630136986,158.0,15.854664217187182,17,1168.0,24495.0,81.97436323770104,17.0,409.8718161885052,0.0,98.97436323770104,0.0,98.97436323770104,0.0,98.97436323770104,B_SES
13,HOBBIES_1_312_WI_3,high,intermittent,SES,gaussian,14,0.95,6,0,292,799.0,799.0,0.0,1.0,0,0.0,1.0,92.45890410958904,209.0,10.802096451589007,6,886.0,26998.0,7.378220455360738,6.0,36.89110227680369,0.0,13.378220455360738,0.0,13.378220455360738,0.0,13.378220455360738,B_SES
14,FOODS_3_128_WI_3,medium,intermittent,SES,gaussian,14,0.95,4,1,292,156.0,146.0,10.0,0.9358974358974359,4,0.0136986301369863,0.9863013698630136,37.0958904109589,62.0,4.919682422451994,4,161.0,10832.0,15.47640557850877,4.0,77.38202789254383,2.235000014305115,21.711405592813882,8.94000005722046,28.416405635729227,26.820000171661384,46.29640575017015,B_SES
15,HOBBIES_1_036_WI_3,medium,intermittent,SES,gaussian,14,0.95,4,0,292,242.0,242.0,0.0,1.0,0,0.0,1.0,38.88013698630137,74.0,7.780322381749317,4,253.0,11353.0,6.096405505407346,4.0,30.48202752703673,0.0,10.096405505407347,0.0,10.096405505407347,0.0,10.096405505407347,B_SES
16,FOODS_3_520_WI_3,low,intermittent,SES,gaussian,14,0.95,8,0,292,206.0,206.0,0.0,1.0,0,0.0,1.0,18.28767123287671,39.0,14.08052434456929,8,224.0,5340.0,10.189890459792254,8.0,50.94945229896127,0.0,18.189890459792252,0.0,18.189890459792252,0.0,18.189890459792252,B_SES
17,HOUSEHOLD_1_464_WI_3,low,intermittent,SES,gaussian,14,0.95,5,0,292,49.0,49.0,0.0,1.0,0,0.0,1.0,9.308219178082192,15.0,6.580206033848418,6,62.0,2718.0,12.340837334280144,6.0,61.70418667140073,0.0,18.340837334280145,0.0,18.340837334280145,0.0,18.340837334280145,B_SES
0,FOODS_3_449_CA_3,high,regular,SES,gaussian,14,0.98,12,3,292,1628.0,1540.0,88.0,0.9459459459459459,6,0.02054794520547945,0.9794520547945206,109.22260273972603,301.0,17.62455711284608,13,1619.0,31893.0,30.276505771107868,13.0,151.38252885553933,13.068000125885012,56.34450589699288,52.27200050354005,95.5485062746479,156.81600151062014,200.092507281728,B_SES
1,HOUSEHOLD_1_114_CA_3,high,regular,SES,gaussian,14,0.98,7,2,292,941.0,937.0,4.0,0.9957492029755579,2,0.00684931506849315,0.9931506849315068,86.6917808219178,230.0,13.510508019277871,8,1028.0,25314.0,11.772744182854483,8.0,58.863720914272406,0.29100000858306885,20.06374419143755,1.1640000343322754,20.936744217186757,3.492000102996826,23.264744285851307,B_SES
2,FOODS_3_784_CA_3,medium,intermittent,SES,gaussian,14,0.98,3,0,292,213.0,213.0,0.0,1.0,0,0.0,1.0,56.12328767123287,100.0,4.744020014644862,4,294.0,16388.0,7.857260273972603,4.0,39.28630136986301,0.0,11.857260273972603,0.0,11.857260273972603,0.0,11.857260273972603,B_SES
3,HOUSEHOLD_2_270_CA_3,medium,intermittent,SES,gaussian,14,0.98,5,2,292,118.0,111.0,7.0,0.940677966101695,3,0.010273972602739725,0.9897260273972602,17.003424657534246,49.0,8.16012084592145,6,166.0,4965.0,13.902000363232338,6.0,69.51000181616169,3.066000080108643,22.968000443340983,12.264000320434572,32.16600068366691,36.792000961303714,56.69400132453605,B_SES
4,HOBBIES_1_377_CA_3,low,intermittent,SES,gaussian,14,0.98,7,0,292,92.0,92.0,0.0,1.0,0,0.0,1.0,10.856164383561644,20.0,10.593059936908517,7,98.0,3170.0,15.168232180974254,7.0,75.84116090487127,0.0,22.168232180974254,0.0,22.168232180974254,0.0,22.168232180974254,B_SES
5,HOUSEHOLD_2_228_CA_3,low,intermittent,SES,gaussian,14,0.98,6,0,292,112.0,112.0,0.0,1.0,0,0.0,1.0,14.897260273972602,28.0,9.397701149425288,7,133.0,4350.0,11.408321480228476,7.0,57.04160740114237,0.0,18.408321480228476,0.0,18.408321480228476,0.0,18.408321480228476,B_SES
6,FOODS_2_347_TX_2,high,regular,SES,gaussian,14,0.98,11,4,292,1785.0,1595.0,190.0,0.8935574229691877,11,0.03767123287671233,0.9623287671232876,99.77739726027397,244.0,19.981980435901836,13,1653.0,29135.0,24.864526997608678,13.0,124.32263498804339,25.364999592304237,63.229526589912915,101.45999836921695,139.32452536682564,304.37999510765087,342.24452210525953,B_SES
7,HOUSEHOLD_1_247_TX_2,high,regular,SES,gaussian,14,0.98,9,0,292,1273.0,1273.0,0.0,1.0,0,0.0,1.0,84.31849315068493,173.0,18.87189797327485,9,1279.0,24621.0,11.450451707595015,9.0,57.252258537975074,0.0,20.450451707595015,0.0,20.450451707595015,0.0,20.450451707595015,B_SES
8,FOODS_3_729_TX_2,medium,intermittent,SES,gaussian,14,0.98,8,0,292,224.0,224.0,0.0,1.0,0,0.0,1.0,27.77054794520548,46.0,10.08262424466642,8,275.0,8109.0,15.473749389223856,8.0,77.36874694611929,0.0,23.473749389223855,0.0,23.473749389223855,0.0,23.473749389223855,B_SES
9,HOBBIES_1_034_TX_2,medium,intermittent,SES,gaussian,14,0.98,9,0,292,281.0,281.0,0.0,1.0,0,0.0,1.0,30.013698630136986,57.0,11.702989502510269,9,291.0,8764.0,19.580936345139595,9.0,97.90468172569797,0.0,28.580936345139595,0.0,28.580936345139595,0.0,28.580936345139595,B_SES
10,FOODS_2_196_TX_2,low,intermittent,SES,gaussian,14,0.98,6,0,292,165.0,165.0,0.0,1.0,0,0.0,1.0,28.40753424657534,46.0,7.260397830018084,7,199.0,8295.0,15.669596117979859,7.0,78.3479805898993,0.0,22.669596117979857,0.0,22.669596117979857,0.0,22.669596117979857,B_SES
11,HOUSEHOLD_2_315_TX_2,low,intermittent,SES,gaussian,14,0.98,7,1,292,122.0,121.0,1.0,0.9918032786885246,1,0.003424657534246575,0.9965753424657534,12.845890410958905,23.0,11.774193548387096,7,124.0,3751.0,13.793917260496583,7.0,68.96958630248292,0.575250005722046,21.369167266218632,2.301000022888184,23.094917283384767,6.903000068664552,27.69691732916114,B_SES
12,FOODS_2_056_WI_3,high,intermittent,SES,gaussian,14,0.98,16,0,292,1064.0,1064.0,0.0,1.0,0,0.0,1.0,94.57191780821918,170.0,14.063371356147021,17,1180.0,27615.0,92.41567833472604,17.0,462.0783916736302,0.0,109.41567833472604,0.0,109.41567833472604,0.0,109.41567833472604,B_SES
13,HOBBIES_1_312_WI_3,high,intermittent,SES,gaussian,14,0.98,6,0,292,799.0,799.0,0.0,1.0,0,0.0,1.0,98.1541095890411,215.0,10.175325355012037,6,892.0,28661.0,7.832697846918072,6.0,39.163489234590365,0.0,13.832697846918073,0.0,13.832697846918073,0.0,13.832697846918073,B_SES
14,FOODS_3_128_WI_3,medium,intermittent,SES,gaussian,14,0.98,4,2,292,156.0,146.0,10.0,0.9358974358974359,5,0.017123287671232876,0.9828767123287672,38.33904109589041,64.0,4.760160786065208,4,161.0,11195.0,15.995048047581763,4.0,79.9752402379088,2.235000014305115,22.230048061886876,8.94000005722046,28.93504810480222,26.820000171661384,46.815048219243145,B_SES
15,HOBBIES_1_036_WI_3,medium,intermittent,SES,gaussian,14,0.98,4,0,292,242.0,242.0,0.0,1.0,0,0.0,1.0,38.50342465753425,76.0,7.856444009605977,5,295.0,11243.0,6.037337012005178,5.0,30.18668506002589,0.0,11.037337012005178,0.0,11.037337012005178,0.0,11.037337012005178,B_SES
16,FOODS_3_520_WI_3,low,intermittent,SES,gaussian,14,0.98,8,0,292,206.0,206.0,0.0,1.0,0,0.0,1.0,18.352739726027398,42.0,14.030602724388878,8,222.0,5359.0,10.226146624349568,8.0,51.130733121747845,0.0,18.226146624349568,0.0,18.226146624349568,0.0,18.226146624349568,B_SES
17,HOUSEHOLD_1_464_WI_3,low,intermittent,SES,gaussian,14,0.98,5,0,292,49.0,49.0,0.0,1.0,0,0.0,1.0,10.256849315068493,16.0,5.971619365609349,6,63.0,2995.0,13.598531205360203,6.0,67.99265602680101,0.0,19.598531205360203,0.0,19.598531205360203,0.0,19.598531205360203,B_SES
0,FOODS_3_449_CA_3,high,regular,SES,empirical,3,0.9,13,2,292,1628.0,1590.0,38.0,0.9766584766584766,4,0.0136986301369863,0.9863013698630136,62.20205479452055,169.0,31.95232065187469,13,1530.0,18163.0,17.2424097551385,13.0,86.21204877569251,5.643000054359438,35.885409809497936,22.57200021743775,52.81440997257625,67.71600065231324,97.95841040745174,B_SES
1,HOUSEHOLD_1_114_CA_3,high,regular,SES,empirical,3,0.9,7,2,292,941.0,938.0,3.0,0.9968119022316685,2,0.00684931506849315,0.9931506849315068,64.09931506849315,186.0,18.29192712507346,7,944.0,18717.0,8.704687243046825,7.0,43.523436215234135,0.21825000643730164,15.922937249484127,0.8730000257492065,16.577687268796033,2.6190000772476196,18.323687320294447,B_SES
2,FOODS_3_784_CA_3,medium,intermittent,SES,empirical,3,0.9,4,1,292,213.0,212.0,1.0,0.9953051643192489,1,0.003424657534246575,0.9965753424657534,33.43493150684932,75.0,7.9258424664549825,4,240.0,9763.0,4.680890410958904,4.0,23.404452054794522,0.07500000000000001,8.755890410958903,0.30000000000000004,8.980890410958905,0.9000000000000001,9.580890410958904,B_SES
3,HOUSEHOLD_2_270_CA_3,medium,intermittent,SES,empirical,3,0.9,5,1,292,118.0,116.0,2.0,0.9830508474576272,2,0.00684931506849315,0.9931506849315068,9.054794520547945,41.0,16.013615733736764,5,122.0,2644.0,7.403200193431279,5.0,37.016000967156394,0.8760000228881837,13.279200216319461,3.5040000915527347,15.907200284984013,10.512000274658204,22.91520046808948,B_SES
4,HOBBIES_1_377_CA_3,low,intermittent,SES,empirical,3,0.9,7,1,292,92.0,89.0,3.0,0.967391304347826,1,0.003424657534246575,0.9965753424657534,7.832191780821918,16.0,14.204197638828159,7,91.0,2287.0,10.943137854223382,7.0,54.71568927111691,2.245499897003174,20.188637751226555,8.981999588012696,26.92513744223608,26.945998764038087,44.88913661826147,B_SES
5,HOUSEHOLD_2_228_CA_3,low,intermittent,SES,empirical,3,0.9,6,2,292,112.0,109.0,3.0,0.9732142857142857,2,0.00684931506849315,0.9931506849315068,10.102739726027398,21.0,13.486440677966101,6,111.0,2950.0,7.7366777854423,6.0,38.683388927211496,1.2307499527931216,14.967427738235422,4.922999811172486,18.659677596614785,14.76899943351746,28.50567721895976,B_SES
6,FOODS_2_347_TX_2,high,regular,SES,empirical,3,0.9,13,6,292,1785.0,1647.0,138.0,0.9226890756302522,10,0.03424657534246575,0.9657534246575342,63.86986301369863,167.0,32.23351206434317,13,1656.0,18650.0,15.916369607187296,13.0,79.58184803593647,18.42299970388413,47.33936931107142,73.69199881553652,102.60836842272381,221.07599644660957,249.99236605379687,B_SES
7,HOUSEHOLD_1_247_TX_2,high,regular,SES,empirical,3,0.9,9,0,292,1273.0,1273.0,0.0,1.0,0,0.0,1.0,71.26712328767124,156.0,22.327967323402213,9,1254.0,20810.0,9.678075627921379,9.0,48.390378139606895,0.0,18.67807562792138,0.0,18.67807562792138,0.0,18.67807562792138,B_SES
8,FOODS_3_729_TX_2,medium,intermittent,SES,empirical,3,0.9,7,0,292,224.0,224.0,0.0,1.0,0,0.0,1.0,17.845890410958905,38.0,15.68988677796968,8,252.0,5211.0,9.94373018463997,8.0,49.71865092319985,0.0,17.943730184639968,0.0,17.943730184639968,0.0,17.943730184639968,B_SES
9,HOBBIES_1_034_TX_2,medium,intermittent,SES,empirical,3,0.9,8,1,292,281.0,279.0,2.0,0.9928825622775801,1,0.003424657534246575,0.9965753424657534,19.10958904109589,42.0,18.25,9,305.0,5580.0,12.467095482186094,9.0,62.33547741093047,0.6989999771118165,22.166095459297914,2.795999908447266,24.26309539063336,8.387999725341798,29.855095207527896,B_SES
10,FOODS_2_196_TX_2,low,intermittent,SES,empirical,3,0.9,6,1,292,165.0,163.0,2.0,0.9878787878787879,2,0.00684931506849315,0.9931506849315068,13.66095890410959,30.0,14.91476560541489,7,187.0,3989.0,7.535385040942937,7.0,37.676925204714685,0.5910000085830689,15.126385049526007,2.3640000343322756,16.899385075275212,7.092000102996827,21.627385143939765,B_SES
11,HOUSEHOLD_2_315_TX_2,low,intermittent,SES,empirical,3,0.9,7,1,292,122.0,121.0,1.0,0.9918032786885246,1,0.003424657534246575,0.9965753424657534,9.897260273972602,19.0,15.282006920415226,7,121.0,2890.0,10.627678187905925,7.0,53.13839093952962,0.575250005722046,18.202928193627972,2.301000022888184,19.92867821079411,6.903000068664552,24.530678256570475,B_SES
12,FOODS_2_056_WI_3,high,intermittent,SES,empirical,3,0.9,19,3,292,1064.0,1056.0,8.0,0.9924812030075187,4,0.0136986301369863,0.9863013698630136,32.70890410958904,77.0,40.355983666631765,19,1062.0,9551.0,31.963141183232604,19.0,159.81570591616304,4.1880000114440925,55.1511411946767,16.75200004577637,67.71514122900898,50.25600013732911,101.21914132056172,B_SES
13,HOBBIES_1_312_WI_3,high,intermittent,SES,empirical,3,0.9,6,3,292,799.0,780.0,19.0,0.9762202753441802,4,0.0136986301369863,0.9863013698630136,71.53082191780823,166.0,13.63048786326423,6,861.0,20887.0,5.708159517413132,6.0,28.540797587065665,0.8122499898076059,12.520409507220739,3.2489999592304235,14.957159476643557,9.74699987769127,21.455159395104403,B_SES
14,FOODS_3_128_WI_3,medium,intermittent,SES,empirical,3,0.9,4,0,292,156.0,156.0,0.0,1.0,0,0.0,1.0,24.825342465753426,51.0,7.85487653469444,4,153.0,7249.0,10.357132943003144,4.0,51.78566471501572,0.0,14.357132943003144,0.0,14.357132943003144,0.0,14.357132943003144,B_SES
15,HOBBIES_1_036_WI_3,medium,intermittent,SES,empirical,3,0.9,4,1,292,242.0,239.0,3.0,0.987603305785124,2,0.00684931506849315,0.9931506849315068,33.50684931506849,65.0,8.916087489779231,4,240.0,9784.0,5.2538739949709745,4.0,26.26936997485487,0.2520000010728837,9.505873996043857,1.0080000042915347,10.261873999262509,3.024000012874604,12.277874007845577,B_SES
16,FOODS_3_520_WI_3,low,intermittent,SES,empirical,3,0.9,8,2,292,206.0,203.0,3.0,0.9854368932038835,3,0.010273972602739725,0.9897260273972602,14.941780821917808,33.0,16.982580793032316,8,222.0,4363.0,8.325560313871462,8.0,41.62780156935731,0.8955000042915344,17.221060318162998,3.5820000171661377,19.9075603310376,10.746000051498413,27.071560365369876,B_SES
17,HOUSEHOLD_1_464_WI_3,low,intermittent,SES,empirical,3,0.9,5,0,292,49.0,49.0,0.0,1.0,0,0.0,1.0,6.390410958904109,12.0,9.584673097534834,5,54.0,1866.0,8.472407088214403,5.0,42.36203544107202,0.0,13.472407088214403,0.0,13.472407088214403,0.0,13.472407088214403,B_SES
0,FOODS_3_449_CA_3,high,regular,SES,empirical,3,0.95,13,2,292,1628.0,1593.0,35.0,0.9785012285012284,4,0.0136986301369863,0.9863013698630136,64.93493150684931,172.0,30.665313010917153,13,1536.0,18961.0,17.999963187093602,13.0,89.999815935468,5.1975000500679025,36.19746323716151,20.79000020027161,51.78996338736521,62.37000060081483,93.36996378790843,B_SES
1,HOUSEHOLD_1_114_CA_3,high,regular,SES,empirical,3,0.95,7,0,292,941.0,941.0,0.0,1.0,0,0.0,1.0,65.95547945205479,189.0,17.833999688457347,7,950.0,19259.0,8.956754373769238,7.0,44.78377186884618,0.0,15.956754373769238,0.0,15.956754373769238,0.0,15.956754373769238,B_SES
2,FOODS_3_784_CA_3,medium,intermittent,SES,empirical,3,0.95,4,0,292,213.0,213.0,0.0,1.0,0,0.0,1.0,33.81506849315068,75.0,7.873708729997975,4,241.0,9874.0,4.734109589041096,4.0,23.670547945205477,0.0,8.734109589041097,0.0,8.734109589041097,0.0,8.734109589041097,B_SES
3,HOUSEHOLD_2_270_CA_3,medium,intermittent,SES,empirical,3,0.95,5,1,292,118.0,117.0,1.0,0.9915254237288136,1,0.003424657534246575,0.9965753424657534,9.633561643835616,42.0,15.181301102026307,5,122.0,2813.0,7.876400205795079,5.0,39.382001028975395,0.43800001144409184,13.314400217239172,1.7520000457763674,14.628400251571446,5.256000137329102,18.132400343124182,B_SES
4,HOBBIES_1_377_CA_3,low,intermittent,SES,empirical,3,0.95,7,1,292,92.0,90.0,2.0,0.9782608695652174,1,0.003424657534246575,0.9965753424657534,8.393835616438356,16.0,13.402692778457773,7,92.0,2451.0,11.727866585352649,7.0,58.63933292676324,1.4969999313354494,20.2248665166881,5.987999725341798,24.715866310694448,17.963999176025393,36.69186576137804,B_SES
5,HOUSEHOLD_2_228_CA_3,low,intermittent,SES,empirical,3,0.95,6,1,292,112.0,111.0,1.0,0.9910714285714286,1,0.003424657534246575,0.9965753424657534,11.047945205479452,22.0,12.558896466212026,6,113.0,3226.0,8.460516113843003,6.0,42.30258056921502,0.41024998426437387,14.870766098107376,1.6409999370574955,16.1015160509005,4.922999811172486,19.383515925015487,B_SES
6,FOODS_2_347_TX_2,high,regular,SES,empirical,3,0.95,13,6,292,1785.0,1647.0,138.0,0.9226890756302522,9,0.030821917808219176,0.9691780821917808,66.5958904109589,190.0,30.914069731564332,13,1655.0,19446.0,16.595695623665637,13.0,82.97847811832818,18.42299970388413,48.018695327549764,73.69199881553652,103.28769443920216,221.07599644660957,250.6716920702752,B_SES
7,HOUSEHOLD_1_247_TX_2,high,regular,SES,empirical,3,0.95,9,1,292,1273.0,1268.0,5.0,0.9960722702278083,1,0.003424657534246575,0.9965753424657534,71.7431506849315,157.0,22.09270132225882,9,1241.0,20949.0,9.74272015037602,9.0,48.713600751880094,0.36375001072883606,19.106470161104856,1.4550000429153442,20.197720193291364,4.365000128746033,23.107720279122052,B_SES
8,FOODS_3_729_TX_2,medium,intermittent,SES,empirical,3,0.95,7,0,292,224.0,224.0,0.0,1.0,0,0.0,1.0,19.41780821917808,39.0,14.419753086419753,8,254.0,5670.0,10.819602791577168,8.0,54.09801395788584,0.0,18.819602791577168,0.0,18.819602791577168,0.0,18.819602791577168,B_SES
9,HOBBIES_1_034_TX_2,medium,intermittent,SES,empirical,3,0.95,8,1,292,281.0,280.0,1.0,0.99644128113879,1,0.003424657534246575,0.9965753424657534,20.688356164383563,46.0,16.917728852838934,9,301.0,6041.0,13.497083119692867,9.0,67.48541559846434,0.34949998855590825,22.846583108248776,1.397999954223633,23.8950830739165,4.193999862670899,26.691082982363767,B_SES
10,FOODS_2_196_TX_2,low,intermittent,SES,empirical,3,0.95,6,0,292,165.0,165.0,0.0,1.0,0,0.0,1.0,15.116438356164384,33.0,13.644086995922066,7,189.0,4414.0,8.33822751835601,7.0,41.69113759178005,0.0,15.33822751835601,0.0,15.33822751835601,0.0,15.33822751835601,B_SES
11,HOUSEHOLD_2_315_TX_2,low,intermittent,SES,empirical,3,0.95,7,0,292,122.0,122.0,0.0,1.0,0,0.0,1.0,10.698630136986301,20.0,14.25416133162612,7,121.0,3124.0,11.48818915536959,7.0,57.44094577684794,0.0,18.48818915536959,0.0,18.48818915536959,0.0,18.48818915536959,B_SES
12,FOODS_2_056_WI_3,high,intermittent,SES,empirical,3,0.95,19,1,292,1064.0,1061.0,3.0,0.9971804511278195,1,0.003424657534246575,0.9965753424657534,36.678082191780824,91.0,36.159197012138186,19,1082.0,10710.0,35.841822015749266,19.0,179.20911007874633,1.5705000042915347,56.4123220200408,6.282000017166139,61.123822032915406,18.846000051498415,73.68782206724768,B_SES
13,HOBBIES_1_312_WI_3,high,intermittent,SES,empirical,3,0.95,6,1,292,799.0,797.0,2.0,0.9974968710888611,1,0.003424657534246575,0.9965753424657534,79.56164383561644,169.0,12.521737258953168,6,857.0,23232.0,6.3490190984125,6.0,31.7450954920625,0.0854999989271164,12.434519097339615,0.3419999957084656,12.691019094120966,1.0259999871253969,13.375019085537897,B_SES
14,FOODS_3_128_WI_3,medium,intermittent,SES,empirical,3,0.95,4,0,292,156.0,156.0,0.0,1.0,0,0.0,1.0,24.97945205479452,51.0,7.806416232519879,4,154.0,7294.0,10.421427463962607,4.0,52.107137319813035,0.0,14.421427463962607,0.0,14.421427463962607,0.0,14.421427463962607,B_SES
15,HOBBIES_1_036_WI_3,medium,intermittent,SES,empirical,3,0.95,4,0,292,242.0,240.0,2.0,0.9917355371900827,1,0.003424657534246575,0.9965753424657534,34.17123287671233,66.0,8.77931449188214,4,242.0,9978.0,5.358049337880252,4.0,26.79024668940126,0.16800000071525578,9.52604933859551,0.6720000028610231,10.030049340741275,2.0160000085830694,11.374049346463323,B_SES
16,FOODS_3_520_WI_3,low,intermittent,SES,empirical,3,0.95,8,1,292,206.0,205.0,1.0,0.9951456310679612,1,0.003424657534246575,0.9965753424657534,15.787671232876713,36.0,16.23101952277657,8,217.0,4610.0,8.796890453116534,8.0,43.984452265582675,0.2985000014305115,17.095390454547044,1.194000005722046,17.990890458838578,3.5820000171661377,20.37889047028267,B_SES
17,HOUSEHOLD_1_464_WI_3,low,intermittent,SES,empirical,3,0.95,5,0,292,49.0,49.0,0.0,1.0,0,0.0,1.0,6.907534246575342,13.0,8.867129400099158,5,52.0,2017.0,9.158009162341077,5.0,45.79004581170539,0.0,14.158009162341077,0.0,14.158009162341077,0.0,14.158009162341077,B_SES
0,FOODS_3_449_CA_3,high,regular,SES,empirical,3,0.98,14,1,292,1628.0,1588.0,40.0,0.9754299754299754,2,0.00684931506849315,0.9931506849315068,67.97945205479452,180.0,29.2,14,1621.0,19850.0,18.84390429111376,14.0,94.2195214555688,5.940000057220461,38.78390434833422,23.760000228881843,56.6039045199956,71.28000068664552,104.12390497775928,B_SES
1,HOUSEHOLD_1_114_CA_3,high,regular,SES,empirical,3,0.98,7,1,292,941.0,936.0,5.0,0.9946865037194474,2,0.00684931506849315,0.9931506849315068,70.06506849315069,167.0,16.698763380419376,7,924.0,20459.0,9.514836582010739,7.0,47.5741829100537,0.36375001072883606,16.878586592739573,1.4550000429153442,17.96983662492608,4.365000128746033,20.87983671075677,B_SES
2,FOODS_3_784_CA_3,medium,intermittent,SES,empirical,3,0.98,4,0,292,213.0,213.0,0.0,1.0,0,0.0,1.0,37.05821917808219,93.0,7.184640975880233,4,256.0,10821.0,5.188150684931506,4.0,25.940753424657533,0.0,9.188150684931507,0.0,9.188150684931507,0.0,9.188150684931507,B_SES
3,HOUSEHOLD_2_270_CA_3,medium,intermittent,SES,empirical,3,0.98,5,0,292,118.0,118.0,0.0,1.0,0,0.0,1.0,10.585616438356164,43.0,13.93400194111938,5,124.0,3091.0,8.654800226133164,5.0,43.274001130665816,0.0,13.654800226133164,0.0,13.654800226133164,0.0,13.654800226133164,B_SES
4,HOBBIES_1_377_CA_3,low,intermittent,SES,empirical,3,0.98,7,1,292,92.0,90.0,2.0,0.9782608695652174,1,0.003424657534246575,0.9965753424657534,9.017123287671232,16.0,12.476262818078238,7,92.0,2633.0,12.598724079654641,7.0,62.9936203982732,1.4969999313354494,21.09572401099009,5.987999725341798,25.58672380499644,17.963999176025393,37.562723255680034,B_SES
5,HOUSEHOLD_2_228_CA_3,low,intermittent,SES,empirical,3,0.98,6,0,292,112.0,112.0,0.0,1.0,0,0.0,1.0,11.571917808219178,22.0,12.098253921278484,6,115.0,3379.0,8.86177431763035,6.0,44.308871588151746,0.0,14.86177431763035,0.0,14.86177431763035,0.0,14.86177431763035,B_SES
6,FOODS_2_347_TX_2,high,regular,SES,empirical,3,0.98,13,3,292,1785.0,1660.0,125.0,0.9299719887955182,6,0.02054794520547945,0.9794520547945206,69.44520547945206,190.0,29.87967255153368,13,1649.0,20278.0,17.305744927321392,13.0,86.52872463660697,16.687499731779106,46.9932446591005,66.74999892711642,97.05574385443782,200.24999678134924,230.55574170867064,B_SES
7,HOUSEHOLD_1_247_TX_2,high,regular,SES,empirical,3,0.98,9,1,292,1273.0,1270.0,3.0,0.997643362136685,1,0.003424657534246575,0.9965753424657534,73.90068493150685,159.0,21.481532971870802,9,1244.0,21579.0,10.035713309702809,9.0,50.178566548514034,0.21825000643730164,19.25396331614011,0.8730000257492065,19.908713335452013,2.6190000772476196,21.654713386950426,B_SES
8,FOODS_3_729_TX_2,medium,intermittent,SES,empirical,3,0.98,7,0,292,224.0,224.0,0.0,1.0,0,0.0,1.0,21.246575342465754,41.0,13.1785944551902,8,256.0,6204.0,11.838591837556395,8.0,59.19295918778197,0.0,19.838591837556393,0.0,19.838591837556393,0.0,19.838591837556393,B_SES
9,HOBBIES_1_034_TX_2,medium,intermittent,SES,empirical,3,0.98,9,0,292,281.0,281.0,0.0,1.0,0,0.0,1.0,19.934931506849313,41.0,17.619824772375882,9,283.0,5821.0,13.005548889212411,9.0,65.02774444606206,0.0,22.005548889212413,0.0,22.005548889212413,0.0,22.005548889212413,B_SES
10,FOODS_2_196_TX_2,low,intermittent,SES,empirical,3,0.98,6,0,292,165.0,165.0,0.0,1.0,0,0.0,1.0,15.98972602739726,34.0,12.898907689012637,7,190.0,4669.0,8.819933004803854,7.0,44.09966502401927,0.0,15.819933004803854,0.0,15.819933004803854,0.0,15.819933004803854,B_SES
11,HOUSEHOLD_2_315_TX_2,low,intermittent,SES,empirical,3,0.98,7,0,292,122.0,122.0,0.0,1.0,0,0.0,1.0,10.698630136986301,20.0,14.25416133162612,7,121.0,3124.0,11.48818915536959,7.0,57.44094577684794,0.0,18.48818915536959,0.0,18.48818915536959,0.0,18.48818915536959,B_SES
12,FOODS_2_056_WI_3,high,intermittent,SES,empirical,3,0.98,19,0,292,1064.0,1064.0,0.0,1.0,0,0.0,1.0,41.37328767123287,84.0,32.14634550120024,19,1064.0,12081.0,40.42997682280736,19.0,202.14988411403678,0.0,59.42997682280736,0.0,59.42997682280736,0.0,59.42997682280736,B_SES
13,HOBBIES_1_312_WI_3,high,intermittent,SES,empirical,3,0.98,6,1,292,799.0,794.0,5.0,0.9937421777221527,1,0.003424657534246575,0.9965753424657534,90.8972602739726,189.0,10.918920955466808,6,888.0,26542.0,7.253601278842311,6.0,36.26800639421156,0.213749997317791,13.467351276160102,0.854999989271164,14.108601268113475,2.5649999678134923,15.818601246655803,B_SES
14,FOODS_3_128_WI_3,medium,intermittent,SES,empirical,3,0.98,4,0,292,156.0,156.0,0.0,1.0,0,0.0,1.0,25.753424657534246,52.0,7.571808510638298,4,154.0,7520.0,10.74432883589235,4.0,53.72164417946175,0.0,14.74432883589235,0.0,14.74432883589235,0.0,14.74432883589235,B_SES
15,HOBBIES_1_036_WI_3,medium,intermittent,SES,empirical,3,0.98,5,0,292,242.0,242.0,0.0,1.0,0,0.0,1.0,36.534246575342465,69.0,8.279902512185977,5,288.0,10668.0,5.728569887402939,5.0,28.642849437014693,0.0,10.728569887402939,0.0,10.728569887402939,0.0,10.728569887402939,B_SES
16,FOODS_3_520_WI_3,low,intermittent,SES,empirical,3,0.98,8,2,292,206.0,203.0,3.0,0.9854368932038835,2,0.00684931506849315,0.9931506849315068,16.116438356164384,34.0,15.744793880152995,8,223.0,4706.0,8.980079495090328,8.0,44.90039747545164,0.8955000042915344,17.875579499381864,3.5820000171661377,20.562079512256467,10.746000051498413,27.726079546588743,B_SES
17,HOUSEHOLD_1_464_WI_3,low,intermittent,SES,empirical,3,0.98,5,0,292,49.0,49.0,0.0,1.0,0,0.0,1.0,6.907534246575342,13.0,8.867129400099158,5,52.0,2017.0,9.158009162341077,5.0,45.79004581170539,0.0,14.158009162341077,0.0,14.158009162341077,0.0,14.158009162341077,B_SES
0,FOODS_3_449_CA_3,high,regular,SES,empirical,7,0.9,13,3,292,1628.0,1576.0,52.0,0.9680589680589681,8,0.0273972602739726,0.9726027397260274,72.93493150684931,185.0,27.010377048410575,13,1553.0,21297.0,20.217563208455907,13.0,101.08781604227953,7.722000074386599,40.93956328284251,30.888000297546395,64.1055635060023,92.66400089263918,125.88156410109508,B_SES
1,HOUSEHOLD_1_114_CA_3,high,regular,SES,empirical,7,0.9,7,2,292,941.0,924.0,17.0,0.9819341126461212,4,0.0136986301369863,0.9863013698630136,70.21575342465754,194.0,16.449300102424036,7,956.0,20503.0,9.535299596312928,7.0,47.67649798156464,1.2367500364780426,17.77204963279097,4.94700014591217,21.4822997422251,14.841000437736511,31.37630003404944,B_SES
2,FOODS_3_784_CA_3,medium,intermittent,SES,empirical,7,0.9,3,0,292,213.0,213.0,0.0,1.0,0,0.0,1.0,40.236301369863014,84.0,6.617158907141033,4,305.0,11749.0,5.633082191780822,4.0,28.165410958904108,0.0,9.633082191780822,0.0,9.633082191780822,0.0,9.633082191780822,B_SES
3,HOUSEHOLD_2_270_CA_3,medium,intermittent,SES,empirical,7,0.9,5,1,292,118.0,111.0,7.0,0.940677966101695,3,0.010273972602739725,0.9897260273972602,11.407534246575343,45.0,12.163014109876913,5,132.0,3331.0,9.326800243691222,5.0,46.63400121845611,3.066000080108643,17.392800323799865,12.264000320434572,26.590800564125793,36.792000961303714,51.11880120499494,B_SES
4,HOBBIES_1_377_CA_3,low,intermittent,SES,empirical,7,0.9,7,1,292,92.0,91.0,1.0,0.9891304347826086,1,0.003424657534246575,0.9965753424657534,8.883561643835616,17.0,12.80454895913647,7,93.0,2594.0,12.41211175944707,7.0,62.06055879723535,0.7484999656677247,20.160611725114798,2.993999862670899,22.40611162211797,8.981999588012696,28.39411134745977,B_SES
5,HOUSEHOLD_2_228_CA_3,low,intermittent,SES,empirical,7,0.9,6,1,292,112.0,111.0,1.0,0.9910714285714286,1,0.003424657534246575,0.9965753424657534,11.184931506849315,22.0,12.40508266993264,6,114.0,3266.0,8.565420219408322,6.0,42.82710109704161,0.41024998426437387,14.975670203672696,1.6409999370574955,16.206420156465818,4.922999811172486,19.48842003058081,B_SES
6,FOODS_2_347_TX_2,high,regular,SES,empirical,7,0.9,12,3,292,1785.0,1635.0,150.0,0.9159663865546218,12,0.0410958904109589,0.9589041095890412,75.08561643835617,201.0,27.21892816419612,13,1659.0,21925.0,18.711335315688014,13.0,93.55667657844008,20.024999678134925,51.736334993822936,80.0999987125397,111.81133402822772,240.2999961376191,272.0113314533071,B_SES
7,HOUSEHOLD_1_247_TX_2,high,regular,SES,empirical,7,0.9,9,1,292,1273.0,1271.0,2.0,0.9984289080911233,1,0.003424657534246575,0.9965753424657534,74.6986301369863,158.0,21.268796992481203,9,1260.0,21812.0,10.144074271803033,9.0,50.72037135901516,0.14550000429153442,19.28957427609457,0.5820000171661377,19.726074288969173,1.746000051498413,20.890074323301448,B_SES
8,FOODS_3_729_TX_2,medium,intermittent,SES,empirical,7,0.9,7,1,292,224.0,223.0,1.0,0.9955357142857143,1,0.003424657534246575,0.9965753424657534,19.424657534246574,40.0,14.350317348377999,8,254.0,5672.0,10.823419229951623,8.0,54.11709614975811,0.2985000014305115,19.121919231382137,1.194000005722046,20.01741923567367,3.5820000171661377,22.405419247117763,B_SES
9,HOBBIES_1_034_TX_2,medium,intermittent,SES,empirical,7,0.9,8,1,292,281.0,278.0,3.0,0.9893238434163701,1,0.003424657534246575,0.9965753424657534,21.708904109589042,48.0,16.00725666508913,9,307.0,6339.0,14.162888577343665,9.0,70.81444288671833,1.0484999656677247,24.211388543011388,4.193999862670899,27.356888440014565,12.581999588012696,35.74488816535636,B_SES
10,FOODS_2_196_TX_2,low,intermittent,SES,empirical,7,0.9,6,0,292,165.0,165.0,0.0,1.0,0,0.0,1.0,16.835616438356166,34.0,12.250813669650121,7,193.0,4916.0,9.286526162265098,7.0,46.432630811325495,0.0,16.286526162265098,0.0,16.286526162265098,0.0,16.286526162265098,B_SES
11,HOUSEHOLD_2_315_TX_2,low,intermittent,SES,empirical,7,0.9,7,0,292,122.0,122.0,0.0,1.0,0,0.0,1.0,10.068493150684931,20.0,15.146258503401361,7,120.0,2940.0,10.811548052748588,7.0,54.057740263742936,0.0,17.811548052748588,0.0,17.811548052748588,0.0,17.811548052748588,B_SES
12,FOODS_2_056_WI_3,high,intermittent,SES,empirical,7,0.9,17,0,292,1064.0,1064.0,0.0,1.0,0,0.0,1.0,51.486301369863014,103.0,25.832113875216177,17,1105.0,15034.0,50.31241383611339,17.0,251.56206918056697,0.0,67.3124138361134,0.0,67.3124138361134,0.0,67.3124138361134,B_SES
13,HOBBIES_1_312_WI_3,high,intermittent,SES,empirical,7,0.9,6,1,292,799.0,790.0,9.0,0.9887359198998749,3,0.010273972602739725,0.9897260273972602,84.96575342465754,183.0,11.622329705763805,6,882.0,24810.0,6.780267038206531,6.0,33.90133519103266,0.3847499951720238,13.165017033378556,1.5389999806880952,14.319267018894626,4.616999942064286,17.397266980270818,B_SES
14,FOODS_3_128_WI_3,medium,intermittent,SES,empirical,7,0.9,4,1,292,156.0,153.0,3.0,0.9807692307692307,1,0.003424657534246575,0.9965753424657534,29.09931506849315,54.0,6.572319642226668,4,152.0,8497.0,12.140234324278897,4.0,60.70117162139448,0.6705000042915346,16.81073432857043,2.6820000171661382,18.822234341445036,8.046000051498414,24.18623437577731,B_SES
15,HOBBIES_1_036_WI_3,medium,intermittent,SES,empirical,7,0.9,4,1,292,242.0,239.0,3.0,0.987603305785124,3,0.010273972602739725,0.9897260273972602,33.67465753424658,72.0,8.871656666327672,5,287.0,9833.0,5.280186323850122,5.0,26.40093161925061,0.2520000010728837,10.532186324923005,1.0080000042915347,11.288186328141657,3.024000012874604,13.304186336724726,B_SES
16,FOODS_3_520_WI_3,low,intermittent,SES,empirical,7,0.9,8,2,292,206.0,203.0,3.0,0.9854368932038835,3,0.010273972602739725,0.9897260273972602,15.955479452054794,34.0,15.90362738785147,8,216.0,4659.0,8.890393193290658,8.0,44.45196596645329,0.8955000042915344,17.78589319758219,3.5820000171661377,20.472393210456794,10.746000051498413,27.63639324478907,B_SES
17,HOUSEHOLD_1_464_WI_3,low,intermittent,SES,empirical,7,0.9,5,0,292,49.0,49.0,0.0,1.0,0,0.0,1.0,6.993150684931507,13.0,8.758570029382957,5,53.0,2042.0,9.271519439514368,5.0,46.35759719757185,0.0,14.271519439514368,0.0,14.271519439514368,0.0,14.271519439514368,B_SES
0,FOODS_3_449_CA_3,high,regular,SES,empirical,7,0.95,13,1,292,1628.0,1582.0,46.0,0.9717444717444718,4,0.0136986301369863,0.9863013698630136,75.70205479452055,188.0,26.122144311241797,13,1562.0,22105.0,20.98460979118739,13.0,104.92304895593695,6.831000065803529,40.81560985699092,27.324000263214117,61.308610054401505,81.97200078964235,115.95661058082973,B_SES
1,HOUSEHOLD_1_114_CA_3,high,regular,SES,empirical,7,0.95,7,1,292,941.0,936.0,5.0,0.9946865037194474,1,0.003424657534246575,0.9965753424657534,76.11301369863014,179.0,15.371878515185601,7,936.0,22225.0,10.336147565139484,7.0,51.68073782569742,0.36375001072883606,17.69989757586832,1.4550000429153442,18.79114760805483,4.365000128746033,21.701147693885517,B_SES
2,FOODS_3_784_CA_3,medium,intermittent,SES,empirical,7,0.95,3,0,292,213.0,213.0,0.0,1.0,0,0.0,1.0,39.11986301369863,105.0,6.806005427645978,4,282.0,11423.0,5.476780821917808,4.0,27.383904109589036,0.0,9.476780821917808,0.0,9.476780821917808,0.0,9.476780821917808,B_SES
3,HOUSEHOLD_2_270_CA_3,medium,intermittent,SES,empirical,7,0.95,5,1,292,118.0,112.0,6.0,0.9491525423728814,3,0.010273972602739725,0.9897260273972602,12.554794520547945,46.0,11.151118385160938,5,135.0,3666.0,10.264800268199346,5.0,51.32400134099673,2.628000068664551,17.892800336863896,10.512000274658204,25.77680054285755,31.53600082397461,46.800801092173955,B_SES
4,HOBBIES_1_377_CA_3,low,intermittent,SES,empirical,7,0.95,7,1,292,92.0,91.0,1.0,0.9891304347826086,1,0.003424657534246575,0.9965753424657534,9.407534246575343,17.0,12.091372406261376,7,94.0,2747.0,13.144206246415228,7.0,65.72103123207616,0.7484999656677247,20.892706212082956,2.993999862670899,23.138206109086127,8.981999588012696,29.126205834427928,B_SES
5,HOUSEHOLD_2_228_CA_3,low,intermittent,SES,empirical,7,0.95,6,0,292,112.0,112.0,0.0,1.0,0,0.0,1.0,13.441780821917808,24.0,10.415286624203821,7,130.0,3925.0,10.293715358596959,7.0,51.468576792984784,0.0,17.29371535859696,0.0,17.29371535859696,0.0,17.29371535859696,B_SES
6,FOODS_2_347_TX_2,high,regular,SES,empirical,7,0.95,12,3,292,1785.0,1641.0,144.0,0.9193277310924369,11,0.03767123287671233,0.9623287671232876,79.13013698630137,201.0,25.922487665541418,13,1668.0,23106.0,19.719229820035906,13.0,98.59614910017952,19.223999691009528,51.94322951104543,76.89599876403811,109.61522858407402,230.68799629211435,263.4072261121503,B_SES
7,HOUSEHOLD_1_247_TX_2,high,regular,SES,empirical,7,0.95,9,0,292,1273.0,1273.0,0.0,1.0,0,0.0,1.0,76.35958904109589,160.0,20.838902094452173,9,1262.0,22297.0,10.369632497633974,9.0,51.84816248816986,0.0,19.369632497633972,0.0,19.369632497633972,0.0,19.369632497633972,B_SES
8,FOODS_3_729_TX_2,medium,intermittent,SES,empirical,7,0.95,8,0,292,224.0,224.0,0.0,1.0,0,0.0,1.0,22.482876712328768,46.0,12.453922315308454,8,248.0,6565.0,12.527458964145346,8.0,62.63729482072674,0.0,20.527458964145346,0.0,20.527458964145346,0.0,20.527458964145346,B_SES
9,HOBBIES_1_034_TX_2,medium,intermittent,SES,empirical,7,0.95,9,2,292,281.0,277.0,4.0,0.9857651245551602,3,0.010273972602739725,0.9897260273972602,20.438356164383563,41.0,16.941186327077748,9,287.0,5968.0,13.333983125033443,9.0,66.66991562516722,1.397999954223633,23.731983079257073,5.591999816894532,27.925982941927973,16.775999450683596,39.10998257571704,B_SES
10,FOODS_2_196_TX_2,low,intermittent,SES,empirical,7,0.95,6,0,292,165.0,165.0,0.0,1.0,0,0.0,1.0,19.976027397260275,40.0,10.324875707183267,7,200.0,5833.0,11.01877687235401,7.0,55.09388436177006,0.0,18.01877687235401,0.0,18.01877687235401,0.0,18.01877687235401,B_SES
11,HOUSEHOLD_2_315_TX_2,low,intermittent,SES,empirical,7,0.95,7,0,292,122.0,122.0,0.0,1.0,0,0.0,1.0,10.068493150684931,20.0,15.146258503401361,7,120.0,2940.0,10.811548052748588,7.0,54.057740263742936,0.0,17.811548052748588,0.0,17.811548052748588,0.0,17.811548052748588,B_SES
12,FOODS_2_056_WI_3,high,intermittent,SES,empirical,7,0.95,17,1,292,1064.0,1058.0,6.0,0.9943609022556391,2,0.00684931506849315,0.9931506849315068,51.21917808219178,107.0,25.82040652580904,17,1103.0,14956.0,50.051380958687766,17.0,250.25690479343882,3.1410000085830694,70.19238096727082,12.564000034332278,79.61538099302004,37.69200010299683,104.74338106168459,B_SES
13,HOBBIES_1_312_WI_3,high,intermittent,SES,empirical,7,0.95,6,1,292,799.0,798.0,1.0,0.9987484355444305,1,0.003424657534246575,0.9965753424657534,92.31506849315069,191.0,10.805386555868823,6,876.0,26956.0,7.366742373312988,6.0,36.83371186656495,0.0427499994635582,13.409492372776546,0.1709999978542328,13.537742371167221,0.5129999935626984,13.879742366875686,B_SES
14,FOODS_3_128_WI_3,medium,intermittent,SES,empirical,7,0.95,5,0,292,156.0,156.0,0.0,1.0,0,0.0,1.0,25.284246575342465,52.0,7.712312068264933,5,191.0,7383.0,10.548587738749099,5.0,52.74293869374549,0.0,15.548587738749099,0.0,15.548587738749099,0.0,15.548587738749099,B_SES
15,HOBBIES_1_036_WI_3,medium,intermittent,SES,empirical,7,0.95,5,0,292,242.0,242.0,0.0,1.0,0,0.0,1.0,36.02739726027397,75.0,8.39638783269962,5,290.0,10520.0,5.649095914461841,5.0,28.245479572309204,0.0,10.649095914461842,0.0,10.649095914461842,0.0,10.649095914461842,B_SES
16,FOODS_3_520_WI_3,low,intermittent,SES,empirical,7,0.95,8,2,292,206.0,203.0,3.0,0.9854368932038835,2,0.00684931506849315,0.9931506849315068,15.568493150684931,34.0,16.298944126704797,8,216.0,4546.0,8.674764425134006,8.0,43.373822125670024,0.8955000042915344,17.570264429425542,3.5820000171661377,20.256764442300145,10.746000051498413,27.42076447663242,B_SES
17,HOUSEHOLD_1_464_WI_3,low,intermittent,SES,empirical,7,0.95,5,0,292,49.0,49.0,0.0,1.0,0,0.0,1.0,8.558219178082192,14.0,7.1568627450980395,5,50.0,2499.0,11.34648730624212,5.0,56.7324365312106,0.0,16.346487306242118,0.0,16.346487306242118,0.0,16.346487306242118,B_SES
0,FOODS_3_449_CA_3,high,regular,SES,empirical,7,0.98,13,1,292,1628.0,1579.0,49.0,0.9699017199017199,4,0.0136986301369863,0.9863013698630136,79.79109589041096,194.0,24.736469376368085,13,1565.0,23299.0,22.118091993887127,13.0,110.59045996943564,7.2765000700950635,42.39459206398219,29.106000280380254,64.22409227426738,87.31800084114077,122.43609283502789,B_SES
1,HOUSEHOLD_1_114_CA_3,high,regular,SES,empirical,7,0.98,7,1,292,941.0,936.0,5.0,0.9946865037194474,1,0.003424657534246575,0.9965753424657534,80.95205479452055,186.0,14.45299940773331,7,943.0,23638.0,10.993289365343852,7.0,54.966446826719256,0.36375001072883606,18.357039376072688,1.4550000429153442,19.448289408259196,4.365000128746033,22.358289494089885,B_SES
2,FOODS_3_784_CA_3,medium,intermittent,SES,empirical,7,0.98,3,0,292,213.0,213.0,0.0,1.0,0,0.0,1.0,53.88013698630137,97.0,4.9415241848344245,3,220.0,15733.0,7.543219178082191,3.0,37.71609589041096,0.0,10.543219178082191,0.0,10.543219178082191,0.0,10.543219178082191,B_SES
3,HOUSEHOLD_2_270_CA_3,medium,intermittent,SES,empirical,7,0.98,5,1,292,118.0,115.0,3.0,0.9745762711864406,2,0.00684931506849315,0.9931506849315068,15.304794520547945,49.0,9.392481539494295,5,140.0,4469.0,12.513200326945684,5.0,62.566001634728416,1.3140000343322755,18.82720036127796,5.256000137329102,22.76920046427479,15.768000411987305,33.281200738932995,B_SES
4,HOBBIES_1_377_CA_3,low,intermittent,SES,empirical,7,0.98,7,0,292,92.0,92.0,0.0,1.0,0,0.0,1.0,10.136986301369863,18.0,11.344594594594595,7,95.0,2960.0,14.163396610625801,7.0,70.81698305312901,0.0,21.163396610625803,0.0,21.163396610625803,0.0,21.163396610625803,B_SES
5,HOUSEHOLD_2_228_CA_3,low,intermittent,SES,empirical,7,0.98,6,0,292,112.0,112.0,0.0,1.0,0,0.0,1.0,14.599315068493151,27.0,9.589490968801313,6,116.0,4263.0,11.180155050623906,6.0,55.900775253119534,0.0,17.180155050623906,0.0,17.180155050623906,0.0,17.180155050623906,B_SES
6,FOODS_2_347_TX_2,high,regular,SES,empirical,7,0.98,12,3,292,1785.0,1647.0,138.0,0.9226890756302522,10,0.03424657534246575,0.9657534246575342,81.6027397260274,201.0,25.228932348497565,13,1677.0,23828.0,20.33540241287179,13.0,101.67701206435895,18.42299970388413,51.75840211675592,73.69199881553652,107.02740122840831,221.07599644660957,254.41139885948135,B_SES
7,HOUSEHOLD_1_247_TX_2,high,regular,SES,empirical,7,0.98,9,0,292,1273.0,1273.0,0.0,1.0,0,0.0,1.0,78.0068493150685,162.0,20.398849767319348,9,1263.0,22778.0,10.593330449437442,9.0,52.96665224718721,0.0,19.593330449437442,0.0,19.593330449437442,0.0,19.593330449437442,B_SES
8,FOODS_3_729_TX_2,medium,intermittent,SES,empirical,7,0.98,8,0,292,224.0,224.0,0.0,1.0,0,0.0,1.0,24.325342465753426,48.0,11.510629311558496,8,250.0,7103.0,13.55408088687348,8.0,67.7704044343674,0.0,21.55408088687348,0.0,21.55408088687348,0.0,21.55408088687348,B_SES
9,HOBBIES_1_034_TX_2,medium,intermittent,SES,empirical,7,0.98,9,1,292,281.0,280.0,1.0,0.99644128113879,1,0.003424657534246575,0.9965753424657534,22.13013698630137,49.0,15.81553698545342,9,293.0,6462.0,14.437700897112283,9.0,72.18850448556142,0.34949998855590825,23.78720088566819,1.397999954223633,24.835700851335915,4.193999862670899,27.631700759783183,B_SES
10,FOODS_2_196_TX_2,low,intermittent,SES,empirical,7,0.98,6,0,292,165.0,165.0,0.0,1.0,0,0.0,1.0,22.352739726027398,37.0,9.227056840815075,7,196.0,6527.0,12.329771411941476,7.0,61.64885705970738,0.0,19.329771411941476,0.0,19.329771411941476,0.0,19.329771411941476,B_SES
11,HOUSEHOLD_2_315_TX_2,low,intermittent,SES,empirical,7,0.98,7,0,292,122.0,122.0,0.0,1.0,0,0.0,1.0,11.04109589041096,21.0,13.812034739454093,7,121.0,3224.0,11.855928885054915,7.0,59.279644425274576,0.0,18.855928885054915,0.0,18.855928885054915,0.0,18.855928885054915,B_SES
12,FOODS_2_056_WI_3,high,intermittent,SES,empirical,7,0.98,17,1,292,1064.0,1063.0,1.0,0.9990601503759399,1,0.003424657534246575,0.9965753424657534,56.25342465753425,108.0,23.620784122732253,17,1113.0,16426.0,54.97084672555531,17.0,274.8542336277766,0.5235000014305116,72.49434672698581,2.0940000057220463,74.06484673127736,6.282000017166139,78.25284674272145,B_SES
13,HOBBIES_1_312_WI_3,high,intermittent,SES,empirical,7,0.98,6,0,292,799.0,799.0,0.0,1.0,0,0.0,1.0,99.21232876712328,198.0,10.066793234380395,6,884.0,28970.0,7.917143736269375,6.0,39.585718681346876,0.0,13.917143736269374,0.0,13.917143736269374,0.0,13.917143736269374,B_SES
14,FOODS_3_128_WI_3,medium,intermittent,SES,empirical,7,0.98,4,0,292,156.0,156.0,0.0,1.0,0,0.0,1.0,32.75342465753425,57.0,5.95357590966123,4,159.0,9564.0,13.664728854584366,4.0,68.32364427292183,0.0,17.664728854584368,0.0,17.664728854584368,0.0,17.664728854584368,B_SES
15,HOBBIES_1_036_WI_3,medium,intermittent,SES,empirical,7,0.98,5,0,292,242.0,242.0,0.0,1.0,0,0.0,1.0,41.863013698630134,81.0,7.225948952879581,5,296.0,12224.0,6.564120575891782,5.0,32.8206028794589,0.0,11.564120575891781,0.0,11.564120575891781,0.0,11.564120575891781,B_SES
16,FOODS_3_520_WI_3,low,intermittent,SES,empirical,7,0.98,8,1,292,206.0,205.0,1.0,0.9951456310679612,1,0.003424657534246575,0.9965753424657534,17.28082191780822,35.0,14.828577090764963,8,219.0,5046.0,9.628874018747512,8.0,48.144370093737564,0.2985000014305115,17.92737402017802,1.194000005722046,18.822874024469556,3.5820000171661377,21.210874035913648,B_SES
17,HOUSEHOLD_1_464_WI_3,low,intermittent,SES,empirical,7,0.98,5,0,292,49.0,49.0,0.0,1.0,0,0.0,1.0,9.530821917808218,15.0,6.426518145885735,5,51.0,2783.0,12.6359640549307,5.0,63.179820274653494,0.0,17.6359640549307,0.0,17.6359640549307,0.0,17.6359640549307,B_SES
0,FOODS_3_449_CA_3,high,regular,SES,empirical,14,0.9,12,4,292,1628.0,1500.0,128.0,0.9213759213759214,11,0.03767123287671233,0.9623287671232876,91.81164383561644,261.0,20.42224626058413,12,1463.0,26809.0,25.450187916396413,12.0,127.25093958198207,19.008000183105473,56.45818809950189,76.03200073242189,113.48218864881831,228.09600219726568,265.5461901136621,B_SES
1,HOUSEHOLD_1_114_CA_3,high,regular,SES,empirical,14,0.9,7,3,292,941.0,909.0,32.0,0.9659936238044633,8,0.0273972602739726,0.9726027397260274,72.67465753424658,172.0,15.6347485980868,7,931.0,21221.0,9.869218784244094,7.0,49.346093921220465,2.328000068664551,19.197218852908644,9.312000274658203,26.181219058902297,27.93600082397461,44.80521960821871,B_SES
2,FOODS_3_784_CA_3,medium,intermittent,SES,empirical,14,0.9,3,0,292,213.0,213.0,0.0,1.0,0,0.0,1.0,57.49657534246575,104.0,4.6307105843111565,3,226.0,16789.0,8.049520547945205,3.0,40.24760273972603,0.0,11.049520547945205,0.0,11.049520547945205,0.0,11.049520547945205,B_SES
3,HOUSEHOLD_2_270_CA_3,medium,intermittent,SES,empirical,14,0.9,5,2,292,118.0,106.0,12.0,0.8983050847457628,5,0.017123287671232876,0.9828767123287672,12.91095890410959,44.0,10.26259946949602,6,156.0,3770.0,10.556000275807838,6.0,52.78000137903919,5.256000137329102,21.812000413136943,21.02400054931641,37.580000825124245,63.07200164794922,79.62800192375707,B_SES
4,HOBBIES_1_377_CA_3,low,intermittent,SES,empirical,14,0.9,7,1,292,92.0,91.0,1.0,0.9891304347826086,1,0.003424657534246575,0.9965753424657534,9.065068493150685,18.0,12.548167737060826,7,95.0,2647.0,12.665713117677871,7.0,63.32856558838935,0.7484999656677247,20.414213083345597,2.993999862670899,22.659712980348772,8.981999588012696,28.647712705690566,B_SES
5,HOUSEHOLD_2_228_CA_3,low,intermittent,SES,empirical,14,0.9,6,0,292,112.0,112.0,0.0,1.0,0,0.0,1.0,13.455479452054794,26.0,10.404683125477222,7,131.0,3929.0,10.30420576915349,7.0,51.52102884576745,0.0,17.30420576915349,0.0,17.30420576915349,0.0,17.30420576915349,B_SES
6,FOODS_2_347_TX_2,high,regular,SES,empirical,14,0.9,11,6,292,1785.0,1500.0,285.0,0.8403361344537815,19,0.06506849315068493,0.934931506849315,100.65753424657534,327.0,18.627517691888947,12,1534.0,29392.0,25.08385713106965,12.0,125.41928565534825,38.04749938845636,75.13135651952601,152.18999755382544,189.27385468489507,456.5699926614763,493.65384979254594,B_SES
7,HOUSEHOLD_1_247_TX_2,high,regular,SES,empirical,14,0.9,9,0,292,1273.0,1273.0,0.0,1.0,0,0.0,1.0,78.77739726027397,167.0,20.19932182758771,9,1273.0,23003.0,10.697970863482723,9.0,53.48985431741362,0.0,19.697970863482723,0.0,19.697970863482723,0.0,19.697970863482723,B_SES
8,FOODS_3_729_TX_2,medium,intermittent,SES,empirical,14,0.9,8,0,292,224.0,224.0,0.0,1.0,0,0.0,1.0,22.078767123287673,40.0,12.68186753528773,8,269.0,6447.0,12.302289100052558,8.0,61.5114455002628,0.0,20.30228910005256,0.0,20.30228910005256,0.0,20.30228910005256,B_SES
9,HOBBIES_1_034_TX_2,medium,intermittent,SES,empirical,14,0.9,8,2,292,281.0,277.0,4.0,0.9857651245551602,2,0.00684931506849315,0.9931506849315068,27.633561643835616,58.0,12.530053290370555,9,314.0,8069.0,18.02813502612179,9.0,90.14067513060895,1.397999954223633,28.426134980345424,5.591999816894532,32.620134843016324,16.775999450683596,43.80413447680539,B_SES
10,FOODS_2_196_TX_2,low,intermittent,SES,empirical,14,0.9,6,0,292,165.0,165.0,0.0,1.0,0,0.0,1.0,24.794520547945204,43.0,8.318370165745856,7,205.0,7240.0,13.676657732872114,7.0,68.38328866436056,0.0,20.676657732872116,0.0,20.676657732872116,0.0,20.676657732872116,B_SES
11,HOUSEHOLD_2_315_TX_2,low,intermittent,SES,empirical,14,0.9,7,2,292,122.0,116.0,6.0,0.9508196721311475,3,0.010273972602739725,0.9897260273972602,9.54109589041096,19.0,15.197415649676955,7,119.0,2786.0,10.245228869033186,7.0,51.226144345165935,3.451500034332276,20.69672890336546,13.806000137329104,31.051229006362288,41.41800041198731,58.66322928102049,B_SES
12,FOODS_2_056_WI_3,high,intermittent,SES,empirical,14,0.9,16,2,292,1064.0,1057.0,7.0,0.993421052631579,1,0.003424657534246575,0.9965753424657534,75.54109589041096,149.0,17.490479644573398,17,1152.0,22058.0,73.81875910582608,17.0,369.0937955291304,3.664500010013581,94.48325911583966,14.658000040054324,105.4767591458804,43.97400012016297,134.79275922598904,B_SES
13,HOBBIES_1_312_WI_3,high,intermittent,SES,empirical,14,0.9,6,0,292,799.0,799.0,0.0,1.0,0,0.0,1.0,89.32534246575342,203.0,11.181037457347697,6,880.0,26083.0,7.128162239320473,6.0,35.64081119660237,0.0,13.128162239320474,0.0,13.128162239320474,0.0,13.128162239320474,B_SES
14,FOODS_3_128_WI_3,medium,intermittent,SES,empirical,14,0.9,4,1,292,156.0,145.0,11.0,0.9294871794871795,4,0.0136986301369863,0.9863013698630136,36.18150684931507,61.0,5.009465215333648,4,160.0,10565.0,15.094924754149293,4.0,75.47462377074646,2.458500015735627,21.55342476988492,9.834000062942508,28.9289248170918,29.50200018882752,48.59692494297681,B_SES
15,HOBBIES_1_036_WI_3,medium,intermittent,SES,empirical,14,0.9,4,0,292,242.0,242.0,0.0,1.0,0,0.0,1.0,35.657534246575345,73.0,8.48348059930849,5,292.0,10412.0,5.591101393666985,5.0,27.95550696833493,0.0,10.591101393666985,0.0,10.591101393666985,0.0,10.591101393666985,B_SES
16,FOODS_3_520_WI_3,low,intermittent,SES,empirical,14,0.9,8,1,292,206.0,204.0,2.0,0.9902912621359223,2,0.00684931506849315,0.9931506849315068,17.143835616438356,38.0,14.874151018777468,8,220.0,5006.0,9.552545251258431,8.0,47.76272625629216,0.597000002861023,18.149545254119452,2.388000011444092,19.94054526270252,7.164000034332275,24.716545285590705,B_SES
17,HOUSEHOLD_1_464_WI_3,low,intermittent,SES,empirical,14,0.9,5,0,292,49.0,49.0,0.0,1.0,0,0.0,1.0,9.308219178082192,15.0,6.580206033848418,6,62.0,2718.0,12.340837334280144,6.0,61.70418667140073,0.0,18.340837334280145,0.0,18.340837334280145,0.0,18.340837334280145,B_SES
0,FOODS_3_449_CA_3,high,regular,SES,empirical,14,0.95,12,3,292,1628.0,1537.0,91.0,0.9441031941031941,7,0.023972602739726026,0.976027397260274,104.07191780821918,277.0,18.46079173385106,13,1629.0,30389.0,28.848735894340358,13.0,144.2436794717018,13.513500130176547,55.3622360245169,54.05400052070619,95.90273641504655,162.16200156211858,204.01073745645894,B_SES
1,HOUSEHOLD_1_114_CA_3,high,regular,SES,empirical,14,0.95,6,2,292,941.0,912.0,29.0,0.9691817215727949,6,0.02054794520547945,0.9794520547945206,82.92808219178082,215.0,13.746851125335537,7,977.0,24215.0,11.261633893806641,7.0,56.308169469033196,2.109750062227249,20.37138395603389,8.439000248908997,26.700634142715636,25.31700074672699,43.57863464053363,B_SES
2,FOODS_3_784_CA_3,medium,intermittent,SES,empirical,14,0.95,3,0,292,213.0,213.0,0.0,1.0,0,0.0,1.0,58.39041095890411,105.0,4.559824046920821,3,227.0,17050.0,8.174657534246576,3.0,40.87328767123287,0.0,11.174657534246576,0.0,11.174657534246576,0.0,11.174657534246576,B_SES
3,HOUSEHOLD_2_270_CA_3,medium,intermittent,SES,empirical,14,0.95,5,2,292,118.0,107.0,11.0,0.9067796610169492,5,0.017123287671232876,0.9828767123287672,14.695205479452055,47.0,9.101608016779306,6,163.0,4291.0,12.014800313923457,6.0,60.07400156961728,4.8180001258850105,22.83280043980847,19.272000503540042,37.2868008174635,57.816001510620126,75.83080182454358,B_SES
4,HOBBIES_1_377_CA_3,low,intermittent,SES,empirical,14,0.95,7,0,292,92.0,92.0,0.0,1.0,0,0.0,1.0,9.907534246575343,19.0,11.607328033183546,7,97.0,2893.0,13.842806214371771,7.0,69.21403107185887,0.0,20.84280621437177,0.0,20.84280621437177,0.0,20.84280621437177,B_SES
5,HOUSEHOLD_2_228_CA_3,low,intermittent,SES,empirical,14,0.95,6,0,292,112.0,112.0,0.0,1.0,0,0.0,1.0,13.948630136986301,27.0,10.036827890989443,7,132.0,4073.0,10.68186054918864,7.0,53.409302745943194,0.0,17.68186054918864,0.0,17.68186054918864,0.0,17.68186054918864,B_SES
6,FOODS_2_347_TX_2,high,regular,SES,empirical,14,0.95,11,4,292,1785.0,1592.0,193.0,0.8918767507002802,12,0.0410958904109589,0.9589041095890412,98.84931506849315,242.0,20.131651884700663,12,1530.0,28864.0,24.633248919134267,12.0,123.16624459567134,25.765499585866937,62.39874850500121,103.06199834346775,139.695247262602,309.18599503040326,345.8192439495375,B_SES
7,HOUSEHOLD_1_247_TX_2,high,regular,SES,empirical,14,0.95,9,0,292,1273.0,1273.0,0.0,1.0,0,0.0,1.0,81.54109589041096,170.0,19.51469970600588,9,1276.0,23810.0,11.073281148525133,9.0,55.366405742625666,0.0,20.073281148525133,0.0,20.073281148525133,0.0,20.073281148525133,B_SES
8,FOODS_3_729_TX_2,medium,intermittent,SES,empirical,14,0.95,8,0,292,224.0,224.0,0.0,1.0,0,0.0,1.0,25.366438356164384,43.0,11.038207101390576,8,273.0,7407.0,14.134179519790491,8.0,70.67089759895246,0.0,22.134179519790493,0.0,22.134179519790493,0.0,22.134179519790493,B_SES
9,HOBBIES_1_034_TX_2,medium,intermittent,SES,empirical,14,0.95,9,0,292,281.0,281.0,0.0,1.0,0,0.0,1.0,27.756849315068493,54.0,12.654534238124615,9,289.0,8105.0,18.108567900200413,9.0,90.54283950100206,0.0,27.108567900200413,0.0,27.108567900200413,0.0,27.108567900200413,B_SES
10,FOODS_2_196_TX_2,low,intermittent,SES,empirical,14,0.95,6,0,292,165.0,165.0,0.0,1.0,0,0.0,1.0,27.698630136986303,46.0,7.446216617210682,7,208.0,8088.0,15.27856460545161,7.0,76.39282302725805,0.0,22.27856460545161,0.0,22.27856460545161,0.0,22.27856460545161,B_SES
11,HOUSEHOLD_2_315_TX_2,low,intermittent,SES,empirical,14,0.95,7,1,292,122.0,120.0,2.0,0.9836065573770492,1,0.003424657534246575,0.9965753424657534,11.36986301369863,21.0,13.19277108433735,7,121.0,3320.0,12.208959025552828,7.0,61.04479512776414,1.150500011444092,20.35945903699692,4.602000045776368,23.810959071329197,13.806000137329104,33.01495916288194,B_SES
12,FOODS_2_056_WI_3,high,intermittent,SES,empirical,14,0.95,16,0,292,1064.0,1064.0,0.0,1.0,0,0.0,1.0,83.92123287671232,158.0,15.84819424607223,17,1169.0,24505.0,82.00782899121715,17.0,410.03914495608575,0.0,99.00782899121715,0.0,99.00782899121715,0.0,99.00782899121715,B_SES
13,HOBBIES_1_312_WI_3,high,intermittent,SES,empirical,14,0.95,6,0,292,799.0,799.0,0.0,1.0,0,0.0,1.0,107.83219178082192,221.0,9.262076412487694,6,898.0,31487.0,8.605008796130956,6.0,43.025043980654786,0.0,14.605008796130956,0.0,14.605008796130956,0.0,14.605008796130956,B_SES
14,FOODS_3_128_WI_3,medium,intermittent,SES,empirical,14,0.95,4,2,292,156.0,148.0,8.0,0.9487179487179487,4,0.0136986301369863,0.9863013698630136,38.30821917808219,64.0,4.829250849275881,5,203.0,11186.0,15.98218914338987,5.0,79.91094571694934,1.7880000114440922,22.770189154833965,7.152000045776369,28.13418918916624,21.456000137329106,42.43818928071897,B_SES
15,HOBBIES_1_036_WI_3,medium,intermittent,SES,empirical,14,0.95,4,0,292,242.0,242.0,0.0,1.0,0,0.0,1.0,38.50342465753425,76.0,7.856444009605977,5,295.0,11243.0,6.037337012005178,5.0,30.18668506002589,0.0,11.037337012005178,0.0,11.037337012005178,0.0,11.037337012005178,B_SES
16,FOODS_3_520_WI_3,low,intermittent,SES,empirical,14,0.95,8,2,292,206.0,202.0,4.0,0.9805825242718447,4,0.0136986301369863,0.9863013698630136,16.315068493150687,38.0,15.476490344248528,8,221.0,4764.0,9.090756207949495,8.0,45.453781039747476,1.194000005722046,18.284756213671542,4.776000022888184,21.86675623083768,14.32800006866455,31.418756276614047,B_SES
17,HOUSEHOLD_1_464_WI_3,low,intermittent,SES,empirical,14,0.95,5,0,292,49.0,49.0,0.0,1.0,0,0.0,1.0,10.256849315068493,16.0,5.971619365609349,6,63.0,2995.0,13.598531205360203,6.0,67.99265602680101,0.0,19.598531205360203,0.0,19.598531205360203,0.0,19.598531205360203,B_SES
0,FOODS_3_449_CA_3,high,regular,SES,empirical,14,0.98,12,5,292,1628.0,1536.0,92.0,0.9434889434889435,8,0.0273972602739726,0.9726027397260274,101.78082191780823,275.0,18.86406460296097,13,1590.0,29720.0,28.21364410740055,13.0,141.06822053700276,13.662000131607059,54.87564423900761,54.648000526428234,95.86164463382879,163.9440015792847,205.15764568668527,B_SES
1,HOUSEHOLD_1_114_CA_3,high,regular,SES,empirical,14,0.98,7,2,292,941.0,937.0,4.0,0.9957492029755579,2,0.00684931506849315,0.9931506849315068,87.60616438356165,227.0,13.369492983073375,8,1031.0,25581.0,11.896917474188218,8.0,59.484587370941085,0.29100000858306885,20.187917482771287,1.1640000343322754,21.060917508520493,3.492000102996826,23.388917577185044,B_SES
2,FOODS_3_784_CA_3,medium,intermittent,SES,empirical,14,0.98,3,0,292,213.0,213.0,0.0,1.0,0,0.0,1.0,59.98972602739726,107.0,4.438259976023292,3,229.0,17517.0,8.398561643835617,3.0,41.99280821917808,0.0,11.398561643835617,0.0,11.398561643835617,0.0,11.398561643835617,B_SES
3,HOUSEHOLD_2_270_CA_3,medium,intermittent,SES,empirical,14,0.98,6,3,292,118.0,115.0,3.0,0.9745762711864406,2,0.00684931506849315,0.9931506849315068,22.986301369863014,64.0,6.253724672228843,6,159.0,6712.0,18.793600491040372,6.0,93.96800245520187,1.3140000343322755,26.107600525372646,5.256000137329102,30.049600628369475,15.768000411987305,40.56160090302768,B_SES
4,HOBBIES_1_377_CA_3,low,intermittent,SES,empirical,14,0.98,7,0,292,92.0,92.0,0.0,1.0,0,0.0,1.0,11.804794520547945,21.0,9.741804467653031,7,99.0,3447.0,16.493658147576735,7.0,82.46829073788368,0.0,23.493658147576735,0.0,23.493658147576735,0.0,23.493658147576735,B_SES
5,HOUSEHOLD_2_228_CA_3,low,intermittent,SES,empirical,14,0.98,6,0,292,112.0,112.0,0.0,1.0,0,0.0,1.0,16.08219178082192,29.0,8.705281090289608,7,134.0,4696.0,12.315741993368489,7.0,61.57870996684244,0.0,19.31574199336849,0.0,19.31574199336849,0.0,19.31574199336849,B_SES
6,FOODS_2_347_TX_2,high,regular,SES,empirical,14,0.98,11,2,292,1785.0,1612.0,173.0,0.9030812324929972,8,0.0273972602739726,0.9726027397260274,126.09246575342466,399.0,15.980336239441591,12,1607.0,36819.0,31.422241960698607,12.0,157.11120980349304,23.09549962878228,66.51774158948089,92.38199851512913,135.80424047582773,277.14599554538734,320.56823750608595,B_SES
7,HOUSEHOLD_1_247_TX_2,high,regular,SES,empirical,14,0.98,9,0,292,1273.0,1273.0,0.0,1.0,0,0.0,1.0,84.93493150684931,174.0,18.734930043143425,9,1280.0,24801.0,11.534164038831241,9.0,57.6708201941562,0.0,20.534164038831243,0.0,20.534164038831243,0.0,20.534164038831243,B_SES
8,FOODS_3_729_TX_2,medium,intermittent,SES,empirical,14,0.98,8,0,292,224.0,224.0,0.0,1.0,0,0.0,1.0,26.88013698630137,57.0,10.416613581347942,8,259.0,7849.0,14.977612400544832,8.0,74.88806200272417,0.0,22.97761240054483,0.0,22.97761240054483,0.0,22.97761240054483,B_SES
9,HOBBIES_1_034_TX_2,medium,intermittent,SES,empirical,14,0.98,9,0,292,281.0,281.0,0.0,1.0,0,0.0,1.0,30.948630136986303,58.0,11.34945225185349,9,288.0,9037.0,20.190885640235795,9.0,100.95442820117898,0.0,29.190885640235795,0.0,29.190885640235795,0.0,29.190885640235795,B_SES
10,FOODS_2_196_TX_2,low,intermittent,SES,empirical,14,0.98,6,0,292,165.0,165.0,0.0,1.0,0,0.0,1.0,30.544520547945204,49.0,6.752438614194417,7,211.0,8919.0,16.848357778934584,7.0,84.24178889467291,0.0,23.848357778934584,0.0,23.848357778934584,0.0,23.848357778934584,B_SES
11,HOUSEHOLD_2_315_TX_2,low,intermittent,SES,empirical,14,0.98,7,1,292,122.0,120.0,2.0,0.9836065573770492,1,0.003424657534246575,0.9965753424657534,11.36986301369863,21.0,13.19277108433735,7,121.0,3320.0,12.208959025552828,7.0,61.04479512776414,1.150500011444092,20.35945903699692,4.602000045776368,23.810959071329197,13.806000137329104,33.01495916288194,B_SES
12,FOODS_2_056_WI_3,high,intermittent,SES,empirical,14,0.98,16,0,292,1064.0,1064.0,0.0,1.0,0,0.0,1.0,89.98287671232876,165.0,14.78058991436727,17,1175.0,26275.0,87.93126736356787,17.0,439.6563368178393,0.0,104.93126736356787,0.0,104.93126736356787,0.0,104.93126736356787,B_SES
13,HOBBIES_1_312_WI_3,high,intermittent,SES,empirical,14,0.98,6,0,292,799.0,799.0,0.0,1.0,0,0.0,1.0,117.81506849315069,229.0,8.477268763443986,6,906.0,34402.0,9.401642347778358,6.0,47.008211738891795,0.0,15.401642347778358,0.0,15.401642347778358,0.0,15.401642347778358,B_SES
14,FOODS_3_128_WI_3,medium,intermittent,SES,empirical,14,0.98,4,1,292,156.0,151.0,5.0,0.967948717948718,3,0.010273972602739725,0.9897260273972602,40.89383561643836,67.0,4.6156100829076285,4,166.0,11941.0,17.060908328376403,4.0,85.30454164188203,1.1175000071525576,22.17840833552896,4.47000002861023,25.530908356986632,13.410000085830692,34.470908414207095,B_SES
15,HOBBIES_1_036_WI_3,medium,intermittent,SES,empirical,14,0.98,4,0,292,242.0,242.0,0.0,1.0,0,0.0,1.0,43.98972602739726,80.0,6.8766056831451925,4,258.0,12845.0,6.8975890704622005,4.0,34.487945352311,0.0,10.8975890704622,0.0,10.8975890704622,0.0,10.8975890704622,B_SES
16,FOODS_3_520_WI_3,low,intermittent,SES,empirical,14,0.98,8,1,292,206.0,205.0,1.0,0.9951456310679612,1,0.003424657534246575,0.9965753424657534,17.688356164383563,39.0,14.486931268151015,8,222.0,5165.0,9.855952102027526,8.0,49.27976051013764,0.2985000014305115,18.154452103458038,1.194000005722046,19.049952107749572,3.5820000171661377,21.437952119193664,B_SES
17,HOUSEHOLD_1_464_WI_3,low,intermittent,SES,empirical,14,0.98,5,0,292,49.0,49.0,0.0,1.0,0,0.0,1.0,11.205479452054794,17.0,5.466075794621027,6,64.0,3272.0,14.85622507644026,6.0,74.28112538220131,0.0,20.85622507644026,0.0,20.85622507644026,0.0,20.85622507644026,B_SES
0,FOODS_3_449_CA_3,high,regular,Holt,gaussian,3,0.9,14,2,292,1628.0,1576.0,52.0,0.9680589680589681,4,0.0136986301369863,0.9863013698630136,60.11986301369863,169.0,32.76787240102535,14,1603.0,17555.0,16.665226187934614,14.0,83.32613093967306,7.722000074386599,38.387226262321214,30.888000297546395,61.553226485481005,92.66400089263918,123.32922708057379,B_Holt
1,HOUSEHOLD_1_114_CA_3,high,regular,Holt,gaussian,3,0.9,7,1,292,941.0,939.0,2.0,0.997874601487779,1,0.003424657534246575,0.9965753424657534,64.29109589041096,187.0,18.25680498588398,7,946.0,18773.0,8.730731079431429,7.0,43.653655397157145,0.14550000429153442,15.876231083722963,0.5820000171661377,16.312731096597567,1.746000051498413,17.476731130929842,B_Holt
2,FOODS_3_784_CA_3,medium,intermittent,Holt,gaussian,3,0.9,4,1,292,213.0,210.0,3.0,0.9859154929577465,1,0.003424657534246575,0.9965753424657534,31.458904109589042,83.0,8.344219464402352,4,244.0,9186.0,4.404246575342466,4.0,22.02123287671233,0.22500000000000003,8.629246575342465,0.9000000000000001,9.304246575342466,2.7,11.104246575342465,B_Holt
3,HOUSEHOLD_2_270_CA_3,medium,intermittent,Holt,gaussian,3,0.9,5,1,292,118.0,116.0,2.0,0.9830508474576272,2,0.00684931506849315,0.9931506849315068,8.684931506849315,41.0,16.69558359621451,5,120.0,2536.0,7.1008001855301535,5.0,35.504000927650765,0.8760000228881837,12.976800208418338,3.5040000915527347,15.604800277082889,10.512000274658204,22.61280046018836,B_Holt
4,HOBBIES_1_377_CA_3,low,intermittent,Holt,gaussian,3,0.9,7,1,292,92.0,90.0,2.0,0.9782608695652174,1,0.003424657534246575,0.9965753424657534,8.202054794520548,16.0,13.716075156576201,7,92.0,2395.0,11.459910433259727,7.0,57.29955216629864,1.4969999313354494,19.956910364595178,5.987999725341798,24.447910158601527,17.963999176025393,36.42390960928512,B_Holt
5,HOUSEHOLD_2_228_CA_3,low,intermittent,Holt,gaussian,3,0.9,6,1,292,112.0,111.0,1.0,0.9910714285714286,1,0.003424657534246575,0.9965753424657534,9.986301369863014,20.0,13.8940329218107,6,113.0,2916.0,7.647509295711778,6.0,38.23754647855889,0.41024998426437387,14.057759279976151,1.6409999370574955,15.288509232769274,4.922999811172486,18.570509106884266,B_Holt
6,FOODS_2_347_TX_2,high,regular,Holt,gaussian,3,0.9,13,4,292,1785.0,1657.0,128.0,0.9282913165266107,9,0.030821917808219176,0.9691780821917808,65.34246575342466,166.0,31.698375262054505,13,1639.0,19080.0,16.28334220402861,13.0,81.41671102014305,17.087999725341803,46.371341929370416,68.35199890136721,97.63534110539582,205.05599670410163,234.33933890813023,B_Holt
7,HOUSEHOLD_1_247_TX_2,high,regular,Holt,gaussian,3,0.9,9,0,292,1273.0,1273.0,0.0,1.0,0,0.0,1.0,71.0513698630137,156.0,22.39576806285246,9,1254.0,20747.0,9.6487763119887,9.0,48.2438815599435,0.0,18.648776311988698,0.0,18.648776311988698,0.0,18.648776311988698,B_Holt
8,FOODS_3_729_TX_2,medium,intermittent,Holt,gaussian,3,0.9,7,0,292,224.0,224.0,0.0,1.0,0,0.0,1.0,17.904109589041095,39.0,15.638867635807193,8,252.0,5228.0,9.97616991082283,8.0,49.88084955411414,0.0,17.97616991082283,0.0,17.97616991082283,0.0,17.97616991082283,B_Holt
9,HOBBIES_1_034_TX_2,medium,intermittent,Holt,gaussian,3,0.9,8,1,292,281.0,279.0,2.0,0.9928825622775801,1,0.003424657534246575,0.9965753424657534,19.54794520547945,42.0,17.84074982480729,9,305.0,5708.0,12.753079034465632,9.0,63.765395172328155,0.6989999771118165,22.45207901157745,2.795999908447266,24.5490789429129,8.387999725341798,30.141078759807428,B_Holt
10,FOODS_2_196_TX_2,low,intermittent,Holt,gaussian,3,0.9,6,1,292,165.0,164.0,1.0,0.9939393939393939,1,0.003424657534246575,0.9965753424657534,13.342465753424657,33.0,15.364476386036962,7,187.0,3896.0,7.359704216473723,7.0,36.79852108236861,0.29550000429153445,14.655204220765258,1.1820000171661378,15.54170423363986,3.5460000514984134,17.905704267972137,B_Holt
11,HOUSEHOLD_2_315_TX_2,low,intermittent,Holt,gaussian,3,0.9,7,1,292,122.0,121.0,1.0,0.9918032786885246,1,0.003424657534246575,0.9965753424657534,9.897260273972602,19.0,15.282006920415226,7,121.0,2890.0,10.627678187905925,7.0,53.13839093952962,0.575250005722046,18.202928193627972,2.301000022888184,19.92867821079411,6.903000068664552,24.530678256570475,B_Holt
12,FOODS_2_056_WI_3,high,intermittent,Holt,gaussian,3,0.9,19,3,292,1064.0,1052.0,12.0,0.9887218045112782,5,0.017123287671232876,0.9828767123287672,34.12671232876713,77.0,38.532865027596586,19,1058.0,9965.0,33.34862337879938,19.0,166.74311689399693,6.282000017166139,58.63062339596552,25.128000068664555,77.47662344746394,75.38400020599366,127.73262358479303,B_Holt
13,HOBBIES_1_312_WI_3,high,intermittent,Holt,gaussian,3,0.9,6,3,292,799.0,780.0,19.0,0.9762202753441802,4,0.0136986301369863,0.9863013698630136,71.53082191780823,166.0,13.63048786326423,6,861.0,20887.0,5.708159517413132,6.0,28.540797587065665,0.8122499898076059,12.520409507220739,3.2489999592304235,14.957159476643557,9.74699987769127,21.455159395104403,B_Holt
14,FOODS_3_128_WI_3,medium,intermittent,Holt,gaussian,3,0.9,4,0,292,156.0,156.0,0.0,1.0,0,0.0,1.0,24.743150684931507,51.0,7.880968858131488,4,153.0,7225.0,10.322842531824765,4.0,51.61421265912382,0.0,14.322842531824765,0.0,14.322842531824765,0.0,14.322842531824765,B_Holt
15,HOBBIES_1_036_WI_3,medium,intermittent,Holt,gaussian,3,0.9,4,1,292,242.0,234.0,8.0,0.9669421487603306,4,0.0136986301369863,0.9863013698630136,31.904109589041095,61.0,9.168097896092744,4,236.0,9316.0,5.0025644048599345,4.0,25.01282202429967,0.6720000028610231,9.674564407720958,2.6880000114440925,11.690564416304028,8.064000034332278,17.066564439192213,B_Holt
16,FOODS_3_520_WI_3,low,intermittent,Holt,gaussian,3,0.9,8,2,292,206.0,204.0,2.0,0.9902912621359223,2,0.00684931506849315,0.9931506849315068,14.746575342465754,34.0,17.292150487691593,8,223.0,4306.0,8.216791820199521,8.0,41.08395910099761,0.597000002861023,16.813791823060544,2.388000011444092,18.604791831643613,7.164000034332275,23.380791854531797,B_Holt
17,HOUSEHOLD_1_464_WI_3,low,intermittent,Holt,gaussian,3,0.9,5,1,292,49.0,48.0,1.0,0.9795918367346939,1,0.003424657534246575,0.9965753424657534,5.97945205479452,11.0,10.034364261168385,5,51.0,1746.0,7.927557757782608,5.0,39.63778878891304,0.7102500200271606,13.637807777809769,2.8410000801086426,15.768557837891251,8.523000240325928,21.450557998108536,B_Holt
0,FOODS_3_449_CA_3,high,regular,Holt,gaussian,3,0.95,13,2,292,1628.0,1593.0,35.0,0.9785012285012284,4,0.0136986301369863,0.9863013698630136,65.13013698630137,172.0,30.57340414344306,13,1536.0,19018.0,18.054074146518968,13.0,90.27037073259483,5.1975000500679025,36.25157419658687,20.79000020027161,51.84407434679058,62.37000060081483,93.4240747473338,B_Holt
1,HOUSEHOLD_1_114_CA_3,high,regular,Holt,gaussian,3,0.95,7,0,292,941.0,941.0,0.0,1.0,0,0.0,1.0,65.58561643835617,189.0,17.93457260717456,7,950.0,19151.0,8.906526975027502,7.0,44.53263487513752,0.0,15.906526975027502,0.0,15.906526975027502,0.0,15.906526975027502,B_Holt
2,FOODS_3_784_CA_3,medium,intermittent,Holt,gaussian,3,0.95,3,0,292,213.0,213.0,0.0,1.0,0,0.0,1.0,40.70205479452055,82.0,6.541438788388725,4,294.0,11885.0,5.698287671232877,4.0,28.491438356164384,0.0,9.698287671232876,0.0,9.698287671232876,0.0,9.698287671232876,B_Holt
3,HOUSEHOLD_2_270_CA_3,medium,intermittent,Holt,gaussian,3,0.95,5,1,292,118.0,117.0,1.0,0.9915254237288136,1,0.003424657534246575,0.9965753424657534,9.633561643835616,42.0,15.181301102026307,5,122.0,2813.0,7.876400205795079,5.0,39.382001028975395,0.43800001144409184,13.314400217239172,1.7520000457763674,14.628400251571446,5.256000137329102,18.132400343124182,B_Holt
4,HOBBIES_1_377_CA_3,low,intermittent,Holt,gaussian,3,0.95,7,1,292,92.0,90.0,2.0,0.9782608695652174,1,0.003424657534246575,0.9965753424657534,8.202054794520548,16.0,13.716075156576201,7,92.0,2395.0,11.459910433259727,7.0,57.29955216629864,1.4969999313354494,19.956910364595178,5.987999725341798,24.447910158601527,17.963999176025393,36.42390960928512,B_Holt
5,HOUSEHOLD_2_228_CA_3,low,intermittent,Holt,gaussian,3,0.95,6,0,292,112.0,112.0,0.0,1.0,0,0.0,1.0,10.821917808219178,21.0,12.936708860759493,6,114.0,3160.0,8.287424339660227,6.0,41.43712169830113,0.0,14.287424339660227,0.0,14.287424339660227,0.0,14.287424339660227,B_Holt
6,FOODS_2_347_TX_2,high,regular,Holt,gaussian,3,0.95,13,6,292,1785.0,1646.0,139.0,0.9221288515406163,9,0.030821917808219176,0.9691780821917808,66.11643835616438,188.0,31.11934113747022,13,1653.0,19306.0,16.476216173531256,13.0,82.38108086765628,18.556499701738364,48.032715875269616,74.22599880695346,103.70221498048471,222.67799642086035,252.1542125943916,B_Holt
7,HOUSEHOLD_1_247_TX_2,high,regular,Holt,gaussian,3,0.95,9,0,292,1273.0,1273.0,0.0,1.0,0,0.0,1.0,72.16780821917808,157.0,22.049304797608315,9,1256.0,21073.0,9.800388645227642,9.0,49.00194322613821,0.0,18.800388645227642,0.0,18.800388645227642,0.0,18.800388645227642,B_Holt
8,FOODS_3_729_TX_2,medium,intermittent,Holt,gaussian,3,0.95,7,0,292,224.0,224.0,0.0,1.0,0,0.0,1.0,19.273972602739725,40.0,14.527363184079602,8,253.0,5628.0,10.739457585713634,8.0,53.69728792856817,0.0,18.739457585713634,0.0,18.739457585713634,0.0,18.739457585713634,B_Holt
9,HOBBIES_1_034_TX_2,medium,intermittent,Holt,gaussian,3,0.95,9,3,292,281.0,274.0,7.0,0.9750889679715302,3,0.010273972602739725,0.9897260273972602,17.602739726027398,40.0,19.457198443579767,9,282.0,5140.0,11.484027021225183,9.0,57.42013510612592,2.446499919891358,22.93052694111654,9.785999679565432,30.270026700790613,29.357999038696292,49.84202605992147,B_Holt
10,FOODS_2_196_TX_2,low,intermittent,Holt,gaussian,3,0.95,6,0,292,165.0,165.0,0.0,1.0,0,0.0,1.0,15.294520547945206,32.0,13.485221674876847,7,189.0,4466.0,8.436457656768903,7.0,42.182288283844514,0.0,15.436457656768903,0.0,15.436457656768903,0.0,15.436457656768903,B_Holt
11,HOUSEHOLD_2_315_TX_2,low,intermittent,Holt,gaussian,3,0.95,7,0,292,122.0,122.0,0.0,1.0,0,0.0,1.0,10.698630136986301,20.0,14.25416133162612,7,121.0,3124.0,11.48818915536959,7.0,57.44094577684794,0.0,18.48818915536959,0.0,18.48818915536959,0.0,18.48818915536959,B_Holt
12,FOODS_2_056_WI_3,high,intermittent,Holt,gaussian,3,0.95,19,1,292,1064.0,1061.0,3.0,0.9971804511278195,1,0.003424657534246575,0.9965753424657534,37.32534246575342,79.0,35.5321589136618,19,1057.0,10899.0,36.47432475720366,19.0,182.3716237860183,1.5705000042915347,57.04482476149519,6.282000017166139,61.7563247743698,18.846000051498415,74.32032480870208,B_Holt
13,HOBBIES_1_312_WI_3,high,intermittent,Holt,gaussian,3,0.95,6,2,292,799.0,790.0,9.0,0.9887359198998749,2,0.00684931506849315,0.9931506849315068,80.72602739726027,175.0,12.232733751909045,6,866.0,23572.0,6.441936905465713,6.0,32.20968452732856,0.3847499951720238,12.826686900637737,1.5389999806880952,13.980936886153808,4.616999942064286,17.05893684753,B_Holt
14,FOODS_3_128_WI_3,medium,intermittent,Holt,gaussian,3,0.95,4,0,292,156.0,156.0,0.0,1.0,0,0.0,1.0,25.089041095890412,51.0,7.772317772317772,4,154.0,7326.0,10.467148012200447,4.0,52.335740061002234,0.0,14.467148012200447,0.0,14.467148012200447,0.0,14.467148012200447,B_Holt
15,HOBBIES_1_036_WI_3,medium,intermittent,Holt,gaussian,3,0.95,4,1,292,242.0,235.0,7.0,0.9710743801652892,4,0.0136986301369863,0.9863013698630136,32.85958904109589,62.0,8.939551849921836,4,238.0,9595.0,5.152383583579978,4.0,25.761917917899883,0.5880000025033952,9.740383586083373,2.352000010013581,11.504383593593559,7.056000030040742,16.208383613620718,B_Holt
16,FOODS_3_520_WI_3,low,intermittent,Holt,gaussian,3,0.95,8,2,292,206.0,203.0,3.0,0.9854368932038835,3,0.010273972602739725,0.9897260273972602,15.222602739726028,34.0,16.669291338582678,8,222.0,4445.0,8.482034287224076,8.0,42.410171436120386,0.8955000042915344,17.37753429151561,3.5820000171661377,20.064034304390212,10.746000051498413,27.228034338722487,B_Holt
17,HOUSEHOLD_1_464_WI_3,low,intermittent,Holt,gaussian,3,0.95,5,1,292,49.0,48.0,1.0,0.9795918367346939,1,0.003424657534246575,0.9965753424657534,5.97945205479452,11.0,10.034364261168385,5,51.0,1746.0,7.927557757782608,5.0,39.63778878891304,0.7102500200271606,13.637807777809769,2.8410000801086426,15.768557837891251,8.523000240325928,21.450557998108536,B_Holt
0,FOODS_3_449_CA_3,high,regular,Holt,gaussian,3,0.98,13,2,292,1628.0,1596.0,32.0,0.9803439803439803,4,0.0136986301369863,0.9863013698630136,68.40753424657534,175.0,29.163454317897372,13,1542.0,19975.0,18.962568675818506,13.0,94.81284337909253,4.752000045776368,36.71456872159487,19.008000183105473,50.97056885892398,57.02400054931642,88.98656922513493,B_Holt
1,HOUSEHOLD_1_114_CA_3,high,regular,Holt,gaussian,3,0.98,7,1,292,941.0,935.0,6.0,0.9936238044633369,2,0.00684931506849315,0.9931506849315068,68.26369863013699,166.0,17.121105704108764,7,929.0,19933.0,9.270210547398214,7.0,46.35105273699107,0.43650001287460327,16.706710560272818,1.746000051498413,18.016210598896627,5.238000154495239,21.508210701893454,B_Holt
2,FOODS_3_784_CA_3,medium,intermittent,Holt,gaussian,3,0.98,3,0,292,213.0,213.0,0.0,1.0,0,0.0,1.0,42.071917808219176,82.0,6.328449328449329,4,282.0,12285.0,5.890068493150685,4.0,29.450342465753423,0.0,9.890068493150686,0.0,9.890068493150686,0.0,9.890068493150686,B_Holt
3,HOUSEHOLD_2_270_CA_3,medium,intermittent,Holt,gaussian,3,0.98,5,1,292,118.0,117.0,1.0,0.9915254237288136,1,0.003424657534246575,0.9965753424657534,9.633561643835616,42.0,15.181301102026307,5,122.0,2813.0,7.876400205795079,5.0,39.382001028975395,0.43800001144409184,13.314400217239172,1.7520000457763674,14.628400251571446,5.256000137329102,18.132400343124182,B_Holt
4,HOBBIES_1_377_CA_3,low,intermittent,Holt,gaussian,3,0.98,7,1,292,92.0,90.0,2.0,0.9782608695652174,1,0.003424657534246575,0.9965753424657534,8.174657534246576,16.0,13.762044407205696,7,92.0,2387.0,11.421630982960739,7.0,57.1081549148037,1.4969999313354494,19.918630914296187,5.987999725341798,24.409630708302537,17.963999176025393,36.38563015898613,B_Holt
5,HOUSEHOLD_2_228_CA_3,low,intermittent,Holt,gaussian,3,0.98,6,0,292,112.0,112.0,0.0,1.0,0,0.0,1.0,10.821917808219178,21.0,12.936708860759493,6,114.0,3160.0,8.287424339660227,6.0,41.43712169830113,0.0,14.287424339660227,0.0,14.287424339660227,0.0,14.287424339660227,B_Holt
6,FOODS_2_347_TX_2,high,regular,Holt,gaussian,3,0.98,13,4,292,1785.0,1656.0,129.0,0.9277310924369748,7,0.023972602739726026,0.976027397260274,68.9041095890411,188.0,30.041749502982107,13,1643.0,20120.0,17.170903833598306,13.0,85.85451916799153,17.221499723196036,47.39240355679434,68.88599889278414,99.05690272638245,206.65799667835242,236.82890051195074,B_Holt
7,HOUSEHOLD_1_247_TX_2,high,regular,Holt,gaussian,3,0.98,9,1,292,1273.0,1270.0,3.0,0.997643362136685,1,0.003424657534246575,0.9965753424657534,73.10616438356165,157.0,21.714995081276058,9,1243.0,21347.0,9.927817416109452,9.0,49.639087080547256,0.21825000643730164,19.146067422546754,0.8730000257492065,19.80081744185866,2.6190000772476196,21.54681749335707,B_Holt
8,FOODS_3_729_TX_2,medium,intermittent,Holt,gaussian,3,0.98,7,0,292,224.0,224.0,0.0,1.0,0,0.0,1.0,20.366438356164384,41.0,13.748108289894065,8,255.0,5947.0,11.348179506439052,8.0,56.74089753219526,0.0,19.348179506439052,0.0,19.348179506439052,0.0,19.348179506439052,B_Holt
9,HOBBIES_1_034_TX_2,medium,intermittent,Holt,gaussian,3,0.98,8,1,292,281.0,280.0,1.0,0.99644128113879,1,0.003424657534246575,0.9965753424657534,21.44178082191781,44.0,16.323271042964382,9,308.0,6261.0,13.988617350173321,9.0,69.94308675086661,0.34949998855590825,23.33811733872923,1.397999954223633,24.386617304396953,4.193999862670899,27.18261721284422,B_Holt
10,FOODS_2_196_TX_2,low,intermittent,Holt,gaussian,3,0.98,6,0,292,165.0,165.0,0.0,1.0,0,0.0,1.0,15.654109589041095,33.0,13.175453948807702,7,190.0,4571.0,8.634806974718016,7.0,43.174034873590074,0.0,15.634806974718016,0.0,15.634806974718016,0.0,15.634806974718016,B_Holt
11,HOUSEHOLD_2_315_TX_2,low,intermittent,Holt,gaussian,3,0.98,7,0,292,122.0,122.0,0.0,1.0,0,0.0,1.0,10.698630136986301,20.0,14.25416133162612,7,121.0,3124.0,11.48818915536959,7.0,57.44094577684794,0.0,18.48818915536959,0.0,18.48818915536959,0.0,18.48818915536959,B_Holt
12,FOODS_2_056_WI_3,high,intermittent,Holt,gaussian,3,0.98,19,1,292,1064.0,1063.0,1.0,0.9990601503759399,1,0.003424657534246575,0.9965753424657534,39.81849315068493,93.0,33.37017287348414,19,1086.0,11627.0,38.91063161317616,19.0,194.55315806588078,0.5235000014305116,58.43413161460667,2.0940000057220463,60.0046316188982,6.282000017166139,64.19263163034229,B_Holt
13,HOBBIES_1_312_WI_3,high,intermittent,Holt,gaussian,3,0.98,6,0,292,799.0,799.0,0.0,1.0,0,0.0,1.0,82.62328767123287,170.0,12.087996352482799,6,860.0,24126.0,6.5933382734288895,6.0,32.96669136714445,0.0,12.59333827342889,0.0,12.59333827342889,0.0,12.59333827342889,B_Holt
14,FOODS_3_128_WI_3,medium,intermittent,Holt,gaussian,3,0.98,4,0,292,156.0,156.0,0.0,1.0,0,0.0,1.0,25.715753424657535,52.0,7.582900519376747,4,155.0,7509.0,10.728612397435594,4.0,53.643061987177965,0.0,14.728612397435594,0.0,14.728612397435594,0.0,14.728612397435594,B_Holt
15,HOBBIES_1_036_WI_3,medium,intermittent,Holt,gaussian,3,0.98,5,1,292,242.0,240.0,2.0,0.9917355371900827,1,0.003424657534246575,0.9965753424657534,33.986301369863014,65.0,8.82708585247884,5,284.0,9924.0,5.3290520774828245,5.0,26.64526038741412,0.16800000071525578,10.497052078198081,0.6720000028610231,11.001052080343847,2.0160000085830694,12.345052086065895,B_Holt
16,FOODS_3_520_WI_3,low,intermittent,Holt,gaussian,3,0.98,8,1,292,206.0,205.0,1.0,0.9951456310679612,1,0.003424657534246575,0.9965753424657534,15.787671232876713,36.0,16.23101952277657,8,217.0,4610.0,8.796890453116534,8.0,43.984452265582675,0.2985000014305115,17.095390454547044,1.194000005722046,17.990890458838578,3.5820000171661377,20.37889047028267,B_Holt
17,HOUSEHOLD_1_464_WI_3,low,intermittent,Holt,gaussian,3,0.98,5,0,292,49.0,49.0,0.0,1.0,0,0.0,1.0,6.907534246575342,13.0,8.867129400099158,5,52.0,2017.0,9.158009162341077,5.0,45.79004581170539,0.0,14.158009162341077,0.0,14.158009162341077,0.0,14.158009162341077,B_Holt
0,FOODS_3_449_CA_3,high,regular,Holt,gaussian,7,0.9,13,2,292,1628.0,1580.0,48.0,0.9705159705159705,5,0.017123287671232876,0.9828767123287672,74.31506849315069,186.0,26.576036866359445,13,1559.0,21700.0,20.60013718474401,13.0,103.00068592372006,7.128000068664552,40.72813725340857,28.51200027465821,62.11213745940222,85.53600082397463,119.13613800871865,B_Holt
1,HOUSEHOLD_1_114_CA_3,high,regular,Holt,gaussian,7,0.9,7,2,292,941.0,920.0,21.0,0.9776833156216791,4,0.0136986301369863,0.9863013698630136,71.17123287671232,195.0,16.158213838899048,7,953.0,20782.0,9.665053709729078,7.0,48.32526854864538,1.5277500450611115,18.19280375479019,6.111000180244446,22.776053889973525,18.333000540733337,34.99805425046242,B_Holt
2,FOODS_3_784_CA_3,medium,intermittent,Holt,gaussian,7,0.9,3,0,292,213.0,213.0,0.0,1.0,0,0.0,1.0,37.30821917808219,81.0,7.136497154396916,4,284.0,10894.0,5.223150684931507,4.0,26.11575342465753,0.0,9.223150684931507,0.0,9.223150684931507,0.0,9.223150684931507,B_Holt
3,HOUSEHOLD_2_270_CA_3,medium,intermittent,Holt,gaussian,7,0.9,5,1,292,118.0,111.0,7.0,0.940677966101695,3,0.010273972602739725,0.9897260273972602,11.58904109589041,45.0,11.972517730496454,5,132.0,3384.0,9.475200247568626,5.0,47.37600123784313,3.066000080108643,17.54120032767727,12.264000320434572,26.7392005680032,36.792000961303714,51.267201208872336,B_Holt
4,HOBBIES_1_377_CA_3,low,intermittent,Holt,gaussian,7,0.9,7,1,292,92.0,91.0,1.0,0.9891304347826086,1,0.003424657534246575,0.9965753424657534,8.883561643835616,17.0,12.80454895913647,7,93.0,2594.0,12.41211175944707,7.0,62.06055879723535,0.7484999656677247,20.160611725114798,2.993999862670899,22.40611162211797,8.981999588012696,28.39411134745977,B_Holt
5,HOUSEHOLD_2_228_CA_3,low,intermittent,Holt,gaussian,7,0.9,6,1,292,112.0,111.0,1.0,0.9910714285714286,1,0.003424657534246575,0.9965753424657534,11.184931506849315,22.0,12.40508266993264,6,114.0,3266.0,8.565420219408322,6.0,42.82710109704161,0.41024998426437387,14.975670203672696,1.6409999370574955,16.206420156465818,4.922999811172486,19.48842003058081,B_Holt
6,FOODS_2_347_TX_2,high,regular,Holt,gaussian,7,0.9,12,4,292,1785.0,1591.0,194.0,0.8913165266106443,13,0.04452054794520548,0.9554794520547946,78.93150684931507,242.0,25.195895522388057,12,1592.0,23048.0,19.66973119069452,12.0,98.3486559534726,25.89899958372117,57.56873077441569,103.59599833488468,135.26572952557922,310.787995004654,342.4577261953485,B_Holt
7,HOUSEHOLD_1_247_TX_2,high,regular,Holt,gaussian,7,0.9,9,1,292,1273.0,1271.0,2.0,0.9984289080911233,1,0.003424657534246575,0.9965753424657534,73.8527397260274,157.0,21.51240435891491,9,1259.0,21565.0,10.029202350606656,9.0,50.146011753033285,0.14550000429153442,19.17470235489819,0.5820000171661377,19.611202367772794,1.746000051498413,20.77520240210507,B_Holt
8,FOODS_3_729_TX_2,medium,intermittent,Holt,gaussian,7,0.9,7,1,292,224.0,223.0,1.0,0.9955357142857143,1,0.003424657534246575,0.9965753424657534,19.78767123287671,40.0,14.087054344063692,8,254.0,5778.0,11.025690463797686,8.0,55.12845231898843,0.2985000014305115,19.3241904652282,1.194000005722046,20.219690469519733,3.5820000171661377,22.607690480963825,B_Holt
9,HOBBIES_1_034_TX_2,medium,intermittent,Holt,gaussian,7,0.9,8,1,292,281.0,278.0,3.0,0.9893238434163701,1,0.003424657534246575,0.9965753424657534,21.708904109589042,48.0,16.00725666508913,9,307.0,6339.0,14.162888577343665,9.0,70.81444288671833,1.0484999656677247,24.211388543011388,4.193999862670899,27.356888440014565,12.581999588012696,35.74488816535636,B_Holt
10,FOODS_2_196_TX_2,low,intermittent,Holt,gaussian,7,0.9,6,0,292,165.0,165.0,0.0,1.0,0,0.0,1.0,15.976027397260275,33.0,12.909967845659164,7,192.0,4665.0,8.812376840310554,7.0,44.06188420155277,0.0,15.812376840310554,0.0,15.812376840310554,0.0,15.812376840310554,B_Holt
11,HOUSEHOLD_2_315_TX_2,low,intermittent,Holt,gaussian,7,0.9,7,0,292,122.0,122.0,0.0,1.0,0,0.0,1.0,11.04109589041096,21.0,13.812034739454093,7,121.0,3224.0,11.855928885054915,7.0,59.279644425274576,0.0,18.855928885054915,0.0,18.855928885054915,0.0,18.855928885054915,B_Holt
12,FOODS_2_056_WI_3,high,intermittent,Holt,gaussian,7,0.9,17,0,292,1064.0,1064.0,0.0,1.0,0,0.0,1.0,50.61643835616438,103.0,26.27604871447903,17,1105.0,14780.0,49.4623836968043,17.0,247.3119184840215,0.0,66.4623836968043,0.0,66.4623836968043,0.0,66.4623836968043,B_Holt
13,HOBBIES_1_312_WI_3,high,intermittent,Holt,gaussian,7,0.9,6,1,292,799.0,790.0,9.0,0.9887359198998749,3,0.010273972602739725,0.9897260273972602,84.96575342465754,183.0,11.622329705763805,6,882.0,24810.0,6.780267038206531,6.0,33.90133519103266,0.3847499951720238,13.165017033378556,1.5389999806880952,14.319267018894626,4.616999942064286,17.397266980270818,B_Holt
14,FOODS_3_128_WI_3,medium,intermittent,Holt,gaussian,7,0.9,4,2,292,156.0,151.0,5.0,0.967948717948718,3,0.010273972602739725,0.9897260273972602,27.743150684931507,47.0,6.803481051722009,4,150.0,8101.0,11.57444253983563,4.0,57.87221269917814,1.1175000071525576,16.691942546988187,4.47000002861023,20.04444256844586,13.410000085830692,28.984442625666322,B_Holt
15,HOBBIES_1_036_WI_3,medium,intermittent,Holt,gaussian,7,0.9,4,1,292,242.0,236.0,6.0,0.9752066115702479,3,0.010273972602739725,0.9897260273972602,32.263698630136986,69.0,9.143403035771149,5,288.0,9421.0,5.058947966743822,5.0,25.294739833719106,0.5040000021457673,10.56294796888959,2.0160000085830694,12.074947975326893,6.048000025749208,16.10694799249303,B_Holt
16,FOODS_3_520_WI_3,low,intermittent,Holt,gaussian,7,0.9,8,2,292,206.0,203.0,3.0,0.9854368932038835,3,0.010273972602739725,0.9897260273972602,15.955479452054794,34.0,15.90362738785147,8,216.0,4659.0,8.890393193290658,8.0,44.45196596645329,0.8955000042915344,17.78589319758219,3.5820000171661377,20.472393210456794,10.746000051498413,27.63639324478907,B_Holt
17,HOUSEHOLD_1_464_WI_3,low,intermittent,Holt,gaussian,7,0.9,5,0,292,49.0,49.0,0.0,1.0,0,0.0,1.0,6.993150684931507,13.0,8.758570029382957,5,53.0,2042.0,9.271519439514368,5.0,46.35759719757185,0.0,14.271519439514368,0.0,14.271519439514368,0.0,14.271519439514368,B_Holt
0,FOODS_3_449_CA_3,high,regular,Holt,gaussian,7,0.95,13,2,292,1628.0,1573.0,55.0,0.9662162162162162,5,0.017123287671232876,0.9828767123287672,77.31164383561644,191.0,25.432779623477295,13,1557.0,22575.0,21.430787877677236,13.0,107.15393938838618,8.167500078678133,42.598287956355364,32.67000031471253,67.10078819238976,98.0100009441376,132.44078882181483,B_Holt
1,HOUSEHOLD_1_114_CA_3,high,regular,Holt,gaussian,7,0.95,7,1,292,941.0,936.0,5.0,0.9946865037194474,1,0.003424657534246575,0.9965753424657534,77.38013698630137,182.0,15.120159327284798,7,939.0,22595.0,10.508222912680614,7.0,52.54111456340306,0.36375001072883606,17.87197292340945,1.4550000429153442,18.96322295559596,4.365000128746033,21.873223041426648,B_Holt
2,FOODS_3_784_CA_3,medium,intermittent,Holt,gaussian,7,0.95,3,0,292,213.0,213.0,0.0,1.0,0,0.0,1.0,44.21917808219178,82.0,6.0211431226765795,4,285.0,12912.0,6.1906849315068495,4.0,30.953424657534246,0.0,10.19068493150685,0.0,10.19068493150685,0.0,10.19068493150685,B_Holt
3,HOUSEHOLD_2_270_CA_3,medium,intermittent,Holt,gaussian,7,0.95,5,1,292,118.0,112.0,6.0,0.9491525423728814,3,0.010273972602739725,0.9897260273972602,12.517123287671232,46.0,11.18467852257182,5,134.0,3655.0,10.2340002673946,5.0,51.170001336973,2.628000068664551,17.86200033605915,10.512000274658204,25.746000542052805,31.53600082397461,46.77000109136921,B_Holt
4,HOBBIES_1_377_CA_3,low,intermittent,Holt,gaussian,7,0.95,7,1,292,92.0,91.0,1.0,0.9891304347826086,1,0.003424657534246575,0.9965753424657534,9.284246575342467,17.0,12.251936554776835,7,93.0,2711.0,12.97194872006978,7.0,64.8597436003489,0.7484999656677247,20.720448685737505,2.993999862670899,22.96594858274068,8.981999588012696,28.953948308082474,B_Holt
5,HOUSEHOLD_2_228_CA_3,low,intermittent,Holt,gaussian,7,0.95,6,1,292,112.0,110.0,2.0,0.9821428571428571,1,0.003424657534246575,0.9965753424657534,11.414383561643836,23.0,12.046204620462046,6,114.0,3333.0,8.741134596230232,6.0,43.70567298115116,0.8204999685287477,15.561634564758979,3.281999874114991,18.023134470345223,9.845999622344973,24.587134218575205,B_Holt
6,FOODS_2_347_TX_2,high,regular,Holt,gaussian,7,0.95,12,3,292,1785.0,1637.0,148.0,0.9170868347338935,11,0.03767123287671233,0.9623287671232876,77.45547945205479,201.0,26.418402086925763,13,1662.0,22617.0,19.301905169209387,13.0,96.50952584604693,19.75799968242646,52.05990485163585,79.03199872970583,111.33390389891522,237.0959961891175,269.39790135832686,B_Holt
7,HOUSEHOLD_1_247_TX_2,high,regular,Holt,gaussian,7,0.95,9,0,292,1273.0,1273.0,0.0,1.0,0,0.0,1.0,76.09931506849315,160.0,20.91017505962828,9,1261.0,22221.0,10.33428729111201,9.0,51.67143645556006,0.0,19.334287291112012,0.0,19.334287291112012,0.0,19.334287291112012,B_Holt
8,FOODS_3_729_TX_2,medium,intermittent,Holt,gaussian,7,0.95,7,0,292,224.0,224.0,0.0,1.0,0,0.0,1.0,21.794520547945204,43.0,12.847265870521685,8,258.0,6364.0,12.143906907512717,8.0,60.71953453756358,0.0,20.143906907512715,0.0,20.143906907512715,0.0,20.143906907512715,B_Holt
9,HOBBIES_1_034_TX_2,medium,intermittent,Holt,gaussian,7,0.95,9,2,292,281.0,276.0,5.0,0.9822064056939501,3,0.010273972602739725,0.9897260273972602,20.277397260273972,41.0,17.014017902381354,9,286.0,5921.0,13.2289735394308,9.0,66.144867697154,1.7474999427795412,23.97647348221034,6.989999771118165,29.218973310548964,20.969999313354496,43.198972852785296,B_Holt
10,FOODS_2_196_TX_2,low,intermittent,Holt,gaussian,7,0.95,6,0,292,165.0,165.0,0.0,1.0,0,0.0,1.0,18.28082191780822,35.0,11.282315473960285,7,193.0,5338.0,10.083701516308196,7.0,50.41850758154098,0.0,17.083701516308196,0.0,17.083701516308196,0.0,17.083701516308196,B_Holt
11,HOUSEHOLD_2_315_TX_2,low,intermittent,Holt,gaussian,7,0.95,7,0,292,122.0,122.0,0.0,1.0,0,0.0,1.0,11.04109589041096,21.0,13.812034739454093,7,121.0,3224.0,11.855928885054915,7.0,59.279644425274576,0.0,18.855928885054915,0.0,18.855928885054915,0.0,18.855928885054915,B_Holt
12,FOODS_2_056_WI_3,high,intermittent,Holt,gaussian,7,0.95,17,1,292,1064.0,1059.0,5.0,0.9953007518796992,2,0.00684931506849315,0.9931506849315068,52.07534246575342,104.0,25.41990003945811,17,1105.0,15206.0,50.88802479659041,17.0,254.44012398295203,2.617500007152558,70.50552480374296,10.470000028610231,78.35802482520063,31.410000085830696,99.29802488242109,B_Holt
13,HOBBIES_1_312_WI_3,high,intermittent,Holt,gaussian,7,0.95,6,2,292,799.0,787.0,12.0,0.9849812265331664,4,0.0136986301369863,0.9863013698630136,87.98972602739725,185.0,11.180282567236212,6,874.0,25693.0,7.021580048877081,6.0,35.107900244385405,0.5129999935626984,13.534580042439778,2.0519999742507937,15.073580023127874,6.155999922752381,19.177579971629463,B_Holt
14,FOODS_3_128_WI_3,medium,intermittent,Holt,gaussian,7,0.95,5,0,292,156.0,156.0,0.0,1.0,0,0.0,1.0,25.03767123287671,52.0,7.788264259335248,5,194.0,7311.0,10.445716505213959,5.0,52.22858252606979,0.0,15.445716505213959,0.0,15.445716505213959,0.0,15.445716505213959,B_Holt
15,HOBBIES_1_036_WI_3,medium,intermittent,Holt,gaussian,7,0.95,5,0,292,242.0,242.0,0.0,1.0,0,0.0,1.0,34.5958904109589,70.0,8.743813106315582,5,289.0,10102.0,5.424635639533604,5.0,27.123178197668018,0.0,10.424635639533605,0.0,10.424635639533605,0.0,10.424635639533605,B_Holt
16,FOODS_3_520_WI_3,low,intermittent,Holt,gaussian,7,0.95,8,1,292,206.0,201.0,5.0,0.9757281553398058,4,0.0136986301369863,0.9863013698630136,15.821917808219178,36.0,15.879870129870131,8,222.0,4620.0,8.815972644988804,8.0,44.07986322494402,1.4925000071525574,18.30847265214136,5.9700000286102295,22.785972673599034,17.91000008583069,34.72597273081949,B_Holt
17,HOUSEHOLD_1_464_WI_3,low,intermittent,Holt,gaussian,7,0.95,5,0,292,49.0,49.0,0.0,1.0,0,0.0,1.0,6.993150684931507,13.0,8.758570029382957,5,53.0,2042.0,9.271519439514368,5.0,46.35759719757185,0.0,14.271519439514368,0.0,14.271519439514368,0.0,14.271519439514368,B_Holt
0,FOODS_3_449_CA_3,high,regular,Holt,gaussian,7,0.98,12,2,292,1628.0,1556.0,72.0,0.9557739557739557,6,0.02054794520547945,0.9794520547945206,79.51027397260275,216.0,24.462247491062584,13,1576.0,23217.0,22.040248157520814,13.0,110.20124078760408,10.692000102996829,45.73224826051764,42.768000411987316,77.80824856950812,128.30400123596195,163.34424939348276,B_Holt
1,HOUSEHOLD_1_114_CA_3,high,regular,Holt,gaussian,7,0.98,7,1,292,941.0,936.0,5.0,0.9946865037194474,1,0.003424657534246575,0.9965753424657534,80.6027397260274,187.0,14.515635622025833,7,944.0,23536.0,10.945852377643323,7.0,54.72926188821662,0.36375001072883606,18.30960238837216,1.4550000429153442,19.400852420558667,4.365000128746033,22.310852506389356,B_Holt
2,FOODS_3_784_CA_3,medium,intermittent,Holt,gaussian,7,0.98,3,0,292,213.0,213.0,0.0,1.0,0,0.0,1.0,45.81506849315068,83.0,5.81140678726267,4,286.0,13378.0,6.414109589041096,4.0,32.070547945205476,0.0,10.414109589041097,0.0,10.414109589041097,0.0,10.414109589041097,B_Holt
3,HOUSEHOLD_2_270_CA_3,medium,intermittent,Holt,gaussian,7,0.98,5,1,292,118.0,113.0,5.0,0.9576271186440678,3,0.010273972602739725,0.9897260273972602,13.482876712328768,47.0,10.476250952501905,5,137.0,3937.0,11.023600288025321,5.0,55.118001440126605,2.190000057220459,18.21360034524578,8.760000228881836,24.783600516907157,26.28000068664551,42.30360097467083,B_Holt
4,HOBBIES_1_377_CA_3,low,intermittent,Holt,gaussian,7,0.98,7,0,292,92.0,92.0,0.0,1.0,0,0.0,1.0,10.136986301369863,18.0,11.344594594594595,7,95.0,2960.0,14.163396610625801,7.0,70.81698305312901,0.0,21.163396610625803,0.0,21.163396610625803,0.0,21.163396610625803,B_Holt
5,HOUSEHOLD_2_228_CA_3,low,intermittent,Holt,gaussian,7,0.98,6,0,292,112.0,112.0,0.0,1.0,0,0.0,1.0,13.441780821917808,24.0,10.415286624203821,7,130.0,3925.0,10.293715358596959,7.0,51.468576792984784,0.0,17.29371535859696,0.0,17.29371535859696,0.0,17.29371535859696,B_Holt
6,FOODS_2_347_TX_2,high,regular,Holt,gaussian,7,0.98,12,3,292,1785.0,1652.0,133.0,0.9254901960784314,9,0.030821917808219176,0.9691780821917808,78.53424657534246,192.0,26.294261294261293,13,1681.0,22932.0,19.570733932011745,13.0,97.85366966005873,17.755499714612966,50.326233646624715,71.02199885845187,103.59273279046361,213.0659965753556,245.63673050736736,B_Holt
7,HOUSEHOLD_1_247_TX_2,high,regular,Holt,gaussian,7,0.98,9,0,292,1273.0,1273.0,0.0,1.0,0,0.0,1.0,78.34931506849315,162.0,20.309686161377744,9,1264.0,22878.0,10.639837300124233,9.0,53.199186500621174,0.0,19.639837300124235,0.0,19.639837300124235,0.0,19.639837300124235,B_Holt
8,FOODS_3_729_TX_2,medium,intermittent,Holt,gaussian,7,0.98,7,0,292,224.0,224.0,0.0,1.0,0,0.0,1.0,23.0,45.0,12.173913043478262,8,260.0,6716.0,12.815600061416625,8.0,64.07800030708313,0.0,20.815600061416625,0.0,20.815600061416625,0.0,20.815600061416625,B_Holt
9,HOBBIES_1_034_TX_2,medium,intermittent,Holt,gaussian,7,0.98,9,1,292,281.0,279.0,2.0,0.9928825622775801,1,0.003424657534246575,0.9965753424657534,21.773972602739725,49.0,16.016829191569677,9,292.0,6358.0,14.20533926088516,9.0,71.0266963044258,0.6989999771118165,23.90433923799698,2.795999908447266,26.001339169332425,8.387999725341798,31.59333898622696,B_Holt
10,FOODS_2_196_TX_2,low,intermittent,Holt,gaussian,7,0.98,6,0,292,165.0,165.0,0.0,1.0,0,0.0,1.0,21.102739726027398,36.0,9.77361246348588,7,195.0,6162.0,11.640271401927896,7.0,58.20135700963948,0.0,18.640271401927897,0.0,18.640271401927897,0.0,18.640271401927897,B_Holt
11,HOUSEHOLD_2_315_TX_2,low,intermittent,Holt,gaussian,7,0.98,7,0,292,122.0,122.0,0.0,1.0,0,0.0,1.0,11.804794520547945,21.0,12.91847983753989,7,122.0,3447.0,12.675988482253192,7.0,63.37994241126596,0.0,19.675988482253192,0.0,19.675988482253192,0.0,19.675988482253192,B_Holt
12,FOODS_2_056_WI_3,high,intermittent,Holt,gaussian,7,0.98,17,0,292,1064.0,1064.0,0.0,1.0,0,0.0,1.0,57.19178082191781,109.0,23.25508982035928,17,1115.0,16700.0,55.88780837189661,17.0,279.43904185948304,0.0,72.88780837189661,0.0,72.88780837189661,0.0,72.88780837189661,B_Holt
13,HOBBIES_1_312_WI_3,high,intermittent,Holt,gaussian,7,0.98,6,2,292,799.0,795.0,4.0,0.9949937421777222,2,0.00684931506849315,0.9931506849315068,90.71575342465754,189.0,10.954547170523613,6,886.0,26489.0,7.239117032448722,6.0,36.19558516224361,0.1709999978542328,13.410117030302954,0.6839999914169312,13.923117023865652,2.0519999742507937,15.291117006699515,B_Holt
14,FOODS_3_128_WI_3,medium,intermittent,Holt,gaussian,7,0.98,5,0,292,156.0,156.0,0.0,1.0,0,0.0,1.0,26.64041095890411,54.0,7.319706903200926,5,195.0,7779.0,11.114379523192365,5.0,55.571897615961824,0.0,16.114379523192365,0.0,16.114379523192365,0.0,16.114379523192365,B_Holt
15,HOBBIES_1_036_WI_3,medium,intermittent,Holt,gaussian,7,0.98,5,0,292,242.0,242.0,0.0,1.0,0,0.0,1.0,35.98287671232877,65.0,8.40677643475778,5,283.0,10507.0,5.642115092514312,5.0,28.21057546257156,0.0,10.642115092514313,0.0,10.642115092514313,0.0,10.642115092514313,B_Holt
16,FOODS_3_520_WI_3,low,intermittent,Holt,gaussian,7,0.98,8,1,292,206.0,205.0,1.0,0.9951456310679612,1,0.003424657534246575,0.9965753424657534,17.29794520547945,35.0,14.81389823797268,8,219.0,5051.0,9.638415114683648,8.0,48.192075573418236,0.2985000014305115,17.936915116114157,1.194000005722046,18.83241512040569,3.5820000171661377,21.220415131849784,B_Holt
17,HOUSEHOLD_1_464_WI_3,low,intermittent,Holt,gaussian,7,0.98,5,0,292,49.0,49.0,0.0,1.0,0,0.0,1.0,8.558219178082192,14.0,7.1568627450980395,5,50.0,2499.0,11.34648730624212,5.0,56.7324365312106,0.0,16.346487306242118,0.0,16.346487306242118,0.0,16.346487306242118,B_Holt
0,FOODS_3_449_CA_3,high,regular,Holt,gaussian,14,0.9,12,3,292,1628.0,1515.0,113.0,0.9305896805896806,8,0.0273972602739726,0.9726027397260274,104.1917808219178,265.0,18.175617933210624,12,1482.0,30424.0,28.881961922057684,12.0,144.40980961028842,16.7805001616478,57.662462083705485,67.1220006465912,108.00396256864889,201.3660019397736,242.2479638618313,B_Holt
1,HOUSEHOLD_1_114_CA_3,high,regular,Holt,gaussian,14,0.9,7,2,292,941.0,918.0,23.0,0.975557917109458,5,0.017123287671232876,0.9828767123287672,87.46575342465754,222.0,13.119420516836335,7,948.0,25540.0,11.877849665406632,7.0,59.38924832703316,1.6732500493526459,20.551099714759278,6.6930001974105835,25.570849862817216,20.07900059223175,38.95685025763838,B_Holt
2,FOODS_3_784_CA_3,medium,intermittent,Holt,gaussian,14,0.9,3,0,292,213.0,213.0,0.0,1.0,0,0.0,1.0,53.29109589041096,94.0,4.996144206670523,4,293.0,15561.0,7.460753424657534,4.0,37.30376712328767,0.0,11.460753424657534,0.0,11.460753424657534,0.0,11.460753424657534,B_Holt
3,HOUSEHOLD_2_270_CA_3,medium,intermittent,Holt,gaussian,14,0.9,5,2,292,118.0,107.0,11.0,0.9067796610169492,5,0.017123287671232876,0.9828767123287672,13.496575342465754,44.0,9.909921339761482,6,157.0,3941.0,11.034800288317955,6.0,55.17400144158977,4.8180001258850105,21.852800414202964,19.272000503540042,36.306800791857995,57.816001510620126,74.85080179893808,B_Holt
4,HOBBIES_1_377_CA_3,low,intermittent,Holt,gaussian,14,0.9,7,0,292,92.0,92.0,0.0,1.0,0,0.0,1.0,9.373287671232877,18.0,12.268907563025211,7,96.0,2737.0,13.096356933541493,7.0,65.48178466770747,0.0,20.096356933541493,0.0,20.096356933541493,0.0,20.096356933541493,B_Holt
5,HOUSEHOLD_2_228_CA_3,low,intermittent,Holt,gaussian,14,0.9,6,0,292,112.0,112.0,0.0,1.0,0,0.0,1.0,13.01027397260274,26.0,10.76072650697552,7,131.0,3799.0,9.963267426066203,7.0,49.81633713033101,0.0,16.963267426066203,0.0,16.963267426066203,0.0,16.963267426066203,B_Holt
6,FOODS_2_347_TX_2,high,regular,Holt,gaussian,14,0.9,11,5,292,1785.0,1529.0,256.0,0.8565826330532212,16,0.0547945205479452,0.9452054794520548,92.20547945205479,306.0,20.728160748774332,12,1506.0,26924.0,22.97760511012926,12.0,114.8880255506463,34.175999450683605,69.15360456081287,136.70399780273442,171.6816029128637,410.11199340820326,445.08959851833254,B_Holt
7,HOUSEHOLD_1_247_TX_2,high,regular,Holt,gaussian,14,0.9,9,1,292,1273.0,1271.0,2.0,0.9984289080911233,1,0.003424657534246575,0.9965753424657534,77.97260273972603,166.0,20.37574666198173,9,1272.0,22768.0,10.588679764368763,9.0,52.943398821843815,0.14550000429153442,19.734179768660297,0.5820000171661377,20.1706797815349,1.746000051498413,21.334679815867176,B_Holt
8,FOODS_3_729_TX_2,medium,intermittent,Holt,gaussian,14,0.9,8,0,292,224.0,224.0,0.0,1.0,0,0.0,1.0,22.77054794520548,54.0,12.296585952774853,8,256.0,6649.0,12.687749375872416,8.0,63.43874687936208,0.0,20.687749375872414,0.0,20.687749375872414,0.0,20.687749375872414,B_Holt
9,HOBBIES_1_034_TX_2,medium,intermittent,Holt,gaussian,14,0.9,9,1,292,281.0,280.0,1.0,0.99644128113879,1,0.003424657534246575,0.9965753424657534,22.29794520547945,49.0,15.696513592382123,9,285.0,6511.0,14.547178975719294,9.0,72.73589487859647,0.34949998855590825,23.896678964275203,1.397999954223633,24.945178929942927,4.193999862670899,27.741178838390194,B_Holt
10,FOODS_2_196_TX_2,low,intermittent,Holt,gaussian,14,0.9,6,0,292,165.0,165.0,0.0,1.0,0,0.0,1.0,23.664383561643834,41.0,8.715629522431259,7,194.0,6910.0,13.053274162174905,7.0,65.26637081087452,0.0,20.053274162174905,0.0,20.053274162174905,0.0,20.053274162174905,B_Holt
11,HOUSEHOLD_2_315_TX_2,low,intermittent,Holt,gaussian,14,0.9,7,1,292,122.0,120.0,2.0,0.9836065573770492,1,0.003424657534246575,0.9965753424657534,11.36986301369863,21.0,13.19277108433735,7,121.0,3320.0,12.208959025552828,7.0,61.04479512776414,1.150500011444092,20.35945903699692,4.602000045776368,23.810959071329197,13.806000137329104,33.01495916288194,B_Holt
12,FOODS_2_056_WI_3,high,intermittent,Holt,gaussian,14,0.9,16,2,292,1064.0,1056.0,8.0,0.9924812030075187,1,0.003424657534246575,0.9965753424657534,73.8527397260274,148.0,17.87340598191514,17,1150.0,21565.0,72.16889745748206,17.0,360.8444872874103,4.1880000114440925,93.35689746892615,16.75200004577637,105.92089750325843,50.25600013732911,139.42489759481117,B_Holt
13,HOBBIES_1_312_WI_3,high,intermittent,Holt,gaussian,14,0.9,6,0,292,799.0,799.0,0.0,1.0,0,0.0,1.0,86.59931506849315,203.0,11.53300114683434,6,880.0,25287.0,6.910625255748832,6.0,34.553126278744166,0.0,12.910625255748833,0.0,12.910625255748833,0.0,12.910625255748833,B_Holt
14,FOODS_3_128_WI_3,medium,intermittent,Holt,gaussian,14,0.9,4,1,292,156.0,144.0,12.0,0.9230769230769231,5,0.017123287671232876,0.9828767123287672,33.11986301369863,60.0,5.434805087374626,4,160.0,9671.0,13.817606937754643,4.0,69.0880346887732,2.6820000171661382,20.499606954920782,10.728000068664553,28.545607006419196,32.184000205993655,50.0016071437483,B_Holt
15,HOBBIES_1_036_WI_3,medium,intermittent,Holt,gaussian,14,0.9,5,0,292,242.0,242.0,0.0,1.0,0,0.0,1.0,32.986301369863014,65.0,9.17047342192691,5,284.0,9632.0,5.172252076815252,5.0,25.86126038407626,0.0,10.172252076815251,0.0,10.172252076815251,0.0,10.172252076815251,B_Holt
16,FOODS_3_520_WI_3,low,intermittent,Holt,gaussian,14,0.9,8,1,292,206.0,205.0,1.0,0.9951456310679612,1,0.003424657534246575,0.9965753424657534,17.051369863013697,38.0,15.028118096003215,8,222.0,4979.0,9.501023333203301,8.0,47.50511666601651,0.2985000014305115,17.79952333463381,1.194000005722046,18.695023338925346,3.5820000171661377,21.083023350369437,B_Holt
17,HOUSEHOLD_1_464_WI_3,low,intermittent,Holt,gaussian,14,0.9,5,0,292,49.0,49.0,0.0,1.0,0,0.0,1.0,8.35958904109589,14.0,7.326915198689061,6,61.0,2441.0,11.083143463200084,6.0,55.41571731600043,0.0,17.083143463200084,0.0,17.083143463200084,0.0,17.083143463200084,B_Holt
0,FOODS_3_449_CA_3,high,regular,Holt,gaussian,14,0.95,12,5,292,1628.0,1534.0,94.0,0.9422604422604423,8,0.0273972602739726,0.9726027397260274,100.7568493150685,273.0,19.030964277216952,13,1587.0,29421.0,27.9297988991868,13.0,139.64899449593398,13.959000134468083,54.888799033654884,55.83600053787233,96.76579943705913,167.50800161361698,208.4378005128038,B_Holt
1,HOUSEHOLD_1_114_CA_3,high,regular,Holt,gaussian,14,0.95,7,1,292,941.0,926.0,15.0,0.9840595111583422,4,0.0136986301369863,0.9863013698630136,92.86301369863014,221.0,12.464596548163446,7,952.0,27116.0,12.610797632230472,7.0,63.05398816115236,1.0912500321865082,20.70204766441698,4.365000128746033,23.975797760976505,13.095000386238098,32.70579801846857,B_Holt
2,FOODS_3_784_CA_3,medium,intermittent,Holt,gaussian,14,0.95,3,0,292,213.0,213.0,0.0,1.0,0,0.0,1.0,55.07876712328767,96.0,4.833986196605111,4,295.0,16083.0,7.711027397260274,4.0,38.55513698630136,0.0,11.711027397260274,0.0,11.711027397260274,0.0,11.711027397260274,B_Holt
3,HOUSEHOLD_2_270_CA_3,medium,intermittent,Holt,gaussian,14,0.95,5,2,292,118.0,108.0,10.0,0.9152542372881356,5,0.017123287671232876,0.9828767123287672,15.36986301369863,46.0,8.783422459893048,6,165.0,4488.0,12.566400328335696,6.0,62.83200164167848,4.380000114440918,22.946400442776614,17.520000457763672,36.08640078609937,52.56000137329102,71.12640170162672,B_Holt
4,HOBBIES_1_377_CA_3,low,intermittent,Holt,gaussian,14,0.95,7,0,292,92.0,92.0,0.0,1.0,0,0.0,1.0,9.876712328767123,19.0,11.643550624133148,7,97.0,2884.0,13.79974183278541,7.0,68.99870916392705,0.0,20.799741832785408,0.0,20.799741832785408,0.0,20.799741832785408,B_Holt
5,HOUSEHOLD_2_228_CA_3,low,intermittent,Holt,gaussian,14,0.95,6,0,292,112.0,112.0,0.0,1.0,0,0.0,1.0,13.95890410958904,27.0,10.029440628066732,7,132.0,4076.0,10.68972835710604,7.0,53.448641785530185,0.0,17.68972835710604,0.0,17.68972835710604,0.0,17.68972835710604,B_Holt
6,FOODS_2_347_TX_2,high,regular,Holt,gaussian,14,0.95,11,5,292,1785.0,1546.0,239.0,0.8661064425770308,15,0.05136986301369863,0.9486301369863014,98.73287671232876,307.0,19.57301422129726,12,1528.0,28830.0,24.604232481244487,12.0,123.02116240622243,31.906499487161646,68.51073196840613,127.62599794864659,164.23023042989107,382.8779938459398,419.48222632718426,B_Holt
7,HOUSEHOLD_1_247_TX_2,high,regular,Holt,gaussian,14,0.95,9,0,292,1273.0,1273.0,0.0,1.0,0,0.0,1.0,81.08219178082192,169.0,19.625147829025178,9,1275.0,23676.0,11.010961968604832,9.0,55.05480984302416,0.0,20.010961968604832,0.0,20.010961968604832,0.0,20.010961968604832,B_Holt
8,FOODS_3_729_TX_2,medium,intermittent,Holt,gaussian,14,0.95,8,0,292,224.0,224.0,0.0,1.0,0,0.0,1.0,24.965753424657535,56.0,11.215363511659808,8,258.0,7290.0,13.910917874884932,8.0,69.55458937442467,0.0,21.91091787488493,0.0,21.91091787488493,0.0,21.91091787488493,B_Holt
9,HOBBIES_1_034_TX_2,medium,intermittent,Holt,gaussian,14,0.95,9,2,292,281.0,280.0,1.0,0.99644128113879,1,0.003424657534246575,0.9965753424657534,27.866438356164384,56.0,12.55991151530048,9,285.0,8137.0,18.180063788270296,9.0,90.90031894135149,0.34949998855590825,27.529563776826205,1.397999954223633,28.578063742493928,4.193999862670899,31.374063650941196,B_Holt
10,FOODS_2_196_TX_2,low,intermittent,Holt,gaussian,14,0.95,6,0,292,165.0,165.0,0.0,1.0,0,0.0,1.0,25.92808219178082,44.0,7.95469554880465,7,196.0,7571.0,14.301930344692648,7.0,71.50965172346324,0.0,21.30193034469265,0.0,21.30193034469265,0.0,21.30193034469265,B_Holt
11,HOUSEHOLD_2_315_TX_2,low,intermittent,Holt,gaussian,14,0.95,7,1,292,122.0,120.0,2.0,0.9836065573770492,1,0.003424657534246575,0.9965753424657534,12.10958904109589,22.0,12.386877828054299,7,122.0,3536.0,13.003276841673133,7.0,65.01638420836566,1.150500011444092,21.153776853117225,4.602000045776368,24.605276887449502,13.806000137329104,33.809276979002234,B_Holt
12,FOODS_2_056_WI_3,high,intermittent,Holt,gaussian,14,0.95,16,0,292,1064.0,1064.0,0.0,1.0,0,0.0,1.0,83.2431506849315,158.0,15.977290492450734,17,1168.0,24307.0,81.34520707159825,17.0,406.7260353579913,0.0,98.34520707159825,0.0,98.34520707159825,0.0,98.34520707159825,B_Holt
13,HOBBIES_1_312_WI_3,high,intermittent,Holt,gaussian,14,0.95,6,0,292,799.0,799.0,0.0,1.0,0,0.0,1.0,92.45890410958904,209.0,10.802096451589007,6,886.0,26998.0,7.378220455360738,6.0,36.89110227680369,0.0,13.378220455360738,0.0,13.378220455360738,0.0,13.378220455360738,B_Holt
14,FOODS_3_128_WI_3,medium,intermittent,Holt,gaussian,14,0.95,4,1,292,156.0,146.0,10.0,0.9358974358974359,4,0.0136986301369863,0.9863013698630136,37.195205479452056,62.0,4.906546358530522,4,162.0,10861.0,15.517839825349311,4.0,77.58919912674655,2.235000014305115,21.752839839654428,8.94000005722046,28.457839882569772,26.820000171661384,46.3378399970107,B_Holt
15,HOBBIES_1_036_WI_3,medium,intermittent,Holt,gaussian,14,0.95,5,0,292,242.0,242.0,0.0,1.0,0,0.0,1.0,34.88356164383562,67.0,8.671706263498919,5,286.0,10186.0,5.469742489040714,5.0,27.34871244520357,0.0,10.469742489040714,0.0,10.469742489040714,0.0,10.469742489040714,B_Holt
16,FOODS_3_520_WI_3,low,intermittent,Holt,gaussian,14,0.95,8,0,292,206.0,206.0,0.0,1.0,0,0.0,1.0,18.28767123287671,39.0,14.08052434456929,8,224.0,5340.0,10.189890459792254,8.0,50.94945229896127,0.0,18.189890459792252,0.0,18.189890459792252,0.0,18.189890459792252,B_Holt
17,HOUSEHOLD_1_464_WI_3,low,intermittent,Holt,gaussian,14,0.95,5,0,292,49.0,49.0,0.0,1.0,0,0.0,1.0,9.308219178082192,15.0,6.580206033848418,5,51.0,2718.0,12.340837334280144,5.0,61.70418667140073,0.0,17.340837334280145,0.0,17.340837334280145,0.0,17.340837334280145,B_Holt
0,FOODS_3_449_CA_3,high,regular,Holt,gaussian,14,0.98,12,3,292,1628.0,1539.0,89.0,0.9453316953316954,6,0.02054794520547945,0.9794520547945206,109.10616438356165,301.0,17.631909350575974,13,1618.0,31859.0,30.244229058468175,13.0,151.22114529234088,13.216500127315523,56.460729185783705,52.86600050926209,96.11022956773027,158.5980015277863,201.84223058625446,B_Holt
1,HOUSEHOLD_1_114_CA_3,high,regular,Holt,gaussian,14,0.98,7,2,292,941.0,937.0,4.0,0.9957492029755579,2,0.00684931506849315,0.9931506849315068,86.20890410958904,230.0,13.586183609422793,8,1028.0,25173.0,11.707169523386106,8.0,58.53584761693053,0.29100000858306885,19.998169531969175,1.1640000343322754,20.871169557718382,3.492000102996826,23.199169626382933,B_Holt
2,FOODS_3_784_CA_3,medium,intermittent,Holt,gaussian,14,0.98,4,0,292,213.0,213.0,0.0,1.0,0,0.0,1.0,49.417808219178085,87.0,5.387733887733887,4,260.0,14430.0,6.918493150684931,4.0,34.592465753424655,0.0,10.918493150684931,0.0,10.918493150684931,0.0,10.918493150684931,B_Holt
3,HOUSEHOLD_2_270_CA_3,medium,intermittent,Holt,gaussian,14,0.98,6,2,292,118.0,111.0,7.0,0.940677966101695,3,0.010273972602739725,0.9897260273972602,16.95205479452055,47.0,8.184848484848484,6,149.0,4950.0,13.86000036213496,6.0,69.3000018106748,3.066000080108643,22.926000442243605,12.264000320434572,32.12400068256953,36.792000961303714,56.652001323438675,B_Holt
4,HOBBIES_1_377_CA_3,low,intermittent,Holt,gaussian,14,0.98,7,0,292,92.0,92.0,0.0,1.0,0,0.0,1.0,10.856164383561644,20.0,10.593059936908517,7,98.0,3170.0,15.168232180974254,7.0,75.84116090487127,0.0,22.168232180974254,0.0,22.168232180974254,0.0,22.168232180974254,B_Holt
5,HOUSEHOLD_2_228_CA_3,low,intermittent,Holt,gaussian,14,0.98,6,0,292,112.0,112.0,0.0,1.0,0,0.0,1.0,15.404109589041095,28.0,9.088483770564697,7,133.0,4498.0,11.796466670820157,7.0,58.98233335410078,0.0,18.79646667082016,0.0,18.79646667082016,0.0,18.79646667082016,B_Holt
6,FOODS_2_347_TX_2,high,regular,Holt,gaussian,14,0.98,11,4,292,1785.0,1597.0,188.0,0.8946778711484594,11,0.03767123287671233,0.9623287671232876,100.13356164383562,241.0,19.93587331988098,13,1655.0,29239.0,24.953283160565647,13.0,124.76641580282823,25.097999596595773,63.05128275716142,100.3919983863831,138.34528154694874,301.1759951591493,339.12927831971496,B_Holt
7,HOUSEHOLD_1_247_TX_2,high,regular,Holt,gaussian,14,0.98,9,0,292,1273.0,1273.0,0.0,1.0,0,0.0,1.0,83.98287671232876,173.0,18.947314765730134,9,1279.0,24523.0,11.40487499392196,9.0,57.024374969609795,0.0,20.404874993921958,0.0,20.404874993921958,0.0,20.404874993921958,B_Holt
8,FOODS_3_729_TX_2,medium,intermittent,Holt,gaussian,14,0.98,8,0,292,224.0,224.0,0.0,1.0,0,0.0,1.0,27.811643835616437,59.0,10.067725649550548,8,261.0,8121.0,15.49664801947058,8.0,77.4832400973529,0.0,23.49664801947058,0.0,23.49664801947058,0.0,23.49664801947058,B_Holt
9,HOBBIES_1_034_TX_2,medium,intermittent,Holt,gaussian,14,0.98,9,0,292,281.0,281.0,0.0,1.0,0,0.0,1.0,30.174657534246574,57.0,11.640562932697765,9,292.0,8811.0,19.685945930742236,9.0,98.42972965371118,0.0,28.685945930742236,0.0,28.685945930742236,0.0,28.685945930742236,B_Holt
10,FOODS_2_196_TX_2,low,intermittent,Holt,gaussian,14,0.98,6,0,292,165.0,165.0,0.0,1.0,0,0.0,1.0,28.40753424657534,46.0,7.260397830018084,7,199.0,8295.0,15.669596117979859,7.0,78.3479805898993,0.0,22.669596117979857,0.0,22.669596117979857,0.0,22.669596117979857,B_Holt
11,HOUSEHOLD_2_315_TX_2,low,intermittent,Holt,gaussian,14,0.98,7,1,292,122.0,121.0,1.0,0.9918032786885246,1,0.003424657534246575,0.9965753424657534,12.845890410958905,23.0,11.774193548387096,7,124.0,3751.0,13.793917260496583,7.0,68.96958630248292,0.575250005722046,21.369167266218632,2.301000022888184,23.094917283384767,6.903000068664552,27.69691732916114,B_Holt
12,FOODS_2_056_WI_3,high,intermittent,Holt,gaussian,14,0.98,16,0,292,1064.0,1064.0,0.0,1.0,0,0.0,1.0,94.26712328767124,169.0,14.108842548862892,17,1180.0,27526.0,92.1178331284327,17.0,460.58916564216355,0.0,109.1178331284327,0.0,109.1178331284327,0.0,109.1178331284327,B_Holt
13,HOBBIES_1_312_WI_3,high,intermittent,Holt,gaussian,14,0.98,6,0,292,799.0,799.0,0.0,1.0,0,0.0,1.0,98.1541095890411,215.0,10.175325355012037,6,892.0,28661.0,7.832697846918072,6.0,39.163489234590365,0.0,13.832697846918073,0.0,13.832697846918073,0.0,13.832697846918073,B_Holt
14,FOODS_3_128_WI_3,medium,intermittent,Holt,gaussian,14,0.98,4,2,292,156.0,147.0,9.0,0.9423076923076923,5,0.017123287671232876,0.9828767123287672,39.044520547945204,65.0,4.706166125778441,4,162.0,11401.0,16.289374076862856,4.0,81.44687038431428,2.0115000128746034,22.30087408973746,8.046000051498414,28.33537412836127,24.138000154495245,44.4273742313581,B_Holt
15,HOBBIES_1_036_WI_3,medium,intermittent,Holt,gaussian,14,0.98,5,0,292,242.0,242.0,0.0,1.0,0,0.0,1.0,36.78082191780822,69.0,8.2243947858473,5,288.0,10740.0,5.767232901266176,5.0,28.836164506330878,0.0,10.767232901266176,0.0,10.767232901266176,0.0,10.767232901266176,B_Holt
16,FOODS_3_520_WI_3,low,intermittent,Holt,gaussian,14,0.98,8,0,292,206.0,206.0,0.0,1.0,0,0.0,1.0,19.616438356164384,41.0,13.126745810055866,8,225.0,5728.0,10.930279504436335,8.0,54.65139752218168,0.0,18.930279504436335,0.0,18.930279504436335,0.0,18.930279504436335,B_Holt
17,HOUSEHOLD_1_464_WI_3,low,intermittent,Holt,gaussian,14,0.98,5,0,292,49.0,49.0,0.0,1.0,0,0.0,1.0,10.256849315068493,16.0,5.971619365609349,5,52.0,2995.0,13.598531205360203,5.0,67.99265602680101,0.0,18.598531205360203,0.0,18.598531205360203,0.0,18.598531205360203,B_Holt
0,FOODS_3_449_CA_3,high,regular,Holt,empirical,3,0.9,13,3,292,1628.0,1589.0,39.0,0.976044226044226,5,0.017123287671232876,0.9828767123287672,61.95205479452055,169.0,32.061083471531234,13,1529.0,18090.0,17.17310975447093,13.0,85.86554877235464,5.791500055789949,35.964609810260875,23.166000223159795,53.33910997763073,69.49800066947938,99.67111042395031,B_Holt
1,HOUSEHOLD_1_114_CA_3,high,regular,Holt,empirical,3,0.9,7,2,292,941.0,937.0,4.0,0.9957492029755579,2,0.00684931506849315,0.9931506849315068,63.955479452054796,186.0,18.31352074966533,7,943.0,18675.0,8.685154365758374,7.0,43.425771828791866,0.29100000858306885,15.976154374341442,1.1640000343322754,16.849154400090647,3.492000102996826,19.177154468755198,B_Holt
2,FOODS_3_784_CA_3,medium,intermittent,Holt,empirical,3,0.9,4,1,292,213.0,211.0,2.0,0.9906103286384976,1,0.003424657534246575,0.9965753424657534,31.671232876712327,85.0,8.327746539792388,4,245.0,9248.0,4.433972602739726,4.0,22.169863013698627,0.15000000000000002,8.583972602739726,0.6000000000000001,9.033972602739725,1.8000000000000003,10.233972602739726,B_Holt
3,HOUSEHOLD_2_270_CA_3,medium,intermittent,Holt,empirical,3,0.9,5,1,292,118.0,116.0,2.0,0.9830508474576272,2,0.00684931506849315,0.9931506849315068,8.684931506849315,41.0,16.69558359621451,5,120.0,2536.0,7.1008001855301535,5.0,35.504000927650765,0.8760000228881837,12.976800208418338,3.5040000915527347,15.604800277082889,10.512000274658204,22.61280046018836,B_Holt
4,HOBBIES_1_377_CA_3,low,intermittent,Holt,empirical,3,0.9,7,2,292,92.0,90.0,2.0,0.9782608695652174,2,0.00684931506849315,0.9931506849315068,8.188356164383562,16.0,13.739021329987454,7,94.0,2391.0,11.440770708110234,7.0,57.20385354055117,1.4969999313354494,19.937770639445684,5.987999725341798,24.428770433452033,17.963999176025393,36.40476988413563,B_Holt
5,HOUSEHOLD_2_228_CA_3,low,intermittent,Holt,empirical,3,0.9,6,1,292,112.0,111.0,1.0,0.9910714285714286,1,0.003424657534246575,0.9965753424657534,9.986301369863014,20.0,13.8940329218107,6,113.0,2916.0,7.647509295711778,6.0,38.23754647855889,0.41024998426437387,14.057759279976151,1.6409999370574955,15.288509232769274,4.922999811172486,18.570509106884266,B_Holt
6,FOODS_2_347_TX_2,high,regular,Holt,empirical,3,0.9,13,5,292,1785.0,1656.0,129.0,0.9277310924369748,10,0.03424657534246575,0.9657534246575342,65.84931506849315,167.0,31.43540669856459,13,1639.0,19228.0,16.40964905131353,13.0,82.04824525656765,17.221499723196036,46.63114877450957,68.88599889278414,98.29564794409768,206.65799667835242,236.06764572966594,B_Holt
7,HOUSEHOLD_1_247_TX_2,high,regular,Holt,empirical,3,0.9,9,0,292,1273.0,1273.0,0.0,1.0,0,0.0,1.0,71.0513698630137,156.0,22.39576806285246,9,1254.0,20747.0,9.6487763119887,9.0,48.2438815599435,0.0,18.648776311988698,0.0,18.648776311988698,0.0,18.648776311988698,B_Holt
8,FOODS_3_729_TX_2,medium,intermittent,Holt,empirical,3,0.9,7,0,292,224.0,224.0,0.0,1.0,0,0.0,1.0,17.982876712328768,39.0,15.570367549038277,8,252.0,5251.0,10.02005895212905,8.0,50.100294760645255,0.0,18.020058952129048,0.0,18.020058952129048,0.0,18.020058952129048,B_Holt
9,HOBBIES_1_034_TX_2,medium,intermittent,Holt,empirical,3,0.9,8,1,292,281.0,279.0,2.0,0.9928825622775801,1,0.003424657534246575,0.9965753424657534,19.10958904109589,42.0,18.25,9,305.0,5580.0,12.467095482186094,9.0,62.33547741093047,0.6989999771118165,22.166095459297914,2.795999908447266,24.26309539063336,8.387999725341798,29.855095207527896,B_Holt
10,FOODS_2_196_TX_2,low,intermittent,Holt,empirical,3,0.9,6,1,292,165.0,163.0,2.0,0.9878787878787879,2,0.00684931506849315,0.9931506849315068,13.66095890410959,30.0,14.91476560541489,7,187.0,3989.0,7.535385040942937,7.0,37.676925204714685,0.5910000085830689,15.126385049526007,2.3640000343322756,16.899385075275212,7.092000102996827,21.627385143939765,B_Holt
11,HOUSEHOLD_2_315_TX_2,low,intermittent,Holt,empirical,3,0.9,7,1,292,122.0,121.0,1.0,0.9918032786885246,1,0.003424657534246575,0.9965753424657534,9.897260273972602,19.0,15.282006920415226,7,121.0,2890.0,10.627678187905925,7.0,53.13839093952962,0.575250005722046,18.202928193627972,2.301000022888184,19.92867821079411,6.903000068664552,24.530678256570475,B_Holt
12,FOODS_2_056_WI_3,high,intermittent,Holt,empirical,3,0.9,19,3,292,1064.0,1052.0,12.0,0.9887218045112782,5,0.017123287671232876,0.9828767123287672,34.18835616438356,77.0,38.463387759190624,19,1058.0,9983.0,33.408861735128376,19.0,167.04430867564187,6.282000017166139,58.690861752294516,25.128000068664555,77.53686180379293,75.38400020599366,127.79286194112203,B_Holt
13,HOBBIES_1_312_WI_3,high,intermittent,Holt,empirical,3,0.9,6,3,292,799.0,780.0,19.0,0.9762202753441802,4,0.0136986301369863,0.9863013698630136,71.53082191780823,166.0,13.63048786326423,6,861.0,20887.0,5.708159517413132,6.0,28.540797587065665,0.8122499898076059,12.520409507220739,3.2489999592304235,14.957159476643557,9.74699987769127,21.455159395104403,B_Holt
14,FOODS_3_128_WI_3,medium,intermittent,Holt,empirical,3,0.9,4,0,292,156.0,156.0,0.0,1.0,0,0.0,1.0,25.565068493150687,52.0,7.627595445411922,4,154.0,7465.0,10.665746643608564,4.0,53.328733218042814,0.0,14.665746643608564,0.0,14.665746643608564,0.0,14.665746643608564,B_Holt
15,HOBBIES_1_036_WI_3,medium,intermittent,Holt,empirical,3,0.9,4,1,292,242.0,234.0,8.0,0.9669421487603306,4,0.0136986301369863,0.9863013698630136,31.904109589041095,61.0,9.168097896092744,4,236.0,9316.0,5.0025644048599345,4.0,25.01282202429967,0.6720000028610231,9.674564407720958,2.6880000114440925,11.690564416304028,8.064000034332278,17.066564439192213,B_Holt
16,FOODS_3_520_WI_3,low,intermittent,Holt,empirical,3,0.9,8,2,292,206.0,203.0,3.0,0.9854368932038835,3,0.010273972602739725,0.9897260273972602,15.020547945205479,34.0,16.893524851801185,8,222.0,4386.0,8.369449355177682,8.0,41.847246775888415,0.8955000042915344,17.264949359469217,3.5820000171661377,19.95144937234382,10.746000051498413,27.115449406676095,B_Holt
17,HOUSEHOLD_1_464_WI_3,low,intermittent,Holt,empirical,3,0.9,5,1,292,49.0,48.0,1.0,0.9795918367346939,1,0.003424657534246575,0.9965753424657534,5.97945205479452,11.0,10.034364261168385,5,51.0,1746.0,7.927557757782608,5.0,39.63778878891304,0.7102500200271606,13.637807777809769,2.8410000801086426,15.768557837891251,8.523000240325928,21.450557998108536,B_Holt
0,FOODS_3_449_CA_3,high,regular,Holt,empirical,3,0.95,13,2,292,1628.0,1593.0,35.0,0.9785012285012284,4,0.0136986301369863,0.9863013698630136,64.62328767123287,172.0,30.81319554848967,13,1536.0,18870.0,17.913575515028548,13.0,89.56787757514273,5.1975000500679025,36.11107556509645,20.79000020027161,51.70357571530016,62.37000060081483,93.28357611584337,B_Holt
1,HOUSEHOLD_1_114_CA_3,high,regular,Holt,empirical,3,0.95,7,0,292,941.0,941.0,0.0,1.0,0,0.0,1.0,65.58561643835617,189.0,17.93457260717456,7,950.0,19151.0,8.906526975027502,7.0,44.53263487513752,0.0,15.906526975027502,0.0,15.906526975027502,0.0,15.906526975027502,B_Holt
2,FOODS_3_784_CA_3,medium,intermittent,Holt,empirical,3,0.95,3,0,292,213.0,213.0,0.0,1.0,0,0.0,1.0,42.071917808219176,82.0,6.328449328449329,4,282.0,12285.0,5.890068493150685,4.0,29.450342465753423,0.0,9.890068493150686,0.0,9.890068493150686,0.0,9.890068493150686,B_Holt
3,HOUSEHOLD_2_270_CA_3,medium,intermittent,Holt,empirical,3,0.95,5,1,292,118.0,117.0,1.0,0.9915254237288136,1,0.003424657534246575,0.9965753424657534,9.633561643835616,42.0,15.181301102026307,5,122.0,2813.0,7.876400205795079,5.0,39.382001028975395,0.43800001144409184,13.314400217239172,1.7520000457763674,14.628400251571446,5.256000137329102,18.132400343124182,B_Holt
4,HOBBIES_1_377_CA_3,low,intermittent,Holt,empirical,3,0.95,7,1,292,92.0,90.0,2.0,0.9782608695652174,1,0.003424657534246575,0.9965753424657534,8.393835616438356,16.0,13.402692778457773,7,92.0,2451.0,11.727866585352649,7.0,58.63933292676324,1.4969999313354494,20.2248665166881,5.987999725341798,24.715866310694448,17.963999176025393,36.69186576137804,B_Holt
5,HOUSEHOLD_2_228_CA_3,low,intermittent,Holt,empirical,3,0.95,6,0,292,112.0,112.0,0.0,1.0,0,0.0,1.0,10.821917808219178,21.0,12.936708860759493,6,114.0,3160.0,8.287424339660227,6.0,41.43712169830113,0.0,14.287424339660227,0.0,14.287424339660227,0.0,14.287424339660227,B_Holt
6,FOODS_2_347_TX_2,high,regular,Holt,empirical,3,0.95,13,6,292,1785.0,1649.0,136.0,0.9238095238095239,9,0.030821917808219176,0.9691780821917808,66.56164383561644,189.0,30.967534472113606,13,1656.0,19436.0,16.587161377227467,13.0,82.93580688613733,18.155999708175663,47.74316108540313,72.62399883270265,102.21116020993011,217.871996498108,247.45915787533545,B_Holt
7,HOUSEHOLD_1_247_TX_2,high,regular,Holt,empirical,3,0.95,9,2,292,1273.0,1267.0,6.0,0.99528672427337,2,0.00684931506849315,0.9931506849315068,72.1472602739726,156.0,21.951630512175438,9,1239.0,21067.0,9.797598234186434,9.0,48.98799117093217,0.43650001287460327,19.234098247061038,1.746000051498413,20.543598285684848,5.238000154495239,24.035598388681674,B_Holt
8,FOODS_3_729_TX_2,medium,intermittent,Holt,empirical,3,0.95,7,0,292,224.0,224.0,0.0,1.0,0,0.0,1.0,19.393835616438356,40.0,14.437577255871446,8,254.0,5663.0,10.80624525726658,8.0,54.0312262863329,0.0,18.806245257266582,0.0,18.806245257266582,0.0,18.806245257266582,B_Holt
9,HOBBIES_1_034_TX_2,medium,intermittent,Holt,empirical,3,0.95,8,1,292,281.0,280.0,1.0,0.99644128113879,1,0.003424657534246575,0.9965753424657534,20.688356164383563,46.0,16.917728852838934,9,301.0,6041.0,13.497083119692867,9.0,67.48541559846434,0.34949998855590825,22.846583108248776,1.397999954223633,23.8950830739165,4.193999862670899,26.691082982363767,B_Holt
10,FOODS_2_196_TX_2,low,intermittent,Holt,empirical,3,0.95,6,0,292,165.0,165.0,0.0,1.0,0,0.0,1.0,15.116438356164384,33.0,13.644086995922066,7,189.0,4414.0,8.33822751835601,7.0,41.69113759178005,0.0,15.33822751835601,0.0,15.33822751835601,0.0,15.33822751835601,B_Holt
11,HOUSEHOLD_2_315_TX_2,low,intermittent,Holt,empirical,3,0.95,7,0,292,122.0,122.0,0.0,1.0,0,0.0,1.0,10.698630136986301,20.0,14.25416133162612,7,121.0,3124.0,11.48818915536959,7.0,57.44094577684794,0.0,18.48818915536959,0.0,18.48818915536959,0.0,18.48818915536959,B_Holt
12,FOODS_2_056_WI_3,high,intermittent,Holt,empirical,3,0.95,19,2,292,1064.0,1059.0,5.0,0.9953007518796992,2,0.00684931506849315,0.9931506849315068,38.236301369863014,91.0,34.62024182713838,19,1080.0,11165.0,37.36451380073208,19.0,186.82256900366036,2.617500007152558,58.982013807884634,10.470000028610231,66.83451382934231,31.410000085830696,87.77451388656277,B_Holt
13,HOBBIES_1_312_WI_3,high,intermittent,Holt,empirical,3,0.95,6,2,292,799.0,792.0,7.0,0.9912390488110138,2,0.00684931506849315,0.9931506849315068,81.40753424657534,176.0,12.16103655714947,6,869.0,23771.0,6.496321151358623,6.0,32.481605756793115,0.29924999624490745,12.79557114760353,1.1969999849796298,13.693321136338254,3.590999954938889,16.087321106297512,B_Holt
14,FOODS_3_128_WI_3,medium,intermittent,Holt,empirical,3,0.95,4,0,292,156.0,156.0,0.0,1.0,0,0.0,1.0,25.023972602739725,51.0,7.792527713151772,4,155.0,7307.0,10.440001436684229,4.0,52.20000718342114,0.0,14.440001436684229,0.0,14.440001436684229,0.0,14.440001436684229,B_Holt
15,HOBBIES_1_036_WI_3,medium,intermittent,Holt,empirical,3,0.95,4,1,292,242.0,235.0,7.0,0.9710743801652892,4,0.0136986301369863,0.9863013698630136,32.85958904109589,62.0,8.939551849921836,4,238.0,9595.0,5.152383583579978,4.0,25.761917917899883,0.5880000025033952,9.740383586083373,2.352000010013581,11.504383593593559,7.056000030040742,16.208383613620718,B_Holt
16,FOODS_3_520_WI_3,low,intermittent,Holt,empirical,3,0.95,8,1,292,206.0,205.0,1.0,0.9951456310679612,1,0.003424657534246575,0.9965753424657534,15.787671232876713,36.0,16.23101952277657,8,217.0,4610.0,8.796890453116534,8.0,43.984452265582675,0.2985000014305115,17.095390454547044,1.194000005722046,17.990890458838578,3.5820000171661377,20.37889047028267,B_Holt
17,HOUSEHOLD_1_464_WI_3,low,intermittent,Holt,empirical,3,0.95,5,0,292,49.0,49.0,0.0,1.0,0,0.0,1.0,6.907534246575342,13.0,8.867129400099158,5,52.0,2017.0,9.158009162341077,5.0,45.79004581170539,0.0,14.158009162341077,0.0,14.158009162341077,0.0,14.158009162341077,B_Holt
0,FOODS_3_449_CA_3,high,regular,Holt,empirical,3,0.98,13,2,292,1628.0,1597.0,31.0,0.980958230958231,4,0.0136986301369863,0.9863013698630136,68.81164383561644,175.0,29.010351863833176,13,1543.0,20093.0,19.07458785497979,13.0,95.37293927489894,4.603500044345857,36.67808789932565,18.41400017738343,50.48858803236322,55.24200053215028,87.31658838713007,B_Holt
1,HOUSEHOLD_1_114_CA_3,high,regular,Holt,empirical,3,0.98,7,1,292,941.0,936.0,5.0,0.9946865037194474,2,0.00684931506849315,0.9931506849315068,68.87328767123287,167.0,16.987718164188752,7,931.0,20111.0,9.352992741620705,7.0,46.764963708103515,0.36375001072883606,16.71674275234954,1.4550000429153442,17.807992784536047,4.365000128746033,20.717992870366736,B_Holt
2,FOODS_3_784_CA_3,medium,intermittent,Holt,empirical,3,0.98,3,0,292,213.0,213.0,0.0,1.0,0,0.0,1.0,42.99657534246575,83.0,6.192353643966547,4,295.0,12555.0,6.019520547945206,4.0,30.097602739726025,0.0,10.019520547945206,0.0,10.019520547945206,0.0,10.019520547945206,B_Holt
3,HOUSEHOLD_2_270_CA_3,medium,intermittent,Holt,empirical,3,0.98,5,0,292,118.0,118.0,0.0,1.0,0,0.0,1.0,10.585616438356164,43.0,13.93400194111938,5,124.0,3091.0,8.654800226133164,5.0,43.274001130665816,0.0,13.654800226133164,0.0,13.654800226133164,0.0,13.654800226133164,B_Holt
4,HOBBIES_1_377_CA_3,low,intermittent,Holt,empirical,3,0.98,7,1,292,92.0,90.0,2.0,0.9782608695652174,1,0.003424657534246575,0.9965753424657534,9.23972602739726,16.0,12.175685693106004,7,92.0,2698.0,12.909744613333924,7.0,64.54872306666962,1.4969999313354494,21.406744544669372,5.987999725341798,25.89774433867572,17.963999176025393,37.87374378935932,B_Holt
5,HOUSEHOLD_2_228_CA_3,low,intermittent,Holt,empirical,3,0.98,6,0,292,112.0,112.0,0.0,1.0,0,0.0,1.0,11.801369863013699,22.0,11.863029599535693,6,115.0,3446.0,9.037488694452259,6.0,45.18744347226129,0.0,15.037488694452259,0.0,15.037488694452259,0.0,15.037488694452259,B_Holt
6,FOODS_2_347_TX_2,high,regular,Holt,empirical,3,0.98,13,3,292,1785.0,1660.0,125.0,0.9299719887955182,6,0.02054794520547945,0.9794520547945206,69.43835616438356,189.0,29.882619846123497,13,1648.0,20276.0,17.30403807803376,13.0,86.52019039016879,16.687499731779106,46.99153780981287,66.74999892711642,97.05403700515018,200.24999678134924,230.554034859383,B_Holt
7,HOUSEHOLD_1_247_TX_2,high,regular,Holt,empirical,3,0.98,9,1,292,1273.0,1270.0,3.0,0.997643362136685,1,0.003424657534246575,0.9965753424657534,73.69520547945206,157.0,21.541428505042056,9,1243.0,21519.0,10.007809199290733,9.0,50.039045996453666,0.21825000643730164,19.226059205728035,0.8730000257492065,19.88080922503994,2.6190000772476196,21.626809276538353,B_Holt
8,FOODS_3_729_TX_2,medium,intermittent,Holt,empirical,3,0.98,7,0,292,224.0,224.0,0.0,1.0,0,0.0,1.0,21.339041095890412,42.0,13.12148932755577,8,255.0,6231.0,11.890113755611523,8.0,59.45056877805762,0.0,19.890113755611523,0.0,19.890113755611523,0.0,19.890113755611523,B_Holt
9,HOBBIES_1_034_TX_2,medium,intermittent,Holt,empirical,3,0.98,9,0,292,281.0,281.0,0.0,1.0,0,0.0,1.0,20.068493150684933,42.0,17.502559726962456,9,284.0,5860.0,13.092684502797583,9.0,65.46342251398792,0.0,22.09268450279758,0.0,22.09268450279758,0.0,22.09268450279758,B_Holt
10,FOODS_2_196_TX_2,low,intermittent,Holt,empirical,3,0.98,6,0,292,165.0,165.0,0.0,1.0,0,0.0,1.0,15.98972602739726,34.0,12.898907689012637,7,190.0,4669.0,8.819933004803854,7.0,44.09966502401927,0.0,15.819933004803854,0.0,15.819933004803854,0.0,15.819933004803854,B_Holt
11,HOUSEHOLD_2_315_TX_2,low,intermittent,Holt,empirical,3,0.98,7,0,292,122.0,122.0,0.0,1.0,0,0.0,1.0,10.698630136986301,20.0,14.25416133162612,7,121.0,3124.0,11.48818915536959,7.0,57.44094577684794,0.0,18.48818915536959,0.0,18.48818915536959,0.0,18.48818915536959,B_Holt
12,FOODS_2_056_WI_3,high,intermittent,Holt,empirical,3,0.98,19,0,292,1064.0,1064.0,0.0,1.0,0,0.0,1.0,41.23972602739726,84.0,32.25045673476167,19,1064.0,12042.0,40.29946038409455,19.0,201.49730192047275,0.0,59.29946038409455,0.0,59.29946038409455,0.0,59.29946038409455,B_Holt
13,HOBBIES_1_312_WI_3,high,intermittent,Holt,empirical,3,0.98,6,1,292,799.0,794.0,5.0,0.9937421777221527,1,0.003424657534246575,0.9965753424657534,90.8972602739726,189.0,10.918920955466808,6,888.0,26542.0,7.253601278842311,6.0,36.26800639421156,0.213749997317791,13.467351276160102,0.854999989271164,14.108601268113475,2.5649999678134923,15.818601246655803,B_Holt
14,FOODS_3_128_WI_3,medium,intermittent,Holt,empirical,3,0.98,5,0,292,156.0,156.0,0.0,1.0,0,0.0,1.0,22.544520547945204,49.0,8.649551876044358,5,190.0,6583.0,9.405574032803104,5.0,47.02787016401552,0.0,14.405574032803104,0.0,14.405574032803104,0.0,14.405574032803104,B_Holt
15,HOBBIES_1_036_WI_3,medium,intermittent,Holt,empirical,3,0.98,5,0,292,242.0,242.0,0.0,1.0,0,0.0,1.0,34.74315068493151,66.0,8.706752094627895,5,287.0,10145.0,5.447726050590815,5.0,27.238630252954074,0.0,10.447726050590816,0.0,10.447726050590816,0.0,10.447726050590816,B_Holt
16,FOODS_3_520_WI_3,low,intermittent,Holt,empirical,3,0.98,8,2,292,206.0,203.0,3.0,0.9854368932038835,2,0.00684931506849315,0.9931506849315068,16.195205479452056,35.0,15.668217382110381,8,223.0,4729.0,9.023968536396549,8.0,45.11984268198275,0.8955000042915344,17.919468540688083,3.5820000171661377,20.605968553562686,10.746000051498413,27.76996858789496,B_Holt
17,HOUSEHOLD_1_464_WI_3,low,intermittent,Holt,empirical,3,0.98,5,0,292,49.0,49.0,0.0,1.0,0,0.0,1.0,6.907534246575342,13.0,8.867129400099158,5,52.0,2017.0,9.158009162341077,5.0,45.79004581170539,0.0,14.158009162341077,0.0,14.158009162341077,0.0,14.158009162341077,B_Holt
0,FOODS_3_449_CA_3,high,regular,Holt,empirical,7,0.9,13,3,292,1628.0,1576.0,52.0,0.9680589680589681,8,0.0273972602739726,0.9726027397260274,72.89383561643835,185.0,27.025604886070003,13,1553.0,21285.0,20.20617142752425,13.0,101.03085713762125,7.722000074386599,40.92817150191085,30.888000297546395,64.09417172507065,92.66400089263918,125.87017232016343,B_Holt
1,HOUSEHOLD_1_114_CA_3,high,regular,Holt,empirical,7,0.9,7,2,292,941.0,924.0,17.0,0.9819341126461212,4,0.0136986301369863,0.9863013698630136,69.91438356164383,194.0,16.52020573108009,7,956.0,20415.0,9.494373567708552,7.0,47.47186783854275,1.2367500364780426,17.731123604186593,4.94700014591217,21.44137371362072,14.841000437736511,31.33537400544506,B_Holt
2,FOODS_3_784_CA_3,medium,intermittent,Holt,empirical,7,0.9,3,0,292,213.0,213.0,0.0,1.0,0,0.0,1.0,37.30821917808219,81.0,7.136497154396916,4,284.0,10894.0,5.223150684931507,4.0,26.11575342465753,0.0,9.223150684931507,0.0,9.223150684931507,0.0,9.223150684931507,B_Holt
3,HOUSEHOLD_2_270_CA_3,medium,intermittent,Holt,empirical,7,0.9,5,1,292,118.0,111.0,7.0,0.940677966101695,3,0.010273972602739725,0.9897260273972602,11.407534246575343,45.0,12.163014109876913,5,132.0,3331.0,9.326800243691222,5.0,46.63400121845611,3.066000080108643,17.392800323799865,12.264000320434572,26.590800564125793,36.792000961303714,51.11880120499494,B_Holt
4,HOBBIES_1_377_CA_3,low,intermittent,Holt,empirical,7,0.9,7,1,292,92.0,91.0,1.0,0.9891304347826086,1,0.003424657534246575,0.9965753424657534,8.883561643835616,17.0,12.80454895913647,7,93.0,2594.0,12.41211175944707,7.0,62.06055879723535,0.7484999656677247,20.160611725114798,2.993999862670899,22.40611162211797,8.981999588012696,28.39411134745977,B_Holt
5,HOUSEHOLD_2_228_CA_3,low,intermittent,Holt,empirical,7,0.9,6,0,292,112.0,112.0,0.0,1.0,0,0.0,1.0,11.226027397260275,22.0,12.471018913971934,6,115.0,3278.0,8.596891451077918,6.0,42.98445725538959,0.0,14.596891451077918,0.0,14.596891451077918,0.0,14.596891451077918,B_Holt
6,FOODS_2_347_TX_2,high,regular,Holt,empirical,7,0.9,12,4,292,1785.0,1617.0,168.0,0.9058823529411765,13,0.04452054794520548,0.9554794520547946,74.63356164383562,201.0,27.08232001101271,13,1655.0,21793.0,18.598683262704167,13.0,92.99341631352084,22.427999639511114,54.026682902215285,89.71199855804446,121.31068182074863,269.13599567413337,300.73467893683755,B_Holt
7,HOUSEHOLD_1_247_TX_2,high,regular,Holt,empirical,7,0.9,9,1,292,1273.0,1272.0,1.0,0.9992144540455616,1,0.003424657534246575,0.9965753424657534,74.7431506849315,158.0,21.27285223367697,9,1260.0,21825.0,10.150120162392316,9.0,50.750600811961576,0.07275000214576721,19.222870164538083,0.29100000858306885,19.441120170975385,0.8730000257492065,20.023120188141522,B_Holt
8,FOODS_3_729_TX_2,medium,intermittent,Holt,empirical,7,0.9,7,1,292,224.0,223.0,1.0,0.9955357142857143,1,0.003424657534246575,0.9965753424657534,19.78767123287671,40.0,14.087054344063692,8,254.0,5778.0,11.025690463797686,8.0,55.12845231898843,0.2985000014305115,19.3241904652282,1.194000005722046,20.219690469519733,3.5820000171661377,22.607690480963825,B_Holt
9,HOBBIES_1_034_TX_2,medium,intermittent,Holt,empirical,7,0.9,8,1,292,281.0,278.0,3.0,0.9893238434163701,1,0.003424657534246575,0.9965753424657534,21.708904109589042,48.0,16.00725666508913,9,307.0,6339.0,14.162888577343665,9.0,70.81444288671833,1.0484999656677247,24.211388543011388,4.193999862670899,27.356888440014565,12.581999588012696,35.74488816535636,B_Holt
10,FOODS_2_196_TX_2,low,intermittent,Holt,empirical,7,0.9,6,0,292,165.0,165.0,0.0,1.0,0,0.0,1.0,16.835616438356166,34.0,12.250813669650121,7,193.0,4916.0,9.286526162265098,7.0,46.432630811325495,0.0,16.286526162265098,0.0,16.286526162265098,0.0,16.286526162265098,B_Holt
11,HOUSEHOLD_2_315_TX_2,low,intermittent,Holt,empirical,7,0.9,7,0,292,122.0,122.0,0.0,1.0,0,0.0,1.0,10.068493150684931,20.0,15.146258503401361,7,120.0,2940.0,10.811548052748588,7.0,54.057740263742936,0.0,17.811548052748588,0.0,17.811548052748588,0.0,17.811548052748588,B_Holt
12,FOODS_2_056_WI_3,high,intermittent,Holt,empirical,7,0.9,17,0,292,1064.0,1064.0,0.0,1.0,0,0.0,1.0,50.794520547945204,103.0,26.183926645091695,17,1105.0,14832.0,49.63640561508805,17.0,248.18202807544026,0.0,66.63640561508805,0.0,66.63640561508805,0.0,66.63640561508805,B_Holt
13,HOBBIES_1_312_WI_3,high,intermittent,Holt,empirical,7,0.9,6,1,292,799.0,790.0,9.0,0.9887359198998749,3,0.010273972602739725,0.9897260273972602,84.96575342465754,183.0,11.622329705763805,6,882.0,24810.0,6.780267038206531,6.0,33.90133519103266,0.3847499951720238,13.165017033378556,1.5389999806880952,14.319267018894626,4.616999942064286,17.397266980270818,B_Holt
14,FOODS_3_128_WI_3,medium,intermittent,Holt,empirical,7,0.9,5,0,292,156.0,156.0,0.0,1.0,0,0.0,1.0,24.825342465753426,52.0,7.85487653469444,5,193.0,7249.0,10.357132943003144,5.0,51.78566471501572,0.0,15.357132943003144,0.0,15.357132943003144,0.0,15.357132943003144,B_Holt
15,HOBBIES_1_036_WI_3,medium,intermittent,Holt,empirical,7,0.9,4,1,292,242.0,236.0,6.0,0.9752066115702479,3,0.010273972602739725,0.9897260273972602,32.48287671232877,69.0,9.081707959936741,5,288.0,9485.0,5.09331509017781,5.0,25.46657545088905,0.5040000021457673,10.597315092323578,2.0160000085830694,12.10931509876088,6.048000025749208,16.141315115927018,B_Holt
16,FOODS_3_520_WI_3,low,intermittent,Holt,empirical,7,0.9,8,2,292,206.0,203.0,3.0,0.9854368932038835,3,0.010273972602739725,0.9897260273972602,15.955479452054794,34.0,15.90362738785147,8,216.0,4659.0,8.890393193290658,8.0,44.45196596645329,0.8955000042915344,17.78589319758219,3.5820000171661377,20.472393210456794,10.746000051498413,27.63639324478907,B_Holt
17,HOUSEHOLD_1_464_WI_3,low,intermittent,Holt,empirical,7,0.9,5,0,292,49.0,49.0,0.0,1.0,0,0.0,1.0,6.993150684931507,13.0,8.758570029382957,5,53.0,2042.0,9.271519439514368,5.0,46.35759719757185,0.0,14.271519439514368,0.0,14.271519439514368,0.0,14.271519439514368,B_Holt
0,FOODS_3_449_CA_3,high,regular,Holt,empirical,7,0.95,13,1,292,1628.0,1582.0,46.0,0.9717444717444718,4,0.0136986301369863,0.9863013698630136,75.67808219178082,188.0,26.13041904244728,13,1563.0,22098.0,20.977964585643925,13.0,104.8898229282196,6.831000065803529,40.808964651447454,27.324000263214117,61.30196484885804,81.97200078964235,115.94996537528627,B_Holt
1,HOUSEHOLD_1_114_CA_3,high,regular,Holt,empirical,7,0.95,7,1,292,941.0,936.0,5.0,0.9946865037194474,1,0.003424657534246575,0.9965753424657534,76.28767123287672,181.0,15.336685221763332,7,938.0,22276.0,10.359866058989747,7.0,51.79933029494874,0.36375001072883606,17.72361606971858,1.4550000429153442,18.81486610190509,4.365000128746033,21.724866187735778,B_Holt
2,FOODS_3_784_CA_3,medium,intermittent,Holt,empirical,7,0.95,3,0,292,213.0,213.0,0.0,1.0,0,0.0,1.0,44.21917808219178,82.0,6.0211431226765795,4,285.0,12912.0,6.1906849315068495,4.0,30.953424657534246,0.0,10.19068493150685,0.0,10.19068493150685,0.0,10.19068493150685,B_Holt
3,HOUSEHOLD_2_270_CA_3,medium,intermittent,Holt,empirical,7,0.95,5,1,292,118.0,112.0,6.0,0.9491525423728814,3,0.010273972602739725,0.9897260273972602,12.554794520547945,46.0,11.151118385160938,5,135.0,3666.0,10.264800268199346,5.0,51.32400134099673,2.628000068664551,17.892800336863896,10.512000274658204,25.77680054285755,31.53600082397461,46.800801092173955,B_Holt
4,HOBBIES_1_377_CA_3,low,intermittent,Holt,empirical,7,0.95,7,1,292,92.0,91.0,1.0,0.9891304347826086,1,0.003424657534246575,0.9965753424657534,9.407534246575343,17.0,12.091372406261376,7,94.0,2747.0,13.144206246415228,7.0,65.72103123207616,0.7484999656677247,20.892706212082956,2.993999862670899,23.138206109086127,8.981999588012696,29.126205834427928,B_Holt
5,HOUSEHOLD_2_228_CA_3,low,intermittent,Holt,empirical,7,0.95,6,0,292,112.0,112.0,0.0,1.0,0,0.0,1.0,13.441780821917808,24.0,10.415286624203821,7,130.0,3925.0,10.293715358596959,7.0,51.468576792984784,0.0,17.29371535859696,0.0,17.29371535859696,0.0,17.29371535859696,B_Holt
6,FOODS_2_347_TX_2,high,regular,Holt,empirical,7,0.95,12,4,292,1785.0,1626.0,159.0,0.9109243697478991,12,0.0410958904109589,0.9589041095890412,78.50342465753425,201.0,25.890590236879987,13,1667.0,22923.0,19.563053110217393,13.0,97.81526555108697,21.22649965882302,53.78955276904041,84.90599863529208,117.46905174550947,254.71799590587625,287.2810490160937,B_Holt
7,HOUSEHOLD_1_247_TX_2,high,regular,Holt,empirical,7,0.95,9,0,292,1273.0,1273.0,0.0,1.0,0,0.0,1.0,76.36301369863014,160.0,20.837967530720245,9,1262.0,22298.0,10.370097566140842,9.0,51.85048783070421,0.0,19.370097566140842,0.0,19.370097566140842,0.0,19.370097566140842,B_Holt
8,FOODS_3_729_TX_2,medium,intermittent,Holt,empirical,7,0.95,7,0,292,224.0,224.0,0.0,1.0,0,0.0,1.0,22.09246575342466,44.0,12.674004030382886,8,259.0,6451.0,12.309921976801467,8.0,61.54960988400734,0.0,20.30992197680147,0.0,20.30992197680147,0.0,20.30992197680147,B_Holt
9,HOBBIES_1_034_TX_2,medium,intermittent,Holt,empirical,7,0.95,9,2,292,281.0,277.0,4.0,0.9857651245551602,3,0.010273972602739725,0.9897260273972602,20.455479452054796,41.0,16.92700485518165,9,287.0,5973.0,13.345154357544363,9.0,66.72577178772181,1.397999954223633,23.743154311767995,5.591999816894532,27.937154174438895,16.775999450683596,39.12115380822796,B_Holt
10,FOODS_2_196_TX_2,low,intermittent,Holt,empirical,7,0.95,6,0,292,165.0,165.0,0.0,1.0,0,0.0,1.0,19.976027397260275,40.0,10.324875707183267,7,200.0,5833.0,11.01877687235401,7.0,55.09388436177006,0.0,18.01877687235401,0.0,18.01877687235401,0.0,18.01877687235401,B_Holt
11,HOUSEHOLD_2_315_TX_2,low,intermittent,Holt,empirical,7,0.95,7,0,292,122.0,122.0,0.0,1.0,0,0.0,1.0,10.068493150684931,20.0,15.146258503401361,7,120.0,2940.0,10.811548052748588,7.0,54.057740263742936,0.0,17.811548052748588,0.0,17.811548052748588,0.0,17.811548052748588,B_Holt
12,FOODS_2_056_WI_3,high,intermittent,Holt,empirical,7,0.95,17,1,292,1064.0,1058.0,6.0,0.9943609022556391,2,0.00684931506849315,0.9931506849315068,51.16095890410959,107.0,25.849789142512883,17,1103.0,14939.0,49.994489177710385,17.0,249.97244588855193,3.1410000085830694,70.13548918629346,12.564000034332278,79.55848921204267,37.69200010299683,104.68648928070722,B_Holt
13,HOBBIES_1_312_WI_3,high,intermittent,Holt,empirical,7,0.95,6,1,292,799.0,798.0,1.0,0.9987484355444305,1,0.003424657534246575,0.9965753424657534,92.31506849315069,191.0,10.805386555868823,6,876.0,26956.0,7.366742373312988,6.0,36.83371186656495,0.0427499994635582,13.409492372776546,0.1709999978542328,13.537742371167221,0.5129999935626984,13.879742366875686,B_Holt
14,FOODS_3_128_WI_3,medium,intermittent,Holt,empirical,7,0.95,5,0,292,156.0,156.0,0.0,1.0,0,0.0,1.0,25.893835616438356,53.0,7.5307499008067715,5,195.0,7561.0,10.802908288322083,5.0,54.01454144161041,0.0,15.802908288322083,0.0,15.802908288322083,0.0,15.802908288322083,B_Holt
15,HOBBIES_1_036_WI_3,medium,intermittent,Holt,empirical,7,0.95,5,0,292,242.0,242.0,0.0,1.0,0,0.0,1.0,35.56849315068493,71.0,8.50471788946659,5,290.0,10386.0,5.577139749771928,5.0,27.885698748859635,0.0,10.577139749771927,0.0,10.577139749771927,0.0,10.577139749771927,B_Holt
16,FOODS_3_520_WI_3,low,intermittent,Holt,empirical,7,0.95,8,2,292,206.0,203.0,3.0,0.9854368932038835,2,0.00684931506849315,0.9931506849315068,15.568493150684931,34.0,16.298944126704797,8,216.0,4546.0,8.674764425134006,8.0,43.373822125670024,0.8955000042915344,17.570264429425542,3.5820000171661377,20.256764442300145,10.746000051498413,27.42076447663242,B_Holt
17,HOUSEHOLD_1_464_WI_3,low,intermittent,Holt,empirical,7,0.95,5,0,292,49.0,49.0,0.0,1.0,0,0.0,1.0,8.558219178082192,14.0,7.1568627450980395,5,50.0,2499.0,11.34648730624212,5.0,56.7324365312106,0.0,16.346487306242118,0.0,16.346487306242118,0.0,16.346487306242118,B_Holt
0,FOODS_3_449_CA_3,high,regular,Holt,empirical,7,0.98,13,1,292,1628.0,1578.0,50.0,0.9692874692874693,4,0.0136986301369863,0.9863013698630136,79.77397260273973,194.0,24.726109727826906,13,1565.0,23294.0,22.113345418498938,13.0,110.5667270924947,7.4250000715255755,42.53834549002451,29.700000286102302,64.81334570460123,89.1000008583069,124.21334627680584,B_Holt
1,HOUSEHOLD_1_114_CA_3,high,regular,Holt,empirical,7,0.98,7,1,292,941.0,936.0,5.0,0.9946865037194474,1,0.003424657534246575,0.9965753424657534,80.36643835616438,187.0,14.558315933012317,7,944.0,23467.0,10.913762650669439,7.0,54.56881325334719,0.36375001072883606,18.277512661398276,1.4550000429153442,19.368762693584785,4.365000128746033,22.278762779415473,B_Holt
2,FOODS_3_784_CA_3,medium,intermittent,Holt,empirical,7,0.98,3,0,292,213.0,213.0,0.0,1.0,0,0.0,1.0,50.205479452054796,87.0,5.303206002728513,4,287.0,14660.0,7.028767123287671,4.0,35.14383561643835,0.0,11.028767123287672,0.0,11.028767123287672,0.0,11.028767123287672,B_Holt
3,HOUSEHOLD_2_270_CA_3,medium,intermittent,Holt,empirical,7,0.98,5,1,292,118.0,115.0,3.0,0.9745762711864406,2,0.00684931506849315,0.9931506849315068,15.304794520547945,49.0,9.392481539494295,5,140.0,4469.0,12.513200326945684,5.0,62.566001634728416,1.3140000343322755,18.82720036127796,5.256000137329102,22.76920046427479,15.768000411987305,33.281200738932995,B_Holt
4,HOBBIES_1_377_CA_3,low,intermittent,Holt,empirical,7,0.98,7,0,292,92.0,92.0,0.0,1.0,0,0.0,1.0,10.136986301369863,18.0,11.344594594594595,7,95.0,2960.0,14.163396610625801,7.0,70.81698305312901,0.0,21.163396610625803,0.0,21.163396610625803,0.0,21.163396610625803,B_Holt
5,HOUSEHOLD_2_228_CA_3,low,intermittent,Holt,empirical,7,0.98,6,0,292,112.0,112.0,0.0,1.0,0,0.0,1.0,13.441780821917808,24.0,10.415286624203821,7,130.0,3925.0,10.293715358596959,7.0,51.468576792984784,0.0,17.29371535859696,0.0,17.29371535859696,0.0,17.29371535859696,B_Holt
6,FOODS_2_347_TX_2,high,regular,Holt,empirical,7,0.98,12,3,292,1785.0,1653.0,132.0,0.9260504201680673,9,0.030821917808219176,0.9691780821917808,78.83219178082192,193.0,26.210738954776488,13,1682.0,23019.0,19.644981876023824,13.0,98.22490938011913,17.621999716758733,50.26698159278256,70.48799886703493,103.13298074305875,211.4639966011048,244.10897847712863,B_Holt
7,HOUSEHOLD_1_247_TX_2,high,regular,Holt,empirical,7,0.98,9,0,292,1273.0,1273.0,0.0,1.0,0,0.0,1.0,77.52397260273973,161.0,20.52590891019128,9,1263.0,22637.0,10.527755789969065,9.0,52.63877894984533,0.0,19.527755789969063,0.0,19.527755789969063,0.0,19.527755789969063,B_Holt
8,FOODS_3_729_TX_2,medium,intermittent,Holt,empirical,7,0.98,7,0,292,224.0,224.0,0.0,1.0,0,0.0,1.0,25.08219178082192,46.0,11.163298743855815,8,261.0,7324.0,13.97579732725065,8.0,69.87898663625326,0.0,21.97579732725065,0.0,21.97579732725065,0.0,21.97579732725065,B_Holt
9,HOBBIES_1_034_TX_2,medium,intermittent,Holt,empirical,7,0.98,9,1,292,281.0,280.0,1.0,0.99644128113879,1,0.003424657534246575,0.9965753424657534,22.051369863013697,49.0,15.872029818294767,9,293.0,6439.0,14.386313227562054,9.0,71.93156613781026,0.34949998855590825,23.735813216117965,1.397999954223633,24.784313181785688,4.193999862670899,27.580313090232956,B_Holt
10,FOODS_2_196_TX_2,low,intermittent,Holt,empirical,7,0.98,6,0,292,165.0,165.0,0.0,1.0,0,0.0,1.0,22.352739726027398,37.0,9.227056840815075,7,196.0,6527.0,12.329771411941476,7.0,61.64885705970738,0.0,19.329771411941476,0.0,19.329771411941476,0.0,19.329771411941476,B_Holt
11,HOUSEHOLD_2_315_TX_2,low,intermittent,Holt,empirical,7,0.98,7,0,292,122.0,122.0,0.0,1.0,0,0.0,1.0,11.04109589041096,21.0,13.812034739454093,7,121.0,3224.0,11.855928885054915,7.0,59.279644425274576,0.0,18.855928885054915,0.0,18.855928885054915,0.0,18.855928885054915,B_Holt
12,FOODS_2_056_WI_3,high,intermittent,Holt,empirical,7,0.98,17,1,292,1064.0,1063.0,1.0,0.9990601503759399,1,0.003424657534246575,0.9965753424657534,56.25342465753425,108.0,23.620784122732253,17,1113.0,16426.0,54.97084672555531,17.0,274.8542336277766,0.5235000014305116,72.49434672698581,2.0940000057220463,74.06484673127736,6.282000017166139,78.25284674272145,B_Holt
13,HOBBIES_1_312_WI_3,high,intermittent,Holt,empirical,7,0.98,6,0,292,799.0,799.0,0.0,1.0,0,0.0,1.0,99.71232876712328,198.0,10.016314054128316,6,884.0,29116.0,7.957043735768696,6.0,39.78521867884348,0.0,13.957043735768696,0.0,13.957043735768696,0.0,13.957043735768696,B_Holt
14,FOODS_3_128_WI_3,medium,intermittent,Holt,empirical,7,0.98,4,0,292,156.0,156.0,0.0,1.0,0,0.0,1.0,32.86986301369863,57.0,5.932485934569702,4,160.0,9598.0,13.713306937087072,4.0,68.56653468543534,0.0,17.713306937087072,0.0,17.713306937087072,0.0,17.713306937087072,B_Holt
15,HOBBIES_1_036_WI_3,medium,intermittent,Holt,empirical,7,0.98,5,0,292,242.0,242.0,0.0,1.0,0,0.0,1.0,41.81849315068493,71.0,7.233641798378511,5,289.0,12211.0,6.557139753944253,5.0,32.785698769721265,0.0,11.557139753944252,0.0,11.557139753944252,0.0,11.557139753944252,B_Holt
16,FOODS_3_520_WI_3,low,intermittent,Holt,empirical,7,0.98,8,1,292,206.0,205.0,1.0,0.9951456310679612,1,0.003424657534246575,0.9965753424657534,17.28082191780822,35.0,14.828577090764963,8,219.0,5046.0,9.628874018747512,8.0,48.144370093737564,0.2985000014305115,17.92737402017802,1.194000005722046,18.822874024469556,3.5820000171661377,21.210874035913648,B_Holt
17,HOUSEHOLD_1_464_WI_3,low,intermittent,Holt,empirical,7,0.98,5,0,292,49.0,49.0,0.0,1.0,0,0.0,1.0,9.530821917808218,15.0,6.426518145885735,5,51.0,2783.0,12.6359640549307,5.0,63.179820274653494,0.0,17.6359640549307,0.0,17.6359640549307,0.0,17.6359640549307,B_Holt
0,FOODS_3_449_CA_3,high,regular,Holt,empirical,14,0.9,12,4,292,1628.0,1499.0,129.0,0.9207616707616708,11,0.03767123287671233,0.9623287671232876,91.6472602739726,260.0,20.44523747244124,12,1461.0,26761.0,25.40462079266979,12.0,127.02310396334896,19.156500184535986,56.561120977205775,76.62600073814394,114.03062153081373,229.8780022144318,267.2826230071016,B_Holt
1,HOUSEHOLD_1_114_CA_3,high,regular,Holt,empirical,14,0.9,7,3,292,941.0,909.0,32.0,0.9659936238044633,8,0.0273972602739726,0.9726027397260274,72.44520547945206,170.0,15.684267750779995,7,932.0,21154.0,9.838059194283943,7.0,49.190295971419715,2.328000068664551,19.166059262948494,9.312000274658203,26.150059468942146,27.93600082397461,44.77406001825855,B_Holt
2,FOODS_3_784_CA_3,medium,intermittent,Holt,empirical,14,0.9,3,0,292,213.0,213.0,0.0,1.0,0,0.0,1.0,53.29109589041096,94.0,4.996144206670523,4,293.0,15561.0,7.460753424657534,4.0,37.30376712328767,0.0,11.460753424657534,0.0,11.460753424657534,0.0,11.460753424657534,B_Holt
3,HOUSEHOLD_2_270_CA_3,medium,intermittent,Holt,empirical,14,0.9,5,2,292,118.0,106.0,12.0,0.8983050847457628,5,0.017123287671232876,0.9828767123287672,12.825342465753424,44.0,10.331108144192257,6,155.0,3745.0,10.486000273978874,6.0,52.43000136989436,5.256000137329102,21.742000411307977,21.02400054931641,37.510000823295286,63.07200164794922,79.5580019219281,B_Holt
4,HOBBIES_1_377_CA_3,low,intermittent,Holt,empirical,14,0.9,7,1,292,92.0,91.0,1.0,0.9891304347826086,1,0.003424657534246575,0.9965753424657534,9.065068493150685,18.0,12.548167737060826,7,95.0,2647.0,12.665713117677871,7.0,63.32856558838935,0.7484999656677247,20.414213083345597,2.993999862670899,22.659712980348772,8.981999588012696,28.647712705690566,B_Holt
5,HOUSEHOLD_2_228_CA_3,low,intermittent,Holt,empirical,14,0.9,6,0,292,112.0,112.0,0.0,1.0,0,0.0,1.0,12.780821917808218,25.0,10.953912111468382,7,130.0,3732.0,9.787553049244293,7.0,48.93776524622145,0.0,16.787553049244295,0.0,16.787553049244295,0.0,16.787553049244295,B_Holt
6,FOODS_2_347_TX_2,high,regular,Holt,empirical,14,0.9,11,5,292,1785.0,1534.0,251.0,0.8593837535014006,16,0.0547945205479452,0.9452054794520548,93.5513698630137,305.0,20.496760259179265,12,1512.0,27317.0,23.31300099514935,12.0,116.56500497574675,33.50849946141244,68.8215004565618,134.03399784564976,169.34699884079913,402.1019935369493,437.41499453209866,B_Holt
7,HOUSEHOLD_1_247_TX_2,high,regular,Holt,empirical,14,0.9,9,1,292,1273.0,1272.0,1.0,0.9992144540455616,1,0.003424657534246575,0.9965753424657534,78.96575342465754,167.0,20.135310954983083,9,1273.0,23058.0,10.72354963136046,9.0,53.61774815680229,0.07275000214576721,19.796299633506226,0.29100000858306885,20.014549639943528,0.8730000257492065,20.596549657109666,B_Holt
8,FOODS_3_729_TX_2,medium,intermittent,Holt,empirical,14,0.9,8,0,292,224.0,224.0,0.0,1.0,0,0.0,1.0,22.11986301369863,53.0,12.658306239355937,8,255.0,6459.0,12.325187730299282,8.0,61.62593865149642,0.0,20.325187730299284,0.0,20.325187730299284,0.0,20.325187730299284,B_Holt
9,HOBBIES_1_034_TX_2,medium,intermittent,Holt,empirical,14,0.9,9,0,292,281.0,281.0,0.0,1.0,0,0.0,1.0,25.48972602739726,57.0,13.78006180303641,9,299.0,7443.0,16.629496715754676,9.0,83.14748357877339,0.0,25.629496715754676,0.0,25.629496715754676,0.0,25.629496715754676,B_Holt
10,FOODS_2_196_TX_2,low,intermittent,Holt,empirical,14,0.9,6,0,292,165.0,165.0,0.0,1.0,0,0.0,1.0,24.794520547945204,43.0,8.318370165745856,7,205.0,7240.0,13.676657732872114,7.0,68.38328866436056,0.0,20.676657732872116,0.0,20.676657732872116,0.0,20.676657732872116,B_Holt
11,HOUSEHOLD_2_315_TX_2,low,intermittent,Holt,empirical,14,0.9,7,2,292,122.0,116.0,6.0,0.9508196721311475,3,0.010273972602739725,0.9897260273972602,9.54109589041096,19.0,15.197415649676955,7,119.0,2786.0,10.245228869033186,7.0,51.226144345165935,3.451500034332276,20.69672890336546,13.806000137329104,31.051229006362288,41.41800041198731,58.66322928102049,B_Holt
12,FOODS_2_056_WI_3,high,intermittent,Holt,empirical,14,0.9,16,2,292,1064.0,1057.0,7.0,0.993421052631579,1,0.003424657534246575,0.9965753424657534,74.8972602739726,149.0,17.640832190214905,17,1152.0,21870.0,73.18960293972329,17.0,365.9480146986164,3.664500010013581,93.85410294973687,14.658000040054324,104.8476029797776,43.97400012016297,134.16360305988627,B_Holt
13,HOBBIES_1_312_WI_3,high,intermittent,Holt,empirical,14,0.9,6,0,292,799.0,799.0,0.0,1.0,0,0.0,1.0,86.70205479452055,203.0,11.519334834301063,6,880.0,25317.0,6.91882388578294,6.0,34.5941194289147,0.0,12.91882388578294,0.0,12.91882388578294,0.0,12.91882388578294,B_Holt
14,FOODS_3_128_WI_3,medium,intermittent,Holt,empirical,14,0.9,4,1,292,156.0,145.0,11.0,0.9294871794871795,4,0.0136986301369863,0.9863013698630136,36.28082191780822,61.0,4.995752312629791,4,161.0,10594.0,15.136359000989835,4.0,75.68179500494917,2.458500015735627,21.59485901672546,9.834000062942508,28.970359063932342,29.50200018882752,48.63835918981735,B_Holt
15,HOBBIES_1_036_WI_3,medium,intermittent,Holt,empirical,14,0.9,5,0,292,242.0,242.0,0.0,1.0,0,0.0,1.0,32.965753424657535,69.0,9.176189486806566,5,293.0,9626.0,5.169030158993316,5.0,25.845150794966578,0.0,10.169030158993316,0.0,10.169030158993316,0.0,10.169030158993316,B_Holt
16,FOODS_3_520_WI_3,low,intermittent,Holt,empirical,14,0.9,8,1,292,206.0,204.0,2.0,0.9902912621359223,2,0.00684931506849315,0.9931506849315068,17.143835616438356,38.0,14.874151018777468,8,220.0,5006.0,9.552545251258431,8.0,47.76272625629216,0.597000002861023,18.149545254119452,2.388000011444092,19.94054526270252,7.164000034332275,24.716545285590705,B_Holt
17,HOUSEHOLD_1_464_WI_3,low,intermittent,Holt,empirical,14,0.9,5,0,292,49.0,49.0,0.0,1.0,0,0.0,1.0,9.308219178082192,15.0,6.580206033848418,6,62.0,2718.0,12.340837334280144,6.0,61.70418667140073,0.0,18.340837334280145,0.0,18.340837334280145,0.0,18.340837334280145,B_Holt
0,FOODS_3_449_CA_3,high,regular,Holt,empirical,14,0.95,12,3,292,1628.0,1515.0,113.0,0.9305896805896806,8,0.0273972602739726,0.9726027397260274,96.18835616438356,265.0,19.687933919606934,12,1482.0,28087.0,26.663412585617742,12.0,133.31706292808872,16.7805001616478,55.44391274726554,67.1220006465912,105.78541323220895,201.3660019397736,240.02941452539136,B_Holt
1,HOUSEHOLD_1_114_CA_3,high,regular,Holt,empirical,14,0.95,7,1,292,941.0,926.0,15.0,0.9840595111583422,4,0.0136986301369863,0.9863013698630136,88.8013698630137,215.0,13.03470883146934,7,946.0,25930.0,12.05922638308512,7.0,60.296131915425605,1.0912500321865082,20.150476415271626,4.365000128746033,23.42422651183115,13.095000386238098,32.154226769323216,B_Holt
2,FOODS_3_784_CA_3,medium,intermittent,Holt,empirical,14,0.95,3,0,292,213.0,213.0,0.0,1.0,0,0.0,1.0,54.18493150684932,95.0,4.913727720894956,4,294.0,15822.0,7.585890410958904,4.0,37.92945205479452,0.0,11.585890410958903,0.0,11.585890410958903,0.0,11.585890410958903,B_Holt
3,HOUSEHOLD_2_270_CA_3,medium,intermittent,Holt,empirical,14,0.95,5,2,292,118.0,107.0,11.0,0.9067796610169492,5,0.017123287671232876,0.9828767123287672,14.582191780821917,46.0,9.172146547674965,6,162.0,4258.0,11.922400311509223,6.0,59.612001557546115,4.8180001258850105,22.740400437394232,19.272000503540042,37.19440081504926,57.816001510620126,75.73840182212935,B_Holt
4,HOBBIES_1_377_CA_3,low,intermittent,Holt,empirical,14,0.95,7,0,292,92.0,92.0,0.0,1.0,0,0.0,1.0,9.907534246575343,19.0,11.607328033183546,7,97.0,2893.0,13.842806214371771,7.0,69.21403107185887,0.0,20.84280621437177,0.0,20.84280621437177,0.0,20.84280621437177,B_Holt
5,HOUSEHOLD_2_228_CA_3,low,intermittent,Holt,empirical,14,0.95,6,0,292,112.0,112.0,0.0,1.0,0,0.0,1.0,14.184931506849315,27.0,9.869628198937711,7,132.0,4142.0,10.862820131288816,7.0,54.314100656444076,0.0,17.862820131288814,0.0,17.862820131288814,0.0,17.862820131288814,B_Holt
6,FOODS_2_347_TX_2,high,regular,Holt,empirical,14,0.95,11,4,292,1785.0,1592.0,193.0,0.8918767507002802,13,0.04452054794520548,0.9554794520547946,99.20547945205479,240.0,20.059375863021263,13,1649.0,28968.0,24.722005082091236,13.0,123.61002541045617,25.765499585866937,63.48750466795818,103.06199834346775,140.78400342555898,309.18599503040326,346.9080001124945,B_Holt
7,HOUSEHOLD_1_247_TX_2,high,regular,Holt,empirical,14,0.95,9,0,292,1273.0,1273.0,0.0,1.0,0,0.0,1.0,80.6541095890411,169.0,19.72931085728844,9,1259.0,23551.0,10.952828405246343,9.0,54.76414202623172,0.0,19.952828405246343,0.0,19.952828405246343,0.0,19.952828405246343,B_Holt
8,FOODS_3_729_TX_2,medium,intermittent,Holt,empirical,14,0.95,8,0,292,224.0,224.0,0.0,1.0,0,0.0,1.0,26.40753424657534,48.0,10.603034625859163,8,273.0,7711.0,14.714278152707504,8.0,73.57139076353752,0.0,22.714278152707504,0.0,22.714278152707504,0.0,22.714278152707504,B_Holt
9,HOBBIES_1_034_TX_2,medium,intermittent,Holt,empirical,14,0.95,9,0,292,281.0,281.0,0.0,1.0,0,0.0,1.0,26.96232876712329,55.0,13.027435539184554,9,289.0,7873.0,17.590222711693748,9.0,87.95111355846875,0.0,26.590222711693748,0.0,26.590222711693748,0.0,26.590222711693748,B_Holt
10,FOODS_2_196_TX_2,low,intermittent,Holt,empirical,14,0.95,6,0,292,165.0,165.0,0.0,1.0,0,0.0,1.0,27.698630136986303,46.0,7.446216617210682,7,208.0,8088.0,15.27856460545161,7.0,76.39282302725805,0.0,22.27856460545161,0.0,22.27856460545161,0.0,22.27856460545161,B_Holt
11,HOUSEHOLD_2_315_TX_2,low,intermittent,Holt,empirical,14,0.95,7,1,292,122.0,120.0,2.0,0.9836065573770492,1,0.003424657534246575,0.9965753424657534,11.36986301369863,21.0,13.19277108433735,7,121.0,3320.0,12.208959025552828,7.0,61.04479512776414,1.150500011444092,20.35945903699692,4.602000045776368,23.810959071329197,13.806000137329104,33.01495916288194,B_Holt
12,FOODS_2_056_WI_3,high,intermittent,Holt,empirical,14,0.95,16,0,292,1064.0,1064.0,0.0,1.0,0,0.0,1.0,83.83219178082192,158.0,15.865027166142408,17,1169.0,24479.0,81.92081803207527,17.0,409.60409016037636,0.0,98.92081803207527,0.0,98.92081803207527,0.0,98.92081803207527,B_Holt
13,HOBBIES_1_312_WI_3,high,intermittent,Holt,empirical,14,0.95,6,0,292,799.0,799.0,0.0,1.0,0,0.0,1.0,110.22602739726027,221.0,9.060927111166347,6,898.0,32186.0,8.796036875925651,6.0,43.980184379628255,0.0,14.796036875925651,0.0,14.796036875925651,0.0,14.796036875925651,B_Holt
14,FOODS_3_128_WI_3,medium,intermittent,Holt,empirical,14,0.95,4,2,292,156.0,147.0,9.0,0.9423076923076923,5,0.017123287671232876,0.9828767123287672,39.10616438356164,65.0,4.698747701199755,4,162.0,11419.0,16.31509188524664,4.0,81.5754594262332,2.0115000128746034,22.326591898121244,8.046000051498414,28.361091936745055,24.138000154495245,44.45309203974189,B_Holt
15,HOBBIES_1_036_WI_3,medium,intermittent,Holt,empirical,14,0.95,5,0,292,242.0,242.0,0.0,1.0,0,0.0,1.0,36.95890410958904,75.0,8.184766493699035,5,296.0,10792.0,5.795156189056292,5.0,28.975780945281457,0.0,10.795156189056293,0.0,10.795156189056293,0.0,10.795156189056293,B_Holt
16,FOODS_3_520_WI_3,low,intermittent,Holt,empirical,14,0.95,8,1,292,206.0,205.0,1.0,0.9951456310679612,1,0.003424657534246575,0.9965753424657534,17.958904109589042,39.0,14.268688024408847,8,222.0,5244.0,10.00670141781846,8.0,50.03350708909231,0.2985000014305115,18.305201419248974,1.194000005722046,19.200701423540508,3.5820000171661377,21.5887014349846,B_Holt
17,HOUSEHOLD_1_464_WI_3,low,intermittent,Holt,empirical,14,0.95,5,0,292,49.0,49.0,0.0,1.0,0,0.0,1.0,10.256849315068493,16.0,5.971619365609349,5,52.0,2995.0,13.598531205360203,5.0,67.99265602680101,0.0,18.598531205360203,0.0,18.598531205360203,0.0,18.598531205360203,B_Holt
0,FOODS_3_449_CA_3,high,regular,Holt,empirical,14,0.98,12,5,292,1628.0,1536.0,92.0,0.9434889434889435,8,0.0273972602739726,0.9726027397260274,101.32876712328768,274.0,18.94822225226443,13,1590.0,29588.0,28.08833451715234,13.0,140.4416725857617,13.662000131607059,54.7503346487594,54.648000526428234,95.73633504358057,163.9440015792847,205.03233609643704,B_Holt
1,HOUSEHOLD_1_114_CA_3,high,regular,Holt,empirical,14,0.98,7,0,292,941.0,941.0,0.0,1.0,0,0.0,1.0,112.30479452054794,227.0,10.473729149513616,8,1068.0,32793.0,15.250991545719643,8.0,76.25495772859821,0.0,23.250991545719643,0.0,23.250991545719643,0.0,23.250991545719643,B_Holt
2,FOODS_3_784_CA_3,medium,intermittent,Holt,empirical,14,0.98,3,0,292,213.0,213.0,0.0,1.0,0,0.0,1.0,55.28082191780822,97.0,4.81631768058481,4,295.0,16142.0,7.73931506849315,4.0,38.69657534246575,0.0,11.73931506849315,0.0,11.73931506849315,0.0,11.73931506849315,B_Holt
3,HOUSEHOLD_2_270_CA_3,medium,intermittent,Holt,empirical,14,0.98,6,3,292,118.0,115.0,3.0,0.9745762711864406,2,0.00684931506849315,0.9931506849315068,22.986301369863014,64.0,6.253724672228843,6,159.0,6712.0,18.793600491040372,6.0,93.96800245520187,1.3140000343322755,26.107600525372646,5.256000137329102,30.049600628369475,15.768000411987305,40.56160090302768,B_Holt
4,HOBBIES_1_377_CA_3,low,intermittent,Holt,empirical,14,0.98,7,0,292,92.0,92.0,0.0,1.0,0,0.0,1.0,11.804794520547945,21.0,9.741804467653031,7,99.0,3447.0,16.493658147576735,7.0,82.46829073788368,0.0,23.493658147576735,0.0,23.493658147576735,0.0,23.493658147576735,B_Holt
5,HOUSEHOLD_2_228_CA_3,low,intermittent,Holt,empirical,14,0.98,6,0,292,112.0,112.0,0.0,1.0,0,0.0,1.0,15.404109589041095,28.0,9.088483770564697,7,133.0,4498.0,11.796466670820157,7.0,58.98233335410078,0.0,18.79646667082016,0.0,18.79646667082016,0.0,18.79646667082016,B_Holt
6,FOODS_2_347_TX_2,high,regular,Holt,empirical,14,0.98,11,2,292,1785.0,1612.0,173.0,0.9030812324929972,8,0.0273972602739726,0.9726027397260274,125.5513698630137,396.0,16.049207604811652,12,1607.0,36661.0,31.287400866975517,12.0,156.4370043348776,23.09549962878228,66.3829004957578,92.38199851512913,135.66939938210464,277.14599554538734,320.43339641236287,B_Holt
7,HOUSEHOLD_1_247_TX_2,high,regular,Holt,empirical,14,0.98,9,0,292,1273.0,1273.0,0.0,1.0,0,0.0,1.0,84.81164383561644,174.0,18.762164344841512,9,1280.0,24765.0,11.517421572583995,9.0,57.58710786291998,0.0,20.517421572583995,0.0,20.517421572583995,0.0,20.517421572583995,B_Holt
8,FOODS_3_729_TX_2,medium,intermittent,Holt,empirical,14,0.98,8,0,292,224.0,224.0,0.0,1.0,0,0.0,1.0,26.863013698630137,58.0,10.423253442121366,8,260.0,7844.0,14.968071304608698,8.0,74.8403565230435,0.0,22.9680713046087,0.0,22.9680713046087,0.0,22.9680713046087,B_Holt
9,HOBBIES_1_034_TX_2,medium,intermittent,Holt,empirical,14,0.98,9,0,292,281.0,281.0,0.0,1.0,0,0.0,1.0,31.636986301369863,58.0,11.102511366096557,9,288.0,9238.0,20.639969187174756,9.0,103.19984593587378,0.0,29.639969187174756,0.0,29.639969187174756,0.0,29.639969187174756,B_Holt
10,FOODS_2_196_TX_2,low,intermittent,Holt,empirical,14,0.98,6,0,292,165.0,165.0,0.0,1.0,0,0.0,1.0,30.544520547945204,49.0,6.752438614194417,7,211.0,8919.0,16.848357778934584,7.0,84.24178889467291,0.0,23.848357778934584,0.0,23.848357778934584,0.0,23.848357778934584,B_Holt
11,HOUSEHOLD_2_315_TX_2,low,intermittent,Holt,empirical,14,0.98,7,1,292,122.0,120.0,2.0,0.9836065573770492,1,0.003424657534246575,0.9965753424657534,11.36986301369863,21.0,13.19277108433735,7,121.0,3320.0,12.208959025552828,7.0,61.04479512776414,1.150500011444092,20.35945903699692,4.602000045776368,23.810959071329197,13.806000137329104,33.01495916288194,B_Holt
12,FOODS_2_056_WI_3,high,intermittent,Holt,empirical,14,0.98,16,0,292,1064.0,1064.0,0.0,1.0,0,0.0,1.0,89.76027397260275,165.0,14.817245326211369,17,1175.0,26210.0,87.71373996571317,17.0,438.5686998285659,0.0,104.71373996571317,0.0,104.71373996571317,0.0,104.71373996571317,B_Holt
13,HOBBIES_1_312_WI_3,high,intermittent,Holt,empirical,14,0.98,6,0,292,799.0,799.0,0.0,1.0,0,0.0,1.0,117.81506849315069,229.0,8.477268763443986,6,906.0,34402.0,9.401642347778358,6.0,47.008211738891795,0.0,15.401642347778358,0.0,15.401642347778358,0.0,15.401642347778358,B_Holt
14,FOODS_3_128_WI_3,medium,intermittent,Holt,empirical,14,0.98,4,1,292,156.0,153.0,3.0,0.9807692307692307,2,0.00684931506849315,0.9931506849315068,40.945205479452056,67.0,4.670876547340248,5,206.0,11956.0,17.08233983536289,5.0,85.41169917681445,0.6705000042915346,22.752839839654424,2.6820000171661382,24.76433985252903,8.046000051498414,30.128339886861305,B_Holt
15,HOBBIES_1_036_WI_3,medium,intermittent,Holt,empirical,14,0.98,5,0,292,242.0,242.0,0.0,1.0,0,0.0,1.0,40.57534246575342,73.0,7.455266711681297,5,292.0,11848.0,6.3622137257171,5.0,31.811068628585495,0.0,11.362213725717101,0.0,11.362213725717101,0.0,11.362213725717101,B_Holt
16,FOODS_3_520_WI_3,low,intermittent,Holt,empirical,14,0.98,8,1,292,206.0,205.0,1.0,0.9951456310679612,1,0.003424657534246575,0.9965753424657534,17.64041095890411,39.0,14.526305571733644,8,222.0,5151.0,9.829237033406349,8.0,49.146185167031746,0.2985000014305115,18.127737034836862,1.194000005722046,19.023237039128396,3.5820000171661377,21.41123705057249,B_Holt
17,HOUSEHOLD_1_464_WI_3,low,intermittent,Holt,empirical,14,0.98,5,0,292,49.0,49.0,0.0,1.0,0,0.0,1.0,11.205479452054794,17.0,5.466075794621027,5,53.0,3272.0,14.85622507644026,5.0,74.28112538220131,0.0,19.85622507644026,0.0,19.85622507644026,0.0,19.85622507644026,B_Holt
0,FOODS_3_449_CA_3,high,regular,HoltWinters,gaussian,3,0.9,13,3,292,1628.0,1601.0,27.0,0.9834152334152334,5,0.017123287671232876,0.9828767123287672,61.24657534246575,169.0,32.675296354283155,13,1541.0,17884.0,16.977550848477506,13.0,84.88775424238753,4.009500038623811,33.98705088710132,16.038000154495244,46.01555100297275,48.11400046348573,78.09155131196323,B_HoltWinters
1,HOUSEHOLD_1_114_CA_3,high,regular,HoltWinters,gaussian,3,0.9,7,4,292,941.0,916.0,25.0,0.973432518597237,6,0.02054794520547945,0.9794520547945206,66.18835616438356,173.0,17.29911522740208,7,960.0,19327.0,8.988379032236256,7.0,44.94189516118128,1.8187500536441803,17.807129085880437,7.275000214576721,23.263379246812978,21.825000643730164,37.81337967596642,B_HoltWinters
2,FOODS_3_784_CA_3,medium,intermittent,HoltWinters,gaussian,3,0.9,4,1,292,213.0,210.0,3.0,0.9859154929577465,1,0.003424657534246575,0.9965753424657534,31.448630136986303,87.0,8.346945442665795,4,242.0,9183.0,4.402808219178082,4.0,22.01404109589041,0.22500000000000003,8.627808219178082,0.9000000000000001,9.302808219178083,2.7,11.102808219178083,B_HoltWinters
3,HOUSEHOLD_2_270_CA_3,medium,intermittent,HoltWinters,gaussian,3,0.9,5,1,292,118.0,116.0,2.0,0.9830508474576272,1,0.003424657534246575,0.9965753424657534,12.523972602739725,33.0,11.57779600765655,5,132.0,3657.0,10.239600267540919,5.0,51.19800133770459,0.8760000228881837,16.115600290429104,3.5040000915527347,18.743600359093655,10.512000274658204,25.75160054219912,B_HoltWinters
4,HOBBIES_1_377_CA_3,low,intermittent,HoltWinters,gaussian,3,0.9,7,1,292,92.0,90.0,2.0,0.9782608695652174,1,0.003424657534246575,0.9965753424657534,8.08904109589041,15.0,13.907705334462321,7,91.0,2362.0,11.3020077007764,7.0,56.510038503881994,1.4969999313354494,19.79900763211185,5.987999725341798,24.290007426118198,17.963999176025393,36.2660068768018,B_HoltWinters
5,HOUSEHOLD_2_228_CA_3,low,intermittent,HoltWinters,gaussian,3,0.9,5,2,292,112.0,103.0,9.0,0.9196428571428571,5,0.017123287671232876,0.9828767123287672,11.787671232876713,22.0,10.922428820453224,5,104.0,3442.0,9.026998283895727,5.0,45.13499141947864,3.692249858379365,17.71924814227509,14.76899943351746,28.795997717413186,44.30699830055238,58.33399658444811,B_HoltWinters
6,FOODS_2_347_TX_2,high,regular,HoltWinters,gaussian,3,0.9,13,4,292,1785.0,1650.0,135.0,0.9243697478991597,9,0.030821917808219176,0.9691780821917808,68.70890410958904,201.0,30.01794347804416,13,1673.0,20063.0,17.122258628900735,13.0,85.61129314450368,18.022499710321433,48.144758339222165,72.08999884128573,102.21225747018647,216.2699965238572,246.39225515275794,B_HoltWinters
7,HOUSEHOLD_1_247_TX_2,high,regular,HoltWinters,gaussian,3,0.9,9,3,292,1273.0,1270.0,3.0,0.997643362136685,3,0.010273972602739725,0.9897260273972602,69.04452054794521,144.0,22.992411090719706,9,1252.0,20161.0,9.3762461669641,9.0,46.88123083482051,0.21825000643730164,18.594496173401403,0.8730000257492065,19.249246192713308,2.6190000772476196,20.99524624421172,B_HoltWinters
8,FOODS_3_729_TX_2,medium,intermittent,HoltWinters,gaussian,3,0.9,8,0,292,224.0,224.0,0.0,1.0,0,0.0,1.0,18.345890410958905,44.0,15.26227366063095,8,253.0,5357.0,10.222330185975114,8.0,51.11165092987557,0.0,18.222330185975114,0.0,18.222330185975114,0.0,18.222330185975114,B_HoltWinters
9,HOBBIES_1_034_TX_2,medium,intermittent,HoltWinters,gaussian,3,0.9,9,3,292,281.0,274.0,7.0,0.9750889679715302,4,0.0136986301369863,0.9863013698630136,16.527397260273972,41.0,20.723166183174474,9,287.0,4826.0,10.782473619539443,9.0,53.91236809769721,2.446499919891358,22.228973539430804,9.785999679565432,29.568473299104877,29.357999038696292,49.14047265823574,B_HoltWinters
10,FOODS_2_196_TX_2,low,intermittent,HoltWinters,gaussian,3,0.9,6,1,292,165.0,163.0,2.0,0.9878787878787879,2,0.00684931506849315,0.9931506849315068,13.952054794520548,32.0,14.603583701521845,7,187.0,4074.0,7.695953536425551,7.0,38.47976768212776,0.5910000085830689,15.286953545008622,2.3640000343322756,17.059953570757827,7.092000102996827,21.78795363942238,B_HoltWinters
11,HOUSEHOLD_2_315_TX_2,low,intermittent,HoltWinters,gaussian,3,0.9,7,1,292,122.0,121.0,1.0,0.9918032786885246,1,0.003424657534246575,0.9965753424657534,9.897260273972602,19.0,15.282006920415226,7,121.0,2890.0,10.627678187905925,7.0,53.13839093952962,0.575250005722046,18.202928193627972,2.301000022888184,19.92867821079411,6.903000068664552,24.530678256570475,B_HoltWinters
12,FOODS_2_056_WI_3,high,intermittent,HoltWinters,gaussian,3,0.9,19,2,292,1064.0,1059.0,5.0,0.9953007518796992,2,0.00684931506849315,0.9931506849315068,33.98972602739726,85.0,38.9455919395466,19,1071.0,9925.0,33.21476036473496,19.0,166.0738018236748,2.617500007152558,54.832260371887514,10.470000028610231,62.68476039334519,31.410000085830696,83.62476045056565,B_HoltWinters
13,HOBBIES_1_312_WI_3,high,intermittent,HoltWinters,gaussian,3,0.9,6,1,292,799.0,791.0,8.0,0.9899874843554443,2,0.00684931506849315,0.9931506849315068,78.34246575342466,173.0,12.620869033047734,6,865.0,22876.0,6.251728688674429,6.0,31.25864344337215,0.3419999957084656,12.593728684382896,1.3679999828338625,13.619728671508291,4.1039999485015874,16.355728637176018,B_HoltWinters
14,FOODS_3_128_WI_3,medium,intermittent,HoltWinters,gaussian,3,0.9,4,1,292,156.0,155.0,1.0,0.9935897435897436,1,0.003424657534246575,0.9965753424657534,25.284246575342465,52.0,7.66287417039144,4,151.0,7383.0,10.548587738749099,4.0,52.74293869374549,0.22350000143051152,14.772087740179611,0.8940000057220461,15.442587744471144,2.6820000171661382,17.230587755915238,B_HoltWinters
15,HOBBIES_1_036_WI_3,medium,intermittent,HoltWinters,gaussian,3,0.9,5,0,292,242.0,240.0,2.0,0.9917355371900827,1,0.003424657534246575,0.9965753424657534,31.431506849315067,60.0,9.544563085639574,5,278.0,9178.0,4.928460294955397,5.0,24.642301474776982,0.16800000071525578,10.096460295670653,0.6720000028610231,10.600460297816419,2.0160000085830694,11.944460303538467,B_HoltWinters
16,FOODS_3_520_WI_3,low,intermittent,HoltWinters,gaussian,3,0.9,8,2,292,206.0,203.0,3.0,0.9854368932038835,3,0.010273972602739725,0.9897260273972602,14.561643835616438,33.0,17.425917215428033,8,221.0,4252.0,8.113747984089263,8.0,40.56873992044632,0.8955000042915344,17.0092479883808,3.5820000171661377,19.695748001255403,10.746000051498413,26.85974803558768,B_HoltWinters
17,HOUSEHOLD_1_464_WI_3,low,intermittent,HoltWinters,gaussian,3,0.9,5,0,292,49.0,49.0,0.0,1.0,0,0.0,1.0,6.390410958904109,12.0,9.584673097534834,5,54.0,1866.0,8.472407088214403,5.0,42.36203544107202,0.0,13.472407088214403,0.0,13.472407088214403,0.0,13.472407088214403,B_HoltWinters
0,FOODS_3_449_CA_3,high,regular,HoltWinters,gaussian,3,0.95,13,2,292,1628.0,1588.0,40.0,0.9754299754299754,4,0.0136986301369863,0.9863013698630136,62.95205479452055,164.0,31.531933413121532,13,1531.0,18382.0,17.450309757141216,13.0,87.25154878570608,5.940000057220461,36.39030981436168,23.760000228881843,54.21030998602306,71.28000068664552,101.73031044378673,B_HoltWinters
1,HOUSEHOLD_1_114_CA_3,high,regular,HoltWinters,gaussian,3,0.95,7,3,292,941.0,934.0,7.0,0.9925611052072264,3,0.010273972602739725,0.9897260273972602,65.83219178082192,188.0,17.73448473183166,7,939.0,19223.0,8.940011907521992,7.0,44.70005953760996,0.5092500150203705,16.449261922542362,2.037000060081482,17.977011967603474,6.111000180244446,22.051012087766438,B_HoltWinters
2,FOODS_3_784_CA_3,medium,intermittent,HoltWinters,gaussian,3,0.95,3,0,292,213.0,213.0,0.0,1.0,0,0.0,1.0,40.70205479452055,82.0,6.541438788388725,4,295.0,11885.0,5.698287671232877,4.0,28.491438356164384,0.0,9.698287671232876,0.0,9.698287671232876,0.0,9.698287671232876,B_HoltWinters
3,HOUSEHOLD_2_270_CA_3,medium,intermittent,HoltWinters,gaussian,3,0.95,5,1,292,118.0,116.0,2.0,0.9830508474576272,1,0.003424657534246575,0.9965753424657534,12.986301369863014,34.0,11.165611814345992,5,132.0,3792.0,10.617600277417326,5.0,53.088001387086635,0.8760000228881837,16.49360030030551,3.5040000915527347,19.12160036897006,10.512000274658204,26.12960055207553,B_HoltWinters
4,HOBBIES_1_377_CA_3,low,intermittent,HoltWinters,gaussian,3,0.95,7,1,292,92.0,90.0,2.0,0.9782608695652174,1,0.003424657534246575,0.9965753424657534,8.08904109589041,15.0,13.907705334462321,7,91.0,2362.0,11.3020077007764,7.0,56.510038503881994,1.4969999313354494,19.79900763211185,5.987999725341798,24.290007426118198,17.963999176025393,36.2660068768018,B_HoltWinters
5,HOUSEHOLD_2_228_CA_3,low,intermittent,HoltWinters,gaussian,3,0.95,6,2,292,112.0,110.0,2.0,0.9821428571428571,2,0.00684931506849315,0.9931506849315068,10.797945205479452,22.0,12.733904218204884,6,112.0,3153.0,8.269066121186295,6.0,41.34533060593147,0.8204999685287477,15.089566089715042,3.281999874114991,17.551065995301286,9.845999622344973,24.115065743531268,B_HoltWinters
6,FOODS_2_347_TX_2,high,regular,HoltWinters,gaussian,3,0.95,13,5,292,1785.0,1653.0,132.0,0.9260504201680673,10,0.03424657534246575,0.9657534246575342,67.23630136986301,189.0,30.731166912850814,13,1648.0,19633.0,16.75528603205942,13.0,83.7764301602971,17.621999716758733,47.37728574881815,70.48799886703493,100.24328489909435,211.4639966011048,241.21928263316423,B_HoltWinters
7,HOUSEHOLD_1_247_TX_2,high,regular,HoltWinters,gaussian,3,0.95,9,1,292,1273.0,1272.0,1.0,0.9992144540455616,1,0.003424657534246575,0.9965753424657534,73.11986301369863,155.0,21.745117324715466,9,1255.0,21351.0,9.929677690136923,9.0,49.648388450684614,0.07275000214576721,19.00242769228269,0.29100000858306885,19.220677698719992,0.8730000257492065,19.80267771588613,B_HoltWinters
8,FOODS_3_729_TX_2,medium,intermittent,HoltWinters,gaussian,3,0.95,8,0,292,224.0,224.0,0.0,1.0,0,0.0,1.0,19.636986301369863,45.0,14.258807115451692,8,254.0,5734.0,10.941728819559698,8.0,54.70864409779849,0.0,18.9417288195597,0.0,18.9417288195597,0.0,18.9417288195597,B_HoltWinters
9,HOBBIES_1_034_TX_2,medium,intermittent,HoltWinters,gaussian,3,0.95,8,1,292,281.0,279.0,2.0,0.9928825622775801,1,0.003424657534246575,0.9965753424657534,20.294520547945204,43.0,17.184441444481944,9,305.0,5926.0,13.24014477194172,9.0,66.20072385970859,0.6989999771118165,22.93914474905354,2.795999908447266,25.036144680388986,8.387999725341798,30.62814449728352,B_HoltWinters
10,FOODS_2_196_TX_2,low,intermittent,HoltWinters,gaussian,3,0.95,6,0,292,165.0,165.0,0.0,1.0,0,0.0,1.0,14.842465753424657,32.0,13.895939086294417,7,189.0,4334.0,8.18710422849002,7.0,40.93552114245009,0.0,15.18710422849002,0.0,15.18710422849002,0.0,15.18710422849002,B_HoltWinters
11,HOUSEHOLD_2_315_TX_2,low,intermittent,HoltWinters,gaussian,3,0.95,7,0,292,122.0,122.0,0.0,1.0,0,0.0,1.0,10.698630136986301,20.0,14.25416133162612,7,121.0,3124.0,11.48818915536959,7.0,57.44094577684794,0.0,18.48818915536959,0.0,18.48818915536959,0.0,18.48818915536959,B_HoltWinters
12,FOODS_2_056_WI_3,high,intermittent,HoltWinters,gaussian,3,0.95,19,3,292,1064.0,1058.0,6.0,0.9943609022556391,3,0.010273972602739725,0.9897260273972602,35.554794520547944,88.0,37.196108649585824,19,1076.0,10382.0,34.744145300420996,19.0,173.72072650210495,3.1410000085830694,56.885145309004066,12.564000034332278,66.30814533475328,37.69200010299683,91.43614540341783,B_HoltWinters
13,HOBBIES_1_312_WI_3,high,intermittent,HoltWinters,gaussian,3,0.95,6,2,292,799.0,791.0,8.0,0.9899874843554443,2,0.00684931506849315,0.9931506849315068,80.79452054794521,175.0,12.237834859274328,6,867.0,23592.0,6.447402658821784,6.0,32.23701329410893,0.3419999957084656,12.78940265453025,1.3679999828338625,13.815402641655645,4.1039999485015874,16.55140260732337,B_HoltWinters
14,FOODS_3_128_WI_3,medium,intermittent,HoltWinters,gaussian,3,0.95,4,0,292,156.0,156.0,0.0,1.0,0,0.0,1.0,24.825342465753426,51.0,7.85487653469444,4,153.0,7249.0,10.357132943003144,4.0,51.78566471501572,0.0,14.357132943003144,0.0,14.357132943003144,0.0,14.357132943003144,B_HoltWinters
15,HOBBIES_1_036_WI_3,medium,intermittent,HoltWinters,gaussian,3,0.95,5,0,292,242.0,240.0,2.0,0.9917355371900827,1,0.003424657534246575,0.9965753424657534,32.40068493150685,61.0,9.259063523940386,5,279.0,9461.0,5.080427418890064,5.0,25.402137094450325,0.16800000071525578,10.24842741960532,0.6720000028610231,10.752427421751086,2.0160000085830694,12.096427427473134,B_HoltWinters
16,FOODS_3_520_WI_3,low,intermittent,HoltWinters,gaussian,3,0.95,8,2,292,206.0,203.0,3.0,0.9854368932038835,3,0.010273972602739725,0.9897260273972602,15.143835616438356,33.0,16.75599276345545,8,222.0,4422.0,8.438145245917855,8.0,42.19072622958928,0.8955000042915344,17.33364525020939,3.5820000171661377,20.020145263083993,10.746000051498413,27.18414529741627,B_HoltWinters
17,HOUSEHOLD_1_464_WI_3,low,intermittent,HoltWinters,gaussian,3,0.95,5,1,292,49.0,48.0,1.0,0.9795918367346939,1,0.003424657534246575,0.9965753424657534,6.77054794520548,13.0,8.861911987860394,5,54.0,1977.0,8.976392718863814,5.0,44.881963594319075,0.7102500200271606,14.686642738890974,2.8410000801086426,16.817392798972456,8.523000240325928,22.49939295918974,B_HoltWinters
0,FOODS_3_449_CA_3,high,regular,HoltWinters,gaussian,3,0.98,13,1,292,1628.0,1593.0,35.0,0.9785012285012284,3,0.010273972602739725,0.9897260273972602,65.89041095890411,167.0,30.220634095634097,13,1539.0,19240.0,18.264822093754596,13.0,91.32411046877299,5.1975000500679025,36.4623221438225,20.79000020027161,52.05482229402621,62.37000060081483,93.63482269456944,B_HoltWinters
1,HOUSEHOLD_1_114_CA_3,high,regular,HoltWinters,gaussian,3,0.98,7,2,292,941.0,938.0,3.0,0.9968119022316685,2,0.00684931506849315,0.9931506849315068,67.01027397260275,190.0,17.497316911125875,7,945.0,19567.0,9.099995473884556,7.0,45.49997736942279,0.21825000643730164,16.318245480321856,0.8730000257492065,16.97299549963376,2.6190000772476196,18.718995551132174,B_HoltWinters
2,FOODS_3_784_CA_3,medium,intermittent,HoltWinters,gaussian,3,0.98,3,0,292,213.0,213.0,0.0,1.0,0,0.0,1.0,41.62671232876713,83.0,6.396133278486219,4,296.0,12155.0,5.8277397260273975,4.0,29.138698630136986,0.0,9.827739726027398,0.0,9.827739726027398,0.0,9.827739726027398,B_HoltWinters
3,HOUSEHOLD_2_270_CA_3,medium,intermittent,HoltWinters,gaussian,3,0.98,5,1,292,118.0,117.0,1.0,0.9915254237288136,1,0.003424657534246575,0.9965753424657534,13.92123287671233,36.0,10.505535055350553,5,134.0,4065.0,11.382000297389618,5.0,56.91000148694809,0.43800001144409184,16.82000030883371,1.7520000457763674,18.134000343165983,5.256000137329102,21.63800043471872,B_HoltWinters
4,HOBBIES_1_377_CA_3,low,intermittent,HoltWinters,gaussian,3,0.98,7,1,292,92.0,90.0,2.0,0.9782608695652174,1,0.003424657534246575,0.9965753424657534,8.845890410958905,15.0,12.717770034843204,7,91.0,2583.0,12.359477515285962,7.0,61.79738757642981,1.4969999313354494,20.85647744662141,5.987999725341798,25.347477240627757,17.963999176025393,37.323476691311356,B_HoltWinters
5,HOUSEHOLD_2_228_CA_3,low,intermittent,HoltWinters,gaussian,3,0.98,5,2,292,112.0,105.0,7.0,0.9375,4,0.0136986301369863,0.9863013698630136,12.73972602739726,23.0,10.30241935483871,5,107.0,3720.0,9.756081817574696,5.0,48.78040908787348,2.871749889850617,17.62783170742531,11.486999559402468,26.243081376977166,34.4609986782074,49.2170804957821,B_HoltWinters
6,FOODS_2_347_TX_2,high,regular,HoltWinters,gaussian,3,0.98,13,5,292,1785.0,1659.0,126.0,0.9294117647058824,9,0.030821917808219176,0.9691780821917808,68.84931506849315,189.0,30.120125348189415,13,1656.0,20104.0,17.15724903929723,13.0,85.78624519648616,16.820999729633336,46.97824876893057,67.28399891853334,97.44124795783057,201.85199675560006,232.00924579489728,B_HoltWinters
7,HOUSEHOLD_1_247_TX_2,high,regular,HoltWinters,gaussian,3,0.98,9,0,292,1273.0,1273.0,0.0,1.0,0,0.0,1.0,74.52054794520548,157.0,21.353170955882355,9,1257.0,21760.0,10.119890709445901,9.0,50.59945354722951,0.0,19.1198907094459,0.0,19.1198907094459,0.0,19.1198907094459,B_HoltWinters
8,FOODS_3_729_TX_2,medium,intermittent,HoltWinters,gaussian,3,0.98,7,0,292,224.0,224.0,0.0,1.0,0,0.0,1.0,20.30821917808219,40.0,13.787521079258012,8,255.0,5930.0,11.315739780256193,8.0,56.57869890128096,0.0,19.315739780256195,0.0,19.315739780256195,0.0,19.315739780256195,B_HoltWinters
9,HOBBIES_1_034_TX_2,medium,intermittent,HoltWinters,gaussian,3,0.98,8,1,292,281.0,280.0,1.0,0.99644128113879,1,0.003424657534246575,0.9965753424657534,21.089041095890412,46.0,16.596297499188047,9,301.0,6158.0,13.758489960448381,9.0,68.79244980224192,0.34949998855590825,23.10798994900429,1.397999954223633,24.15648991467201,4.193999862670899,26.95248982311928,B_HoltWinters
10,FOODS_2_196_TX_2,low,intermittent,HoltWinters,gaussian,3,0.98,6,0,292,165.0,165.0,0.0,1.0,0,0.0,1.0,15.715753424657533,33.0,13.123774242754413,7,190.0,4589.0,8.668809714937863,7.0,43.34404857468931,0.0,15.668809714937863,0.0,15.668809714937863,0.0,15.668809714937863,B_HoltWinters
11,HOUSEHOLD_2_315_TX_2,low,intermittent,HoltWinters,gaussian,3,0.98,7,0,292,122.0,122.0,0.0,1.0,0,0.0,1.0,10.698630136986301,20.0,14.25416133162612,7,121.0,3124.0,11.48818915536959,7.0,57.44094577684794,0.0,18.48818915536959,0.0,18.48818915536959,0.0,18.48818915536959,B_HoltWinters
12,FOODS_2_056_WI_3,high,intermittent,HoltWinters,gaussian,3,0.98,19,1,292,1064.0,1063.0,1.0,0.9990601503759399,1,0.003424657534246575,0.9965753424657534,37.86643835616438,90.0,35.090440444966994,19,1083.0,11057.0,37.00308366275813,19.0,185.01541831379063,0.5235000014305116,56.52658366418864,2.0940000057220463,58.097083668480174,6.282000017166139,62.28508367992427,B_HoltWinters
13,HOBBIES_1_312_WI_3,high,intermittent,HoltWinters,gaussian,3,0.98,6,1,292,799.0,795.0,4.0,0.9949937421777222,1,0.003424657534246575,0.9965753424657534,84.82191780821918,177.0,11.715721899224805,6,873.0,24768.0,6.76878895615878,6.0,33.84394478079391,0.1709999978542328,12.939788954013013,0.6839999914169312,13.45278894757571,2.0519999742507937,14.820788930409574,B_HoltWinters
14,FOODS_3_128_WI_3,medium,intermittent,HoltWinters,gaussian,3,0.98,5,0,292,156.0,156.0,0.0,1.0,0,0.0,1.0,22.53082191780822,48.0,8.654810761513907,5,189.0,6579.0,9.399858964273374,5.0,46.99929482136687,0.0,14.399858964273374,0.0,14.399858964273374,0.0,14.399858964273374,B_HoltWinters
15,HOBBIES_1_036_WI_3,medium,intermittent,HoltWinters,gaussian,3,0.98,5,1,292,242.0,241.0,1.0,0.9958677685950413,1,0.003424657534246575,0.9965753424657534,31.897260273972602,59.0,9.444384797079666,5,275.0,9314.0,5.001490432252623,5.0,25.00745216126311,0.08400000035762789,10.085490432610252,0.33600000143051156,10.337490433683135,1.0080000042915347,11.009490436544159,B_HoltWinters
16,FOODS_3_520_WI_3,low,intermittent,HoltWinters,gaussian,3,0.98,8,1,292,206.0,205.0,1.0,0.9951456310679612,1,0.003424657534246575,0.9965753424657534,15.530821917808218,35.0,16.499448732083792,8,217.0,4535.0,8.653774014074507,8.0,43.26887007037254,0.2985000014305115,16.95227401550502,1.194000005722046,17.847774019796553,3.5820000171661377,20.235774031240645,B_HoltWinters
17,HOUSEHOLD_1_464_WI_3,low,intermittent,HoltWinters,gaussian,3,0.98,5,0,292,49.0,49.0,0.0,1.0,0,0.0,1.0,6.907534246575342,13.0,8.867129400099158,5,52.0,2017.0,9.158009162341077,5.0,45.79004581170539,0.0,14.158009162341077,0.0,14.158009162341077,0.0,14.158009162341077,B_HoltWinters
0,FOODS_3_449_CA_3,high,regular,HoltWinters,gaussian,7,0.9,13,2,292,1628.0,1583.0,45.0,0.9723587223587223,4,0.0136986301369863,0.9863013698630136,74.9041095890411,189.0,26.41710863204096,13,1559.0,21872.0,20.76341937809774,13.0,103.81709689048871,6.682500064373018,40.44591944247075,26.730000257492073,60.49341963558981,80.19000077247621,113.95342015057395,B_HoltWinters
1,HOUSEHOLD_1_114_CA_3,high,regular,HoltWinters,gaussian,7,0.9,7,2,292,941.0,924.0,17.0,0.9819341126461212,4,0.0136986301369863,0.9863013698630136,70.45547945205479,194.0,16.393331064988093,7,948.0,20573.0,9.567854391793682,7.0,47.8392719589684,1.2367500364780426,17.804604428271723,4.94700014591217,21.51485453770585,14.841000437736511,31.408854829530192,B_HoltWinters
2,FOODS_3_784_CA_3,medium,intermittent,HoltWinters,gaussian,7,0.9,3,0,292,213.0,213.0,0.0,1.0,0,0.0,1.0,37.64383561643836,81.0,7.072871179039301,4,284.0,10992.0,5.270136986301369,4.0,26.35068493150685,0.0,9.27013698630137,0.0,9.27013698630137,0.0,9.27013698630137,B_HoltWinters
3,HOUSEHOLD_2_270_CA_3,medium,intermittent,HoltWinters,gaussian,7,0.9,5,1,292,118.0,111.0,7.0,0.940677966101695,2,0.00684931506849315,0.9931506849315068,14.07876712328767,35.0,9.855266358550232,5,125.0,4111.0,11.510800300754912,5.0,57.55400150377456,3.066000080108643,19.576800380863556,12.264000320434572,28.774800621189485,36.792000961303714,53.30280126205862,B_HoltWinters
4,HOBBIES_1_377_CA_3,low,intermittent,HoltWinters,gaussian,7,0.9,7,1,292,92.0,91.0,1.0,0.9891304347826086,1,0.003424657534246575,0.9965753424657534,9.16095890410959,17.0,12.416822429906542,7,92.0,2675.0,12.79969119372433,7.0,63.99845596862166,0.7484999656677247,20.548191159392054,2.993999862670899,22.793691056395225,8.981999588012696,28.781690781737026,B_HoltWinters
5,HOUSEHOLD_2_228_CA_3,low,intermittent,HoltWinters,gaussian,7,0.9,6,1,292,112.0,110.0,2.0,0.9821428571428571,1,0.003424657534246575,0.9965753424657534,11.253424657534246,23.0,12.218502738892271,6,115.0,3286.0,8.617872272190983,6.0,43.08936136095491,0.8204999685287477,15.43837224071973,3.281999874114991,17.899872146305974,9.845999622344973,24.463871894535956,B_HoltWinters
6,FOODS_2_347_TX_2,high,regular,HoltWinters,gaussian,7,0.9,12,3,292,1785.0,1640.0,145.0,0.9187675070028011,12,0.0410958904109589,0.9589041095890412,73.59931506849315,199.0,27.853520078172256,13,1665.0,21491.0,18.34094902027143,13.0,91.70474510135715,19.35749968886376,50.69844870913519,77.42999875545505,108.77094777572648,232.28999626636514,263.6309452866366,B_HoltWinters
7,HOUSEHOLD_1_247_TX_2,high,regular,HoltWinters,gaussian,7,0.9,9,1,292,1273.0,1271.0,2.0,0.9984289080911233,1,0.003424657534246575,0.9965753424657534,74.04452054794521,155.0,21.456685629711853,9,1259.0,21621.0,10.05524618699126,9.0,50.27623093495631,0.14550000429153442,19.200746191282796,0.5820000171661377,19.6372462041574,1.746000051498413,20.801246238489675,B_HoltWinters
8,FOODS_3_729_TX_2,medium,intermittent,HoltWinters,gaussian,7,0.9,7,1,292,224.0,223.0,1.0,0.9955357142857143,1,0.003424657534246575,0.9965753424657534,19.527397260273972,39.0,14.274815854086286,8,254.0,5702.0,10.880665805568434,8.0,54.40332902784217,0.2985000014305115,19.179165806998945,1.194000005722046,20.07466581129048,3.5820000171661377,22.46266582273457,B_HoltWinters
9,HOBBIES_1_034_TX_2,medium,intermittent,HoltWinters,gaussian,7,0.9,8,1,292,281.0,278.0,3.0,0.9893238434163701,1,0.003424657534246575,0.9965753424657534,21.804794520547944,48.0,15.936861944400817,9,307.0,6367.0,14.225447479404814,9.0,71.12723739702406,1.0484999656677247,24.273947445072537,4.193999862670899,27.419447342075713,12.581999588012696,35.80744706741751,B_HoltWinters
10,FOODS_2_196_TX_2,low,intermittent,HoltWinters,gaussian,7,0.9,6,0,292,165.0,165.0,0.0,1.0,0,0.0,1.0,15.976027397260275,33.0,12.909967845659164,7,192.0,4665.0,8.812376840310554,7.0,44.06188420155277,0.0,15.812376840310554,0.0,15.812376840310554,0.0,15.812376840310554,B_HoltWinters
11,HOUSEHOLD_2_315_TX_2,low,intermittent,HoltWinters,gaussian,7,0.9,7,0,292,122.0,122.0,0.0,1.0,0,0.0,1.0,11.04109589041096,21.0,13.812034739454093,7,121.0,3224.0,11.855928885054915,7.0,59.279644425274576,0.0,18.855928885054915,0.0,18.855928885054915,0.0,18.855928885054915,B_HoltWinters
12,FOODS_2_056_WI_3,high,intermittent,HoltWinters,gaussian,7,0.9,17,1,292,1064.0,1052.0,12.0,0.9887218045112782,3,0.010273972602739725,0.9897260273972602,48.76712328767123,107.0,26.96488764044944,17,1091.0,14240.0,47.655233006934594,17.0,238.27616503467297,6.282000017166139,70.93723302410073,25.128000068664555,89.78323307559916,75.38400020599366,140.03923321292825,B_HoltWinters
13,HOBBIES_1_312_WI_3,high,intermittent,HoltWinters,gaussian,7,0.9,6,1,292,799.0,790.0,9.0,0.9887359198998749,3,0.010273972602739725,0.9897260273972602,85.07534246575342,183.0,11.60735850575638,6,882.0,24842.0,6.789012243576245,6.0,33.945061217881225,0.3847499951720238,13.17376223874827,1.5389999806880952,14.32801222426434,4.616999942064286,17.40601218564053,B_HoltWinters
14,FOODS_3_128_WI_3,medium,intermittent,HoltWinters,gaussian,7,0.9,4,2,292,156.0,151.0,5.0,0.967948717948718,3,0.010273972602739725,0.9897260273972602,27.606164383561644,47.0,6.837241037092171,4,149.0,8061.0,11.51729185453833,4.0,57.58645927269164,1.1175000071525576,16.63479186169089,4.47000002861023,19.98729188314856,13.410000085830692,28.927291940369024,B_HoltWinters
15,HOBBIES_1_036_WI_3,medium,intermittent,HoltWinters,gaussian,7,0.9,5,0,292,242.0,242.0,0.0,1.0,0,0.0,1.0,30.589041095890412,59.0,9.889162561576354,5,275.0,8932.0,4.796361664256004,5.0,23.98180832128002,0.0,9.796361664256004,0.0,9.796361664256004,0.0,9.796361664256004,B_HoltWinters
16,FOODS_3_520_WI_3,low,intermittent,HoltWinters,gaussian,7,0.9,8,2,292,206.0,203.0,3.0,0.9854368932038835,3,0.010273972602739725,0.9897260273972602,15.852739726027398,34.0,16.006696910779866,8,216.0,4629.0,8.833146617673847,8.0,44.165733088369244,0.8955000042915344,17.72864662196538,3.5820000171661377,20.415146634839985,10.746000051498413,27.57914666917226,B_HoltWinters
17,HOUSEHOLD_1_464_WI_3,low,intermittent,HoltWinters,gaussian,7,0.9,5,0,292,49.0,49.0,0.0,1.0,0,0.0,1.0,6.993150684931507,13.0,8.758570029382957,5,53.0,2042.0,9.271519439514368,5.0,46.35759719757185,0.0,14.271519439514368,0.0,14.271519439514368,0.0,14.271519439514368,B_HoltWinters
0,FOODS_3_449_CA_3,high,regular,HoltWinters,gaussian,7,0.95,13,1,292,1628.0,1577.0,51.0,0.9686732186732187,4,0.0136986301369863,0.9863013698630136,77.79452054794521,194.0,25.339188237365732,13,1558.0,22716.0,21.56464130362419,13.0,107.82320651812095,7.573500072956087,42.13814137658027,30.294000291824347,64.85864159544853,90.88200087547304,125.44664217909722,B_HoltWinters
1,HOUSEHOLD_1_114_CA_3,high,regular,HoltWinters,gaussian,7,0.95,7,1,292,941.0,936.0,5.0,0.9946865037194474,1,0.003424657534246575,0.9965753424657534,78.02397260273973,179.0,14.995391300531097,7,936.0,22783.0,10.595655791971781,7.0,52.97827895985891,0.36375001072883606,17.959405802700616,1.4550000429153442,19.050655834887124,4.365000128746033,21.960655920717812,B_HoltWinters
2,FOODS_3_784_CA_3,medium,intermittent,HoltWinters,gaussian,7,0.95,3,0,292,213.0,213.0,0.0,1.0,0,0.0,1.0,44.69178082191781,82.0,5.957471264367816,4,285.0,13050.0,6.256849315068493,4.0,31.284246575342465,0.0,10.256849315068493,0.0,10.256849315068493,0.0,10.256849315068493,B_HoltWinters
3,HOUSEHOLD_2_270_CA_3,medium,intermittent,HoltWinters,gaussian,7,0.95,5,1,292,118.0,111.0,7.0,0.940677966101695,2,0.00684931506849315,0.9931506849315068,14.45890410958904,36.0,9.59616295594505,5,126.0,4222.0,11.821600308875515,5.0,59.10800154437757,3.066000080108643,19.88760038898416,12.264000320434572,29.08560062931009,36.792000961303714,53.61360127017923,B_HoltWinters
4,HOBBIES_1_377_CA_3,low,intermittent,HoltWinters,gaussian,7,0.95,7,1,292,92.0,91.0,1.0,0.9891304347826086,1,0.003424657534246575,0.9965753424657534,9.16095890410959,17.0,12.416822429906542,7,92.0,2675.0,12.79969119372433,7.0,63.99845596862166,0.7484999656677247,20.548191159392054,2.993999862670899,22.793691056395225,8.981999588012696,28.781690781737026,B_HoltWinters
5,HOUSEHOLD_2_228_CA_3,low,intermittent,HoltWinters,gaussian,7,0.95,5,2,292,112.0,107.0,5.0,0.9553571428571429,4,0.0136986301369863,0.9863013698630136,13.736301369863014,26.0,9.736973323360758,5,110.0,4011.0,10.519259185562396,5.0,52.59629592781197,2.0512499213218693,17.570509106884266,8.204999685287477,23.724258870849873,24.614999055862434,40.13425824142483,B_HoltWinters
6,FOODS_2_347_TX_2,high,regular,HoltWinters,gaussian,7,0.95,12,3,292,1785.0,1646.0,139.0,0.9221288515406163,10,0.03424657534246575,0.9657534246575342,76.75,200.0,26.807817589576548,13,1674.0,22411.0,19.126099692583082,13.0,95.63049846291541,18.556499701738364,50.68259939432144,74.22599880695346,106.35209849953654,222.67799642086035,254.80409611344345,B_HoltWinters
7,HOUSEHOLD_1_247_TX_2,high,regular,HoltWinters,gaussian,7,0.95,9,0,292,1273.0,1273.0,0.0,1.0,0,0.0,1.0,75.97602739726027,157.0,20.944106378183463,9,1263.0,22185.0,10.317544824864767,9.0,51.58772412432383,0.0,19.31754482486477,0.0,19.31754482486477,0.0,19.31754482486477,B_HoltWinters
8,FOODS_3_729_TX_2,medium,intermittent,HoltWinters,gaussian,7,0.95,8,0,292,224.0,224.0,0.0,1.0,0,0.0,1.0,21.565068493150687,45.0,12.983960616166428,8,247.0,6297.0,12.016056221968507,8.0,60.08028110984254,0.0,20.016056221968505,0.0,20.016056221968505,0.0,20.016056221968505,B_HoltWinters
9,HOBBIES_1_034_TX_2,medium,intermittent,HoltWinters,gaussian,7,0.95,9,2,292,281.0,276.0,5.0,0.9822064056939501,3,0.010273972602739725,0.9897260273972602,19.815068493150687,43.0,17.410992049775317,9,288.0,5786.0,12.927350261635976,9.0,64.63675130817988,1.7474999427795412,23.674850204415517,6.989999771118165,28.91735003275414,20.969999313354496,42.89734957499047,B_HoltWinters
10,FOODS_2_196_TX_2,low,intermittent,HoltWinters,gaussian,7,0.95,6,0,292,165.0,165.0,0.0,1.0,0,0.0,1.0,19.116438356164384,39.0,10.789143676101755,7,199.0,5582.0,10.544627550399467,7.0,52.723137751997335,0.0,17.54462755039947,0.0,17.54462755039947,0.0,17.54462755039947,B_HoltWinters
11,HOUSEHOLD_2_315_TX_2,low,intermittent,HoltWinters,gaussian,7,0.95,7,0,292,122.0,122.0,0.0,1.0,0,0.0,1.0,11.04109589041096,21.0,13.812034739454093,7,121.0,3224.0,11.855928885054915,7.0,59.279644425274576,0.0,18.855928885054915,0.0,18.855928885054915,0.0,18.855928885054915,B_HoltWinters
12,FOODS_2_056_WI_3,high,intermittent,HoltWinters,gaussian,7,0.95,17,1,292,1064.0,1057.0,7.0,0.993421052631579,2,0.00684931506849315,0.9931506849315068,52.554794520547944,104.0,25.140427472957125,17,1101.0,15346.0,51.35654534581589,17.0,256.78272672907946,3.664500010013581,72.02104535582947,14.658000040054324,83.0145453858702,43.97400012016297,112.33054546597886,B_HoltWinters
13,HOBBIES_1_312_WI_3,high,intermittent,HoltWinters,gaussian,7,0.95,6,2,292,799.0,787.0,12.0,0.9849812265331664,4,0.0136986301369863,0.9863013698630136,88.0958904109589,185.0,11.166809205411289,6,874.0,25724.0,7.030051966578992,6.0,35.15025983289496,0.5129999935626984,13.543051960141689,2.0519999742507937,15.082051940829786,6.155999922752381,19.186051889331374,B_HoltWinters
14,FOODS_3_128_WI_3,medium,intermittent,HoltWinters,gaussian,7,0.95,5,0,292,156.0,156.0,0.0,1.0,0,0.0,1.0,24.934931506849313,52.0,7.820354346930367,5,194.0,7281.0,10.402853491240984,5.0,52.01426745620492,0.0,15.402853491240984,0.0,15.402853491240984,0.0,15.402853491240984,B_HoltWinters
15,HOBBIES_1_036_WI_3,medium,intermittent,HoltWinters,gaussian,7,0.95,5,0,292,242.0,242.0,0.0,1.0,0,0.0,1.0,31.561643835616437,60.0,9.584418402777779,5,276.0,9216.0,4.948865774494328,5.0,24.744328872471634,0.0,9.948865774494328,0.0,9.948865774494328,0.0,9.948865774494328,B_HoltWinters
16,FOODS_3_520_WI_3,low,intermittent,HoltWinters,gaussian,7,0.95,8,1,292,206.0,201.0,5.0,0.9757281553398058,4,0.0136986301369863,0.9863013698630136,15.743150684931507,35.0,15.959321296497716,8,222.0,4597.0,8.772083603682583,8.0,43.860418018412915,1.4925000071525574,18.26458361083514,5.9700000286102295,22.74208363229281,17.91000008583069,34.68208368951327,B_HoltWinters
17,HOUSEHOLD_1_464_WI_3,low,intermittent,HoltWinters,gaussian,7,0.95,5,0,292,49.0,49.0,0.0,1.0,0,0.0,1.0,6.993150684931507,13.0,8.758570029382957,5,53.0,2042.0,9.271519439514368,5.0,46.35759719757185,0.0,14.271519439514368,0.0,14.271519439514368,0.0,14.271519439514368,B_HoltWinters
0,FOODS_3_449_CA_3,high,regular,HoltWinters,gaussian,7,0.98,13,1,292,1628.0,1583.0,45.0,0.9723587223587223,3,0.010273972602739725,0.9897260273972602,82.67465753424658,200.0,23.934178368750256,13,1569.0,24141.0,22.9174152892583,13.0,114.5870764462915,6.682500064373018,42.59991535363132,26.730000257492073,62.64741554675037,80.19000077247621,116.10741606173451,B_HoltWinters
1,HOUSEHOLD_1_114_CA_3,high,regular,HoltWinters,gaussian,7,0.98,7,1,292,941.0,936.0,5.0,0.9946865037194474,1,0.003424657534246575,0.9965753424657534,81.04452054794521,184.0,14.436509613353053,7,941.0,23665.0,11.005846215029285,7.0,55.029231075146434,0.36375001072883606,18.369596225758123,1.4550000429153442,19.46084625794463,4.365000128746033,22.37084634377532,B_HoltWinters
2,FOODS_3_784_CA_3,medium,intermittent,HoltWinters,gaussian,7,0.98,3,0,292,213.0,213.0,0.0,1.0,0,0.0,1.0,46.513698630136986,84.0,5.724120159034015,4,302.0,13582.0,6.511917808219178,4.0,32.55958904109589,0.0,10.511917808219177,0.0,10.511917808219177,0.0,10.511917808219177,B_HoltWinters
3,HOUSEHOLD_2_270_CA_3,medium,intermittent,HoltWinters,gaussian,7,0.98,5,1,292,118.0,113.0,5.0,0.9576271186440678,1,0.003424657534246575,0.9965753424657534,16.04794520547945,38.0,8.80174989329919,5,130.0,4686.0,13.120800342821095,5.0,65.60400171410546,2.190000057220459,20.310800400041554,8.760000228881836,26.88080057170293,26.28000068664551,44.40080102946661,B_HoltWinters
4,HOBBIES_1_377_CA_3,low,intermittent,HoltWinters,gaussian,7,0.98,7,0,292,92.0,92.0,0.0,1.0,0,0.0,1.0,10.013698630136986,18.0,11.484268125854994,7,94.0,2924.0,13.991139084280352,7.0,69.95569542140176,0.0,20.991139084280352,0.0,20.991139084280352,0.0,20.991139084280352,B_HoltWinters
5,HOUSEHOLD_2_228_CA_3,low,intermittent,HoltWinters,gaussian,7,0.98,6,0,292,112.0,112.0,0.0,1.0,0,0.0,1.0,14.599315068493151,27.0,9.589490968801313,6,116.0,4263.0,11.180155050623906,6.0,55.900775253119534,0.0,17.180155050623906,0.0,17.180155050623906,0.0,17.180155050623906,B_HoltWinters
6,FOODS_2_347_TX_2,high,regular,HoltWinters,gaussian,7,0.98,12,3,292,1785.0,1653.0,132.0,0.9260504201680673,9,0.030821917808219176,0.9691780821917808,80.36643835616438,200.0,25.710359227851878,13,1685.0,23467.0,20.027316116453846,13.0,100.13658058226923,17.621999716758733,50.64931583321258,70.48799886703493,103.51531498348878,211.4639966011048,244.49131271755866,B_HoltWinters
7,HOUSEHOLD_1_247_TX_2,high,regular,HoltWinters,gaussian,7,0.98,9,0,292,1273.0,1273.0,0.0,1.0,0,0.0,1.0,78.33219178082192,160.0,20.314125825208766,9,1265.0,22873.0,10.637511957589894,9.0,53.18755978794947,0.0,19.637511957589894,0.0,19.637511957589894,0.0,19.637511957589894,B_HoltWinters
8,FOODS_3_729_TX_2,medium,intermittent,HoltWinters,gaussian,7,0.98,8,0,292,224.0,224.0,0.0,1.0,0,0.0,1.0,23.421232876712327,47.0,11.954964176049131,8,249.0,6839.0,13.050311021445548,8.0,65.25155510722774,0.0,21.050311021445548,0.0,21.050311021445548,0.0,21.050311021445548,B_HoltWinters
9,HOBBIES_1_034_TX_2,medium,intermittent,HoltWinters,gaussian,7,0.98,9,2,292,281.0,276.0,5.0,0.9822064056939501,2,0.00684931506849315,0.9931506849315068,21.48972602739726,42.0,16.05418326693227,9,282.0,6275.0,14.019896801203897,9.0,70.09948400601948,1.7474999427795412,24.76739674398344,6.989999771118165,30.009896572322063,20.969999313354496,43.98989611455839,B_HoltWinters
10,FOODS_2_196_TX_2,low,intermittent,HoltWinters,gaussian,7,0.98,6,0,292,165.0,165.0,0.0,1.0,0,0.0,1.0,18.554794520547944,36.0,11.115725359911407,7,195.0,5418.0,10.234824806174187,7.0,51.17412403087093,0.0,17.23482480617419,0.0,17.23482480617419,0.0,17.23482480617419,B_HoltWinters
11,HOUSEHOLD_2_315_TX_2,low,intermittent,HoltWinters,gaussian,7,0.98,7,0,292,122.0,122.0,0.0,1.0,0,0.0,1.0,11.804794520547945,21.0,12.91847983753989,7,122.0,3447.0,12.675988482253192,7.0,63.37994241126596,0.0,19.675988482253192,0.0,19.675988482253192,0.0,19.675988482253192,B_HoltWinters
12,FOODS_2_056_WI_3,high,intermittent,HoltWinters,gaussian,7,0.98,17,1,292,1064.0,1063.0,1.0,0.9990601503759399,1,0.003424657534246575,0.9965753424657534,57.917808219178085,110.0,22.94199385052034,17,1113.0,16912.0,56.59728234643805,17.0,282.9864117321903,0.5235000014305116,74.12078234786856,2.0940000057220463,75.6912823521601,6.282000017166139,79.87928236360419,B_HoltWinters
13,HOBBIES_1_312_WI_3,high,intermittent,HoltWinters,gaussian,7,0.98,6,2,292,799.0,795.0,4.0,0.9949937421777222,2,0.00684931506849315,0.9931506849315068,90.82191780821918,189.0,10.941742081447963,6,886.0,26520.0,7.247588950150632,6.0,36.237944750753165,0.1709999978542328,13.418588948004865,0.6839999914169312,13.931588941567563,2.0519999742507937,15.299588924401426,B_HoltWinters
14,FOODS_3_128_WI_3,medium,intermittent,HoltWinters,gaussian,7,0.98,5,0,292,156.0,156.0,0.0,1.0,0,0.0,1.0,25.886986301369863,53.0,7.532742426246858,5,195.0,7559.0,10.800050754057217,5.0,54.000253770286086,0.0,15.800050754057217,0.0,15.800050754057217,0.0,15.800050754057217,B_HoltWinters
15,HOBBIES_1_036_WI_3,medium,intermittent,HoltWinters,gaussian,7,0.98,5,0,292,242.0,242.0,0.0,1.0,0,0.0,1.0,33.50684931506849,62.0,9.02800490596893,5,278.0,9784.0,5.2538739949709745,5.0,26.26936997485487,0.0,10.253873994970974,0.0,10.253873994970974,0.0,10.253873994970974,B_HoltWinters
16,FOODS_3_520_WI_3,low,intermittent,HoltWinters,gaussian,7,0.98,8,1,292,206.0,205.0,1.0,0.9951456310679612,1,0.003424657534246575,0.9965753424657534,17.29794520547945,35.0,14.81389823797268,8,219.0,5051.0,9.638415114683648,8.0,48.192075573418236,0.2985000014305115,17.936915116114157,1.194000005722046,18.83241512040569,3.5820000171661377,21.220415131849784,B_HoltWinters
17,HOUSEHOLD_1_464_WI_3,low,intermittent,HoltWinters,gaussian,7,0.98,5,0,292,49.0,49.0,0.0,1.0,0,0.0,1.0,8.558219178082192,14.0,7.1568627450980395,5,50.0,2499.0,11.34648730624212,5.0,56.7324365312106,0.0,16.346487306242118,0.0,16.346487306242118,0.0,16.346487306242118,B_HoltWinters
0,FOODS_3_449_CA_3,high,regular,HoltWinters,gaussian,14,0.9,12,3,292,1628.0,1509.0,119.0,0.9269041769041769,9,0.030821917808219176,0.9691780821917808,105.01712328767124,272.0,17.96135659546714,12,1486.0,30665.0,29.110746855768436,12.0,145.5537342788422,17.67150017023087,58.78224702599931,70.68600068092348,111.79674753669192,212.05800204277043,253.16874889853887,B_HoltWinters
1,HOUSEHOLD_1_114_CA_3,high,regular,HoltWinters,gaussian,14,0.9,7,2,292,941.0,910.0,31.0,0.9670563230605739,6,0.02054794520547945,0.9794520547945206,78.03424657534246,173.0,14.576933204599316,7,931.0,22786.0,10.597050997492385,7.0,52.98525498746193,2.2552500665187836,19.85230106401117,9.021000266075134,26.61805126356752,27.063000798225403,44.66005179571779,B_HoltWinters
2,FOODS_3_784_CA_3,medium,intermittent,HoltWinters,gaussian,14,0.9,3,0,292,213.0,213.0,0.0,1.0,0,0.0,1.0,53.98287671232877,94.0,4.932119520395863,4,293.0,15763.0,7.557602739726027,4.0,37.78801369863014,0.0,11.557602739726027,0.0,11.557602739726027,0.0,11.557602739726027,B_HoltWinters
3,HOUSEHOLD_2_270_CA_3,medium,intermittent,HoltWinters,gaussian,14,0.9,5,2,292,118.0,110.0,8.0,0.9322033898305084,4,0.0136986301369863,0.9863013698630136,17.38013698630137,47.0,7.911330049261084,5,143.0,5075.0,14.210000371279781,5.0,71.05000185639891,3.5040000915527347,22.714000462832516,14.016000366210939,33.22600073749072,42.04800109863282,61.2580014699126,B_HoltWinters
4,HOBBIES_1_377_CA_3,low,intermittent,HoltWinters,gaussian,14,0.9,7,0,292,92.0,92.0,0.0,1.0,0,0.0,1.0,9.70890410958904,18.0,11.844797178130513,7,95.0,2835.0,13.565280199704103,7.0,67.82640099852051,0.0,20.565280199704105,0.0,20.565280199704105,0.0,20.565280199704105,B_HoltWinters
5,HOUSEHOLD_2_228_CA_3,low,intermittent,HoltWinters,gaussian,14,0.9,6,0,292,112.0,112.0,0.0,1.0,0,0.0,1.0,13.455479452054794,26.0,10.404683125477222,7,131.0,3929.0,10.30420576915349,7.0,51.52102884576745,0.0,17.30420576915349,0.0,17.30420576915349,0.0,17.30420576915349,B_HoltWinters
6,FOODS_2_347_TX_2,high,regular,HoltWinters,gaussian,14,0.9,10,5,292,1785.0,1520.0,265.0,0.8515406162464986,19,0.06506849315068493,0.934931506849315,114.58561643835617,391.0,16.581487791027826,11,1500.0,33459.0,28.55473515747344,11.0,142.7736757873672,35.3774994313717,74.93223458884515,141.5099977254868,181.06473288296024,424.5299931764604,464.0847283339338,B_HoltWinters
7,HOUSEHOLD_1_247_TX_2,high,regular,HoltWinters,gaussian,14,0.9,9,1,292,1273.0,1272.0,1.0,0.9992144540455616,1,0.003424657534246575,0.9965753424657534,78.21575342465754,167.0,20.328385656114538,9,1257.0,22839.0,10.621699628356385,9.0,53.10849814178192,0.07275000214576721,19.694449630502152,0.29100000858306885,19.912699636939454,0.8730000257492065,20.49469965410559,B_HoltWinters
8,FOODS_3_729_TX_2,medium,intermittent,HoltWinters,gaussian,14,0.9,8,0,292,224.0,224.0,0.0,1.0,0,0.0,1.0,23.027397260273972,41.0,12.159428911362285,8,270.0,6724.0,12.830865814914441,8.0,64.1543290745722,0.0,20.83086581491444,0.0,20.83086581491444,0.0,20.83086581491444,B_HoltWinters
9,HOBBIES_1_034_TX_2,medium,intermittent,HoltWinters,gaussian,14,0.9,9,1,292,281.0,280.0,1.0,0.99644128113879,1,0.003424657534246575,0.9965753424657534,22.065068493150687,49.0,15.86217600496663,9,285.0,6443.0,14.39525021357079,9.0,71.97625106785395,0.34949998855590825,23.7447502021267,1.397999954223633,24.793250167794422,4.193999862670899,27.58925007624169,B_HoltWinters
10,FOODS_2_196_TX_2,low,intermittent,HoltWinters,gaussian,14,0.9,6,0,292,165.0,165.0,0.0,1.0,0,0.0,1.0,23.664383561643834,41.0,8.715629522431259,7,194.0,6910.0,13.053274162174905,7.0,65.26637081087452,0.0,20.053274162174905,0.0,20.053274162174905,0.0,20.053274162174905,B_HoltWinters
11,HOUSEHOLD_2_315_TX_2,low,intermittent,HoltWinters,gaussian,14,0.9,7,1,292,122.0,120.0,2.0,0.9836065573770492,1,0.003424657534246575,0.9965753424657534,11.36986301369863,21.0,13.19277108433735,7,121.0,3320.0,12.208959025552828,7.0,61.04479512776414,1.150500011444092,20.35945903699692,4.602000045776368,23.810959071329197,13.806000137329104,33.01495916288194,B_HoltWinters
12,FOODS_2_056_WI_3,high,intermittent,HoltWinters,gaussian,14,0.9,16,2,292,1064.0,1060.0,4.0,0.9962406015037594,1,0.003424657534246575,0.9965753424657534,75.04452054794521,148.0,17.656185825765526,17,1151.0,21913.0,73.33350567984253,17.0,366.6675283992127,2.0940000057220463,92.42750568556458,8.376000022888185,98.70950570273072,25.128000068664555,115.46150574850708,B_HoltWinters
13,HOBBIES_1_312_WI_3,high,intermittent,HoltWinters,gaussian,14,0.9,6,0,292,799.0,799.0,0.0,1.0,0,0.0,1.0,86.73972602739725,203.0,11.514331964624132,6,900.0,25328.0,6.921830050128779,6.0,34.60915025064389,0.0,12.92183005012878,0.0,12.92183005012878,0.0,12.92183005012878,B_HoltWinters
14,FOODS_3_128_WI_3,medium,intermittent,HoltWinters,gaussian,14,0.9,4,1,292,156.0,144.0,12.0,0.9230769230769231,5,0.017123287671232876,0.9828767123287672,33.00342465753425,60.0,5.453979454186988,4,158.0,9637.0,13.769028855251939,4.0,68.84514427625969,2.6820000171661382,20.451028872418078,10.728000068664553,28.497028923916492,32.184000205993655,49.953029061245594,B_HoltWinters
15,HOBBIES_1_036_WI_3,medium,intermittent,HoltWinters,gaussian,14,0.9,5,0,292,242.0,242.0,0.0,1.0,0,0.0,1.0,30.791095890410958,60.0,9.824268713157602,5,279.0,8991.0,4.828043856171712,5.0,24.14021928085856,0.0,9.828043856171712,0.0,9.828043856171712,0.0,9.828043856171712,B_HoltWinters
16,FOODS_3_520_WI_3,low,intermittent,HoltWinters,gaussian,14,0.9,8,1,292,206.0,205.0,1.0,0.9951456310679612,1,0.003424657534246575,0.9965753424657534,17.051369863013697,38.0,15.028118096003215,8,222.0,4979.0,9.501023333203301,8.0,47.50511666601651,0.2985000014305115,17.79952333463381,1.194000005722046,18.695023338925346,3.5820000171661377,21.083023350369437,B_HoltWinters
17,HOUSEHOLD_1_464_WI_3,low,intermittent,HoltWinters,gaussian,14,0.9,5,0,292,49.0,49.0,0.0,1.0,0,0.0,1.0,8.35958904109589,14.0,7.326915198689061,6,61.0,2441.0,11.083143463200084,6.0,55.41571731600043,0.0,17.083143463200084,0.0,17.083143463200084,0.0,17.083143463200084,B_HoltWinters
0,FOODS_3_449_CA_3,high,regular,HoltWinters,gaussian,14,0.95,12,5,292,1628.0,1517.0,111.0,0.9318181818181818,10,0.03424657534246575,0.9657534246575342,102.21575342465754,310.0,18.55144570643616,13,1606.0,29847.0,28.334207122260576,13.0,141.67103561130287,16.48350015878678,57.81770728104736,65.93400063514711,107.2682077574077,197.80200190544133,239.1362090277019,B_HoltWinters
1,HOUSEHOLD_1_114_CA_3,high,regular,HoltWinters,gaussian,14,0.95,7,2,292,941.0,917.0,24.0,0.9744952178533475,6,0.02054794520547945,0.9794520547945206,82.6472602739726,180.0,13.8691832760121,7,945.0,24133.0,11.223498276243472,7.0,56.117491381217356,1.746000051498413,19.969498327741885,6.984000205993652,25.207498482237124,20.952000617980957,39.17549889422443,B_HoltWinters
2,FOODS_3_784_CA_3,medium,intermittent,HoltWinters,gaussian,14,0.95,3,0,292,213.0,213.0,0.0,1.0,0,0.0,1.0,55.77054794520548,96.0,4.774025176542831,4,295.0,16285.0,7.807876712328767,4.0,39.03938356164383,0.0,11.807876712328767,0.0,11.807876712328767,0.0,11.807876712328767,B_HoltWinters
3,HOUSEHOLD_2_270_CA_3,medium,intermittent,HoltWinters,gaussian,14,0.95,5,2,292,118.0,112.0,6.0,0.9491525423728814,4,0.0136986301369863,0.9863013698630136,19.061643835616437,47.0,7.344592166726555,6,170.0,5566.0,15.584800407200644,6.0,77.9240020360032,2.628000068664551,24.212800475865198,10.512000274658204,32.09680068185885,31.53600082397461,53.12080123117526,B_HoltWinters
4,HOBBIES_1_377_CA_3,low,intermittent,HoltWinters,gaussian,14,0.95,7,0,292,92.0,92.0,0.0,1.0,0,0.0,1.0,10.222602739726028,19.0,11.249581239530988,7,96.0,2985.0,14.283019892810142,7.0,71.41509946405071,0.0,21.28301989281014,0.0,21.28301989281014,0.0,21.28301989281014,B_HoltWinters
5,HOUSEHOLD_2_228_CA_3,low,intermittent,HoltWinters,gaussian,14,0.95,6,0,292,112.0,112.0,0.0,1.0,0,0.0,1.0,13.948630136986301,27.0,10.036827890989443,7,132.0,4073.0,10.68186054918864,7.0,53.409302745943194,0.0,17.68186054918864,0.0,17.68186054918864,0.0,17.68186054918864,B_HoltWinters
6,FOODS_2_347_TX_2,high,regular,HoltWinters,gaussian,14,0.95,11,6,292,1785.0,1535.0,250.0,0.8599439775910365,16,0.0547945205479452,0.9452054794520548,102.1917808219178,316.0,18.775971849865954,12,1520.0,29840.0,25.466191371499672,12.0,127.33095685749835,33.37499946355821,70.84119083505789,133.49999785423284,170.96618922573253,400.4999935626985,437.96618493419817,B_HoltWinters
7,HOUSEHOLD_1_247_TX_2,high,regular,HoltWinters,gaussian,14,0.95,9,0,292,1273.0,1273.0,0.0,1.0,0,0.0,1.0,81.46232876712328,171.0,19.53356875604322,9,1261.0,23787.0,11.062584572867172,9.0,55.31292286433585,0.0,20.062584572867173,0.0,20.062584572867173,0.0,20.062584572867173,B_HoltWinters
8,FOODS_3_729_TX_2,medium,intermittent,HoltWinters,gaussian,14,0.95,8,0,292,224.0,224.0,0.0,1.0,0,0.0,1.0,24.982876712328768,55.0,11.207676490747087,8,257.0,7295.0,13.920458970821066,8.0,69.60229485410534,0.0,21.920458970821066,0.0,21.920458970821066,0.0,21.920458970821066,B_HoltWinters
9,HOBBIES_1_034_TX_2,medium,intermittent,HoltWinters,gaussian,14,0.95,9,2,292,281.0,280.0,1.0,0.99644128113879,1,0.003424657534246575,0.9965753424657534,27.455479452054796,58.0,12.747910689784208,9,287.0,8017.0,17.91195420800823,9.0,89.55977104004116,0.34949998855590825,27.261454196564138,1.397999954223633,28.30995416223186,4.193999862670899,31.10595407067913,B_HoltWinters
10,FOODS_2_196_TX_2,low,intermittent,HoltWinters,gaussian,14,0.95,6,0,292,165.0,165.0,0.0,1.0,0,0.0,1.0,25.92808219178082,44.0,7.95469554880465,7,197.0,7571.0,14.301930344692648,7.0,71.50965172346324,0.0,21.30193034469265,0.0,21.30193034469265,0.0,21.30193034469265,B_HoltWinters
11,HOUSEHOLD_2_315_TX_2,low,intermittent,HoltWinters,gaussian,14,0.95,7,1,292,122.0,120.0,2.0,0.9836065573770492,1,0.003424657534246575,0.9965753424657534,12.10958904109589,22.0,12.386877828054299,7,122.0,3536.0,13.003276841673133,7.0,65.01638420836566,1.150500011444092,21.153776853117225,4.602000045776368,24.605276887449502,13.806000137329104,33.809276979002234,B_HoltWinters
12,FOODS_2_056_WI_3,high,intermittent,HoltWinters,gaussian,14,0.95,16,0,292,1064.0,1064.0,0.0,1.0,0,0.0,1.0,84.71232876712328,159.0,15.700194049159121,17,1166.0,24736.0,82.78088789743919,17.0,413.90443948719593,0.0,99.78088789743919,0.0,99.78088789743919,0.0,99.78088789743919,B_HoltWinters
13,HOBBIES_1_312_WI_3,high,intermittent,HoltWinters,gaussian,14,0.95,6,0,292,799.0,799.0,0.0,1.0,0,0.0,1.0,94.29452054794521,208.0,10.591813757536137,6,906.0,27534.0,7.524702645303451,6.0,37.62351322651726,0.0,13.524702645303451,0.0,13.524702645303451,0.0,13.524702645303451,B_HoltWinters
14,FOODS_3_128_WI_3,medium,intermittent,HoltWinters,gaussian,14,0.95,4,1,292,156.0,146.0,10.0,0.9358974358974359,4,0.0136986301369863,0.9863013698630136,37.0958904109589,62.0,4.919682422451994,4,161.0,10832.0,15.47640557850877,4.0,77.38202789254383,2.235000014305115,21.711405592813882,8.94000005722046,28.416405635729227,26.820000171661384,46.29640575017015,B_HoltWinters
15,HOBBIES_1_036_WI_3,medium,intermittent,HoltWinters,gaussian,14,0.95,5,0,292,242.0,242.0,0.0,1.0,0,0.0,1.0,31.73972602739726,61.0,9.530643072939146,5,280.0,9268.0,4.9767890622844435,5.0,24.883945311422213,0.0,9.976789062284443,0.0,9.976789062284443,0.0,9.976789062284443,B_HoltWinters
16,FOODS_3_520_WI_3,low,intermittent,HoltWinters,gaussian,14,0.95,8,0,292,206.0,206.0,0.0,1.0,0,0.0,1.0,18.28767123287671,39.0,14.08052434456929,8,224.0,5340.0,10.189890459792254,8.0,50.94945229896127,0.0,18.189890459792252,0.0,18.189890459792252,0.0,18.189890459792252,B_HoltWinters
17,HOUSEHOLD_1_464_WI_3,low,intermittent,HoltWinters,gaussian,14,0.95,5,0,292,49.0,49.0,0.0,1.0,0,0.0,1.0,9.308219178082192,15.0,6.580206033848418,6,62.0,2718.0,12.340837334280144,6.0,61.70418667140073,0.0,18.340837334280145,0.0,18.340837334280145,0.0,18.340837334280145,B_HoltWinters
0,FOODS_3_449_CA_3,high,regular,HoltWinters,gaussian,14,0.98,12,3,292,1628.0,1533.0,95.0,0.9416461916461917,8,0.0273972602739726,0.9726027397260274,106.10616438356165,288.0,18.059742439402253,13,1595.0,30983.0,29.412629050457312,13.0,147.06314525228657,14.107500135898594,56.5201291863559,56.430000543594375,98.84262959405169,169.2900016307831,211.7026306812404,B_HoltWinters
1,HOUSEHOLD_1_114_CA_3,high,regular,HoltWinters,gaussian,14,0.98,7,2,292,941.0,937.0,4.0,0.9957492029755579,2,0.00684931506849315,0.9931506849315068,86.51027397260275,231.0,13.538854360476623,8,1031.0,25261.0,11.748095551990483,8.0,58.74047775995242,0.29100000858306885,20.03909556057355,1.1640000343322754,20.912095586322756,3.492000102996826,23.240095654987307,B_HoltWinters
2,FOODS_3_784_CA_3,medium,intermittent,HoltWinters,gaussian,14,0.98,3,0,292,213.0,213.0,0.0,1.0,0,0.0,1.0,49.61643835616438,88.0,5.366165102153507,4,257.0,14488.0,6.946301369863013,4.0,34.73150684931506,0.0,10.946301369863013,0.0,10.946301369863013,0.0,10.946301369863013,B_HoltWinters
3,HOUSEHOLD_2_270_CA_3,medium,intermittent,HoltWinters,gaussian,14,0.98,5,2,292,118.0,115.0,3.0,0.9745762711864406,2,0.00684931506849315,0.9931506849315068,21.366438356164384,47.0,6.727841000160282,6,175.0,6239.0,17.469200456436365,6.0,87.34600228218183,1.3140000343322755,24.78320049076864,5.256000137329102,28.725200593765468,15.768000411987305,39.23720086842367,B_HoltWinters
4,HOBBIES_1_377_CA_3,low,intermittent,HoltWinters,gaussian,14,0.98,7,0,292,92.0,92.0,0.0,1.0,0,0.0,1.0,10.993150684931507,20.0,10.461059190031152,7,97.0,3210.0,15.359629432469196,7.0,76.79814716234598,0.0,22.359629432469198,0.0,22.359629432469198,0.0,22.359629432469198,B_HoltWinters
5,HOUSEHOLD_2_228_CA_3,low,intermittent,HoltWinters,gaussian,14,0.98,6,0,292,112.0,112.0,0.0,1.0,0,0.0,1.0,14.897260273972602,28.0,9.397701149425288,7,133.0,4350.0,11.408321480228476,7.0,57.04160740114237,0.0,18.408321480228476,0.0,18.408321480228476,0.0,18.408321480228476,B_HoltWinters
6,FOODS_2_347_TX_2,high,regular,HoltWinters,gaussian,14,0.98,11,6,292,1785.0,1554.0,231.0,0.8705882352941177,13,0.04452054794520548,0.9554794520547946,108.4931506849315,296.0,17.904356060606062,12,1544.0,31680.0,27.036492716122975,12.0,135.1824635806149,30.838499504327785,69.87499222045076,123.35399801731114,162.39049073343412,370.0619940519334,409.09848676805643,B_HoltWinters
7,HOUSEHOLD_1_247_TX_2,high,regular,HoltWinters,gaussian,14,0.98,9,0,292,1273.0,1273.0,0.0,1.0,0,0.0,1.0,84.47602739726027,174.0,18.83670490939312,9,1264.0,24667.0,11.47184485891094,9.0,57.35922429455469,0.0,20.47184485891094,0.0,20.47184485891094,0.0,20.47184485891094,B_HoltWinters
8,FOODS_3_729_TX_2,medium,intermittent,HoltWinters,gaussian,14,0.98,8,0,292,224.0,224.0,0.0,1.0,0,0.0,1.0,27.828767123287673,58.0,10.061530888506029,8,260.0,8126.0,15.506189115406714,8.0,77.53094557703358,0.0,23.506189115406713,0.0,23.506189115406713,0.0,23.506189115406713,B_HoltWinters
9,HOBBIES_1_034_TX_2,medium,intermittent,HoltWinters,gaussian,14,0.98,9,0,292,281.0,281.0,0.0,1.0,0,0.0,1.0,29.835616438356166,58.0,11.772842056932966,9,291.0,8712.0,19.464755527026032,9.0,97.32377763513016,0.0,28.464755527026032,0.0,28.464755527026032,0.0,28.464755527026032,B_HoltWinters
10,FOODS_2_196_TX_2,low,intermittent,HoltWinters,gaussian,14,0.98,6,0,292,165.0,165.0,0.0,1.0,0,0.0,1.0,28.40753424657534,46.0,7.260397830018084,7,199.0,8295.0,15.669596117979859,7.0,78.3479805898993,0.0,22.669596117979857,0.0,22.669596117979857,0.0,22.669596117979857,B_HoltWinters
11,HOUSEHOLD_2_315_TX_2,low,intermittent,HoltWinters,gaussian,14,0.98,7,1,292,122.0,121.0,1.0,0.9918032786885246,1,0.003424657534246575,0.9965753424657534,12.845890410958905,23.0,11.774193548387096,7,124.0,3751.0,13.793917260496583,7.0,68.96958630248292,0.575250005722046,21.369167266218632,2.301000022888184,23.094917283384767,6.903000068664552,27.69691732916114,B_HoltWinters
12,FOODS_2_056_WI_3,high,intermittent,HoltWinters,gaussian,14,0.98,16,0,292,1064.0,1064.0,0.0,1.0,0,0.0,1.0,95.59246575342466,170.0,13.913230394439866,17,1177.0,27913.0,93.412957789506,17.0,467.06478894752996,0.0,110.412957789506,0.0,110.412957789506,0.0,110.412957789506,B_HoltWinters
13,HOBBIES_1_312_WI_3,high,intermittent,HoltWinters,gaussian,14,0.98,6,0,292,799.0,799.0,0.0,1.0,0,0.0,1.0,97.9931506849315,215.0,10.192038862095478,6,912.0,28614.0,7.819853326531304,6.0,39.09926663265653,0.0,13.819853326531305,0.0,13.819853326531305,0.0,13.819853326531305,B_HoltWinters
14,FOODS_3_128_WI_3,medium,intermittent,HoltWinters,gaussian,14,0.98,4,2,292,156.0,146.0,10.0,0.9358974358974359,5,0.017123287671232876,0.9828767123287672,38.33904109589041,64.0,4.760160786065208,4,161.0,11195.0,15.995048047581763,4.0,79.9752402379088,2.235000014305115,22.230048061886876,8.94000005722046,28.93504810480222,26.820000171661384,46.815048219243145,B_HoltWinters
15,HOBBIES_1_036_WI_3,medium,intermittent,HoltWinters,gaussian,14,0.98,5,0,292,242.0,242.0,0.0,1.0,0,0.0,1.0,34.58561643835616,64.0,8.746410535696604,5,283.0,10099.0,5.423024680622636,5.0,27.115123403113177,0.0,10.423024680622635,0.0,10.423024680622635,0.0,10.423024680622635,B_HoltWinters
16,FOODS_3_520_WI_3,low,intermittent,HoltWinters,gaussian,14,0.98,8,0,292,206.0,206.0,0.0,1.0,0,0.0,1.0,18.352739726027398,42.0,14.030602724388878,8,222.0,5359.0,10.226146624349568,8.0,51.130733121747845,0.0,18.226146624349568,0.0,18.226146624349568,0.0,18.226146624349568,B_HoltWinters
17,HOUSEHOLD_1_464_WI_3,low,intermittent,HoltWinters,gaussian,14,0.98,5,0,292,49.0,49.0,0.0,1.0,0,0.0,1.0,10.256849315068493,16.0,5.971619365609349,6,63.0,2995.0,13.598531205360203,6.0,67.99265602680101,0.0,19.598531205360203,0.0,19.598531205360203,0.0,19.598531205360203,B_HoltWinters
0,FOODS_3_449_CA_3,high,regular,HoltWinters,empirical,3,0.9,13,6,292,1628.0,1589.0,39.0,0.976044226044226,6,0.02054794520547945,0.9794520547945206,62.16438356164384,151.0,31.951575583957688,13,1537.0,18152.0,17.231967289284484,13.0,86.15983644642242,5.791500055789949,36.02346734507443,23.166000223159795,53.39796751244428,69.49800066947938,99.72996795876386,B_HoltWinters
1,HOUSEHOLD_1_114_CA_3,high,regular,HoltWinters,empirical,3,0.9,7,4,292,941.0,914.0,27.0,0.971307120085016,6,0.02054794520547945,0.9794520547945206,65.5958904109589,172.0,17.417249660645297,7,958.0,19154.0,8.907922180548105,7.0,44.53961090274053,1.9642500579357147,17.87217223848382,7.857000231742859,23.764922412290964,23.571000695228577,39.47892287577668,B_HoltWinters
2,FOODS_3_784_CA_3,medium,intermittent,HoltWinters,empirical,3,0.9,4,0,292,213.0,213.0,0.0,1.0,0,0.0,1.0,34.407534246575345,89.0,7.738130785309047,4,252.0,10047.0,4.817054794520548,4.0,24.08527397260274,0.0,8.817054794520548,0.0,8.817054794520548,0.0,8.817054794520548,B_HoltWinters
3,HOUSEHOLD_2_270_CA_3,medium,intermittent,HoltWinters,empirical,3,0.9,5,1,292,118.0,116.0,2.0,0.9830508474576272,1,0.003424657534246575,0.9965753424657534,12.523972602739725,33.0,11.57779600765655,5,132.0,3657.0,10.239600267540919,5.0,51.19800133770459,0.8760000228881837,16.115600290429104,3.5040000915527347,18.743600359093655,10.512000274658204,25.75160054219912,B_HoltWinters
4,HOBBIES_1_377_CA_3,low,intermittent,HoltWinters,empirical,3,0.9,7,1,292,92.0,90.0,2.0,0.9782608695652174,1,0.003424657534246575,0.9965753424657534,8.08904109589041,15.0,13.907705334462321,7,91.0,2362.0,11.3020077007764,7.0,56.510038503881994,1.4969999313354494,19.79900763211185,5.987999725341798,24.290007426118198,17.963999176025393,36.2660068768018,B_HoltWinters
5,HOUSEHOLD_2_228_CA_3,low,intermittent,HoltWinters,empirical,3,0.9,5,2,292,112.0,103.0,9.0,0.9196428571428571,5,0.017123287671232876,0.9828767123287672,11.787671232876713,22.0,10.922428820453224,5,104.0,3442.0,9.026998283895727,5.0,45.13499141947864,3.692249858379365,17.71924814227509,14.76899943351746,28.795997717413186,44.30699830055238,58.33399658444811,B_HoltWinters
6,FOODS_2_347_TX_2,high,regular,HoltWinters,empirical,3,0.9,13,4,292,1785.0,1651.0,134.0,0.9249299719887956,9,0.030821917808219176,0.9691780821917808,68.69520547945206,200.0,30.04212572909916,13,1674.0,20059.0,17.118844930325466,13.0,85.59422465162733,17.8889997124672,48.00784464279266,71.5559988498688,101.67484378019427,214.66799654960639,244.78684147993187,B_HoltWinters
7,HOUSEHOLD_1_247_TX_2,high,regular,HoltWinters,empirical,3,0.9,9,1,292,1273.0,1272.0,1.0,0.9992144540455616,1,0.003424657534246575,0.9965753424657534,69.86301369863014,147.0,22.75882352941176,9,1254.0,20400.0,9.487397540105533,9.0,47.436987700527666,0.07275000214576721,18.5601475422513,0.29100000858306885,18.778397548688602,0.8730000257492065,19.36039756585474,B_HoltWinters
8,FOODS_3_729_TX_2,medium,intermittent,HoltWinters,empirical,3,0.9,8,0,292,224.0,224.0,0.0,1.0,0,0.0,1.0,18.345890410958905,44.0,15.26227366063095,8,253.0,5357.0,10.222330185975114,8.0,51.11165092987557,0.0,18.222330185975114,0.0,18.222330185975114,0.0,18.222330185975114,B_HoltWinters
9,HOBBIES_1_034_TX_2,medium,intermittent,HoltWinters,empirical,3,0.9,9,3,292,281.0,273.0,8.0,0.9715302491103203,4,0.0136986301369863,0.9863013698630136,17.10958904109589,39.0,19.944955964771818,9,280.0,4996.0,11.162295524910704,9.0,55.811477624553525,2.795999908447266,22.958295433357968,11.183999633789064,31.346295158699768,33.55199890136719,53.714294426277895,B_HoltWinters
10,FOODS_2_196_TX_2,low,intermittent,HoltWinters,empirical,3,0.9,6,1,292,165.0,163.0,2.0,0.9878787878787879,2,0.00684931506849315,0.9931506849315068,13.66095890410959,30.0,14.91476560541489,7,187.0,3989.0,7.535385040942937,7.0,37.676925204714685,0.5910000085830689,15.126385049526007,2.3640000343322756,16.899385075275212,7.092000102996827,21.627385143939765,B_HoltWinters
11,HOUSEHOLD_2_315_TX_2,low,intermittent,HoltWinters,empirical,3,0.9,7,1,292,122.0,121.0,1.0,0.9918032786885246,1,0.003424657534246575,0.9965753424657534,9.897260273972602,19.0,15.282006920415226,7,121.0,2890.0,10.627678187905925,7.0,53.13839093952962,0.575250005722046,18.202928193627972,2.301000022888184,19.92867821079411,6.903000068664552,24.530678256570475,B_HoltWinters
12,FOODS_2_056_WI_3,high,intermittent,HoltWinters,empirical,3,0.9,19,2,292,1064.0,1060.0,4.0,0.9962406015037594,2,0.00684931506849315,0.9931506849315068,33.88356164383562,86.0,39.10450778249444,19,1076.0,9894.0,33.11101652883503,19.0,165.55508264417517,2.0940000057220463,54.205016534557075,8.376000022888185,60.487016551723215,25.128000068664555,77.23901659749959,B_HoltWinters
13,HOBBIES_1_312_WI_3,high,intermittent,HoltWinters,empirical,3,0.9,6,1,292,799.0,791.0,8.0,0.9899874843554443,2,0.00684931506849315,0.9931506849315068,78.45205479452055,173.0,12.603239043129037,6,865.0,22908.0,6.260473894044144,6.0,31.30236947022072,0.3419999957084656,12.60247388975261,1.3679999828338625,13.628473876878004,4.1039999485015874,16.36447384254573,B_HoltWinters
14,FOODS_3_128_WI_3,medium,intermittent,HoltWinters,empirical,3,0.9,4,0,292,156.0,156.0,0.0,1.0,0,0.0,1.0,24.825342465753426,51.0,7.85487653469444,4,153.0,7249.0,10.357132943003144,4.0,51.78566471501572,0.0,14.357132943003144,0.0,14.357132943003144,0.0,14.357132943003144,B_HoltWinters
15,HOBBIES_1_036_WI_3,medium,intermittent,HoltWinters,empirical,3,0.9,5,1,292,242.0,239.0,3.0,0.987603305785124,2,0.00684931506849315,0.9931506849315068,30.21917808219178,59.0,9.8861060743427,5,276.0,8824.0,4.738367143461149,5.0,23.691835717305743,0.2520000010728837,9.990367144534032,1.0080000042915347,10.746367147752684,3.024000012874604,12.762367156335753,B_HoltWinters
16,FOODS_3_520_WI_3,low,intermittent,HoltWinters,empirical,3,0.9,8,2,292,206.0,203.0,3.0,0.9854368932038835,3,0.010273972602739725,0.9897260273972602,15.263698630136986,35.0,16.624411038815346,8,226.0,4457.0,8.504932917470802,8.0,42.524664587354,0.8955000042915344,17.400432921762338,3.5820000171661377,20.08693293463694,10.746000051498413,27.250932968969217,B_HoltWinters
17,HOUSEHOLD_1_464_WI_3,low,intermittent,HoltWinters,empirical,3,0.9,5,1,292,49.0,48.0,1.0,0.9795918367346939,1,0.003424657534246575,0.9965753424657534,6.571917808219178,13.0,9.129755080771236,5,51.0,1919.0,8.713048875821778,5.0,43.5652443791089,0.7102500200271606,14.423298895848939,2.8410000801086426,16.55404895593042,8.523000240325928,22.236049116147704,B_HoltWinters
0,FOODS_3_449_CA_3,high,regular,HoltWinters,empirical,3,0.95,13,2,292,1628.0,1586.0,42.0,0.9742014742014742,4,0.0136986301369863,0.9863013698630136,62.02054794520548,164.0,31.965212589729433,13,1528.0,18110.0,17.192096056023686,13.0,85.96048028011843,6.237000060081483,36.42909611610517,24.948000240325932,55.14009629634962,74.8440007209778,105.03609677700149,B_HoltWinters
1,HOUSEHOLD_1_114_CA_3,high,regular,HoltWinters,empirical,3,0.95,7,3,292,941.0,934.0,7.0,0.9925611052072264,3,0.010273972602739725,0.9897260273972602,65.83219178082192,188.0,17.73448473183166,7,939.0,19223.0,8.940011907521992,7.0,44.70005953760996,0.5092500150203705,16.449261922542362,2.037000060081482,17.977011967603474,6.111000180244446,22.051012087766438,B_HoltWinters
2,FOODS_3_784_CA_3,medium,intermittent,HoltWinters,empirical,3,0.95,3,0,292,213.0,213.0,0.0,1.0,0,0.0,1.0,42.31164383561644,83.0,6.2925940914609475,4,296.0,12355.0,5.923630136986302,4.0,29.618150684931503,0.0,9.9236301369863,0.0,9.9236301369863,0.0,9.9236301369863,B_HoltWinters
3,HOUSEHOLD_2_270_CA_3,medium,intermittent,HoltWinters,empirical,3,0.95,5,1,292,118.0,116.0,2.0,0.9830508474576272,1,0.003424657534246575,0.9965753424657534,13.123287671232877,33.0,11.049060542797495,5,134.0,3832.0,10.72960028034367,5.0,53.648001401718346,0.8760000228881837,16.605600303231853,3.5040000915527347,19.233600371896404,10.512000274658204,26.241600555001874,B_HoltWinters
4,HOBBIES_1_377_CA_3,low,intermittent,HoltWinters,empirical,3,0.95,7,1,292,92.0,90.0,2.0,0.9782608695652174,1,0.003424657534246575,0.9965753424657534,8.979452054794521,16.0,12.528604118993135,7,91.0,2622.0,12.54608983549353,7.0,62.73044917746766,1.4969999313354494,21.04308976682898,5.987999725341798,25.53408956083533,17.963999176025393,37.51008901151893,B_HoltWinters
5,HOUSEHOLD_2_228_CA_3,low,intermittent,HoltWinters,empirical,3,0.95,5,2,292,112.0,105.0,7.0,0.9375,4,0.0136986301369863,0.9863013698630136,12.73972602739726,23.0,10.30241935483871,5,107.0,3720.0,9.756081817574696,5.0,48.78040908787348,2.871749889850617,17.62783170742531,11.486999559402468,26.243081376977166,34.4609986782074,49.2170804957821,B_HoltWinters
6,FOODS_2_347_TX_2,high,regular,HoltWinters,empirical,3,0.95,13,6,292,1785.0,1655.0,130.0,0.927170868347339,11,0.03767123287671233,0.9623287671232876,67.61986301369863,188.0,30.593821220562166,13,1650.0,19745.0,16.850869592166923,13.0,84.25434796083462,17.35499972105027,47.20586931321719,69.41999888420108,99.27086847636801,208.2599966526032,238.11086624477014,B_HoltWinters
7,HOUSEHOLD_1_247_TX_2,high,regular,HoltWinters,empirical,3,0.95,9,1,292,1273.0,1272.0,1.0,0.9992144540455616,1,0.003424657534246575,0.9965753424657534,73.45890410958904,156.0,21.644755244755242,9,1255.0,21450.0,9.975719472316847,9.0,49.878597361584234,0.07275000214576721,19.048469474462614,0.29100000858306885,19.266719480899916,0.8730000257492065,19.848719498066053,B_HoltWinters
8,FOODS_3_729_TX_2,medium,intermittent,HoltWinters,empirical,3,0.95,7,0,292,224.0,224.0,0.0,1.0,0,0.0,1.0,19.335616438356166,39.0,14.481048529932695,8,254.0,5646.0,10.77380553108372,8.0,53.869027655418606,0.0,18.77380553108372,0.0,18.77380553108372,0.0,18.77380553108372,B_HoltWinters
9,HOBBIES_1_034_TX_2,medium,intermittent,HoltWinters,empirical,3,0.95,8,1,292,281.0,280.0,1.0,0.99644128113879,1,0.003424657534246575,0.9965753424657534,21.034246575342465,46.0,16.639531097362422,9,301.0,6142.0,13.72274201641344,9.0,68.6137100820672,0.34949998855590825,23.07224200496935,1.397999954223633,24.120741970637074,4.193999862670899,26.91674187908434,B_HoltWinters
10,FOODS_2_196_TX_2,low,intermittent,HoltWinters,empirical,3,0.95,6,0,292,165.0,165.0,0.0,1.0,0,0.0,1.0,15.147260273972602,33.0,13.616323762152385,7,190.0,4423.0,8.355228888465934,7.0,41.77614444232967,0.0,15.355228888465934,0.0,15.355228888465934,0.0,15.355228888465934,B_HoltWinters
11,HOUSEHOLD_2_315_TX_2,low,intermittent,HoltWinters,empirical,3,0.95,7,0,292,122.0,122.0,0.0,1.0,0,0.0,1.0,10.698630136986301,20.0,14.25416133162612,7,121.0,3124.0,11.48818915536959,7.0,57.44094577684794,0.0,18.48818915536959,0.0,18.48818915536959,0.0,18.48818915536959,B_HoltWinters
12,FOODS_2_056_WI_3,high,intermittent,HoltWinters,empirical,3,0.95,19,1,292,1064.0,1061.0,3.0,0.9971804511278195,1,0.003424657534246575,0.9965753424657534,36.47260273972603,89.0,36.362910798122066,19,1080.0,10650.0,35.641027494652626,19.0,178.20513747326314,1.5705000042915347,56.21152749894416,6.282000017166139,60.923027511818766,18.846000051498415,73.48702754615104,B_HoltWinters
13,HOBBIES_1_312_WI_3,high,intermittent,HoltWinters,empirical,3,0.95,6,2,292,799.0,793.0,6.0,0.9924906132665833,2,0.00684931506849315,0.9931506849315068,81.47602739726027,176.0,12.166155268799127,6,870.0,23791.0,6.501786904714694,6.0,32.50893452357347,0.2564999967813492,12.758286901496044,1.0259999871253969,13.527786891840092,3.0779999613761904,15.579786866090885,B_HoltWinters
14,FOODS_3_128_WI_3,medium,intermittent,HoltWinters,empirical,3,0.95,4,0,292,156.0,156.0,0.0,1.0,0,0.0,1.0,25.688356164383563,52.0,7.590987868284229,4,153.0,7501.0,10.717182260376132,4.0,53.585911301880664,0.0,14.717182260376132,0.0,14.717182260376132,0.0,14.717182260376132,B_HoltWinters
15,HOBBIES_1_036_WI_3,medium,intermittent,HoltWinters,empirical,3,0.95,5,0,292,242.0,240.0,2.0,0.9917355371900827,1,0.003424657534246575,0.9965753424657534,32.57876712328767,61.0,9.208451592557553,5,279.0,9513.0,5.10835070668018,5.0,25.541753533400897,0.16800000071525578,10.276350707395437,0.6720000028610231,10.780350709541203,2.0160000085830694,12.124350715263251,B_HoltWinters
16,FOODS_3_520_WI_3,low,intermittent,HoltWinters,empirical,3,0.95,8,1,292,206.0,205.0,1.0,0.9951456310679612,1,0.003424657534246575,0.9965753424657534,15.835616438356164,35.0,16.181877162629757,8,215.0,4624.0,8.823605521737711,8.0,44.118027608688564,0.2985000014305115,17.122105523168223,1.194000005722046,18.017605527459757,3.5820000171661377,20.40560553890385,B_HoltWinters
17,HOUSEHOLD_1_464_WI_3,low,intermittent,HoltWinters,empirical,3,0.95,5,0,292,49.0,49.0,0.0,1.0,0,0.0,1.0,6.907534246575342,13.0,8.867129400099158,5,52.0,2017.0,9.158009162341077,5.0,45.79004581170539,0.0,14.158009162341077,0.0,14.158009162341077,0.0,14.158009162341077,B_HoltWinters
0,FOODS_3_449_CA_3,high,regular,HoltWinters,empirical,3,0.98,13,2,292,1628.0,1592.0,36.0,0.9778869778869779,4,0.0136986301369863,0.9863013698630136,64.9931506849315,167.0,30.61861102329012,13,1537.0,18978.0,18.01610154341345,13.0,90.08050771706723,5.3460000514984145,36.36210159491186,21.384000205993658,52.400101749407106,64.15200061798097,95.16810216139442,B_HoltWinters
1,HOUSEHOLD_1_114_CA_3,high,regular,HoltWinters,empirical,3,0.98,7,1,292,941.0,940.0,1.0,0.9989373007438895,1,0.003424657534246575,0.9965753424657534,68.41780821917808,190.0,17.173891280408448,7,947.0,19978.0,9.291138630207271,7.0,46.45569315103636,0.07275000214576721,16.36388863235304,0.29100000858306885,16.58213863879034,0.8730000257492065,17.164138655956478,B_HoltWinters
2,FOODS_3_784_CA_3,medium,intermittent,HoltWinters,empirical,3,0.98,3,0,292,213.0,213.0,0.0,1.0,0,0.0,1.0,43.41095890410959,84.0,6.133243925528557,4,297.0,12676.0,6.077534246575342,4.0,30.387671232876713,0.0,10.077534246575343,0.0,10.077534246575343,0.0,10.077534246575343,B_HoltWinters
3,HOUSEHOLD_2_270_CA_3,medium,intermittent,HoltWinters,empirical,3,0.98,5,1,292,118.0,117.0,1.0,0.9915254237288136,1,0.003424657534246575,0.9965753424657534,13.886986301369863,35.0,10.531442663378545,5,134.0,4055.0,11.354000296658032,5.0,56.77000148329016,0.43800001144409184,16.792000308102125,1.7520000457763674,18.1060003424344,5.256000137329102,21.610000433987135,B_HoltWinters
4,HOBBIES_1_377_CA_3,low,intermittent,HoltWinters,empirical,3,0.98,7,1,292,92.0,90.0,2.0,0.9782608695652174,1,0.003424657534246575,0.9965753424657534,9.202054794520548,16.0,12.225530331224414,7,91.0,2687.0,12.857110369172814,7.0,64.28555184586406,1.4969999313354494,21.354110300508264,5.987999725341798,25.845110094514613,17.963999176025393,37.82110954519821,B_HoltWinters
5,HOUSEHOLD_2_228_CA_3,low,intermittent,HoltWinters,empirical,3,0.98,6,0,292,112.0,112.0,0.0,1.0,0,0.0,1.0,11.58904109589041,23.0,12.080378250591018,6,115.0,3384.0,8.874887330826015,6.0,44.374436654130065,0.0,14.874887330826015,0.0,14.874887330826015,0.0,14.874887330826015,B_HoltWinters
6,FOODS_2_347_TX_2,high,regular,HoltWinters,empirical,3,0.98,13,4,292,1785.0,1663.0,122.0,0.9316526610644258,8,0.0273972602739726,0.9726027397260274,69.29794520547945,189.0,29.99728193723746,13,1660.0,20235.0,17.26904766763726,13.0,86.3452383381863,16.286999738216405,46.55604740585366,65.14799895286562,95.41704662050287,195.44399685859688,225.71304452623414,B_HoltWinters
7,HOUSEHOLD_1_247_TX_2,high,regular,HoltWinters,empirical,3,0.98,9,0,292,1273.0,1273.0,0.0,1.0,0,0.0,1.0,75.27739726027397,158.0,21.13848323552159,9,1258.0,21981.0,10.22267084946371,9.0,51.113354247318554,0.0,19.22267084946371,0.0,19.22267084946371,0.0,19.22267084946371,B_HoltWinters
8,FOODS_3_729_TX_2,medium,intermittent,HoltWinters,empirical,3,0.98,7,0,292,224.0,224.0,0.0,1.0,0,0.0,1.0,21.28082191780822,41.0,13.157386546507887,8,256.0,6214.0,11.857674029428665,8.0,59.288370147143326,0.0,19.857674029428665,0.0,19.857674029428665,0.0,19.857674029428665,B_HoltWinters
9,HOBBIES_1_034_TX_2,medium,intermittent,HoltWinters,empirical,3,0.98,8,0,292,281.0,281.0,0.0,1.0,0,0.0,1.0,21.873287671232877,47.0,16.058399874745575,9,303.0,6387.0,14.270132409448491,9.0,71.35066204724247,0.0,23.270132409448493,0.0,23.270132409448493,0.0,23.270132409448493,B_HoltWinters
10,FOODS_2_196_TX_2,low,intermittent,HoltWinters,empirical,3,0.98,6,0,292,165.0,165.0,0.0,1.0,0,0.0,1.0,16.05821917808219,34.0,12.843889955214333,7,191.0,4689.0,8.85771382727035,7.0,44.28856913635175,0.0,15.85771382727035,0.0,15.85771382727035,0.0,15.85771382727035,B_HoltWinters
11,HOUSEHOLD_2_315_TX_2,low,intermittent,HoltWinters,empirical,3,0.98,7,0,292,122.0,122.0,0.0,1.0,0,0.0,1.0,11.476027397260275,20.0,13.288570575947478,7,122.0,3351.0,12.322958341755278,7.0,61.614791708776394,0.0,19.322958341755278,0.0,19.322958341755278,0.0,19.322958341755278,B_HoltWinters
12,FOODS_2_056_WI_3,high,intermittent,HoltWinters,empirical,3,0.98,19,0,292,1064.0,1064.0,0.0,1.0,0,0.0,1.0,38.83904109589041,80.0,34.24389383652235,19,1061.0,11341.0,37.95351106261553,19.0,189.76755531307768,0.0,56.95351106261553,0.0,56.95351106261553,0.0,56.95351106261553,B_HoltWinters
13,HOBBIES_1_312_WI_3,high,intermittent,HoltWinters,empirical,3,0.98,6,0,292,799.0,799.0,0.0,1.0,0,0.0,1.0,92.18150684931507,176.0,10.834602667459226,6,866.0,26917.0,7.3560841542686495,6.0,36.78042077134325,0.0,13.35608415426865,0.0,13.35608415426865,0.0,13.35608415426865,B_HoltWinters
14,FOODS_3_128_WI_3,medium,intermittent,HoltWinters,empirical,3,0.98,5,0,292,156.0,156.0,0.0,1.0,0,0.0,1.0,22.70205479452055,51.0,8.589530849298535,5,190.0,6629.0,9.471297320895,5.0,47.356486604474995,0.0,14.471297320895,0.0,14.471297320895,0.0,14.471297320895,B_HoltWinters
15,HOBBIES_1_036_WI_3,medium,intermittent,HoltWinters,empirical,3,0.98,5,0,292,242.0,242.0,0.0,1.0,0,0.0,1.0,33.43493150684932,63.0,9.047423947557103,5,271.0,9763.0,5.242597282594197,5.0,26.212986412970984,0.0,10.242597282594197,0.0,10.242597282594197,0.0,10.242597282594197,B_HoltWinters
16,FOODS_3_520_WI_3,low,intermittent,HoltWinters,empirical,3,0.98,8,1,292,206.0,205.0,1.0,0.9951456310679612,1,0.003424657534246575,0.9965753424657534,16.215753424657535,34.0,15.802534318901793,8,225.0,4735.0,9.035417851519911,8.0,45.17708925759956,0.2985000014305115,17.33391785295042,1.194000005722046,18.229417857241955,3.5820000171661377,20.617417868686047,B_HoltWinters
17,HOUSEHOLD_1_464_WI_3,low,intermittent,HoltWinters,empirical,3,0.98,5,0,292,49.0,49.0,0.0,1.0,0,0.0,1.0,7.674657534246576,14.0,7.980812137438643,5,56.0,2241.0,10.17506124581376,5.0,50.87530622906881,0.0,15.17506124581376,0.0,15.17506124581376,0.0,15.17506124581376,B_HoltWinters
0,FOODS_3_449_CA_3,high,regular,HoltWinters,empirical,7,0.9,13,2,292,1628.0,1565.0,63.0,0.9613022113022113,6,0.02054794520547945,0.9794520547945206,72.46917808219177,185.0,26.994234677000147,13,1539.0,21161.0,20.088456357897144,13.0,100.4422817894857,9.355500090122225,42.44395644801937,37.4220003604889,70.51045671838605,112.2660010814667,145.35445743936384,B_HoltWinters
1,HOUSEHOLD_1_114_CA_3,high,regular,HoltWinters,empirical,7,0.9,7,2,292,941.0,923.0,18.0,0.9808714133900106,4,0.0136986301369863,0.9863013698630136,69.67808219178082,193.0,16.55829155607982,7,946.0,20346.0,9.462283840734665,7.0,47.31141920367332,1.3095000386238098,17.771783879358473,5.238000154495239,21.700283995229903,15.714000463485718,32.17628430422038,B_HoltWinters
2,FOODS_3_784_CA_3,medium,intermittent,HoltWinters,empirical,7,0.9,3,0,292,213.0,213.0,0.0,1.0,0,0.0,1.0,37.64383561643836,81.0,7.072871179039301,4,284.0,10992.0,5.270136986301369,4.0,26.35068493150685,0.0,9.27013698630137,0.0,9.27013698630137,0.0,9.27013698630137,B_HoltWinters
3,HOUSEHOLD_2_270_CA_3,medium,intermittent,HoltWinters,empirical,7,0.9,5,2,292,118.0,109.0,9.0,0.923728813559322,4,0.0136986301369863,0.9863013698630136,13.79109589041096,39.0,9.879562950086912,5,131.0,4027.0,11.275600294609593,5.0,56.37800147304796,3.9420001029968263,20.217600397606418,15.768000411987305,32.0436007065969,47.30400123596192,63.57960153057151,B_HoltWinters
4,HOBBIES_1_377_CA_3,low,intermittent,HoltWinters,empirical,7,0.9,7,1,292,92.0,91.0,1.0,0.9891304347826086,1,0.003424657534246575,0.9965753424657534,9.16095890410959,17.0,12.416822429906542,7,92.0,2675.0,12.79969119372433,7.0,63.99845596862166,0.7484999656677247,20.548191159392054,2.993999862670899,22.793691056395225,8.981999588012696,28.781690781737026,B_HoltWinters
5,HOUSEHOLD_2_228_CA_3,low,intermittent,HoltWinters,empirical,7,0.9,6,1,292,112.0,110.0,2.0,0.9821428571428571,1,0.003424657534246575,0.9965753424657534,11.321917808219178,23.0,12.144585601935875,6,117.0,3306.0,8.670324324973642,6.0,43.35162162486821,0.8204999685287477,15.490824293502389,3.281999874114991,17.952324199088633,9.845999622344973,24.516323947318615,B_HoltWinters
6,FOODS_2_347_TX_2,high,regular,HoltWinters,empirical,7,0.9,12,3,292,1785.0,1642.0,143.0,0.9198879551820728,10,0.03424657534246575,0.9657534246575342,74.3458904109589,199.0,27.607443917269336,13,1668.0,21709.0,18.52699559262354,13.0,92.63497796311769,19.090499693155294,50.61749528577883,76.36199877262118,107.88899436524471,229.08599631786353,260.6129919104871,B_HoltWinters
7,HOUSEHOLD_1_247_TX_2,high,regular,HoltWinters,empirical,7,0.9,9,2,292,1273.0,1271.0,2.0,0.9984289080911233,2,0.00684931506849315,0.9931506849315068,74.70547945205479,156.0,21.26684697900431,9,1260.0,21814.0,10.145004408816769,9.0,50.725022044083836,0.14550000429153442,19.2905044131083,0.5820000171661377,19.727004425982905,1.746000051498413,20.89100446031518,B_HoltWinters
8,FOODS_3_729_TX_2,medium,intermittent,HoltWinters,empirical,7,0.9,7,1,292,224.0,223.0,1.0,0.9955357142857143,1,0.003424657534246575,0.9965753424657534,19.527397260273972,39.0,14.274815854086286,8,254.0,5702.0,10.880665805568434,8.0,54.40332902784217,0.2985000014305115,19.179165806998945,1.194000005722046,20.07466581129048,3.5820000171661377,22.46266582273457,B_HoltWinters
9,HOBBIES_1_034_TX_2,medium,intermittent,HoltWinters,empirical,7,0.9,8,1,292,281.0,278.0,3.0,0.9893238434163701,1,0.003424657534246575,0.9965753424657534,21.804794520547944,48.0,15.936861944400817,9,307.0,6367.0,14.225447479404814,9.0,71.12723739702406,1.0484999656677247,24.273947445072537,4.193999862670899,27.419447342075713,12.581999588012696,35.80744706741751,B_HoltWinters
10,FOODS_2_196_TX_2,low,intermittent,HoltWinters,empirical,7,0.9,6,0,292,165.0,165.0,0.0,1.0,0,0.0,1.0,16.835616438356166,34.0,12.250813669650121,7,193.0,4916.0,9.286526162265098,7.0,46.432630811325495,0.0,16.286526162265098,0.0,16.286526162265098,0.0,16.286526162265098,B_HoltWinters
11,HOUSEHOLD_2_315_TX_2,low,intermittent,HoltWinters,empirical,7,0.9,7,0,292,122.0,122.0,0.0,1.0,0,0.0,1.0,10.068493150684931,20.0,15.146258503401361,7,120.0,2940.0,10.811548052748588,7.0,54.057740263742936,0.0,17.811548052748588,0.0,17.811548052748588,0.0,17.811548052748588,B_HoltWinters
12,FOODS_2_056_WI_3,high,intermittent,HoltWinters,empirical,7,0.9,17,1,292,1064.0,1053.0,11.0,0.9896616541353384,3,0.010273972602739725,0.9897260273972602,49.16438356164384,108.0,26.772429646140985,17,1093.0,14356.0,48.04343574772142,17.0,240.21717873860712,5.758500015735628,70.80193576345704,23.03400006294251,88.07743581066393,69.10200018882753,134.14543593654895,B_HoltWinters
13,HOBBIES_1_312_WI_3,high,intermittent,HoltWinters,empirical,7,0.9,6,1,292,799.0,790.0,9.0,0.9887359198998749,3,0.010273972602739725,0.9897260273972602,85.07534246575342,183.0,11.60735850575638,6,882.0,24842.0,6.789012243576245,6.0,33.945061217881225,0.3847499951720238,13.17376223874827,1.5389999806880952,14.32801222426434,4.616999942064286,17.40601218564053,B_HoltWinters
14,FOODS_3_128_WI_3,medium,intermittent,HoltWinters,empirical,7,0.9,5,0,292,156.0,156.0,0.0,1.0,0,0.0,1.0,24.164383561643834,51.0,8.069727891156463,5,193.0,7056.0,10.081380886443673,5.0,50.40690443221836,0.0,15.081380886443673,0.0,15.081380886443673,0.0,15.081380886443673,B_HoltWinters
15,HOBBIES_1_036_WI_3,medium,intermittent,HoltWinters,empirical,7,0.9,5,0,292,242.0,242.0,0.0,1.0,0,0.0,1.0,30.589041095890412,59.0,9.889162561576354,5,275.0,8932.0,4.796361664256004,5.0,23.98180832128002,0.0,9.796361664256004,0.0,9.796361664256004,0.0,9.796361664256004,B_HoltWinters
16,FOODS_3_520_WI_3,low,intermittent,HoltWinters,empirical,7,0.9,8,2,292,206.0,203.0,3.0,0.9854368932038835,3,0.010273972602739725,0.9897260273972602,15.780821917808218,34.0,16.07964409722222,8,218.0,4608.0,8.79307401474208,8.0,43.9653700737104,0.8955000042915344,17.688574019033616,3.5820000171661377,20.37507403190822,10.746000051498413,27.539074066240495,B_HoltWinters
17,HOUSEHOLD_1_464_WI_3,low,intermittent,HoltWinters,empirical,7,0.9,5,0,292,49.0,49.0,0.0,1.0,0,0.0,1.0,6.993150684931507,13.0,8.758570029382957,5,53.0,2042.0,9.271519439514368,5.0,46.35759719757185,0.0,14.271519439514368,0.0,14.271519439514368,0.0,14.271519439514368,B_HoltWinters
0,FOODS_3_449_CA_3,high,regular,HoltWinters,empirical,7,0.95,13,2,292,1628.0,1571.0,57.0,0.964987714987715,5,0.017123287671232876,0.9828767123287672,75.02739726027397,188.0,26.17377213803177,13,1548.0,21908.0,20.797594720892707,13.0,103.98797360446353,8.464500081539155,42.26209480243186,33.85800032615662,67.65559504704933,101.57400097846987,135.37159569936256,B_HoltWinters
1,HOUSEHOLD_1_114_CA_3,high,regular,HoltWinters,empirical,7,0.95,7,1,292,941.0,936.0,5.0,0.9946865037194474,1,0.003424657534246575,0.9965753424657534,77.10616438356165,178.0,15.17388407728181,7,935.0,22515.0,10.47101743213118,7.0,52.3550871606559,0.36375001072883606,17.834767442860016,1.4550000429153442,18.926017475046525,4.365000128746033,21.836017560877213,B_HoltWinters
2,FOODS_3_784_CA_3,medium,intermittent,HoltWinters,empirical,7,0.95,3,0,292,213.0,213.0,0.0,1.0,0,0.0,1.0,44.69178082191781,82.0,5.957471264367816,4,285.0,13050.0,6.256849315068493,4.0,31.284246575342465,0.0,10.256849315068493,0.0,10.256849315068493,0.0,10.256849315068493,B_HoltWinters
3,HOUSEHOLD_2_270_CA_3,medium,intermittent,HoltWinters,empirical,7,0.95,5,1,292,118.0,111.0,7.0,0.940677966101695,2,0.00684931506849315,0.9931506849315068,14.311643835616438,36.0,9.694903086862887,5,126.0,4179.0,11.701200305729696,5.0,58.506001528648476,3.066000080108643,19.76720038583834,12.264000320434572,28.96520062616427,36.792000961303714,53.49320126703341,B_HoltWinters
4,HOBBIES_1_377_CA_3,low,intermittent,HoltWinters,empirical,7,0.95,7,0,292,92.0,92.0,0.0,1.0,0,0.0,1.0,10.013698630136986,18.0,11.484268125854994,7,94.0,2924.0,13.991139084280352,7.0,69.95569542140176,0.0,20.991139084280352,0.0,20.991139084280352,0.0,20.991139084280352,B_HoltWinters
5,HOUSEHOLD_2_228_CA_3,low,intermittent,HoltWinters,empirical,7,0.95,6,0,292,112.0,112.0,0.0,1.0,0,0.0,1.0,13.441780821917808,24.0,10.415286624203821,7,130.0,3925.0,10.293715358596959,7.0,51.468576792984784,0.0,17.29371535859696,0.0,17.29371535859696,0.0,17.29371535859696,B_HoltWinters
6,FOODS_2_347_TX_2,high,regular,HoltWinters,empirical,7,0.95,12,3,292,1785.0,1647.0,138.0,0.9226890756302522,10,0.03424657534246575,0.9657534246575342,77.64383561643835,200.0,26.515305222300636,13,1676.0,22672.0,19.348843524619323,13.0,96.7442176230966,18.42299970388413,50.77184322850346,73.69199881553652,106.04084234015585,221.07599644660957,253.4248399712289,B_HoltWinters
7,HOUSEHOLD_1_247_TX_2,high,regular,HoltWinters,empirical,7,0.95,9,0,292,1273.0,1273.0,0.0,1.0,0,0.0,1.0,75.97602739726027,157.0,20.944106378183463,9,1263.0,22185.0,10.317544824864767,9.0,51.58772412432383,0.0,19.31754482486477,0.0,19.31754482486477,0.0,19.31754482486477,B_HoltWinters
8,FOODS_3_729_TX_2,medium,intermittent,HoltWinters,empirical,7,0.95,8,0,292,224.0,224.0,0.0,1.0,0,0.0,1.0,23.410958904109588,57.0,11.960210649502633,8,263.0,6836.0,13.044586363883868,8.0,65.22293181941933,0.0,21.044586363883866,0.0,21.044586363883866,0.0,21.044586363883866,B_HoltWinters
9,HOBBIES_1_034_TX_2,medium,intermittent,HoltWinters,empirical,7,0.95,9,2,292,281.0,277.0,4.0,0.9857651245551602,3,0.010273972602739725,0.9897260273972602,20.852739726027398,49.0,16.604532764000655,9,290.0,6089.0,13.604326951797693,9.0,68.02163475898847,1.397999954223633,24.002326906021327,5.591999816894532,28.196326768692227,16.775999450683596,39.38032640248129,B_HoltWinters
10,FOODS_2_196_TX_2,low,intermittent,HoltWinters,empirical,7,0.95,6,0,292,165.0,165.0,0.0,1.0,0,0.0,1.0,19.976027397260275,40.0,10.324875707183267,7,200.0,5833.0,11.01877687235401,7.0,55.09388436177006,0.0,18.01877687235401,0.0,18.01877687235401,0.0,18.01877687235401,B_HoltWinters
11,HOUSEHOLD_2_315_TX_2,low,intermittent,HoltWinters,empirical,7,0.95,7,0,292,122.0,122.0,0.0,1.0,0,0.0,1.0,10.068493150684931,20.0,15.146258503401361,7,120.0,2940.0,10.811548052748588,7.0,54.057740263742936,0.0,17.811548052748588,0.0,17.811548052748588,0.0,17.811548052748588,B_HoltWinters
12,FOODS_2_056_WI_3,high,intermittent,HoltWinters,empirical,7,0.95,17,1,292,1064.0,1056.0,8.0,0.9924812030075187,2,0.00684931506849315,0.9931506849315068,52.178082191780824,111.0,25.297978472039905,17,1099.0,15236.0,50.98842205713873,17.0,254.94211028569364,4.1880000114440925,72.17642206858282,16.75200004577637,84.7404221029151,50.25600013732911,118.24442219446784,B_HoltWinters
13,HOBBIES_1_312_WI_3,high,intermittent,HoltWinters,empirical,7,0.95,6,1,292,799.0,798.0,1.0,0.9987484355444305,1,0.003424657534246575,0.9965753424657534,92.31506849315069,191.0,10.805386555868823,6,876.0,26956.0,7.366742373312988,6.0,36.83371186656495,0.0427499994635582,13.409492372776546,0.1709999978542328,13.537742371167221,0.5129999935626984,13.879742366875686,B_HoltWinters
14,FOODS_3_128_WI_3,medium,intermittent,HoltWinters,empirical,7,0.95,5,0,292,156.0,156.0,0.0,1.0,0,0.0,1.0,25.84246575342466,53.0,7.545719586535913,5,194.0,7546.0,10.781476781335595,5.0,53.90738390667798,0.0,15.781476781335595,0.0,15.781476781335595,0.0,15.781476781335595,B_HoltWinters
15,HOBBIES_1_036_WI_3,medium,intermittent,HoltWinters,empirical,7,0.95,5,0,292,242.0,242.0,0.0,1.0,0,0.0,1.0,33.50684931506849,62.0,9.02800490596893,5,278.0,9784.0,5.2538739949709745,5.0,26.26936997485487,0.0,10.253873994970974,0.0,10.253873994970974,0.0,10.253873994970974,B_HoltWinters
16,FOODS_3_520_WI_3,low,intermittent,HoltWinters,empirical,7,0.95,8,2,292,206.0,203.0,3.0,0.9854368932038835,2,0.00684931506849315,0.9931506849315068,15.568493150684931,34.0,16.298944126704797,8,216.0,4546.0,8.674764425134006,8.0,43.373822125670024,0.8955000042915344,17.570264429425542,3.5820000171661377,20.256764442300145,10.746000051498413,27.42076447663242,B_HoltWinters
17,HOUSEHOLD_1_464_WI_3,low,intermittent,HoltWinters,empirical,7,0.95,5,0,292,49.0,49.0,0.0,1.0,0,0.0,1.0,8.558219178082192,14.0,7.1568627450980395,5,50.0,2499.0,11.34648730624212,5.0,56.7324365312106,0.0,16.346487306242118,0.0,16.346487306242118,0.0,16.346487306242118,B_HoltWinters
0,FOODS_3_449_CA_3,high,regular,HoltWinters,empirical,7,0.98,13,1,292,1628.0,1579.0,49.0,0.9699017199017199,4,0.0136986301369863,0.9863013698630136,79.84246575342466,196.0,24.720554173458005,13,1562.0,23314.0,22.1323317200517,13.0,110.66165860025849,7.2765000700950635,42.408831790146756,29.106000280380254,64.23833200043195,87.31800084114077,122.45033256119247,B_HoltWinters
1,HOUSEHOLD_1_114_CA_3,high,regular,HoltWinters,empirical,7,0.98,7,1,292,941.0,936.0,5.0,0.9946865037194474,1,0.003424657534246575,0.9965753424657534,81.04452054794521,184.0,14.436509613353053,7,941.0,23665.0,11.005846215029285,7.0,55.029231075146434,0.36375001072883606,18.369596225758123,1.4550000429153442,19.46084625794463,4.365000128746033,22.37084634377532,B_HoltWinters
2,FOODS_3_784_CA_3,medium,intermittent,HoltWinters,empirical,7,0.98,3,0,292,213.0,213.0,0.0,1.0,0,0.0,1.0,50.321917808219176,88.0,5.290935075541038,4,302.0,14694.0,7.045068493150684,4.0,35.22534246575342,0.0,11.045068493150684,0.0,11.045068493150684,0.0,11.045068493150684,B_HoltWinters
3,HOUSEHOLD_2_270_CA_3,medium,intermittent,HoltWinters,empirical,7,0.98,5,1,292,118.0,114.0,4.0,0.9661016949152542,1,0.003424657534246575,0.9965753424657534,17.215753424657535,39.0,8.277302566142827,5,132.0,5027.0,14.07560036776817,5.0,70.37800183884085,1.7520000457763674,20.827600413544534,7.0080001831054695,26.083600550873637,21.02400054931641,40.09960091708457,B_HoltWinters
4,HOBBIES_1_377_CA_3,low,intermittent,HoltWinters,empirical,7,0.98,7,0,292,92.0,92.0,0.0,1.0,0,0.0,1.0,10.013698630136986,18.0,11.484268125854994,7,94.0,2924.0,13.991139084280352,7.0,69.95569542140176,0.0,20.991139084280352,0.0,20.991139084280352,0.0,20.991139084280352,B_HoltWinters
5,HOUSEHOLD_2_228_CA_3,low,intermittent,HoltWinters,empirical,7,0.98,6,0,292,112.0,112.0,0.0,1.0,0,0.0,1.0,14.599315068493151,27.0,9.589490968801313,6,116.0,4263.0,11.180155050623906,6.0,55.900775253119534,0.0,17.180155050623906,0.0,17.180155050623906,0.0,17.180155050623906,B_HoltWinters
6,FOODS_2_347_TX_2,high,regular,HoltWinters,empirical,7,0.98,12,3,292,1785.0,1654.0,131.0,0.9266106442577031,9,0.030821917808219176,0.9691780821917808,80.32534246575342,199.0,25.739074824131315,13,1686.0,23455.0,20.017075020728043,13.0,100.08537510364022,17.4884997189045,50.50557473963254,69.953998875618,102.97107389634604,209.86199662685402,242.87907164758207,B_HoltWinters
7,HOUSEHOLD_1_247_TX_2,high,regular,HoltWinters,empirical,7,0.98,9,0,292,1273.0,1273.0,0.0,1.0,0,0.0,1.0,77.38698630136986,159.0,20.562242775589684,9,1264.0,22597.0,10.50915304969435,9.0,52.54576524847174,0.0,19.509153049694348,0.0,19.509153049694348,0.0,19.509153049694348,B_HoltWinters
8,FOODS_3_729_TX_2,medium,intermittent,HoltWinters,empirical,7,0.98,8,0,292,224.0,224.0,0.0,1.0,0,0.0,1.0,24.236301369863014,48.0,11.552917903066271,8,250.0,7077.0,13.504467188005577,8.0,67.52233594002789,0.0,21.504467188005577,0.0,21.504467188005577,0.0,21.504467188005577,B_HoltWinters
9,HOBBIES_1_034_TX_2,medium,intermittent,HoltWinters,empirical,7,0.98,9,2,292,281.0,279.0,2.0,0.9928825622775801,2,0.00684931506849315,0.9931506849315068,21.34246575342466,42.0,16.34066110397946,9,285.0,6232.0,13.923824201609989,9.0,69.61912100804994,0.6989999771118165,23.622824178721807,2.795999908447266,25.719824110057253,8.387999725341798,31.31182392695179,B_HoltWinters
10,FOODS_2_196_TX_2,low,intermittent,HoltWinters,empirical,7,0.98,6,0,292,165.0,165.0,0.0,1.0,0,0.0,1.0,22.352739726027398,37.0,9.227056840815075,7,196.0,6527.0,12.329771411941476,7.0,61.64885705970738,0.0,19.329771411941476,0.0,19.329771411941476,0.0,19.329771411941476,B_HoltWinters
11,HOUSEHOLD_2_315_TX_2,low,intermittent,HoltWinters,empirical,7,0.98,7,0,292,122.0,122.0,0.0,1.0,0,0.0,1.0,11.04109589041096,21.0,13.812034739454093,7,121.0,3224.0,11.855928885054915,7.0,59.279644425274576,0.0,18.855928885054915,0.0,18.855928885054915,0.0,18.855928885054915,B_HoltWinters
12,FOODS_2_056_WI_3,high,intermittent,HoltWinters,empirical,7,0.98,17,1,292,1064.0,1062.0,2.0,0.9981203007518797,1,0.003424657534246575,0.9965753424657534,57.236301369863014,109.0,23.193322563274098,17,1111.0,16713.0,55.93131385146754,17.0,279.6565692573377,1.0470000028610231,73.97831385432856,4.1880000114440925,77.11931386291162,12.564000034332278,85.49531388579982,B_HoltWinters
13,HOBBIES_1_312_WI_3,high,intermittent,HoltWinters,empirical,7,0.98,6,0,292,799.0,799.0,0.0,1.0,0,0.0,1.0,99.21232876712328,198.0,10.066793234380395,6,884.0,28970.0,7.917143736269375,6.0,39.585718681346876,0.0,13.917143736269374,0.0,13.917143736269374,0.0,13.917143736269374,B_HoltWinters
14,FOODS_3_128_WI_3,medium,intermittent,HoltWinters,empirical,7,0.98,4,0,292,156.0,156.0,0.0,1.0,0,0.0,1.0,31.938356164383563,56.0,6.10551147330045,4,158.0,9326.0,13.324682277065433,4.0,66.62341138532717,0.0,17.324682277065435,0.0,17.324682277065435,0.0,17.324682277065435,B_HoltWinters
15,HOBBIES_1_036_WI_3,medium,intermittent,HoltWinters,empirical,7,0.98,5,0,292,242.0,242.0,0.0,1.0,0,0.0,1.0,39.342465753424655,68.0,7.6888927576601676,5,284.0,11488.0,6.168898656400915,5.0,30.844493282004574,0.0,11.168898656400916,0.0,11.168898656400916,0.0,11.168898656400916,B_HoltWinters
16,FOODS_3_520_WI_3,low,intermittent,HoltWinters,empirical,7,0.98,8,1,292,206.0,205.0,1.0,0.9951456310679612,1,0.003424657534246575,0.9965753424657534,17.28082191780822,35.0,14.828577090764963,8,219.0,5046.0,9.628874018747512,8.0,48.144370093737564,0.2985000014305115,17.92737402017802,1.194000005722046,18.822874024469556,3.5820000171661377,21.210874035913648,B_HoltWinters
17,HOUSEHOLD_1_464_WI_3,low,intermittent,HoltWinters,empirical,7,0.98,5,0,292,49.0,49.0,0.0,1.0,0,0.0,1.0,9.530821917808218,15.0,6.426518145885735,5,51.0,2783.0,12.6359640549307,5.0,63.179820274653494,0.0,17.6359640549307,0.0,17.6359640549307,0.0,17.6359640549307,B_HoltWinters
0,FOODS_3_449_CA_3,high,regular,HoltWinters,empirical,14,0.9,12,3,292,1628.0,1505.0,123.0,0.9244471744471745,9,0.030821917808219176,0.9691780821917808,101.18493150684931,268.0,18.592195221011306,12,1478.0,29546.0,28.048463283891547,12.0,140.24231641945772,18.265500175952916,58.313963459844466,73.06200070381166,113.11046398770321,219.186002111435,259.23446539532654,B_HoltWinters
1,HOUSEHOLD_1_114_CA_3,high,regular,HoltWinters,empirical,14,0.9,7,3,292,941.0,910.0,31.0,0.9670563230605739,8,0.0273972602739726,0.9726027397260274,72.57876712328768,171.0,15.672627754447221,7,926.0,21193.0,9.856196866051791,7.0,49.28098433025896,2.2552500665187836,19.111446932570573,9.021000266075134,25.877197132126923,27.063000798225403,43.91919766427719,B_HoltWinters
2,FOODS_3_784_CA_3,medium,intermittent,HoltWinters,empirical,14,0.9,3,0,292,213.0,213.0,0.0,1.0,0,0.0,1.0,53.695205479452056,92.0,4.958543274443523,4,293.0,15679.0,7.517328767123288,4.0,37.586643835616435,0.0,11.517328767123288,0.0,11.517328767123288,0.0,11.517328767123288,B_HoltWinters
3,HOUSEHOLD_2_270_CA_3,medium,intermittent,HoltWinters,empirical,14,0.9,5,2,292,118.0,109.0,9.0,0.923728813559322,4,0.0136986301369863,0.9863013698630136,16.575342465753426,47.0,8.22004132231405,5,140.0,4840.0,13.552000354087516,5.0,67.76000177043758,3.9420001029968263,22.494000457084343,15.768000411987305,34.32000076607483,47.30400123596192,65.85600159004943,B_HoltWinters
4,HOBBIES_1_377_CA_3,low,intermittent,HoltWinters,empirical,14,0.9,7,0,292,92.0,92.0,0.0,1.0,0,0.0,1.0,9.70890410958904,18.0,11.844797178130513,7,95.0,2835.0,13.565280199704103,7.0,67.82640099852051,0.0,20.565280199704105,0.0,20.565280199704105,0.0,20.565280199704105,B_HoltWinters
5,HOUSEHOLD_2_228_CA_3,low,intermittent,HoltWinters,empirical,14,0.9,6,0,292,112.0,112.0,0.0,1.0,0,0.0,1.0,13.455479452054794,26.0,10.404683125477222,7,131.0,3929.0,10.30420576915349,7.0,51.52102884576745,0.0,17.30420576915349,0.0,17.30420576915349,0.0,17.30420576915349,B_HoltWinters
6,FOODS_2_347_TX_2,high,regular,HoltWinters,empirical,14,0.9,10,5,292,1785.0,1524.0,261.0,0.853781512605042,18,0.06164383561643835,0.9383561643835616,116.0582191780822,393.0,16.414175691227243,11,1505.0,33889.0,28.92170775431476,11.0,144.6085387715738,34.84349943995477,74.76520719426952,139.37399775981908,179.29570551413383,418.12199327945723,458.043701033772,B_HoltWinters
7,HOUSEHOLD_1_247_TX_2,high,regular,HoltWinters,empirical,14,0.9,9,1,292,1273.0,1272.0,1.0,0.9992144540455616,1,0.003424657534246575,0.9965753424657534,78.73287671232876,168.0,20.194867333623314,9,1258.0,22990.0,10.69192497289344,9.0,53.4596248644672,0.07275000214576721,19.764674975039206,0.29100000858306885,19.982924981476508,0.8730000257492065,20.564924998642645,B_HoltWinters
8,FOODS_3_729_TX_2,medium,intermittent,HoltWinters,empirical,14,0.9,8,0,292,224.0,224.0,0.0,1.0,0,0.0,1.0,22.051369863013697,52.0,12.697623854635815,8,254.0,6439.0,12.287023346554742,8.0,61.435116732773714,0.0,20.28702334655474,0.0,20.28702334655474,0.0,20.28702334655474,B_HoltWinters
9,HOBBIES_1_034_TX_2,medium,intermittent,HoltWinters,empirical,14,0.9,9,1,292,281.0,280.0,1.0,0.99644128113879,1,0.003424657534246575,0.9965753424657534,23.226027397260275,55.0,15.069301091123561,9,299.0,6782.0,15.152659777811127,9.0,75.76329888905565,0.34949998855590825,24.502159766367036,1.397999954223633,25.55065973203476,4.193999862670899,28.346659640482027,B_HoltWinters
10,FOODS_2_196_TX_2,low,intermittent,HoltWinters,empirical,14,0.9,6,0,292,165.0,165.0,0.0,1.0,0,0.0,1.0,24.852739726027398,43.0,8.29888383629599,7,206.0,7257.0,13.708771431968637,7.0,68.54385715984318,0.0,20.708771431968636,0.0,20.708771431968636,0.0,20.708771431968636,B_HoltWinters
11,HOUSEHOLD_2_315_TX_2,low,intermittent,HoltWinters,empirical,14,0.9,7,2,292,122.0,116.0,6.0,0.9508196721311475,3,0.010273972602739725,0.9897260273972602,9.54109589041096,19.0,15.197415649676955,7,119.0,2786.0,10.245228869033186,7.0,51.226144345165935,3.451500034332276,20.69672890336546,13.806000137329104,31.051229006362288,41.41800041198731,58.66322928102049,B_HoltWinters
12,FOODS_2_056_WI_3,high,intermittent,HoltWinters,empirical,14,0.9,16,2,292,1064.0,1062.0,2.0,0.9981203007518797,1,0.003424657534246575,0.9965753424657534,76.67465753424658,150.0,17.31341283666086,17,1155.0,22389.0,74.92647554720917,17.0,374.6323777360459,1.0470000028610231,92.97347555007019,4.1880000114440925,96.11447555865325,12.564000034332278,104.49047558154145,B_HoltWinters
13,HOBBIES_1_312_WI_3,high,intermittent,HoltWinters,empirical,14,0.9,6,0,292,799.0,799.0,0.0,1.0,0,0.0,1.0,86.73972602739725,203.0,11.514331964624132,6,900.0,25328.0,6.921830050128779,6.0,34.60915025064389,0.0,12.92183005012878,0.0,12.92183005012878,0.0,12.92183005012878,B_HoltWinters
14,FOODS_3_128_WI_3,medium,intermittent,HoltWinters,empirical,14,0.9,4,1,292,156.0,144.0,12.0,0.9230769230769231,5,0.017123287671232876,0.9828767123287672,33.167808219178085,60.0,5.426948890036138,4,159.0,9685.0,13.837609677608699,4.0,69.1880483880435,2.6820000171661382,20.519609694774836,10.728000068664553,28.56560974627325,32.184000205993655,50.02160988360235,B_HoltWinters
15,HOBBIES_1_036_WI_3,medium,intermittent,HoltWinters,empirical,14,0.9,5,0,292,242.0,242.0,0.0,1.0,0,0.0,1.0,30.791095890410958,60.0,9.824268713157602,5,279.0,8991.0,4.828043856171712,5.0,24.14021928085856,0.0,9.828043856171712,0.0,9.828043856171712,0.0,9.828043856171712,B_HoltWinters
16,FOODS_3_520_WI_3,low,intermittent,HoltWinters,empirical,14,0.9,8,1,292,206.0,204.0,2.0,0.9902912621359223,2,0.00684931506849315,0.9931506849315068,17.143835616438356,38.0,14.874151018777468,8,220.0,5006.0,9.552545251258431,8.0,47.76272625629216,0.597000002861023,18.149545254119452,2.388000011444092,19.94054526270252,7.164000034332275,24.716545285590705,B_HoltWinters
17,HOUSEHOLD_1_464_WI_3,low,intermittent,HoltWinters,empirical,14,0.9,5,0,292,49.0,49.0,0.0,1.0,0,0.0,1.0,9.308219178082192,15.0,6.580206033848418,6,62.0,2718.0,12.340837334280144,6.0,61.70418667140073,0.0,18.340837334280145,0.0,18.340837334280145,0.0,18.340837334280145,B_HoltWinters
0,FOODS_3_449_CA_3,high,regular,HoltWinters,empirical,14,0.95,12,3,292,1628.0,1510.0,118.0,0.9275184275184275,9,0.030821917808219176,0.9691780821917808,105.77739726027397,273.0,17.844076796063067,12,1488.0,30887.0,29.321494803004068,12.0,146.60747401502033,17.52300016880036,58.84449497180443,70.09200067520143,111.4134954782055,210.2760020256043,251.59749682860837,B_HoltWinters
1,HOUSEHOLD_1_114_CA_3,high,regular,HoltWinters,empirical,14,0.95,7,2,292,941.0,912.0,29.0,0.9691817215727949,6,0.02054794520547945,0.9794520547945206,79.18835616438356,175.0,14.39605587510271,7,934.0,23123.0,10.753779084306874,7.0,53.76889542153437,2.109750062227249,19.863529146534123,8.439000248908997,26.19277933321587,25.31700074672699,43.07077983103386,B_HoltWinters
2,FOODS_3_784_CA_3,medium,intermittent,HoltWinters,empirical,14,0.95,3,0,292,213.0,213.0,0.0,1.0,0,0.0,1.0,54.87671232876713,95.0,4.851784822765851,4,294.0,16024.0,7.682739726027397,4.0,38.413698630136984,0.0,11.682739726027396,0.0,11.682739726027396,0.0,11.682739726027396,B_HoltWinters
3,HOUSEHOLD_2_270_CA_3,medium,intermittent,HoltWinters,empirical,14,0.95,5,2,292,118.0,111.0,7.0,0.940677966101695,4,0.0136986301369863,0.9863013698630136,17.856164383561644,46.0,7.77042577675489,5,144.0,5214.0,14.599200381448824,5.0,72.99600190724412,3.066000080108643,22.66520046155747,12.264000320434572,31.863200701883397,36.792000961303714,56.39120134275254,B_HoltWinters
4,HOBBIES_1_377_CA_3,low,intermittent,HoltWinters,empirical,14,0.95,7,0,292,92.0,92.0,0.0,1.0,0,0.0,1.0,10.657534246575343,19.0,10.790488431876605,7,96.0,3112.0,14.890706166306586,7.0,74.45353083153294,0.0,21.890706166306586,0.0,21.890706166306586,0.0,21.890706166306586,B_HoltWinters
5,HOUSEHOLD_2_228_CA_3,low,intermittent,HoltWinters,empirical,14,0.95,6,0,292,112.0,112.0,0.0,1.0,0,0.0,1.0,13.948630136986301,27.0,10.036827890989443,7,132.0,4073.0,10.68186054918864,7.0,53.409302745943194,0.0,17.68186054918864,0.0,17.68186054918864,0.0,17.68186054918864,B_HoltWinters
6,FOODS_2_347_TX_2,high,regular,HoltWinters,empirical,14,0.95,11,6,292,1785.0,1552.0,233.0,0.869467787114846,15,0.05136986301369863,0.9486301369863014,107.72260273972603,294.0,18.009219519949134,12,1542.0,31455.0,26.844472171264147,12.0,134.22236085632073,31.10549950003625,69.94997167130039,124.421998000145,163.26647017140914,373.265994000435,412.11046617169916,B_HoltWinters
7,HOUSEHOLD_1_247_TX_2,high,regular,HoltWinters,empirical,14,0.95,9,0,292,1273.0,1273.0,0.0,1.0,0,0.0,1.0,81.67123287671232,171.0,19.483604495135864,9,1261.0,23848.0,11.090953751786115,9.0,55.45476875893057,0.0,20.090953751786117,0.0,20.090953751786117,0.0,20.090953751786117,B_HoltWinters
8,FOODS_3_729_TX_2,medium,intermittent,HoltWinters,empirical,14,0.95,8,0,292,224.0,224.0,0.0,1.0,0,0.0,1.0,24.982876712328768,55.0,11.207676490747087,8,257.0,7295.0,13.920458970821066,8.0,69.60229485410534,0.0,21.920458970821066,0.0,21.920458970821066,0.0,21.920458970821066,B_HoltWinters
9,HOBBIES_1_034_TX_2,medium,intermittent,HoltWinters,empirical,14,0.95,9,0,292,281.0,281.0,0.0,1.0,0,0.0,1.0,27.123287671232877,56.0,12.950126262626263,9,289.0,7920.0,17.695232297296393,9.0,88.47616148648196,0.0,26.695232297296393,0.0,26.695232297296393,0.0,26.695232297296393,B_HoltWinters
10,FOODS_2_196_TX_2,low,intermittent,HoltWinters,empirical,14,0.95,6,0,292,165.0,165.0,0.0,1.0,0,0.0,1.0,27.698630136986303,46.0,7.446216617210682,7,209.0,8088.0,15.27856460545161,7.0,76.39282302725805,0.0,22.27856460545161,0.0,22.27856460545161,0.0,22.27856460545161,B_HoltWinters
11,HOUSEHOLD_2_315_TX_2,low,intermittent,HoltWinters,empirical,14,0.95,7,1,292,122.0,120.0,2.0,0.9836065573770492,1,0.003424657534246575,0.9965753424657534,11.36986301369863,21.0,13.19277108433735,7,121.0,3320.0,12.208959025552828,7.0,61.04479512776414,1.150500011444092,20.35945903699692,4.602000045776368,23.810959071329197,13.806000137329104,33.01495916288194,B_HoltWinters
12,FOODS_2_056_WI_3,high,intermittent,HoltWinters,empirical,14,0.95,16,0,292,1064.0,1064.0,0.0,1.0,0,0.0,1.0,83.76369863013699,158.0,15.877999918230508,17,1165.0,24459.0,81.85388652504307,17.0,409.2694326252153,0.0,98.85388652504307,0.0,98.85388652504307,0.0,98.85388652504307,B_HoltWinters
13,HOBBIES_1_312_WI_3,high,intermittent,HoltWinters,empirical,14,0.95,6,0,292,799.0,799.0,0.0,1.0,0,0.0,1.0,108.08561643835617,221.0,9.240359937898038,6,918.0,31561.0,8.62523208354842,6.0,43.126160417742106,0.0,14.62523208354842,0.0,14.62523208354842,0.0,14.62523208354842,B_HoltWinters
14,FOODS_3_128_WI_3,medium,intermittent,HoltWinters,empirical,14,0.95,4,2,292,156.0,146.0,10.0,0.9358974358974359,5,0.017123287671232876,0.9828767123287672,38.40068493150685,64.0,4.752519397128333,4,161.0,11213.0,16.02076585596555,4.0,80.10382927982775,2.235000014305115,22.255765870270665,8.94000005722046,28.96076591318601,26.820000171661384,46.840766027626934,B_HoltWinters
15,HOBBIES_1_036_WI_3,medium,intermittent,HoltWinters,empirical,14,0.95,5,0,292,242.0,242.0,0.0,1.0,0,0.0,1.0,33.636986301369866,63.0,8.993076766442679,5,282.0,9822.0,5.274279474509905,5.0,26.371397372549527,0.0,10.274279474509905,0.0,10.274279474509905,0.0,10.274279474509905,B_HoltWinters
16,FOODS_3_520_WI_3,low,intermittent,HoltWinters,empirical,14,0.95,8,1,292,206.0,205.0,1.0,0.9951456310679612,1,0.003424657534246575,0.9965753424657534,17.496575342465754,38.0,14.645723233509493,8,222.0,5109.0,9.749091827542815,8.0,48.74545913771407,0.2985000014305115,18.047591828973324,1.194000005722046,18.94309183326486,3.5820000171661377,21.33109184470895,B_HoltWinters
17,HOUSEHOLD_1_464_WI_3,low,intermittent,HoltWinters,empirical,14,0.95,5,0,292,49.0,49.0,0.0,1.0,0,0.0,1.0,10.256849315068493,16.0,5.971619365609349,5,52.0,2995.0,13.598531205360203,5.0,67.99265602680101,0.0,18.598531205360203,0.0,18.598531205360203,0.0,18.598531205360203,B_HoltWinters
0,FOODS_3_449_CA_3,high,regular,HoltWinters,empirical,14,0.98,12,5,292,1628.0,1521.0,107.0,0.9342751842751843,10,0.03424657534246575,0.9657534246575342,103.0958904109589,311.0,18.44156922668084,13,1611.0,30104.0,28.578181097213534,13.0,142.89090548606765,15.88950015306473,57.46768125027826,63.55800061225892,105.13618170947245,190.67400183677677,232.2521829339903,B_HoltWinters
1,HOUSEHOLD_1_114_CA_3,high,regular,HoltWinters,empirical,14,0.98,7,2,292,941.0,937.0,4.0,0.9957492029755579,2,0.00684931506849315,0.9931506849315068,86.51027397260275,231.0,13.538854360476623,8,1031.0,25261.0,11.748095551990483,8.0,58.74047775995242,0.29100000858306885,20.03909556057355,1.1640000343322754,20.912095586322756,3.492000102996826,23.240095654987307,B_HoltWinters
2,FOODS_3_784_CA_3,medium,intermittent,HoltWinters,empirical,14,0.98,3,0,292,213.0,213.0,0.0,1.0,0,0.0,1.0,56.66438356164384,97.0,4.698718723558564,4,296.0,16546.0,7.933013698630137,4.0,39.665068493150685,0.0,11.933013698630138,0.0,11.933013698630138,0.0,11.933013698630138,B_HoltWinters
3,HOUSEHOLD_2_270_CA_3,medium,intermittent,HoltWinters,empirical,14,0.98,5,0,292,118.0,118.0,0.0,1.0,0,0.0,1.0,25.47945205479452,54.0,5.788978494623656,6,176.0,7440.0,20.832000544299817,6.0,104.16000272149908,0.0,26.832000544299817,0.0,26.832000544299817,0.0,26.832000544299817,B_HoltWinters
4,HOBBIES_1_377_CA_3,low,intermittent,HoltWinters,empirical,14,0.98,7,0,292,92.0,92.0,0.0,1.0,0,0.0,1.0,12.554794520547945,21.0,9.159847244953628,7,98.0,3666.0,17.54155809951155,7.0,87.70779049755775,0.0,24.54155809951155,0.0,24.54155809951155,0.0,24.54155809951155,B_HoltWinters
5,HOUSEHOLD_2_228_CA_3,low,intermittent,HoltWinters,empirical,14,0.98,6,0,292,112.0,112.0,0.0,1.0,0,0.0,1.0,16.08219178082192,29.0,8.705281090289608,7,133.0,4696.0,12.315741993368489,7.0,61.57870996684244,0.0,19.31574199336849,0.0,19.31574199336849,0.0,19.31574199336849,B_HoltWinters
6,FOODS_2_347_TX_2,high,regular,HoltWinters,empirical,14,0.98,11,4,292,1785.0,1612.0,173.0,0.9030812324929972,9,0.030821917808219176,0.9691780821917808,129.3595890410959,409.0,15.57673470468324,12,1609.0,37773.0,32.23640907090004,12.0,161.1820453545002,23.09549962878228,67.33190869968232,92.38199851512913,136.61840758602915,277.14599554538734,321.3824046162874,B_HoltWinters
7,HOUSEHOLD_1_247_TX_2,high,regular,HoltWinters,empirical,14,0.98,9,0,292,1273.0,1273.0,0.0,1.0,0,0.0,1.0,85.28767123287672,175.0,18.657444587214908,9,1265.0,24904.0,11.582066095038636,9.0,57.910330475193184,0.0,20.582066095038634,0.0,20.582066095038634,0.0,20.582066095038634,B_HoltWinters
8,FOODS_3_729_TX_2,medium,intermittent,HoltWinters,empirical,14,0.98,8,0,292,224.0,224.0,0.0,1.0,0,0.0,1.0,26.88013698630137,57.0,10.416613581347942,8,259.0,7849.0,14.977612400544832,8.0,74.88806200272417,0.0,22.97761240054483,0.0,22.97761240054483,0.0,22.97761240054483,B_HoltWinters
9,HOBBIES_1_034_TX_2,medium,intermittent,HoltWinters,empirical,14,0.98,9,0,292,281.0,281.0,0.0,1.0,0,0.0,1.0,30.136986301369863,58.0,11.655113636363636,9,291.0,8800.0,19.661369219218212,9.0,98.30684609609106,0.0,28.661369219218212,0.0,28.661369219218212,0.0,28.661369219218212,B_HoltWinters
10,FOODS_2_196_TX_2,low,intermittent,HoltWinters,empirical,14,0.98,6,0,292,165.0,165.0,0.0,1.0,0,0.0,1.0,30.304794520547944,48.0,6.805853768787434,7,201.0,8849.0,16.716124900301843,7.0,83.5806245015092,0.0,23.716124900301843,0.0,23.716124900301843,0.0,23.716124900301843,B_HoltWinters
11,HOUSEHOLD_2_315_TX_2,low,intermittent,HoltWinters,empirical,14,0.98,7,1,292,122.0,120.0,2.0,0.9836065573770492,1,0.003424657534246575,0.9965753424657534,11.36986301369863,21.0,13.19277108433735,7,121.0,3320.0,12.208959025552828,7.0,61.04479512776414,1.150500011444092,20.35945903699692,4.602000045776368,23.810959071329197,13.806000137329104,33.01495916288194,B_HoltWinters
12,FOODS_2_056_WI_3,high,intermittent,HoltWinters,empirical,14,0.98,16,0,292,1064.0,1064.0,0.0,1.0,0,0.0,1.0,90.84931506849315,165.0,14.63962605548854,17,1172.0,26528.0,88.77795092752534,17.0,443.88975463762677,0.0,105.77795092752534,0.0,105.77795092752534,0.0,105.77795092752534,B_HoltWinters
13,HOBBIES_1_312_WI_3,high,intermittent,HoltWinters,empirical,14,0.98,6,0,292,799.0,799.0,0.0,1.0,0,0.0,1.0,115.26369863013699,229.0,8.664913688088658,6,926.0,33657.0,9.1980430352647,6.0,45.9902151763235,0.0,15.1980430352647,0.0,15.1980430352647,0.0,15.1980430352647,B_HoltWinters
14,FOODS_3_128_WI_3,medium,intermittent,HoltWinters,empirical,14,0.98,4,1,292,156.0,151.0,5.0,0.967948717948718,3,0.010273972602739725,0.9897260273972602,40.89383561643836,67.0,4.6156100829076285,4,166.0,11941.0,17.060908328376403,4.0,85.30454164188203,1.1175000071525576,22.17840833552896,4.47000002861023,25.530908356986632,13.410000085830692,34.470908414207095,B_HoltWinters
15,HOBBIES_1_036_WI_3,medium,intermittent,HoltWinters,empirical,14,0.98,5,0,292,242.0,242.0,0.0,1.0,0,0.0,1.0,37.43150684931507,67.0,8.08142726440988,5,286.0,10930.0,5.869260298960829,5.0,29.346301494804145,0.0,10.869260298960828,0.0,10.869260298960828,0.0,10.869260298960828,B_HoltWinters
16,FOODS_3_520_WI_3,low,intermittent,HoltWinters,empirical,14,0.98,8,1,292,206.0,205.0,1.0,0.9951456310679612,1,0.003424657534246575,0.9965753424657534,17.688356164383563,39.0,14.486931268151015,8,222.0,5165.0,9.855952102027526,8.0,49.27976051013764,0.2985000014305115,18.154452103458038,1.194000005722046,19.049952107749572,3.5820000171661377,21.437952119193664,B_HoltWinters
17,HOUSEHOLD_1_464_WI_3,low,intermittent,HoltWinters,empirical,14,0.98,5,0,292,49.0,49.0,0.0,1.0,0,0.0,1.0,11.205479452054794,17.0,5.466075794621027,5,53.0,3272.0,14.85622507644026,5.0,74.28112538220131,0.0,19.85622507644026,0.0,19.85622507644026,0.0,19.85622507644026,B_HoltWinters
0,FOODS_3_449_CA_3,high,regular,SARIMA,gaussian,3,0.9,13,4,292,1628.0,1585.0,43.0,0.9735872235872236,6,0.02054794520547945,0.9794520547945206,63.195205479452056,131.0,31.351270796076516,13,1597.0,18453.0,17.517711127653513,13.0,87.58855563826756,6.385500061511995,36.90321118916551,25.54200024604798,56.05971137370149,76.62600073814394,107.14371186579746,B_SARIMA
1,HOUSEHOLD_1_114_CA_3,high,regular,SARIMA,gaussian,3,0.9,7,5,292,941.0,911.0,30.0,0.9681190223166843,7,0.023972602739726026,0.976027397260274,65.22260273972603,171.0,17.459438172748754,7,953.0,19045.0,8.857229713299503,7.0,44.286148566497516,2.1825000643730164,18.03972977767252,8.730000257492065,24.58722997079157,26.190000772476196,42.0472304857757,B_SARIMA
2,FOODS_3_784_CA_3,medium,intermittent,SARIMA,gaussian,3,0.9,3,0,292,213.0,213.0,0.0,1.0,0,0.0,1.0,40.93493150684932,90.0,6.504224880783067,3,216.0,11953.0,5.730890410958904,3.0,28.65445205479452,0.0,8.730890410958903,0.0,8.730890410958903,0.0,8.730890410958903,B_SARIMA
3,HOUSEHOLD_2_270_CA_3,medium,intermittent,SARIMA,gaussian,3,0.9,5,1,292,118.0,115.0,3.0,0.9745762711864406,2,0.00684931506849315,0.9931506849315068,11.972602739726028,33.0,12.00657894736842,5,131.0,3496.0,9.788800255762387,5.0,48.94400127881194,1.3140000343322755,16.102800290094663,5.256000137329102,20.04480039309149,15.768000411987305,30.55680066774969,B_SARIMA
4,HOBBIES_1_377_CA_3,low,intermittent,SARIMA,gaussian,3,0.9,7,1,292,92.0,90.0,2.0,0.9782608695652174,1,0.003424657534246575,0.9965753424657534,8.08904109589041,15.0,13.907705334462321,7,91.0,2362.0,11.3020077007764,7.0,56.510038503881994,1.4969999313354494,19.79900763211185,5.987999725341798,24.290007426118198,17.963999176025393,36.2660068768018,B_SARIMA
5,HOUSEHOLD_2_228_CA_3,low,intermittent,SARIMA,gaussian,3,0.9,5,2,292,112.0,103.0,9.0,0.9196428571428571,5,0.017123287671232876,0.9828767123287672,11.95890410958904,22.0,10.766036655211913,5,104.0,3492.0,9.158128415852376,5.0,45.79064207926188,3.692249858379365,17.85037827423174,14.76899943351746,28.927127849369835,44.30699830055238,58.465126716404754,B_SARIMA
6,FOODS_2_347_TX_2,high,regular,SARIMA,gaussian,3,0.9,14,4,292,1785.0,1650.0,135.0,0.9243697478991597,9,0.030821917808219176,0.9691780821917808,60.57876712328767,150.0,34.046582621968454,14,1626.0,17689.0,15.096228524479145,14.0,75.48114262239572,18.022499710321433,47.11872823480058,72.08999884128573,101.18622736576488,216.2699965238572,245.36622504833633,B_SARIMA
7,HOUSEHOLD_1_247_TX_2,high,regular,SARIMA,gaussian,3,0.9,10,4,292,1273.0,1266.0,7.0,0.9945011783189317,4,0.0136986301369863,0.9863013698630136,63.636986301369866,129.0,24.867613819825635,10,1278.0,18582.0,8.641902994619658,10.0,43.20951497309829,0.5092500150203705,19.151153009640026,2.037000060081482,20.678903054701138,6.111000180244446,24.7529031748641,B_SARIMA
8,FOODS_3_729_TX_2,medium,intermittent,SARIMA,gaussian,3,0.9,6,0,292,224.0,224.0,0.0,1.0,0,0.0,1.0,24.756849315068493,46.0,11.310001383317195,6,241.0,7229.0,13.794516504464083,6.0,68.97258252232042,0.0,19.794516504464085,0.0,19.794516504464085,0.0,19.794516504464085,B_SARIMA
9,HOBBIES_1_034_TX_2,medium,intermittent,SARIMA,gaussian,3,0.9,9,3,292,281.0,273.0,8.0,0.9715302491103203,4,0.0136986301369863,0.9863013698630136,16.44178082191781,35.0,20.755051031035197,9,276.0,4801.0,10.726617456984846,9.0,53.63308728492424,2.795999908447266,22.52261736543211,11.183999633789064,30.91061709077391,33.55199890136719,53.27861635835204,B_SARIMA
10,FOODS_2_196_TX_2,low,intermittent,SARIMA,gaussian,3,0.9,6,0,292,165.0,165.0,0.0,1.0,0,0.0,1.0,15.551369863013699,32.0,13.262497247302356,6,169.0,4541.0,8.578135741018269,6.0,42.89067870509135,0.0,14.578135741018269,0.0,14.578135741018269,0.0,14.578135741018269,B_SARIMA
11,HOUSEHOLD_2_315_TX_2,low,intermittent,SARIMA,gaussian,3,0.9,7,2,292,122.0,119.0,3.0,0.9754098360655737,3,0.010273972602739725,0.9897260273972602,9.263698630136986,18.0,16.057301293900185,7,117.0,2705.0,9.947359687988072,7.0,49.73679843994036,1.725750017166138,18.67310970515421,6.903000068664552,23.850359756652622,20.709000205993654,37.65635989398173,B_SARIMA
12,FOODS_2_056_WI_3,high,intermittent,SARIMA,gaussian,3,0.9,18,3,292,1064.0,1055.0,9.0,0.9915413533834586,3,0.010273972602739725,0.9897260273972602,35.236301369863014,70.0,37.425891729031,18,1049.0,10289.0,34.43291379272121,18.0,172.16456896360606,4.711500012874604,57.14441380559581,18.846000051498415,71.27891384421963,56.53800015449525,108.97091394721646,B_SARIMA
13,HOBBIES_1_312_WI_3,high,intermittent,SARIMA,gaussian,3,0.9,6,3,292,799.0,781.0,18.0,0.9774718397997497,4,0.0136986301369863,0.9863013698630136,76.61301369863014,168.0,12.742613204595234,6,868.0,22371.0,6.113718416433628,6.0,30.56859208216814,0.7694999903440476,12.883218406777676,3.0779999613761904,15.191718377809817,9.233999884128572,21.3477183005622,B_SARIMA
14,FOODS_3_128_WI_3,medium,intermittent,SARIMA,gaussian,3,0.9,4,0,292,156.0,156.0,0.0,1.0,0,0.0,1.0,24.863013698630137,51.0,7.8429752066115705,4,153.0,7260.0,10.372849381459902,4.0,51.86424690729951,0.0,14.372849381459902,0.0,14.372849381459902,0.0,14.372849381459902,B_SARIMA
15,HOBBIES_1_036_WI_3,medium,intermittent,SARIMA,gaussian,3,0.9,4,1,292,242.0,237.0,5.0,0.9793388429752066,4,0.0136986301369863,0.9863013698630136,32.42123287671233,64.0,9.13753036864899,4,242.0,9467.0,5.083649336712001,4.0,25.418246683560003,0.42000000178813945,9.50364933850014,1.6800000071525578,10.763649343864557,5.040000021457674,14.123649358169674,B_SARIMA
16,FOODS_3_520_WI_3,low,intermittent,SARIMA,gaussian,3,0.9,8,4,292,206.0,200.0,6.0,0.970873786407767,5,0.017123287671232876,0.9828767123287672,13.448630136986301,31.0,18.58925388337153,8,204.0,3927.0,7.493576748240484,8.0,37.46788374120242,1.7910000085830688,17.284576756823554,7.164000034332275,22.65757678257276,21.492000102996826,36.98557685123731,B_SARIMA
17,HOUSEHOLD_1_464_WI_3,low,intermittent,SARIMA,gaussian,3,0.9,5,1,292,49.0,48.0,1.0,0.9795918367346939,1,0.003424657534246575,0.9965753424657534,5.986301369863014,12.0,10.022883295194507,5,53.0,1748.0,7.9366385799564725,5.0,39.68319289978237,0.7102500200271606,13.646888599983633,2.8410000801086426,15.777638660065115,8.523000240325928,21.4596388202824,B_SARIMA
0,FOODS_3_449_CA_3,high,regular,SARIMA,gaussian,3,0.95,13,2,292,1628.0,1577.0,51.0,0.9686732186732187,3,0.010273972602739725,0.9897260273972602,66.78082191780823,138.0,29.518205128205125,13,1550.0,19500.0,18.51164401394047,13.0,92.55822006970236,7.573500072956087,39.085144086896555,30.294000291824347,61.805644305764815,90.88200087547304,122.39364488941351,B_SARIMA
1,HOUSEHOLD_1_114_CA_3,high,regular,SARIMA,gaussian,3,0.95,7,1,292,941.0,933.0,8.0,0.9914984059511158,2,0.00684931506849315,0.9931506849315068,67.54794520547945,168.0,17.26551409450416,7,931.0,19724.0,9.17301122946282,7.0,45.8650561473141,0.5820000171661377,16.755011246628957,2.328000068664551,18.50101129812737,6.984000205993652,23.15701143545647,B_SARIMA
2,FOODS_3_784_CA_3,medium,intermittent,SARIMA,gaussian,3,0.95,3,0,292,213.0,213.0,0.0,1.0,0,0.0,1.0,37.52739726027397,102.0,7.09481657236722,4,289.0,10958.0,5.253835616438356,4.0,26.26917808219178,0.0,9.253835616438355,0.0,9.253835616438355,0.0,9.253835616438355,B_SARIMA
3,HOUSEHOLD_2_270_CA_3,medium,intermittent,SARIMA,gaussian,3,0.95,5,1,292,118.0,116.0,2.0,0.9830508474576272,1,0.003424657534246575,0.9965753424657534,12.986301369863014,34.0,11.165611814345992,5,132.0,3792.0,10.617600277417326,5.0,53.088001387086635,0.8760000228881837,16.49360030030551,3.5040000915527347,19.12160036897006,10.512000274658204,26.12960055207553,B_SARIMA
4,HOBBIES_1_377_CA_3,low,intermittent,SARIMA,gaussian,3,0.95,7,1,292,92.0,90.0,2.0,0.9782608695652174,1,0.003424657534246575,0.9965753424657534,8.08904109589041,15.0,13.907705334462321,7,91.0,2362.0,11.3020077007764,7.0,56.510038503881994,1.4969999313354494,19.79900763211185,5.987999725341798,24.290007426118198,17.963999176025393,36.2660068768018,B_SARIMA
5,HOUSEHOLD_2_228_CA_3,low,intermittent,SARIMA,gaussian,3,0.95,6,2,292,112.0,110.0,2.0,0.9821428571428571,2,0.00684931506849315,0.9931506849315068,10.976027397260275,22.0,12.52730109204368,6,112.0,3205.0,8.40544145842121,6.0,42.027207292106056,0.8204999685287477,15.225941426949959,3.281999874114991,17.687441332536203,9.845999622344973,24.251441080766185,B_SARIMA
6,FOODS_2_347_TX_2,high,regular,SARIMA,gaussian,3,0.95,14,4,292,1785.0,1655.0,130.0,0.927170868347339,9,0.030821917808219176,0.9691780821917808,61.945205479452056,151.0,33.396450685537374,14,1631.0,18088.0,15.436744957362134,14.0,77.18372478681067,17.35499972105027,46.7917446784124,69.41999888420108,98.85674384156322,208.2599966526032,237.69674160996533,B_SARIMA
7,HOUSEHOLD_1_247_TX_2,high,regular,SARIMA,gaussian,3,0.95,10,3,292,1273.0,1266.0,7.0,0.9945011783189317,3,0.010273972602739725,0.9897260273972602,65.76369863013699,131.0,24.06342758943915,10,1278.0,19203.0,8.930710537384634,10.0,44.65355268692317,0.5092500150203705,19.439960552405005,2.037000060081482,20.967710597466116,6.111000180244446,25.04171071762908,B_SARIMA
8,FOODS_3_729_TX_2,medium,intermittent,SARIMA,gaussian,3,0.95,6,0,292,224.0,224.0,0.0,1.0,0,0.0,1.0,25.72945205479452,47.0,10.882470384666577,6,242.0,7513.0,14.336450753636555,6.0,71.68225376818278,0.0,20.336450753636555,0.0,20.336450753636555,0.0,20.336450753636555,B_SARIMA
9,HOBBIES_1_034_TX_2,medium,intermittent,SARIMA,gaussian,3,0.95,9,3,292,281.0,275.0,6.0,0.9786476868327402,3,0.010273972602739725,0.9897260273972602,17.674657534246574,43.0,19.448750242201125,9,281.0,5161.0,11.530946197771046,9.0,57.65473098885522,2.0969999313354495,22.627946129106494,8.387999725341798,28.918945923112844,25.163999176025392,45.694945373796436,B_SARIMA
10,FOODS_2_196_TX_2,low,intermittent,SARIMA,gaussian,3,0.95,6,0,292,165.0,165.0,0.0,1.0,0,0.0,1.0,16.386986301369863,32.0,12.586206896551724,6,166.0,4785.0,9.03906177510954,6.0,45.195308875547695,0.0,15.03906177510954,0.0,15.03906177510954,0.0,15.03906177510954,B_SARIMA
11,HOUSEHOLD_2_315_TX_2,low,intermittent,SARIMA,gaussian,3,0.95,8,1,292,122.0,121.0,1.0,0.9918032786885246,1,0.003424657534246575,0.9965753424657534,9.996575342465754,19.0,15.13018156903049,8,130.0,2919.0,10.73432270951467,8.0,53.67161354757335,0.575250005722046,19.30957271523672,2.301000022888184,21.035322732402854,6.903000068664552,25.637322778179225,B_SARIMA
12,FOODS_2_056_WI_3,high,intermittent,SARIMA,gaussian,3,0.95,18,1,292,1064.0,1061.0,3.0,0.9971804511278195,1,0.003424657534246575,0.9965753424657534,38.321917808219176,72.0,34.60813226094728,18,1058.0,11190.0,37.44817818452234,18.0,187.24089092261167,1.5705000042915347,57.01867818881387,6.282000017166139,61.73017820168848,18.846000051498415,74.29417823602076,B_SARIMA
13,HOBBIES_1_312_WI_3,high,intermittent,SARIMA,gaussian,3,0.95,6,2,292,799.0,789.0,10.0,0.9874843554443054,2,0.00684931506849315,0.9931506849315068,79.24657534246575,179.0,12.445332757130512,6,869.0,23140.0,6.323876632974572,6.0,31.619383164872858,0.427499994635582,12.751376627610153,1.709999978542328,14.033876611516899,5.1299999356269845,17.453876568601554,B_SARIMA
14,FOODS_3_128_WI_3,medium,intermittent,SARIMA,gaussian,3,0.95,4,0,292,156.0,156.0,0.0,1.0,0,0.0,1.0,25.647260273972602,52.0,7.60315128855655,4,154.0,7489.0,10.700037054786943,4.0,53.50018527393471,0.0,14.700037054786943,0.0,14.700037054786943,0.0,14.700037054786943,B_SARIMA
15,HOBBIES_1_036_WI_3,medium,intermittent,SARIMA,gaussian,3,0.95,4,1,292,242.0,237.0,5.0,0.9793388429752066,4,0.0136986301369863,0.9863013698630136,34.63013698630137,65.0,8.5546875,4,243.0,10112.0,5.4300055025701655,4.0,27.150027512850826,0.42000000178813945,9.850005504358304,1.6800000071525578,11.110005509722722,5.040000021457674,14.470005524027838,B_SARIMA
16,FOODS_3_520_WI_3,low,intermittent,SARIMA,gaussian,3,0.95,8,3,292,206.0,201.0,5.0,0.9757281553398058,4,0.0136986301369863,0.9863013698630136,13.698630136986301,31.0,18.34125,8,205.0,4000.0,7.632876748908056,8.0,38.16438374454028,1.4925000071525574,17.125376756060614,5.9700000286102295,21.602876777518286,17.91000008583069,33.54287683473875,B_SARIMA
17,HOUSEHOLD_1_464_WI_3,low,intermittent,SARIMA,gaussian,3,0.95,5,0,292,49.0,49.0,0.0,1.0,0,0.0,1.0,6.917808219178082,13.0,8.853960396039604,5,53.0,2020.0,9.171630395601873,5.0,45.85815197800937,0.0,14.171630395601873,0.0,14.171630395601873,0.0,14.171630395601873,B_SARIMA
0,FOODS_3_449_CA_3,high,regular,SARIMA,gaussian,3,0.98,13,2,292,1628.0,1595.0,33.0,0.9797297297297297,3,0.010273972602739725,0.9897260273972602,68.41095890410959,144.0,29.14372246696035,13,1608.0,19976.0,18.963517990896143,13.0,94.81758995448072,4.900500047206879,36.864018038103026,19.602000188827517,51.56551817972366,58.80600056648256,90.7695185573787,B_SARIMA
1,HOUSEHOLD_1_114_CA_3,high,regular,SARIMA,gaussian,3,0.98,7,1,292,941.0,936.0,5.0,0.9946865037194474,1,0.003424657534246575,0.9965753424657534,68.79794520547945,166.0,17.006321867688786,7,932.0,20089.0,9.34276123446961,7.0,46.71380617234805,0.36375001072883606,16.706511245198445,1.4550000429153442,17.797761277384954,4.365000128746033,20.707761363215642,B_SARIMA
2,FOODS_3_784_CA_3,medium,intermittent,SARIMA,gaussian,3,0.98,3,0,292,213.0,213.0,0.0,1.0,0,0.0,1.0,38.45205479452055,103.0,6.924207338795867,4,290.0,11228.0,5.3832876712328765,4.0,26.916438356164385,0.0,9.383287671232877,0.0,9.383287671232877,0.0,9.383287671232877,B_SARIMA
3,HOUSEHOLD_2_270_CA_3,medium,intermittent,SARIMA,gaussian,3,0.98,5,1,292,118.0,117.0,1.0,0.9915254237288136,1,0.003424657534246575,0.9965753424657534,13.92123287671233,36.0,10.505535055350553,5,134.0,4065.0,11.382000297389618,5.0,56.91000148694809,0.43800001144409184,16.82000030883371,1.7520000457763674,18.134000343165983,5.256000137329102,21.63800043471872,B_SARIMA
4,HOBBIES_1_377_CA_3,low,intermittent,SARIMA,gaussian,3,0.98,7,1,292,92.0,90.0,2.0,0.9782608695652174,1,0.003424657534246575,0.9965753424657534,8.400684931506849,15.0,13.39176518548716,7,91.0,2453.0,11.737436447927395,7.0,58.687182239636975,1.4969999313354494,20.234436379262842,5.987999725341798,24.72543617326919,17.963999176025393,36.70143562395279,B_SARIMA
5,HOUSEHOLD_2_228_CA_3,low,intermittent,SARIMA,gaussian,3,0.98,5,2,292,112.0,105.0,7.0,0.9375,4,0.0136986301369863,0.9863013698630136,12.91095890410959,23.0,10.165782493368699,5,107.0,3770.0,9.887211949531347,5.0,49.43605974765673,2.871749889850617,17.758961839381964,11.486999559402468,26.374211508933815,34.4609986782074,49.34821062773875,B_SARIMA
6,FOODS_2_347_TX_2,high,regular,SARIMA,gaussian,3,0.98,14,3,292,1785.0,1661.0,124.0,0.9305322128851541,8,0.0273972602739726,0.9726027397260274,63.54109589041096,153.0,32.67570335237685,14,1637.0,18554.0,15.834440841380863,14.0,79.17220420690431,16.553999733924872,46.38844057530574,66.21599893569949,96.05043977708036,198.64799680709845,228.4824376484793,B_SARIMA
7,HOUSEHOLD_1_247_TX_2,high,regular,SARIMA,gaussian,3,0.98,10,2,292,1273.0,1266.0,7.0,0.9945011783189317,3,0.010273972602739725,0.9897260273972602,68.11301369863014,137.0,23.23344562320881,10,1278.0,19889.0,9.249747533096027,10.0,46.248737665480135,0.5092500150203705,19.758997548116398,2.037000060081482,21.28674759317751,6.111000180244446,25.360747713340473,B_SARIMA
8,FOODS_3_729_TX_2,medium,intermittent,SARIMA,gaussian,3,0.98,6,0,292,224.0,224.0,0.0,1.0,0,0.0,1.0,26.85958904109589,48.0,10.424582430192528,6,243.0,7843.0,14.96616308542147,6.0,74.83081542710735,0.0,20.96616308542147,0.0,20.96616308542147,0.0,20.96616308542147,B_SARIMA
9,HOBBIES_1_034_TX_2,medium,intermittent,SARIMA,gaussian,3,0.98,9,1,292,281.0,278.0,3.0,0.9893238434163701,1,0.003424657534246575,0.9965753424657534,18.910958904109588,40.0,18.375588554871424,9,286.0,5522.0,12.337509185059428,9.0,61.687545925297144,1.0484999656677247,22.38600915072715,4.193999862670899,25.531509047730328,12.581999588012696,33.919508773072124,B_SARIMA
10,FOODS_2_196_TX_2,low,intermittent,SARIMA,gaussian,3,0.98,6,0,292,165.0,165.0,0.0,1.0,0,0.0,1.0,17.10958904109589,33.0,12.054643714971977,6,167.0,4996.0,9.437649452131089,6.0,47.188247260655444,0.0,15.437649452131089,0.0,15.437649452131089,0.0,15.437649452131089,B_SARIMA
11,HOUSEHOLD_2_315_TX_2,low,intermittent,SARIMA,gaussian,3,0.98,8,1,292,122.0,121.0,1.0,0.9918032786885246,1,0.003424657534246575,0.9965753424657534,9.996575342465754,19.0,15.13018156903049,8,130.0,2919.0,10.73432270951467,8.0,53.67161354757335,0.575250005722046,19.30957271523672,2.301000022888184,21.035322732402854,6.903000068664552,25.637322778179225,B_SARIMA
12,FOODS_2_056_WI_3,high,intermittent,SARIMA,gaussian,3,0.98,18,0,292,1064.0,1064.0,0.0,1.0,0,0.0,1.0,40.8458904109589,75.0,32.56141527626394,18,1063.0,11927.0,39.914604218659335,18.0,199.57302109329666,0.0,57.914604218659335,0.0,57.914604218659335,0.0,57.914604218659335,B_SARIMA
13,HOBBIES_1_312_WI_3,high,intermittent,SARIMA,gaussian,3,0.98,6,1,292,799.0,795.0,4.0,0.9949937421777222,1,0.003424657534246575,0.9965753424657534,82.84931506849315,181.0,11.994667658730158,6,877.0,24192.0,6.611375259503926,6.0,33.05687629751963,0.1709999978542328,12.78237525735816,0.6839999914169312,13.295375250920857,2.0519999742507937,14.66337523375472,B_SARIMA
14,FOODS_3_128_WI_3,medium,intermittent,SARIMA,gaussian,3,0.98,4,0,292,156.0,156.0,0.0,1.0,0,0.0,1.0,26.565068493150687,53.0,7.340466675261054,4,155.0,7757.0,11.08294664627885,4.0,55.41473323139426,0.0,15.08294664627885,0.0,15.08294664627885,0.0,15.08294664627885,B_SARIMA
15,HOBBIES_1_036_WI_3,medium,intermittent,SARIMA,gaussian,3,0.98,5,1,292,242.0,240.0,2.0,0.9917355371900827,1,0.003424657534246575,0.9965753424657534,34.195205479452056,65.0,8.773159739609413,5,285.0,9985.0,5.361808242005845,5.0,26.80904121002922,0.16800000071525578,10.529808242721101,0.6720000028610231,11.033808244866869,2.0160000085830694,12.377808250588913,B_SARIMA
16,FOODS_3_520_WI_3,low,intermittent,SARIMA,gaussian,3,0.98,9,1,292,206.0,205.0,1.0,0.9951456310679612,1,0.003424657534246575,0.9965753424657534,13.434931506849315,32.0,19.073413204180476,9,226.0,3923.0,7.485943871491576,9.0,37.42971935745788,0.2985000014305115,16.784443872922086,1.194000005722046,17.67994387721362,3.5820000171661377,20.067943888657712,B_SARIMA
17,HOUSEHOLD_1_464_WI_3,low,intermittent,SARIMA,gaussian,3,0.98,5,0,292,49.0,49.0,0.0,1.0,0,0.0,1.0,7.160958904109589,13.0,8.553323768531802,5,52.0,2091.0,9.493999582774018,5.0,47.469997913870095,0.0,14.493999582774018,0.0,14.493999582774018,0.0,14.493999582774018,B_SARIMA
0,FOODS_3_449_CA_3,high,regular,SARIMA,gaussian,7,0.9,12,2,292,1628.0,1565.0,63.0,0.9613022113022113,5,0.017123287671232876,0.9828767123287672,78.10958904109589,158.0,25.044940371799374,12,1521.0,22808.0,21.651978290766884,12.0,108.25989145383441,9.355500090122225,43.00747838088911,37.4220003604889,71.07397865125579,112.2660010814667,145.9179793722336,B_SARIMA
1,HOUSEHOLD_1_114_CA_3,high,regular,SARIMA,gaussian,7,0.9,7,3,292,941.0,922.0,19.0,0.9798087141339001,4,0.0136986301369863,0.9863013698630136,72.88013698630137,191.0,15.813636577228515,7,934.0,21281.0,9.89712289465617,7.0,49.48561447328084,1.382250040769577,18.279372935425748,5.529000163078308,22.42612305773448,16.587000489234924,33.484123383891095,B_SARIMA
2,FOODS_3_784_CA_3,medium,intermittent,SARIMA,gaussian,7,0.9,4,0,292,213.0,213.0,0.0,1.0,0,0.0,1.0,35.20205479452055,101.0,7.563478937639848,4,262.0,10279.0,4.9282876712328765,4.0,24.641438356164382,0.0,8.928287671232876,0.0,8.928287671232876,0.0,8.928287671232876,B_SARIMA
3,HOUSEHOLD_2_270_CA_3,medium,intermittent,SARIMA,gaussian,7,0.9,5,1,292,118.0,110.0,8.0,0.9322033898305084,3,0.010273972602739725,0.9897260273972602,13.565068493150685,35.0,10.136329209795507,5,124.0,3961.0,11.090800289781127,5.0,55.45400144890563,3.5040000915527347,19.59480038133386,14.016000366210939,30.106800655992068,42.04800109863282,58.138801388413945,B_SARIMA
4,HOBBIES_1_377_CA_3,low,intermittent,SARIMA,gaussian,7,0.9,7,1,292,92.0,91.0,1.0,0.9891304347826086,1,0.003424657534246575,0.9965753424657534,9.16095890410959,17.0,12.416822429906542,7,92.0,2675.0,12.79969119372433,7.0,63.99845596862166,0.7484999656677247,20.548191159392054,2.993999862670899,22.793691056395225,8.981999588012696,28.781690781737026,B_SARIMA
5,HOUSEHOLD_2_228_CA_3,low,intermittent,SARIMA,gaussian,7,0.9,6,1,292,112.0,110.0,2.0,0.9821428571428571,1,0.003424657534246575,0.9965753424657534,11.253424657534246,23.0,12.218502738892271,6,115.0,3286.0,8.617872272190983,6.0,43.08936136095491,0.8204999685287477,15.43837224071973,3.281999874114991,17.899872146305974,9.845999622344973,24.463871894535956,B_SARIMA
6,FOODS_2_347_TX_2,high,regular,SARIMA,gaussian,7,0.9,13,4,292,1785.0,1561.0,224.0,0.8745098039215686,15,0.05136986301369863,0.9486301369863014,64.78424657534246,154.0,30.119204947930434,13,1531.0,18917.0,16.144233987086437,13.0,80.72116993543219,29.903999519348154,59.04823350643459,119.61599807739262,148.76023206447906,358.8479942321778,387.99222821926423,B_SARIMA
7,HOUSEHOLD_1_247_TX_2,high,regular,SARIMA,gaussian,7,0.9,10,4,292,1273.0,1257.0,16.0,0.9874312647289867,4,0.0136986301369863,0.9863013698630136,63.342465753424655,131.0,24.80563365051903,10,1275.0,18496.0,8.601907103029015,10.0,43.009535515145075,1.1640000343322754,19.76590713736129,4.656000137329102,23.257907240358115,13.968000411987305,32.56990751501632,B_SARIMA
8,FOODS_3_729_TX_2,medium,intermittent,SARIMA,gaussian,7,0.9,6,0,292,224.0,224.0,0.0,1.0,0,0.0,1.0,27.554794520547944,50.0,10.161570966940095,6,238.0,8046.0,15.353531580428553,6.0,76.76765790214277,0.0,21.35353158042855,0.0,21.35353158042855,0.0,21.35353158042855,B_SARIMA
9,HOBBIES_1_034_TX_2,medium,intermittent,SARIMA,gaussian,7,0.9,8,2,292,281.0,277.0,4.0,0.9857651245551602,2,0.00684931506849315,0.9931506849315068,21.438356164383563,45.0,16.150958466453673,9,304.0,6260.0,13.986383103671137,9.0,69.9319155183557,1.397999954223633,24.38438305789477,5.591999816894532,28.57838292056567,16.775999450683596,39.76238255435473,B_SARIMA
10,FOODS_2_196_TX_2,low,intermittent,SARIMA,gaussian,7,0.9,6,0,292,165.0,165.0,0.0,1.0,0,0.0,1.0,17.28082191780822,34.0,11.935196195005945,6,172.0,5046.0,9.532101508297332,6.0,47.66050754148666,0.0,15.532101508297332,0.0,15.532101508297332,0.0,15.532101508297332,B_SARIMA
11,HOUSEHOLD_2_315_TX_2,low,intermittent,SARIMA,gaussian,7,0.9,7,2,292,122.0,120.0,2.0,0.9836065573770492,2,0.00684931506849315,0.9931506849315068,9.575342465753424,19.0,15.665236051502147,7,115.0,2796.0,10.282002842001718,7.0,51.41001421000859,1.150500011444092,18.432502853445808,4.602000045776368,21.884002887778085,13.806000137329104,31.08800297933082,B_SARIMA
12,FOODS_2_056_WI_3,high,intermittent,SARIMA,gaussian,7,0.9,17,1,292,1064.0,1053.0,11.0,0.9896616541353384,2,0.00684931506849315,0.9931506849315068,44.955479452054796,86.0,29.27896701455016,18,1062.0,13127.0,43.93049464059202,18.0,219.65247320296012,5.758500015735628,67.68899465632765,23.03400006294251,84.96449470353454,69.10200018882753,131.03249482941956,B_SARIMA
13,HOBBIES_1_312_WI_3,high,intermittent,SARIMA,gaussian,7,0.9,6,1,292,799.0,789.0,10.0,0.9874843554443054,4,0.0136986301369863,0.9863013698630136,83.20547945205479,186.0,11.853185709581824,6,884.0,24296.0,6.639797176955496,6.0,33.198985884777485,0.427499994635582,13.067297171591079,1.709999978542328,14.349797155497825,5.1299999356269845,17.76979711258248,B_SARIMA
14,FOODS_3_128_WI_3,medium,intermittent,SARIMA,gaussian,7,0.9,4,3,292,156.0,143.0,13.0,0.9166666666666666,5,0.017123287671232876,0.9828767123287672,29.726027397260275,55.0,6.013248847926267,4,153.0,8680.0,12.401698709514044,4.0,62.00849354757021,2.9055000185966495,19.30719872811069,11.622000074386598,28.02369878390064,34.866000223159794,51.26769893267384,B_SARIMA
15,HOBBIES_1_036_WI_3,medium,intermittent,SARIMA,gaussian,7,0.9,4,1,292,242.0,236.0,6.0,0.9752066115702479,3,0.010273972602739725,0.9897260273972602,33.10616438356164,69.0,8.910727216302886,5,289.0,9667.0,5.191046597443215,5.0,25.955232987216068,0.5040000021457673,10.695046599588983,2.0160000085830694,12.207046606026285,6.048000025749208,16.239046623192422,B_SARIMA
16,FOODS_3_520_WI_3,low,intermittent,SARIMA,gaussian,7,0.9,8,3,292,206.0,199.0,7.0,0.9660194174757282,3,0.010273972602739725,0.9897260273972602,14.352739726027398,32.0,17.33118587449296,8,204.0,4191.0,7.997346613668415,8.0,39.98673306834208,2.0895000100135803,18.086846623681996,8.358000040054321,24.355346653722737,25.074000120162964,41.071346733831376,B_SARIMA
17,HOUSEHOLD_1_464_WI_3,low,intermittent,SARIMA,gaussian,7,0.9,5,0,292,49.0,49.0,0.0,1.0,0,0.0,1.0,6.993150684931507,13.0,8.758570029382957,5,53.0,2042.0,9.271519439514368,5.0,46.35759719757185,0.0,14.271519439514368,0.0,14.271519439514368,0.0,14.271519439514368,B_SARIMA
0,FOODS_3_449_CA_3,high,regular,SARIMA,gaussian,7,0.95,12,2,292,1628.0,1564.0,64.0,0.9606879606879607,5,0.017123287671232876,0.9828767123287672,81.34246575342466,159.0,24.034186594813065,12,1524.0,23752.0,22.548131724057132,12.0,112.74065862028566,9.504000091552737,44.05213181560987,38.016000366210946,72.56413209026807,114.04800109863284,148.59613282268998,B_SARIMA
1,HOUSEHOLD_1_114_CA_3,high,regular,SARIMA,gaussian,7,0.95,7,1,292,941.0,936.0,5.0,0.9946865037194474,1,0.003424657534246575,0.9965753424657534,78.02054794520548,179.0,14.996049512773242,7,936.0,22782.0,10.595190723464913,7.0,52.97595361732457,0.36375001072883606,17.95894073419375,1.4550000429153442,19.050190766380258,4.365000128746033,21.960190852210946,B_SARIMA
2,FOODS_3_784_CA_3,medium,intermittent,SARIMA,gaussian,7,0.95,4,0,292,213.0,213.0,0.0,1.0,0,0.0,1.0,36.10958904109589,102.0,7.37338770864947,4,263.0,10544.0,5.055342465753425,4.0,25.27671232876712,0.0,9.055342465753425,0.0,9.055342465753425,0.0,9.055342465753425,B_SARIMA
3,HOUSEHOLD_2_270_CA_3,medium,intermittent,SARIMA,gaussian,7,0.95,5,1,292,118.0,111.0,7.0,0.940677966101695,2,0.00684931506849315,0.9931506849315068,14.45890410958904,36.0,9.59616295594505,5,126.0,4222.0,11.821600308875515,5.0,59.10800154437757,3.066000080108643,19.88760038898416,12.264000320434572,29.08560062931009,36.792000961303714,53.61360127017923,B_SARIMA
4,HOBBIES_1_377_CA_3,low,intermittent,SARIMA,gaussian,7,0.95,7,1,292,92.0,91.0,1.0,0.9891304347826086,1,0.003424657534246575,0.9965753424657534,9.16095890410959,17.0,12.416822429906542,7,92.0,2675.0,12.79969119372433,7.0,63.99845596862166,0.7484999656677247,20.548191159392054,2.993999862670899,22.793691056395225,8.981999588012696,28.781690781737026,B_SARIMA
5,HOUSEHOLD_2_228_CA_3,low,intermittent,SARIMA,gaussian,7,0.95,6,0,292,112.0,112.0,0.0,1.0,0,0.0,1.0,14.452054794520548,26.0,9.687203791469194,6,116.0,4220.0,11.067383137141189,6.0,55.33691568570594,0.0,17.06738313714119,0.0,17.06738313714119,0.0,17.06738313714119,B_SARIMA
6,FOODS_2_347_TX_2,high,regular,SARIMA,gaussian,7,0.95,13,4,292,1785.0,1552.0,233.0,0.869467787114846,18,0.06164383561643835,0.9383561643835616,67.73972602739725,166.0,28.63902932254803,13,1522.0,19780.0,16.88073945470052,13.0,84.40369727350259,31.10549950003625,60.98623895473677,124.421998000145,154.30273745484553,373.265994000435,403.1467334551355,B_SARIMA
7,HOUSEHOLD_1_247_TX_2,high,regular,SARIMA,gaussian,7,0.95,10,3,292,1273.0,1264.0,9.0,0.992930086410055,3,0.010273972602739725,0.9897260273972602,66.41095890410959,135.0,23.791254125412543,10,1281.0,19392.0,9.018608485182671,10.0,45.09304242591335,0.6547500193119049,19.673358504494576,2.6190000772476196,21.63760856243029,7.857000231742859,26.87560871692553,B_SARIMA
8,FOODS_3_729_TX_2,medium,intermittent,SARIMA,gaussian,7,0.95,6,0,292,224.0,224.0,0.0,1.0,0,0.0,1.0,28.931506849315067,51.0,9.678030303030303,6,239.0,8448.0,16.120635693693814,6.0,80.60317846846907,0.0,22.120635693693814,0.0,22.120635693693814,0.0,22.120635693693814,B_SARIMA
9,HOBBIES_1_034_TX_2,medium,intermittent,SARIMA,gaussian,7,0.95,9,2,292,281.0,274.0,7.0,0.9750889679715302,4,0.0136986301369863,0.9863013698630136,19.84931506849315,42.0,17.255003450655625,9,280.0,5796.0,12.949692726657814,9.0,64.74846363328908,2.446499919891358,24.396192646549174,9.785999679565432,31.735692406223247,29.357999038696292,51.30769176535411,B_SARIMA
10,FOODS_2_196_TX_2,low,intermittent,SARIMA,gaussian,7,0.95,6,0,292,165.0,165.0,0.0,1.0,0,0.0,1.0,18.602739726027398,36.0,11.087076583210603,6,173.0,5432.0,10.261271381900736,6.0,51.30635690950368,0.0,16.261271381900734,0.0,16.261271381900734,0.0,16.261271381900734,B_SARIMA
11,HOUSEHOLD_2_315_TX_2,low,intermittent,SARIMA,gaussian,7,0.95,8,0,292,122.0,122.0,0.0,1.0,0,0.0,1.0,10.195205479452055,20.0,14.958011420893516,8,130.0,2977.0,10.94761175273216,8.0,54.73805876366079,0.0,18.947611752732158,0.0,18.947611752732158,0.0,18.947611752732158,B_SARIMA
12,FOODS_2_056_WI_3,high,intermittent,SARIMA,gaussian,7,0.95,17,1,292,1064.0,1057.0,7.0,0.993421052631579,1,0.003424657534246575,0.9965753424657534,48.6541095890411,90.0,27.1559794467516,18,1067.0,14207.0,47.54479602033145,18.0,237.72398010165725,3.664500010013581,69.20929603034503,14.658000040054324,80.20279606038577,43.97400012016297,109.51879614049442,B_SARIMA
13,HOBBIES_1_312_WI_3,high,intermittent,SARIMA,gaussian,7,0.95,6,2,292,799.0,790.0,9.0,0.9887359198998749,3,0.010273972602739725,0.9897260273972602,85.86643835616438,188.0,11.500418777170662,6,889.0,25073.0,6.852141694838869,6.0,34.260708474194345,0.3847499951720238,13.236891690010893,1.5389999806880952,14.391141675526963,4.616999942064286,17.469141636903153,B_SARIMA
14,FOODS_3_128_WI_3,medium,intermittent,SARIMA,gaussian,7,0.95,5,0,292,156.0,156.0,0.0,1.0,0,0.0,1.0,26.383561643835616,53.0,7.390965732087228,5,196.0,7704.0,11.007221988259928,5.0,55.03610994129964,0.0,16.00722198825993,0.0,16.00722198825993,0.0,16.00722198825993,B_SARIMA
15,HOBBIES_1_036_WI_3,medium,intermittent,SARIMA,gaussian,7,0.95,4,1,292,242.0,238.0,4.0,0.9834710743801653,3,0.010273972602739725,0.9897260273972602,34.32534246575342,71.0,8.667065748777812,5,293.0,10023.0,5.382213721544775,5.0,26.911068607723873,0.33600000143051156,10.718213722975287,1.3440000057220463,11.726213727266822,4.032000017166139,14.414213738710915,B_SARIMA
16,FOODS_3_520_WI_3,low,intermittent,SARIMA,gaussian,7,0.95,8,3,292,206.0,201.0,5.0,0.9757281553398058,4,0.0136986301369863,0.9863013698630136,13.626712328767123,27.0,18.438049761246546,8,199.0,3979.0,7.592804145976288,8.0,37.96402072988144,1.4925000071525574,17.085304153128845,5.9700000286102295,21.562804174586518,17.91000008583069,33.50280423180698,B_SARIMA
17,HOUSEHOLD_1_464_WI_3,low,intermittent,SARIMA,gaussian,7,0.95,5,0,292,49.0,49.0,0.0,1.0,0,0.0,1.0,6.993150684931507,13.0,8.758570029382957,5,53.0,2042.0,9.271519439514368,5.0,46.35759719757185,0.0,14.271519439514368,0.0,14.271519439514368,0.0,14.271519439514368,B_SARIMA
0,FOODS_3_449_CA_3,high,regular,SARIMA,gaussian,7,0.98,12,1,292,1628.0,1569.0,59.0,0.9637592137592138,4,0.0136986301369863,0.9863013698630136,85.87671232876713,164.0,22.83797256340724,12,1534.0,25076.0,23.805024886849807,12.0,119.02512443424904,8.76150008440018,44.56652497124999,35.04600033760072,70.85102522445052,105.13800101280215,140.94302589965196,B_SARIMA
1,HOUSEHOLD_1_114_CA_3,high,regular,SARIMA,gaussian,7,0.98,7,1,292,941.0,936.0,5.0,0.9946865037194474,1,0.003424657534246575,0.9965753424657534,80.02054794520548,183.0,14.62124454335359,7,940.0,23366.0,10.866790731475778,7.0,54.33395365737889,0.36375001072883606,18.230540742204614,1.4550000429153442,19.321790774391122,4.365000128746033,22.23179086022181,B_SARIMA
2,FOODS_3_784_CA_3,medium,intermittent,SARIMA,gaussian,7,0.98,3,0,292,213.0,213.0,0.0,1.0,0,0.0,1.0,49.21917808219178,91.0,5.409476760367381,4,313.0,14372.0,6.890684931506849,4.0,34.45342465753424,0.0,10.890684931506849,0.0,10.890684931506849,0.0,10.890684931506849,B_SARIMA
3,HOUSEHOLD_2_270_CA_3,medium,intermittent,SARIMA,gaussian,7,0.98,5,1,292,118.0,113.0,5.0,0.9576271186440678,1,0.003424657534246575,0.9965753424657534,16.04794520547945,38.0,8.80174989329919,5,130.0,4686.0,13.120800342821095,5.0,65.60400171410546,2.190000057220459,20.310800400041554,8.760000228881836,26.88080057170293,26.28000068664551,44.40080102946661,B_SARIMA
4,HOBBIES_1_377_CA_3,low,intermittent,SARIMA,gaussian,7,0.98,7,0,292,92.0,92.0,0.0,1.0,0,0.0,1.0,10.013698630136986,18.0,11.484268125854994,7,94.0,2924.0,13.991139084280352,7.0,69.95569542140176,0.0,20.991139084280352,0.0,20.991139084280352,0.0,20.991139084280352,B_SARIMA
5,HOUSEHOLD_2_228_CA_3,low,intermittent,SARIMA,gaussian,7,0.98,6,0,292,112.0,112.0,0.0,1.0,0,0.0,1.0,15.527397260273972,27.0,9.0163211292457,6,116.0,4534.0,11.890880365828945,6.0,59.454401829144714,0.0,17.890880365828945,0.0,17.890880365828945,0.0,17.890880365828945,B_SARIMA
6,FOODS_2_347_TX_2,high,regular,SARIMA,gaussian,7,0.98,13,4,292,1785.0,1574.0,211.0,0.8817927170868347,15,0.05136986301369863,0.9486301369863014,70.1472602739726,161.0,28.048137479861342,13,1543.0,20483.0,17.48069697930388,13.0,87.4034848965194,28.168499547243126,58.649196526547,112.6739981889725,143.1546951682764,338.02199456691756,368.50269154622146,B_SARIMA
7,HOUSEHOLD_1_247_TX_2,high,regular,SARIMA,gaussian,7,0.98,10,2,292,1273.0,1267.0,6.0,0.99528672427337,2,0.00684931506849315,0.9931506849315068,68.81849315068493,136.0,23.01343617815377,10,1285.0,20095.0,9.345551645510817,10.0,46.727758227554084,0.43650001287460327,19.78205165838542,1.746000051498413,21.09155169700923,5.238000154495239,24.583551800006056,B_SARIMA
8,FOODS_3_729_TX_2,medium,intermittent,SARIMA,gaussian,7,0.98,6,0,292,224.0,224.0,0.0,1.0,0,0.0,1.0,30.743150684931507,53.0,9.107719728194274,6,241.0,8977.0,17.130083643736903,6.0,85.65041821868452,0.0,23.130083643736903,0.0,23.130083643736903,0.0,23.130083643736903,B_SARIMA
9,HOBBIES_1_034_TX_2,medium,intermittent,SARIMA,gaussian,7,0.98,9,2,292,281.0,277.0,4.0,0.9857651245551602,2,0.00684931506849315,0.9931506849315068,20.70205479452055,40.0,16.72539288668321,9,280.0,6045.0,13.506020105701602,9.0,67.53010052850802,1.397999954223633,23.904020059925234,5.591999816894532,28.098019922596134,16.775999450683596,39.282019556385194,B_SARIMA
10,FOODS_2_196_TX_2,low,intermittent,SARIMA,gaussian,7,0.98,6,0,292,165.0,165.0,0.0,1.0,0,0.0,1.0,19.835616438356166,37.0,10.39796270718232,6,169.0,5792.0,10.94132618629769,6.0,54.706630931488455,0.0,16.94132618629769,0.0,16.94132618629769,0.0,16.94132618629769,B_SARIMA
11,HOUSEHOLD_2_315_TX_2,low,intermittent,SARIMA,gaussian,7,0.98,8,0,292,122.0,122.0,0.0,1.0,0,0.0,1.0,11.003424657534246,21.0,13.85932150638033,8,131.0,3213.0,11.81547751478953,8.0,59.07738757394764,0.0,19.815477514789528,0.0,19.815477514789528,0.0,19.815477514789528,B_SARIMA
12,FOODS_2_056_WI_3,high,intermittent,SARIMA,gaussian,7,0.98,18,1,292,1064.0,1061.0,3.0,0.9971804511278195,1,0.003424657534246575,0.9965753424657534,52.61986301369863,95.0,25.204360559713635,18,1076.0,15365.0,51.42013027749649,18.0,257.10065138748246,1.5705000042915347,70.99063028178803,6.282000017166139,75.70213029466264,18.846000051498415,88.2661303289949,B_SARIMA
13,HOBBIES_1_312_WI_3,high,intermittent,SARIMA,gaussian,7,0.98,6,2,292,799.0,794.0,5.0,0.9937421777221527,2,0.00684931506849315,0.9931506849315068,89.20547945205479,191.0,11.125998157248159,6,888.0,26048.0,7.118597170947348,6.0,35.59298585473674,0.213749997317791,13.332347168265139,0.854999989271164,13.973597160218512,2.5649999678134923,15.68359713876084,B_SARIMA
14,FOODS_3_128_WI_3,medium,intermittent,SARIMA,gaussian,7,0.98,5,0,292,156.0,156.0,0.0,1.0,0,0.0,1.0,28.15753424657534,55.0,6.925322306008271,5,198.0,8222.0,11.74732336285996,5.0,58.7366168142998,0.0,16.74732336285996,0.0,16.74732336285996,0.0,16.74732336285996,B_SARIMA
15,HOBBIES_1_036_WI_3,medium,intermittent,SARIMA,gaussian,7,0.98,4,1,292,242.0,239.0,3.0,0.987603305785124,3,0.010273972602739725,0.9897260273972602,35.50684931506849,72.0,8.413869598765432,5,293.0,10368.0,5.567473996306118,5.0,27.837369981530593,0.2520000010728837,10.819473997379001,1.0080000042915347,11.575474000597653,3.024000012874604,13.591474009180722,B_SARIMA
16,FOODS_3_520_WI_3,low,intermittent,SARIMA,gaussian,7,0.98,9,0,292,206.0,206.0,0.0,1.0,0,0.0,1.0,14.517123287671232,35.0,17.7376739797122,9,228.0,4239.0,8.088941134655311,9.0,40.44470567327656,0.0,17.08894113465531,0.0,17.08894113465531,0.0,17.08894113465531,B_SARIMA
17,HOUSEHOLD_1_464_WI_3,low,intermittent,SARIMA,gaussian,7,0.98,5,0,292,49.0,49.0,0.0,1.0,0,0.0,1.0,8.41095890410959,15.0,7.282166123778501,5,54.0,2456.0,11.15124962950406,5.0,55.7562481475203,0.0,16.151249629504058,0.0,16.151249629504058,0.0,16.151249629504058,B_SARIMA
0,FOODS_3_449_CA_3,high,regular,SARIMA,gaussian,14,0.9,11,2,292,1628.0,1520.0,108.0,0.9336609336609336,9,0.030821917808219176,0.9691780821917808,99.0582191780822,188.0,19.180639585133967,12,1515.0,28925.0,27.458938620678364,12.0,137.29469310339184,16.038000154495244,55.49693877517361,64.15200061798097,103.61093923865934,192.45600185394292,231.9149404746213,B_SARIMA
1,HOUSEHOLD_1_114_CA_3,high,regular,SARIMA,gaussian,14,0.9,7,2,292,941.0,907.0,34.0,0.9638682252922423,7,0.023972602739726026,0.976027397260274,81.9041095890411,198.0,13.842406756982772,7,940.0,23916.0,11.122578410253134,7.0,55.61289205126567,2.473500072956085,20.59607848320922,9.89400029182434,28.016578702077474,29.682000875473022,47.804579285726156,B_SARIMA
2,FOODS_3_784_CA_3,medium,intermittent,SARIMA,gaussian,14,0.9,3,0,292,213.0,213.0,0.0,1.0,0,0.0,1.0,60.332191780821915,107.0,4.41306692399387,3,229.0,17617.0,8.44650684931507,3.0,42.23253424657534,0.0,11.44650684931507,0.0,11.44650684931507,0.0,11.44650684931507,B_SARIMA
3,HOUSEHOLD_2_270_CA_3,medium,intermittent,SARIMA,gaussian,14,0.9,5,2,292,118.0,110.0,8.0,0.9322033898305084,4,0.0136986301369863,0.9863013698630136,17.38013698630137,47.0,7.911330049261084,5,143.0,5075.0,14.210000371279781,5.0,71.05000185639891,3.5040000915527347,22.714000462832516,14.016000366210939,33.22600073749072,42.04800109863282,61.2580014699126,B_SARIMA
4,HOBBIES_1_377_CA_3,low,intermittent,SARIMA,gaussian,14,0.9,7,0,292,92.0,92.0,0.0,1.0,0,0.0,1.0,8.82876712328767,17.0,13.025601241272305,7,95.0,2578.0,12.335552858849093,7.0,61.67776429424546,0.0,19.33555285884909,0.0,19.33555285884909,0.0,19.33555285884909,B_SARIMA
5,HOUSEHOLD_2_228_CA_3,low,intermittent,SARIMA,gaussian,14,0.9,6,0,292,112.0,112.0,0.0,1.0,0,0.0,1.0,14.071917808219178,27.0,9.948892674616696,6,117.0,4109.0,10.776274244197428,6.0,53.881371220987134,0.0,16.776274244197428,0.0,16.776274244197428,0.0,16.776274244197428,B_SARIMA
6,FOODS_2_347_TX_2,high,regular,SARIMA,gaussian,14,0.9,11,2,292,1785.0,1440.0,345.0,0.8067226890756303,23,0.07876712328767123,0.9212328767123288,75.56506849315069,175.0,23.82053025152957,12,1369.0,22065.0,18.830814765822396,12.0,94.15407382911198,46.057499259710326,76.88831402553272,184.2299970388413,215.0608118046637,552.689991116524,583.5208058823464,B_SARIMA
7,HOUSEHOLD_1_247_TX_2,high,regular,SARIMA,gaussian,14,0.9,9,3,292,1273.0,1239.0,34.0,0.9732914375490966,8,0.0273972602739726,0.9726027397260274,63.726027397260275,135.0,24.303256663800514,10,1270.0,18608.0,8.653994775798223,10.0,43.26997387899112,2.473500072956085,21.12749484875431,9.89400029182434,28.547995067622566,29.682000875473022,48.33599565127125,B_SARIMA
8,FOODS_3_729_TX_2,medium,intermittent,SARIMA,gaussian,14,0.9,6,0,292,224.0,224.0,0.0,1.0,0,0.0,1.0,33.178082191780824,57.0,8.439306358381502,6,246.0,9688.0,18.48682748585531,6.0,92.43413742927656,0.0,24.48682748585531,0.0,24.48682748585531,0.0,24.48682748585531,B_SARIMA
9,HOBBIES_1_034_TX_2,medium,intermittent,SARIMA,gaussian,14,0.9,9,1,292,281.0,280.0,1.0,0.99644128113879,1,0.003424657534246575,0.9965753424657534,22.068493150684933,50.0,15.859714463066418,9,294.0,6444.0,14.397484460072974,9.0,71.98742230036487,0.34949998855590825,23.746984448628883,1.397999954223633,24.795484414296606,4.193999862670899,27.591484322743874,B_SARIMA
10,FOODS_2_196_TX_2,low,intermittent,SARIMA,gaussian,14,0.9,6,0,292,165.0,165.0,0.0,1.0,0,0.0,1.0,22.366438356164384,41.0,9.22140560404226,7,189.0,6531.0,12.337327576434776,7.0,61.686637882173876,0.0,19.337327576434774,0.0,19.337327576434774,0.0,19.337327576434774,B_SARIMA
11,HOUSEHOLD_2_315_TX_2,low,intermittent,SARIMA,gaussian,14,0.9,7,0,292,122.0,122.0,0.0,1.0,0,0.0,1.0,10.345890410958905,20.0,14.740152267461104,8,130.0,3021.0,11.109417233793703,8.0,55.54708616896851,0.0,19.109417233793703,0.0,19.109417233793703,0.0,19.109417233793703,B_SARIMA
12,FOODS_2_056_WI_3,high,intermittent,SARIMA,gaussian,14,0.9,18,1,292,1064.0,1055.0,9.0,0.9915413533834586,3,0.010273972602739725,0.9897260273972602,55.99315068493151,105.0,23.551987767584098,19,1087.0,16350.0,54.716506998832905,19.0,273.5825349941645,4.711500012874604,78.4280070117075,18.846000051498415,92.5625070503313,56.53800015449525,130.25450715332815,B_SARIMA
13,HOBBIES_1_312_WI_3,high,intermittent,SARIMA,gaussian,14,0.9,6,0,292,799.0,799.0,0.0,1.0,0,0.0,1.0,89.20205479452055,206.0,11.196490958651667,6,904.0,26047.0,7.118323883279545,6.0,35.59161941639773,0.0,13.118323883279544,0.0,13.118323883279544,0.0,13.118323883279544,B_SARIMA
14,FOODS_3_128_WI_3,medium,intermittent,SARIMA,gaussian,14,0.9,4,1,292,156.0,145.0,11.0,0.9294871794871795,4,0.0136986301369863,0.9863013698630136,33.75684931506849,61.0,5.369280714213249,4,160.0,9857.0,14.083357624387087,4.0,70.41678812193544,2.458500015735627,20.541857640122714,9.834000062942508,27.917357687329595,29.50200018882752,47.58535781321461,B_SARIMA
15,HOBBIES_1_036_WI_3,medium,intermittent,SARIMA,gaussian,14,0.9,4,0,292,242.0,242.0,0.0,1.0,0,0.0,1.0,32.804794520547944,68.0,9.221213070257857,5,293.0,9579.0,5.143791802721481,5.0,25.7189590136074,0.0,10.14379180272148,0.0,10.14379180272148,0.0,10.14379180272148,B_SARIMA
16,FOODS_3_520_WI_3,low,intermittent,SARIMA,gaussian,14,0.9,8,3,292,206.0,201.0,5.0,0.9757281553398058,4,0.0136986301369863,0.9863013698630136,14.530821917808218,34.0,17.290831958519917,8,209.0,4243.0,8.09657401140422,8.0,40.4828700570211,1.4925000071525574,17.58907401855678,5.9700000286102295,22.06657404001445,17.91000008583069,34.00657409723491,B_SARIMA
17,HOUSEHOLD_1_464_WI_3,low,intermittent,SARIMA,gaussian,14,0.9,5,0,292,49.0,49.0,0.0,1.0,0,0.0,1.0,8.116438356164384,14.0,7.546413502109704,5,54.0,2370.0,10.76077427602794,5.0,53.803871380139704,0.0,15.76077427602794,0.0,15.76077427602794,0.0,15.76077427602794,B_SARIMA
0,FOODS_3_449_CA_3,high,regular,SARIMA,gaussian,14,0.95,12,2,292,1628.0,1514.0,114.0,0.9299754299754299,9,0.030821917808219176,0.9691780821917808,95.72945205479452,226.0,19.76925553607842,13,1591.0,27953.0,26.536204365214253,13.0,132.68102182607126,16.92900016307831,56.46520452829256,67.71600065231324,107.2522050175275,203.14800195693974,242.68420632215398,B_SARIMA
1,HOUSEHOLD_1_114_CA_3,high,regular,SARIMA,gaussian,14,0.95,7,1,292,941.0,926.0,15.0,0.9840595111583422,4,0.0136986301369863,0.9863013698630136,86.04109589041096,199.0,13.452873746218755,8,1071.0,25124.0,11.684381166549578,8.0,58.42190583274789,1.0912500321865082,20.775631198736086,4.365000128746033,24.04938129529561,13.095000386238098,32.779381552787676,B_SARIMA
2,FOODS_3_784_CA_3,medium,intermittent,SARIMA,gaussian,14,0.95,3,0,292,213.0,213.0,0.0,1.0,0,0.0,1.0,62.11986301369863,109.0,4.286068691769117,3,231.0,18139.0,8.696780821917809,3.0,43.483904109589034,0.0,11.696780821917809,0.0,11.696780821917809,0.0,11.696780821917809,B_SARIMA
3,HOUSEHOLD_2_270_CA_3,medium,intermittent,SARIMA,gaussian,14,0.95,5,2,292,118.0,112.0,6.0,0.9491525423728814,4,0.0136986301369863,0.9863013698630136,19.16780821917808,47.0,7.303912810434162,6,170.0,5597.0,15.67160040946856,6.0,78.3580020473428,2.628000068664551,24.29960047813311,10.512000274658204,32.183600684126766,31.53600082397461,53.20760123344317,B_SARIMA
4,HOBBIES_1_377_CA_3,low,intermittent,SARIMA,gaussian,14,0.95,7,0,292,92.0,92.0,0.0,1.0,0,0.0,1.0,9.70890410958904,18.0,11.844797178130513,7,95.0,2835.0,13.565280199704103,7.0,67.82640099852051,0.0,20.565280199704105,0.0,20.565280199704105,0.0,20.565280199704105,B_SARIMA
5,HOUSEHOLD_2_228_CA_3,low,intermittent,SARIMA,gaussian,14,0.95,6,0,292,112.0,112.0,0.0,1.0,0,0.0,1.0,15.431506849315069,29.0,9.072347980470484,6,118.0,4506.0,11.81744749193322,6.0,59.087237459666106,0.0,17.817447491933223,0.0,17.817447491933223,0.0,17.817447491933223,B_SARIMA
6,FOODS_2_347_TX_2,high,regular,SARIMA,gaussian,14,0.95,11,3,292,1785.0,1439.0,346.0,0.8061624649859944,23,0.07876712328767123,0.9212328767123288,82.86986301369863,226.0,21.705719480948837,12,1371.0,24198.0,20.651169531084083,12.0,103.25584765542042,46.19099925756456,78.84216878864865,184.76399703025825,217.41516656134235,554.2919910907747,586.9431606218587,B_SARIMA
7,HOUSEHOLD_1_247_TX_2,high,regular,SARIMA,gaussian,14,0.95,9,3,292,1273.0,1245.0,28.0,0.9780047132757266,7,0.023972602739726026,0.976027397260274,66.5513698630137,139.0,23.384191838625014,10,1287.0,19433.0,9.037676293964255,10.0,45.18838146982128,2.037000060081482,21.074676354045735,8.148000240325928,27.18567653429018,24.444000720977783,43.481677014942036,B_SARIMA
8,FOODS_3_729_TX_2,medium,intermittent,SARIMA,gaussian,14,0.95,6,0,292,224.0,224.0,0.0,1.0,0,0.0,1.0,35.41095890410959,61.0,7.90715667311412,6,248.0,10340.0,19.730986395927324,6.0,98.65493197963663,0.0,25.730986395927324,0.0,25.730986395927324,0.0,25.730986395927324,B_SARIMA
9,HOBBIES_1_034_TX_2,medium,intermittent,SARIMA,gaussian,14,0.95,9,0,292,281.0,281.0,0.0,1.0,0,0.0,1.0,24.07191780821918,50.0,14.591691563522549,9,286.0,7029.0,15.704518663850548,9.0,78.52259331925275,0.0,24.70451866385055,0.0,24.70451866385055,0.0,24.70451866385055,B_SARIMA
10,FOODS_2_196_TX_2,low,intermittent,SARIMA,gaussian,14,0.95,6,0,292,165.0,165.0,0.0,1.0,0,0.0,1.0,25.184931506849313,43.0,8.189420723415829,7,200.0,7354.0,13.89200842093115,7.0,69.46004210465574,0.0,20.89200842093115,0.0,20.89200842093115,0.0,20.89200842093115,B_SARIMA
11,HOUSEHOLD_2_315_TX_2,low,intermittent,SARIMA,gaussian,14,0.95,7,0,292,122.0,122.0,0.0,1.0,0,0.0,1.0,10.873287671232877,21.0,14.025196850393701,8,131.0,3175.0,11.675736417509105,8.0,58.37868208754552,0.0,19.675736417509107,0.0,19.675736417509107,0.0,19.675736417509107,B_SARIMA
12,FOODS_2_056_WI_3,high,intermittent,SARIMA,gaussian,14,0.95,18,1,292,1064.0,1061.0,3.0,0.9971804511278195,1,0.003424657534246575,0.9965753424657534,61.85616438356164,111.0,21.44087033551102,19,1093.0,18062.0,60.44584400079021,19.0,302.22922000395107,1.5705000042915347,81.01634400508173,6.282000017166139,85.72784401795634,18.846000051498415,98.29184405228861,B_SARIMA
13,HOBBIES_1_312_WI_3,high,intermittent,SARIMA,gaussian,14,0.95,6,0,292,799.0,799.0,0.0,1.0,0,0.0,1.0,96.88013698630137,211.0,10.309130757538266,6,910.0,28289.0,7.731034834495145,6.0,38.655174172475725,0.0,13.731034834495144,0.0,13.731034834495144,0.0,13.731034834495144,B_SARIMA
14,FOODS_3_128_WI_3,medium,intermittent,SARIMA,gaussian,14,0.95,4,1,292,156.0,147.0,9.0,0.9423076923076923,4,0.0136986301369863,0.9863013698630136,37.75684931506849,63.0,4.866666666666666,4,162.0,11025.0,15.75215763506824,4.0,78.76078817534119,2.0115000128746034,21.763657647942843,8.046000051498414,27.798157686566654,24.138000154495245,43.89015778956349,B_SARIMA
15,HOBBIES_1_036_WI_3,medium,intermittent,SARIMA,gaussian,14,0.95,4,0,292,242.0,242.0,0.0,1.0,0,0.0,1.0,34.70205479452055,70.0,8.717063061284911,5,295.0,10133.0,5.441282214946942,5.0,27.206411074734714,0.0,10.441282214946941,0.0,10.441282214946941,0.0,10.441282214946941,B_SARIMA
16,FOODS_3_520_WI_3,low,intermittent,SARIMA,gaussian,14,0.95,8,2,292,206.0,203.0,3.0,0.9854368932038835,3,0.010273972602739725,0.9897260273972602,13.863013698630137,30.0,18.304100790513832,9,228.0,4048.0,7.724471269894952,9.0,38.622356349474764,0.8955000042915344,17.619971274186486,3.5820000171661377,20.30647128706109,10.746000051498413,27.470471321393365,B_SARIMA
17,HOUSEHOLD_1_464_WI_3,low,intermittent,SARIMA,gaussian,14,0.95,5,0,292,49.0,49.0,0.0,1.0,0,0.0,1.0,9.065068493150685,15.0,6.756705704571213,5,55.0,2647.0,12.018468147107999,5.0,60.09234073554,0.0,17.018468147108,0.0,17.018468147108,0.0,17.018468147108,B_SARIMA
0,FOODS_3_449_CA_3,high,regular,SARIMA,gaussian,14,0.98,12,2,292,1628.0,1522.0,106.0,0.9348894348894349,8,0.0273972602739726,0.9726027397260274,102.8013698630137,226.0,18.50656272902925,13,1589.0,30018.0,28.49654000053667,13.0,142.48270000268334,15.74100015163422,57.23754015217089,62.96400060653688,104.46054060707354,188.89200181961064,230.3885418201473,B_SARIMA
1,HOUSEHOLD_1_114_CA_3,high,regular,SARIMA,gaussian,14,0.98,7,3,292,941.0,933.0,8.0,0.9914984059511158,3,0.010273972602739725,0.9897260273972602,82.98287671232876,228.0,14.054104246626224,8,1007.0,24231.0,11.269074989916527,8.0,56.345374949582634,0.5820000171661377,19.851075007082663,2.328000068664551,21.597075058581076,6.984000205993652,26.253075195910178,B_SARIMA
2,FOODS_3_784_CA_3,medium,intermittent,SARIMA,gaussian,14,0.98,3,0,292,213.0,213.0,0.0,1.0,0,0.0,1.0,60.79794520547945,108.0,4.379259843406748,4,329.0,17753.0,8.511712328767123,4.0,42.55856164383561,0.0,12.511712328767123,0.0,12.511712328767123,0.0,12.511712328767123,B_SARIMA
3,HOUSEHOLD_2_270_CA_3,medium,intermittent,SARIMA,gaussian,14,0.98,5,2,292,118.0,115.0,3.0,0.9745762711864406,2,0.00684931506849315,0.9931506849315068,21.383561643835616,47.0,6.722453555413197,6,175.0,6244.0,17.48320045680216,6.0,87.41600228401079,1.3140000343322755,24.797200491134433,5.256000137329102,28.739200594131262,15.768000411987305,39.25120086878947,B_SARIMA
4,HOBBIES_1_377_CA_3,low,intermittent,SARIMA,gaussian,14,0.98,7,0,292,92.0,92.0,0.0,1.0,0,0.0,1.0,10.657534246575343,19.0,10.790488431876605,7,96.0,3112.0,14.890706166306586,7.0,74.45353083153294,0.0,21.890706166306586,0.0,21.890706166306586,0.0,21.890706166306586,B_SARIMA
5,HOUSEHOLD_2_228_CA_3,low,intermittent,SARIMA,gaussian,14,0.98,6,0,292,112.0,112.0,0.0,1.0,0,0.0,1.0,17.59246575342466,30.0,7.957952112127701,6,119.0,5137.0,13.472309757226133,6.0,67.36154878613067,0.0,19.472309757226135,0.0,19.472309757226135,0.0,19.472309757226135,B_SARIMA
6,FOODS_2_347_TX_2,high,regular,SARIMA,gaussian,14,0.98,12,4,292,1785.0,1478.0,307.0,0.8280112044817927,18,0.06164383561643835,0.9383561643835616,84.6472602739726,214.0,21.825868835214628,13,1499.0,24717.0,21.094096921225113,13.0,105.47048460612557,40.98449934124948,75.0785962624746,163.93799736499793,198.03209428622304,491.81399209499375,525.9080890162188,B_SARIMA
7,HOUSEHOLD_1_247_TX_2,high,regular,SARIMA,gaussian,14,0.98,9,3,292,1273.0,1261.0,12.0,0.99057344854674,4,0.0136986301369863,0.9863013698630136,68.85616438356165,145.0,22.891922809111705,10,1285.0,20106.0,9.350667399086365,10.0,46.75333699543182,0.8730000257492065,20.223667424835572,3.492000102996826,22.84266750208319,10.476000308990479,29.826667708076844,B_SARIMA
8,FOODS_3_729_TX_2,medium,intermittent,SARIMA,gaussian,14,0.98,6,0,292,224.0,224.0,0.0,1.0,0,0.0,1.0,37.50342465753425,62.0,7.46598484156698,6,250.0,10951.0,20.89690831932303,6.0,104.48454159661514,0.0,26.89690831932303,0.0,26.89690831932303,0.0,26.89690831932303,B_SARIMA
9,HOBBIES_1_034_TX_2,medium,intermittent,SARIMA,gaussian,14,0.98,9,0,292,281.0,281.0,0.0,1.0,0,0.0,1.0,29.09931506849315,59.0,12.070730846181005,9,297.0,8497.0,18.984392529056496,9.0,94.92196264528248,0.0,27.984392529056496,0.0,27.984392529056496,0.0,27.984392529056496,B_SARIMA
10,FOODS_2_196_TX_2,low,intermittent,SARIMA,gaussian,14,0.98,6,0,292,165.0,165.0,0.0,1.0,0,0.0,1.0,27.078767123287673,45.0,7.616668774503604,7,203.0,7907.0,14.936648162129806,7.0,74.68324081064904,0.0,21.936648162129806,0.0,21.936648162129806,0.0,21.936648162129806,B_SARIMA
11,HOUSEHOLD_2_315_TX_2,low,intermittent,SARIMA,gaussian,14,0.98,7,0,292,122.0,122.0,0.0,1.0,0,0.0,1.0,11.506849315068493,21.0,13.252976190476192,8,132.0,3360.0,12.356054917426958,8.0,61.780274587134784,0.0,20.35605491742696,0.0,20.35605491742696,0.0,20.35605491742696,B_SARIMA
12,FOODS_2_056_WI_3,high,intermittent,SARIMA,gaussian,14,0.98,18,0,292,1064.0,1064.0,0.0,1.0,0,0.0,1.0,68.47602739726027,118.0,19.422855713928485,19,1100.0,19995.0,66.91477415545346,19.0,334.57387077726725,0.0,85.91477415545346,0.0,85.91477415545346,0.0,85.91477415545346,B_SARIMA
13,HOBBIES_1_312_WI_3,high,intermittent,SARIMA,gaussian,14,0.98,6,0,292,799.0,799.0,0.0,1.0,0,0.0,1.0,103.11301369863014,218.0,9.685974293400644,6,917.0,30109.0,8.228418389897639,6.0,41.142091949488204,0.0,14.228418389897639,0.0,14.228418389897639,0.0,14.228418389897639,B_SARIMA
14,FOODS_3_128_WI_3,medium,intermittent,SARIMA,gaussian,14,0.98,4,1,292,156.0,149.0,7.0,0.9551282051282052,4,0.0136986301369863,0.9863013698630136,39.71232876712329,65.0,4.689979303208004,4,164.0,11596.0,16.567983667687194,4.0,82.83991833843596,1.5645000100135806,22.132483677700776,6.2580000400543225,26.825983707741518,18.774000120162967,39.34198378785016,B_SARIMA
15,HOBBIES_1_036_WI_3,medium,intermittent,SARIMA,gaussian,14,0.98,4,0,292,242.0,242.0,0.0,1.0,0,0.0,1.0,36.59931506849315,72.0,8.265181996818566,5,297.0,10687.0,5.738772627172405,5.0,28.693863135862017,0.0,10.738772627172406,0.0,10.738772627172406,0.0,10.738772627172406,B_SARIMA
16,FOODS_3_520_WI_3,low,intermittent,SARIMA,gaussian,14,0.98,9,1,292,206.0,205.0,1.0,0.9951456310679612,1,0.003424657534246575,0.9965753424657534,15.397260273972602,35.0,16.642571174377224,9,226.0,4496.0,8.579353465772655,9.0,42.89676732886327,0.2985000014305115,17.877853467203167,1.194000005722046,18.7733534714947,3.5820000171661377,21.161353482938793,B_SARIMA
17,HOUSEHOLD_1_464_WI_3,low,intermittent,SARIMA,gaussian,14,0.98,5,0,292,49.0,49.0,0.0,1.0,0,0.0,1.0,10.013698630136986,16.0,6.116621067031464,5,56.0,2924.0,13.276162018188057,5.0,66.38081009094029,0.0,18.276162018188057,0.0,18.276162018188057,0.0,18.276162018188057,B_SARIMA
0,FOODS_3_449_CA_3,high,regular,SARIMA,empirical,3,0.9,13,5,292,1628.0,1571.0,57.0,0.964987714987715,7,0.023972602739726026,0.976027397260274,62.4486301369863,142.0,31.445845900740334,13,1574.0,18235.0,17.310760440728433,13.0,86.55380220364218,8.464500081539155,38.77526052226759,33.85800032615662,64.16876076688506,101.57400097846987,131.8847614191983,B_SARIMA
1,HOUSEHOLD_1_114_CA_3,high,regular,SARIMA,empirical,3,0.9,7,5,292,941.0,909.0,32.0,0.9659936238044633,7,0.023972602739726026,0.976027397260274,64.79452054794521,170.0,17.53620507399577,7,951.0,18920.0,8.799096149941013,7.0,43.995480749705074,2.328000068664551,18.127096218605566,9.312000274658203,25.111096424599218,27.93600082397461,43.735096973915624,B_SARIMA
2,FOODS_3_784_CA_3,medium,intermittent,SARIMA,empirical,3,0.9,3,0,292,213.0,212.0,1.0,0.9953051643192489,1,0.003424657534246575,0.9965753424657534,36.90068493150685,101.0,7.181438515081206,4,289.0,10775.0,5.166095890410959,4.0,25.830479452054796,0.07500000000000001,9.241095890410957,0.30000000000000004,9.466095890410958,0.9000000000000001,10.066095890410958,B_SARIMA
3,HOUSEHOLD_2_270_CA_3,medium,intermittent,SARIMA,empirical,3,0.9,5,1,292,118.0,116.0,2.0,0.9830508474576272,1,0.003424657534246575,0.9965753424657534,12.523972602739725,33.0,11.57779600765655,5,132.0,3657.0,10.239600267540919,5.0,51.19800133770459,0.8760000228881837,16.115600290429104,3.5040000915527347,18.743600359093655,10.512000274658204,25.75160054219912,B_SARIMA
4,HOBBIES_1_377_CA_3,low,intermittent,SARIMA,empirical,3,0.9,7,1,292,92.0,90.0,2.0,0.9782608695652174,1,0.003424657534246575,0.9965753424657534,8.044520547945206,15.0,13.984674329501916,7,91.0,2349.0,11.239803594040543,7.0,56.19901797020272,1.4969999313354494,19.736803525375993,5.987999725341798,24.227803319382343,17.963999176025393,36.203802770065934,B_SARIMA
5,HOUSEHOLD_2_228_CA_3,low,intermittent,SARIMA,empirical,3,0.9,5,2,292,112.0,103.0,9.0,0.9196428571428571,5,0.017123287671232876,0.9828767123287672,12.0,23.0,10.729166666666666,5,104.0,3504.0,9.189599647521973,5.0,45.94799823760986,3.692249858379365,17.88184950590134,14.76899943351746,28.95859908103943,44.30699830055238,58.49659794807435,B_SARIMA
6,FOODS_2_347_TX_2,high,regular,SARIMA,empirical,3,0.9,14,4,292,1785.0,1651.0,134.0,0.9249299719887956,9,0.030821917808219176,0.9691780821917808,60.74657534246575,150.0,33.97310858044875,14,1627.0,17738.0,15.138046332026178,14.0,75.69023166013089,17.8889997124672,47.027046044493375,71.5559988498688,100.69404518189498,214.66799654960639,243.80604288163255,B_SARIMA
7,HOUSEHOLD_1_247_TX_2,high,regular,SARIMA,empirical,3,0.9,10,4,292,1273.0,1260.0,13.0,0.9897879025923016,5,0.017123287671232876,0.9828767123287672,64.17123287671232,129.0,24.543707973102787,10,1272.0,18738.0,8.714453681691053,10.0,43.57226840845526,0.9457500278949738,19.66020370958603,3.783000111579895,22.49745379327095,11.349000334739685,30.06345401643074,B_SARIMA
8,FOODS_3_729_TX_2,medium,intermittent,SARIMA,empirical,3,0.9,6,0,292,224.0,224.0,0.0,1.0,0,0.0,1.0,24.914383561643834,46.0,11.238487972508592,6,241.0,7275.0,13.882294587076526,6.0,69.41147293538263,0.0,19.882294587076526,0.0,19.882294587076526,0.0,19.882294587076526,B_SARIMA
9,HOBBIES_1_034_TX_2,medium,intermittent,SARIMA,empirical,3,0.9,8,2,292,281.0,279.0,2.0,0.9928825622775801,2,0.00684931506849315,0.9931506849315068,18.40068493150685,36.0,18.953098827470686,9,297.0,5373.0,12.004606456234029,9.0,60.023032281170146,0.6989999771118165,21.703606433345847,2.795999908447266,23.800606364681293,8.387999725341798,29.39260618157583,B_SARIMA
10,FOODS_2_196_TX_2,low,intermittent,SARIMA,empirical,3,0.9,6,1,292,165.0,164.0,1.0,0.9939393939393939,1,0.003424657534246575,0.9965753424657534,15.729452054794521,32.0,13.032876115828435,6,165.0,4593.0,8.676365879431163,6.0,43.38182939715581,0.29550000429153445,14.971865883722698,1.1820000171661378,15.8583658965973,3.5460000514984134,18.222365930929577,B_SARIMA
11,HOUSEHOLD_2_315_TX_2,low,intermittent,SARIMA,empirical,3,0.9,7,0,292,122.0,122.0,0.0,1.0,0,0.0,1.0,9.571917808219178,19.0,15.932021466905189,8,133.0,2795.0,10.278325444704866,8.0,51.391627223524324,0.0,18.278325444704866,0.0,18.278325444704866,0.0,18.278325444704866,B_SARIMA
12,FOODS_2_056_WI_3,high,intermittent,SARIMA,empirical,3,0.9,18,2,292,1064.0,1059.0,5.0,0.9953007518796992,2,0.00684931506849315,0.9931506849315068,37.31849315068493,71.0,35.471689455813525,18,1055.0,10897.0,36.46763160650044,18.0,182.33815803250218,2.617500007152558,57.085131613653,10.470000028610231,64.93763163511068,31.410000085830696,85.87763169233114,B_SARIMA
13,HOBBIES_1_312_WI_3,high,intermittent,SARIMA,empirical,3,0.9,6,3,292,799.0,781.0,18.0,0.9774718397997497,4,0.0136986301369863,0.9863013698630136,76.61301369863014,168.0,12.742613204595234,6,868.0,22371.0,6.113718416433628,6.0,30.56859208216814,0.7694999903440476,12.883218406777676,3.0779999613761904,15.191718377809817,9.233999884128572,21.3477183005622,B_SARIMA
14,FOODS_3_128_WI_3,medium,intermittent,SARIMA,empirical,3,0.9,4,0,292,156.0,156.0,0.0,1.0,0,0.0,1.0,25.647260273972602,52.0,7.60315128855655,4,154.0,7489.0,10.700037054786943,4.0,53.50018527393471,0.0,14.700037054786943,0.0,14.700037054786943,0.0,14.700037054786943,B_SARIMA
15,HOBBIES_1_036_WI_3,medium,intermittent,SARIMA,empirical,3,0.9,4,1,292,242.0,236.0,6.0,0.9752066115702479,4,0.0136986301369863,0.9863013698630136,33.43493150684932,63.0,8.823107651336679,4,240.0,9763.0,5.242597282594197,4.0,26.212986412970984,0.5040000021457673,9.746597284739964,2.0160000085830694,11.258597291177267,6.048000025749208,15.290597308343404,B_SARIMA
16,FOODS_3_520_WI_3,low,intermittent,SARIMA,empirical,3,0.9,8,4,292,206.0,200.0,6.0,0.970873786407767,5,0.017123287671232876,0.9828767123287672,13.592465753424657,31.0,18.392542202066014,8,204.0,3969.0,7.573721954104018,8.0,37.86860977052009,1.7910000085830688,17.364721962687085,7.164000034332275,22.73772198843629,21.492000102996826,37.06572205710084,B_SARIMA
17,HOUSEHOLD_1_464_WI_3,low,intermittent,SARIMA,empirical,3,0.9,5,0,292,49.0,49.0,0.0,1.0,0,0.0,1.0,6.917808219178082,13.0,8.853960396039604,5,53.0,2020.0,9.171630395601873,5.0,45.85815197800937,0.0,14.171630395601873,0.0,14.171630395601873,0.0,14.171630395601873,B_SARIMA
0,FOODS_3_449_CA_3,high,regular,SARIMA,empirical,3,0.95,13,2,292,1628.0,1576.0,52.0,0.9680589680589681,4,0.0136986301369863,0.9863013698630136,65.82191780821918,137.0,29.92924037460978,13,1548.0,19220.0,18.245835792201838,13.0,91.2291789610092,7.722000074386599,38.96783586658844,30.888000297546395,62.13383608974823,92.66400089263918,123.90983668484103,B_SARIMA
1,HOUSEHOLD_1_114_CA_3,high,regular,SARIMA,empirical,3,0.95,7,1,292,941.0,934.0,7.0,0.9925611052072264,1,0.003424657534246575,0.9965753424657534,67.88356164383562,169.0,17.198567248511754,7,933.0,19822.0,9.218587943135876,7.0,46.09293971567938,0.5092500150203705,16.727837958156247,2.037000060081482,18.25558800321736,6.111000180244446,22.329588123380322,B_SARIMA
2,FOODS_3_784_CA_3,medium,intermittent,SARIMA,empirical,3,0.95,3,0,292,213.0,213.0,0.0,1.0,0,0.0,1.0,37.821917808219176,102.0,7.039568996740312,4,290.0,11044.0,5.295068493150685,4.0,26.47534246575342,0.0,9.295068493150685,0.0,9.295068493150685,0.0,9.295068493150685,B_SARIMA
3,HOUSEHOLD_2_270_CA_3,medium,intermittent,SARIMA,empirical,3,0.95,5,2,292,118.0,115.0,3.0,0.9745762711864406,2,0.00684931506849315,0.9931506849315068,12.431506849315069,33.0,11.5633608815427,5,132.0,3630.0,10.164000265565637,5.0,50.82000132782818,1.3140000343322755,16.47800029989791,5.256000137329102,20.42000040289474,15.768000411987305,30.932000677552942,B_SARIMA
4,HOBBIES_1_377_CA_3,low,intermittent,SARIMA,empirical,3,0.95,7,1,292,92.0,90.0,2.0,0.9782608695652174,1,0.003424657534246575,0.9965753424657534,8.48972602739726,15.0,13.251311012505042,7,91.0,2479.0,11.86184466139911,7.0,59.30922330699555,1.4969999313354494,20.35884459273456,5.987999725341798,24.84984438674091,17.963999176025393,36.8258438374245,B_SARIMA
5,HOUSEHOLD_2_228_CA_3,low,intermittent,SARIMA,empirical,3,0.95,5,2,292,112.0,105.0,7.0,0.9375,4,0.0136986301369863,0.9863013698630136,12.952054794520548,24.0,10.133527234267584,5,107.0,3782.0,9.918683181200942,5.0,49.5934159060047,2.871749889850617,17.79043307105156,11.486999559402468,26.40568274060341,34.4609986782074,49.37968185940834,B_SARIMA
6,FOODS_2_347_TX_2,high,regular,SARIMA,empirical,3,0.95,14,5,292,1785.0,1656.0,129.0,0.9277310924369748,10,0.03424657534246575,0.9657534246575342,62.294520547945204,152.0,33.229246838922485,14,1632.0,18190.0,15.52379427103147,14.0,77.61897135515734,17.221499723196036,46.74529399422751,68.88599889278414,98.4097931638156,206.65799667835242,236.1817909493839,B_SARIMA
7,HOUSEHOLD_1_247_TX_2,high,regular,SARIMA,empirical,3,0.95,10,3,292,1273.0,1268.0,5.0,0.9960722702278083,3,0.010273972602739725,0.9897260273972602,65.77054794520548,132.0,24.09893256964332,10,1279.0,19205.0,8.93164067439837,10.0,44.65820337199185,0.36375001072883606,19.295390685127206,1.4550000429153442,20.386640717313714,4.365000128746033,23.296640803144403,B_SARIMA
8,FOODS_3_729_TX_2,medium,intermittent,SARIMA,empirical,3,0.95,6,0,292,224.0,224.0,0.0,1.0,0,0.0,1.0,25.72945205479452,47.0,10.882470384666577,6,242.0,7513.0,14.336450753636555,6.0,71.68225376818278,0.0,20.336450753636555,0.0,20.336450753636555,0.0,20.336450753636555,B_SARIMA
9,HOBBIES_1_034_TX_2,medium,intermittent,SARIMA,empirical,3,0.95,9,1,292,281.0,280.0,1.0,0.99644128113879,1,0.003424657534246575,0.9965753424657534,18.51027397260274,38.0,18.908418131359852,9,279.0,5405.0,12.076102344303914,9.0,60.38051172151957,0.34949998855590825,21.42560233285982,1.397999954223633,22.474102298527544,4.193999862670899,25.270102206974812,B_SARIMA
10,FOODS_2_196_TX_2,low,intermittent,SARIMA,empirical,3,0.95,6,0,292,165.0,165.0,0.0,1.0,0,0.0,1.0,17.26027397260274,33.0,11.949404761904763,6,167.0,5040.0,9.520767261557383,6.0,47.60383630778691,0.0,15.520767261557383,0.0,15.520767261557383,0.0,15.520767261557383,B_SARIMA
11,HOUSEHOLD_2_315_TX_2,low,intermittent,SARIMA,empirical,3,0.95,8,1,292,122.0,121.0,1.0,0.9918032786885246,1,0.003424657534246575,0.9965753424657534,9.996575342465754,19.0,15.13018156903049,8,130.0,2919.0,10.73432270951467,8.0,53.67161354757335,0.575250005722046,19.30957271523672,2.301000022888184,21.035322732402854,6.903000068664552,25.637322778179225,B_SARIMA
12,FOODS_2_056_WI_3,high,intermittent,SARIMA,empirical,3,0.95,18,1,292,1064.0,1062.0,2.0,0.9981203007518797,1,0.003424657534246575,0.9965753424657534,39.68493150684932,74.0,33.45098377632033,18,1060.0,11588.0,38.78011517446335,18.0,193.90057587231675,1.0470000028610231,57.82711517732437,4.1880000114440925,60.968115185907436,12.564000034332278,69.34411520879563,B_SARIMA
13,HOBBIES_1_312_WI_3,high,intermittent,SARIMA,empirical,3,0.95,6,2,292,799.0,791.0,8.0,0.9899874843554443,2,0.00684931506849315,0.9931506849315068,79.92808219178082,180.0,12.370495736749646,6,872.0,23339.0,6.378260878867482,6.0,31.891304394337407,0.3419999957084656,12.72026087457595,1.3679999828338625,13.746260861701344,4.1039999485015874,16.48226082736907,B_SARIMA
14,FOODS_3_128_WI_3,medium,intermittent,SARIMA,empirical,3,0.95,4,0,292,156.0,156.0,0.0,1.0,0,0.0,1.0,26.565068493150687,53.0,7.340466675261054,4,155.0,7757.0,11.08294664627885,4.0,55.41473323139426,0.0,15.08294664627885,0.0,15.08294664627885,0.0,15.08294664627885,B_SARIMA
15,HOBBIES_1_036_WI_3,medium,intermittent,SARIMA,empirical,3,0.95,4,1,292,242.0,237.0,5.0,0.9793388429752066,4,0.0136986301369863,0.9863013698630136,34.63013698630137,65.0,8.5546875,4,243.0,10112.0,5.4300055025701655,4.0,27.150027512850826,0.42000000178813945,9.850005504358304,1.6800000071525578,11.110005509722722,5.040000021457674,14.470005524027838,B_SARIMA
16,FOODS_3_520_WI_3,low,intermittent,SARIMA,empirical,3,0.95,9,1,292,206.0,205.0,1.0,0.9951456310679612,1,0.003424657534246575,0.9965753424657534,13.75,32.0,18.636363636363637,9,225.0,4015.0,7.661500036716461,9.0,38.307500183582306,0.2985000014305115,16.960000038146973,1.194000005722046,17.855500042438507,3.5820000171661377,20.2435000538826,B_SARIMA
17,HOUSEHOLD_1_464_WI_3,low,intermittent,SARIMA,empirical,3,0.95,5,1,292,49.0,48.0,1.0,0.9795918367346939,1,0.003424657534246575,0.9965753424657534,7.167808219178082,13.0,8.370759675107502,5,52.0,2093.0,9.50308040494788,5.0,47.51540202473941,0.7102500200271606,15.213330424975041,2.8410000801086426,17.344080485056523,8.523000240325928,23.026080645273808,B_SARIMA
0,FOODS_3_449_CA_3,high,regular,SARIMA,empirical,3,0.98,13,2,292,1628.0,1597.0,31.0,0.980958230958231,3,0.010273972602739725,0.9897260273972602,69.10616438356165,145.0,28.886713910501015,13,1610.0,20179.0,19.156228951656654,13.0,95.78114475828328,4.603500044345857,36.759728996002515,18.41400017738343,50.57022912904009,55.24200053215028,87.39822948380694,B_SARIMA
1,HOUSEHOLD_1_114_CA_3,high,regular,SARIMA,empirical,3,0.98,7,0,292,941.0,941.0,0.0,1.0,0,0.0,1.0,70.58219178082192,171.0,16.664968461911695,8,1060.0,20610.0,9.585061926547795,8.0,47.92530963273897,0.0,17.585061926547795,0.0,17.585061926547795,0.0,17.585061926547795,B_SARIMA
2,FOODS_3_784_CA_3,medium,intermittent,SARIMA,empirical,3,0.98,3,0,292,213.0,213.0,0.0,1.0,0,0.0,1.0,46.00342465753425,90.0,5.787612595846051,4,304.0,13433.0,6.440479452054794,4.0,32.20239726027397,0.0,10.440479452054795,0.0,10.440479452054795,0.0,10.440479452054795,B_SARIMA
3,HOUSEHOLD_2_270_CA_3,medium,intermittent,SARIMA,empirical,3,0.98,5,1,292,118.0,117.0,1.0,0.9915254237288136,1,0.003424657534246575,0.9965753424657534,13.965753424657533,35.0,10.47204512015694,5,134.0,4078.0,11.41840029834068,5.0,57.09200149170339,0.43800001144409184,16.85640030978477,1.7520000457763674,18.170400344117045,5.256000137329102,21.67440043566978,B_SARIMA
4,HOBBIES_1_377_CA_3,low,intermittent,SARIMA,empirical,3,0.98,7,1,292,92.0,90.0,2.0,0.9782608695652174,1,0.003424657534246575,0.9965753424657534,9.113013698630137,16.0,12.344983089064261,7,91.0,2661.0,12.732702155701102,7.0,63.663510778505504,1.4969999313354494,21.22970208703655,5.987999725341798,25.7207018810429,17.963999176025393,37.696701331726494,B_SARIMA
5,HOUSEHOLD_2_228_CA_3,low,intermittent,SARIMA,empirical,3,0.98,6,0,292,112.0,112.0,0.0,1.0,0,0.0,1.0,11.561643835616438,23.0,12.109004739336493,6,115.0,3376.0,8.853906509712951,6.0,44.26953254856475,0.0,14.853906509712951,0.0,14.853906509712951,0.0,14.853906509712951,B_SARIMA
6,FOODS_2_347_TX_2,high,regular,SARIMA,empirical,3,0.98,14,3,292,1785.0,1662.0,123.0,0.9310924369747899,8,0.0273972602739726,0.9726027397260274,64.26027397260275,154.0,32.32946066936687,14,1639.0,18764.0,16.013660016582435,14.0,80.06830008291217,16.42049973607064,46.43415975265307,65.68199894428255,95.69565896086499,197.04599683284766,227.0596568494301,B_SARIMA
7,HOUSEHOLD_1_247_TX_2,high,regular,SARIMA,empirical,3,0.98,10,1,292,1273.0,1266.0,7.0,0.9945011783189317,2,0.00684931506849315,0.9931506849315068,67.86301369863014,139.0,23.31903512313282,10,1276.0,19816.0,9.215797532094669,10.0,46.078987660473345,0.5092500150203705,19.72504754711504,2.037000060081482,21.25279759217615,6.111000180244446,25.326797712339115,B_SARIMA
8,FOODS_3_729_TX_2,medium,intermittent,SARIMA,empirical,3,0.98,6,0,292,224.0,224.0,0.0,1.0,0,0.0,1.0,27.22945205479452,48.0,10.282983272544334,6,239.0,7951.0,15.172250757641988,6.0,75.86125378820994,0.0,21.17225075764199,0.0,21.17225075764199,0.0,21.17225075764199,B_SARIMA
9,HOBBIES_1_034_TX_2,medium,intermittent,SARIMA,empirical,3,0.98,9,1,292,281.0,279.0,2.0,0.9928825622775801,1,0.003424657534246575,0.9965753424657534,19.476027397260275,40.0,17.90662915421136,9,277.0,5687.0,12.70615985791977,9.0,63.53079928959885,0.6989999771118165,22.40515983503159,2.795999908447266,24.502159766367036,8.387999725341798,30.094159583261572,B_SARIMA
10,FOODS_2_196_TX_2,low,intermittent,SARIMA,empirical,3,0.98,6,0,292,165.0,165.0,0.0,1.0,0,0.0,1.0,17.982876712328768,34.0,11.46924395353266,6,168.0,5251.0,9.919354938578932,6.0,49.59677469289466,0.0,15.919354938578932,0.0,15.919354938578932,0.0,15.919354938578932,B_SARIMA
11,HOUSEHOLD_2_315_TX_2,low,intermittent,SARIMA,empirical,3,0.98,8,0,292,122.0,122.0,0.0,1.0,0,0.0,1.0,10.962328767123287,20.0,13.911277725710717,8,131.0,3201.0,11.77134874722729,8.0,58.856743736136444,0.0,19.77134874722729,0.0,19.77134874722729,0.0,19.77134874722729,B_SARIMA
12,FOODS_2_056_WI_3,high,intermittent,SARIMA,empirical,3,0.98,18,0,292,1064.0,1064.0,0.0,1.0,0,0.0,1.0,41.79109589041096,76.0,31.824961075145456,18,1064.0,12203.0,40.83825901570385,18.0,204.19129507851926,0.0,58.83825901570385,0.0,58.83825901570385,0.0,58.83825901570385,B_SARIMA
13,HOBBIES_1_312_WI_3,high,intermittent,SARIMA,empirical,3,0.98,6,0,292,799.0,799.0,0.0,1.0,0,0.0,1.0,91.42123287671232,178.0,10.924705000936505,6,870.0,26695.0,7.295414292016257,6.0,36.477071460081284,0.0,13.295414292016257,0.0,13.295414292016257,0.0,13.295414292016257,B_SARIMA
14,FOODS_3_128_WI_3,medium,intermittent,SARIMA,empirical,3,0.98,5,0,292,156.0,156.0,0.0,1.0,0,0.0,1.0,23.095890410958905,51.0,8.44306049822064,5,192.0,6744.0,9.635605541124736,5.0,48.17802770562368,0.0,14.635605541124736,0.0,14.635605541124736,0.0,14.635605541124736,B_SARIMA
15,HOBBIES_1_036_WI_3,medium,intermittent,SARIMA,empirical,3,0.98,5,0,292,242.0,242.0,0.0,1.0,0,0.0,1.0,35.39383561643836,66.0,8.546686018384131,5,288.0,10335.0,5.549753448285468,5.0,27.74876724142734,0.0,10.549753448285468,0.0,10.549753448285468,0.0,10.549753448285468,B_SARIMA
16,FOODS_3_520_WI_3,low,intermittent,SARIMA,empirical,3,0.98,9,1,292,206.0,205.0,1.0,0.9951456310679612,1,0.003424657534246575,0.9965753424657534,14.243150684931507,32.0,17.991103630680453,9,226.0,4159.0,7.936283599677151,9.0,39.681417998385754,0.2985000014305115,17.23478360110766,1.194000005722046,18.130283605399196,3.5820000171661377,20.518283616843288,B_SARIMA
17,HOUSEHOLD_1_464_WI_3,low,intermittent,SARIMA,empirical,3,0.98,5,0,292,49.0,49.0,0.0,1.0,0,0.0,1.0,7.695205479452055,14.0,7.959501557632399,5,54.0,2247.0,10.20230371233535,5.0,51.01151856167676,0.0,15.20230371233535,0.0,15.20230371233535,0.0,15.20230371233535,B_SARIMA
0,FOODS_3_449_CA_3,high,regular,SARIMA,empirical,7,0.9,12,3,292,1628.0,1556.0,72.0,0.9557739557739557,6,0.02054794520547945,0.9794520547945206,76.38698630136986,155.0,25.4624523649406,12,1510.0,22305.0,21.174472806714984,12.0,105.87236403357491,10.692000102996829,43.86647290971182,42.768000411987316,75.9424732187023,128.30400123596195,161.47847404267694,B_SARIMA
1,HOUSEHOLD_1_114_CA_3,high,regular,SARIMA,empirical,7,0.9,7,3,292,941.0,922.0,19.0,0.9798087141339001,4,0.0136986301369863,0.9863013698630136,72.79794520547945,191.0,15.83149080302959,7,934.0,21257.0,9.885961250491338,7.0,49.42980625245669,1.382250040769577,18.268211291260915,5.529000163078308,22.414961413569646,16.587000489234924,33.47296173972626,B_SARIMA
2,FOODS_3_784_CA_3,medium,intermittent,SARIMA,empirical,7,0.9,4,0,292,213.0,213.0,0.0,1.0,0,0.0,1.0,30.976027397260275,80.0,8.595356550580432,4,243.0,9045.0,4.336643835616439,4.0,21.68321917808219,0.0,8.336643835616439,0.0,8.336643835616439,0.0,8.336643835616439,B_SARIMA
3,HOUSEHOLD_2_270_CA_3,medium,intermittent,SARIMA,empirical,7,0.9,5,1,292,118.0,110.0,8.0,0.9322033898305084,3,0.010273972602739725,0.9897260273972602,13.763698630136986,40.0,9.990047275441652,5,131.0,4019.0,11.253200294024325,5.0,56.266001470121616,3.5040000915527347,19.757200385577057,14.016000366210939,30.269200660235263,42.04800109863282,58.30120139265714,B_SARIMA
4,HOBBIES_1_377_CA_3,low,intermittent,SARIMA,empirical,7,0.9,7,1,292,92.0,91.0,1.0,0.9891304347826086,1,0.003424657534246575,0.9965753424657534,9.16095890410959,17.0,12.416822429906542,7,92.0,2675.0,12.79969119372433,7.0,63.99845596862166,0.7484999656677247,20.548191159392054,2.993999862670899,22.793691056395225,8.981999588012696,28.781690781737026,B_SARIMA
5,HOUSEHOLD_2_228_CA_3,low,intermittent,SARIMA,empirical,7,0.9,5,2,292,112.0,106.0,6.0,0.9464285714285714,5,0.017123287671232876,0.9828767123287672,12.51027397260274,25.0,10.591294826170271,5,109.0,3653.0,9.580367440752786,5.0,47.90183720376393,2.461499905586243,17.04186734633903,9.845999622344973,24.426367063097757,29.53799886703492,44.1183663077877,B_SARIMA
6,FOODS_2_347_TX_2,high,regular,SARIMA,empirical,7,0.9,13,4,292,1785.0,1549.0,236.0,0.8677871148459384,18,0.06164383561643835,0.9383561643835616,67.24657534246575,167.0,28.793287838663684,13,1519.0,19636.0,16.75784630599087,13.0,83.78923152995434,31.50599949359895,61.26384579958982,126.0239979743958,155.78184428038668,378.0719939231874,407.8298402291783,B_SARIMA
7,HOUSEHOLD_1_247_TX_2,high,regular,SARIMA,empirical,7,0.9,10,5,292,1273.0,1261.0,12.0,0.99057344854674,6,0.02054794520547945,0.9794520547945206,63.102739726027394,131.0,24.979105611635735,10,1277.0,18426.0,8.569352307548261,10.0,42.84676153774131,0.8730000257492065,19.442352333297467,3.492000102996826,22.061352410545087,10.476000308990479,29.04535261653874,B_SARIMA
8,FOODS_3_729_TX_2,medium,intermittent,SARIMA,empirical,7,0.9,6,0,292,224.0,224.0,0.0,1.0,0,0.0,1.0,27.554794520547944,50.0,10.161570966940095,6,238.0,8046.0,15.353531580428553,6.0,76.76765790214277,0.0,21.35353158042855,0.0,21.35353158042855,0.0,21.35353158042855,B_SARIMA
9,HOBBIES_1_034_TX_2,medium,intermittent,SARIMA,empirical,7,0.9,9,2,292,281.0,273.0,8.0,0.9715302491103203,4,0.0136986301369863,0.9863013698630136,18.544520547945204,41.0,18.401662049861496,9,278.0,5415.0,12.098444809325752,9.0,60.49222404662876,2.795999908447266,23.89444471777302,11.183999633789064,32.28244444311481,33.55199890136719,54.65044371069294,B_SARIMA
10,FOODS_2_196_TX_2,low,intermittent,SARIMA,empirical,7,0.9,6,0,292,165.0,165.0,0.0,1.0,0,0.0,1.0,18.602739726027398,36.0,11.087076583210603,6,173.0,5432.0,10.261271381900736,6.0,51.30635690950368,0.0,16.261271381900734,0.0,16.261271381900734,0.0,16.261271381900734,B_SARIMA
11,HOUSEHOLD_2_315_TX_2,low,intermittent,SARIMA,empirical,7,0.9,7,2,292,122.0,120.0,2.0,0.9836065573770492,2,0.00684931506849315,0.9931506849315068,9.575342465753424,19.0,15.665236051502147,7,115.0,2796.0,10.282002842001718,7.0,51.41001421000859,1.150500011444092,18.432502853445808,4.602000045776368,21.884002887778085,13.806000137329104,31.08800297933082,B_SARIMA
12,FOODS_2_056_WI_3,high,intermittent,SARIMA,empirical,7,0.9,17,2,292,1064.0,1053.0,11.0,0.9896616541353384,3,0.010273972602739725,0.9897260273972602,45.81164383561644,84.0,28.73177842565598,18,1063.0,13377.0,44.767138478494665,18.0,223.83569239247333,5.758500015735628,68.5256384942303,23.03400006294251,85.80113854143718,69.10200018882753,131.8691386673222,B_SARIMA
13,HOBBIES_1_312_WI_3,high,intermittent,SARIMA,empirical,7,0.9,6,1,292,799.0,795.0,4.0,0.9949937421777222,2,0.00684931506849315,0.9931506849315068,83.8458904109589,185.0,11.852101458154639,6,882.0,24483.0,6.690901970834764,6.0,33.45450985417382,0.1709999978542328,12.861901968688997,0.6839999914169312,13.374901962251695,2.0519999742507937,14.742901945085558,B_SARIMA
14,FOODS_3_128_WI_3,medium,intermittent,SARIMA,empirical,7,0.9,4,3,292,156.0,151.0,5.0,0.967948717948718,3,0.010273972602739725,0.9897260273972602,29.866438356164384,55.0,6.319802774911133,4,155.0,8721.0,12.460278161943775,4.0,62.301390809718875,1.1175000071525576,17.577778169096334,4.47000002861023,20.930278190554006,13.410000085830692,29.87027824777447,B_SARIMA
15,HOBBIES_1_036_WI_3,medium,intermittent,SARIMA,empirical,7,0.9,4,1,292,242.0,236.0,6.0,0.9752066115702479,3,0.010273972602739725,0.9897260273972602,32.886986301369866,69.0,8.970113506195979,5,289.0,9603.0,5.156679474009226,5.0,25.78339737004613,0.5040000021457673,10.660679476154995,2.0160000085830694,12.172679482592297,6.048000025749208,16.204679499758434,B_SARIMA
16,FOODS_3_520_WI_3,low,intermittent,SARIMA,empirical,7,0.9,8,3,292,206.0,199.0,7.0,0.9660194174757282,3,0.010273972602739725,0.9897260273972602,13.825342465753424,31.0,17.99232103046817,8,203.0,4037.0,7.703480858835455,8.0,38.517404294177275,2.0895000100135803,17.792980868849035,8.358000040054321,24.061480898889776,25.074000120162964,40.77748097899842,B_SARIMA
17,HOUSEHOLD_1_464_WI_3,low,intermittent,SARIMA,empirical,7,0.9,5,0,292,49.0,49.0,0.0,1.0,0,0.0,1.0,6.993150684931507,13.0,8.758570029382957,5,53.0,2042.0,9.271519439514368,5.0,46.35759719757185,0.0,14.271519439514368,0.0,14.271519439514368,0.0,14.271519439514368,B_SARIMA
0,FOODS_3_449_CA_3,high,regular,SARIMA,empirical,7,0.95,12,2,292,1628.0,1567.0,61.0,0.9625307125307125,5,0.017123287671232876,0.9828767123287672,79.6917808219178,160.0,24.579071766222604,12,1525.0,23270.0,22.090561856635627,12.0,110.45280928317813,9.058500087261201,43.14906194389683,36.234000349044805,70.32456220568044,108.70200104713443,142.79256290377006,B_SARIMA
1,HOUSEHOLD_1_114_CA_3,high,regular,SARIMA,empirical,7,0.95,7,1,292,941.0,936.0,5.0,0.9946865037194474,1,0.003424657534246575,0.9965753424657534,76.52054794520548,179.0,15.29001074113856,7,935.0,22344.0,10.391490717456765,7.0,51.95745358728383,0.36375001072883606,17.7552407281856,1.4550000429153442,18.84649076037211,4.365000128746033,21.756490846202798,B_SARIMA
2,FOODS_3_784_CA_3,medium,intermittent,SARIMA,empirical,7,0.95,4,0,292,213.0,213.0,0.0,1.0,0,0.0,1.0,36.113013698630134,102.0,7.372688477951637,4,263.0,10545.0,5.0558219178082195,4.0,25.27910958904109,0.0,9.05582191780822,0.0,9.05582191780822,0.0,9.05582191780822,B_SARIMA
3,HOUSEHOLD_2_270_CA_3,medium,intermittent,SARIMA,empirical,7,0.95,5,1,292,118.0,111.0,7.0,0.940677966101695,2,0.00684931506849315,0.9931506849315068,14.311643835616438,36.0,9.694903086862887,5,126.0,4179.0,11.701200305729696,5.0,58.506001528648476,3.066000080108643,19.76720038583834,12.264000320434572,28.96520062616427,36.792000961303714,53.49320126703341,B_SARIMA
4,HOBBIES_1_377_CA_3,low,intermittent,SARIMA,empirical,7,0.95,7,1,292,92.0,91.0,1.0,0.9891304347826086,1,0.003424657534246575,0.9965753424657534,9.284246575342467,17.0,12.251936554776835,7,93.0,2711.0,12.97194872006978,7.0,64.8597436003489,0.7484999656677247,20.720448685737505,2.993999862670899,22.96594858274068,8.981999588012696,28.953948308082474,B_SARIMA
5,HOUSEHOLD_2_228_CA_3,low,intermittent,SARIMA,empirical,7,0.95,6,0,292,112.0,112.0,0.0,1.0,0,0.0,1.0,14.075342465753424,26.0,9.94647201946472,6,116.0,4110.0,10.77889684683656,6.0,53.8944842341828,0.0,16.77889684683656,0.0,16.77889684683656,0.0,16.77889684683656,B_SARIMA
6,FOODS_2_347_TX_2,high,regular,SARIMA,empirical,7,0.95,13,4,292,1785.0,1560.0,225.0,0.8739495798319328,17,0.05821917808219178,0.9417808219178082,69.53082191780823,166.0,28.04511648524848,13,1529.0,20303.0,17.327080543416816,13.0,86.63540271708409,30.037499517202388,60.364580060619204,120.14999806880955,150.47707861222636,360.44999420642864,390.77707474984544,B_SARIMA
7,HOUSEHOLD_1_247_TX_2,high,regular,SARIMA,empirical,7,0.95,10,5,292,1273.0,1261.0,12.0,0.99057344854674,5,0.017123287671232876,0.9828767123287672,65.1472602739726,136.0,24.195184776323398,10,1272.0,19023.0,8.84699820614841,10.0,44.234991030742044,0.8730000257492065,19.719998231897616,3.492000102996826,22.338998309145236,10.476000308990479,29.322998515138888,B_SARIMA
8,FOODS_3_729_TX_2,medium,intermittent,SARIMA,empirical,7,0.95,6,0,292,224.0,224.0,0.0,1.0,0,0.0,1.0,30.03082191780822,52.0,9.323754133880717,6,240.0,8769.0,16.733174052793686,6.0,83.66587026396843,0.0,22.733174052793686,0.0,22.733174052793686,0.0,22.733174052793686,B_SARIMA
9,HOBBIES_1_034_TX_2,medium,intermittent,SARIMA,empirical,7,0.95,9,3,292,281.0,273.0,8.0,0.9715302491103203,4,0.0136986301369863,0.9863013698630136,20.356164383561644,43.0,16.763963660834456,9,280.0,5944.0,13.280361208981029,9.0,66.40180604490516,2.795999908447266,25.07636111742829,11.183999633789064,33.46436084277009,33.55199890136719,55.83236011034822,B_SARIMA
10,FOODS_2_196_TX_2,low,intermittent,SARIMA,empirical,7,0.95,6,0,292,165.0,165.0,0.0,1.0,0,0.0,1.0,19.85958904109589,37.0,10.385411277806519,6,175.0,5799.0,10.954549474160965,6.0,54.77274737080482,0.0,16.954549474160963,0.0,16.954549474160963,0.0,16.954549474160963,B_SARIMA
11,HOUSEHOLD_2_315_TX_2,low,intermittent,SARIMA,empirical,7,0.95,7,1,292,122.0,121.0,1.0,0.9918032786885246,1,0.003424657534246575,0.9965753424657534,9.92123287671233,20.0,15.245081118398343,8,132.0,2897.0,10.653419968983899,8.0,53.26709984491949,0.575250005722046,19.228669974705944,2.301000022888184,20.95441999187208,6.903000068664552,25.55642003764845,B_SARIMA
12,FOODS_2_056_WI_3,high,intermittent,SARIMA,empirical,7,0.95,18,1,292,1064.0,1058.0,6.0,0.9943609022556391,1,0.003424657534246575,0.9965753424657534,49.80821917808219,92.0,26.55184268426843,18,1070.0,14544.0,48.672591913824206,18.0,243.36295956912105,3.1410000085830694,69.81359192240727,12.564000034332278,79.23659194815649,37.69200010299683,104.36459201682104,B_SARIMA
13,HOBBIES_1_312_WI_3,high,intermittent,SARIMA,empirical,7,0.95,6,0,292,799.0,799.0,0.0,1.0,0,0.0,1.0,91.45205479452055,194.0,10.921023067705212,6,895.0,26704.0,7.297873881026489,6.0,36.48936940513245,0.0,13.29787388102649,0.0,13.29787388102649,0.0,13.29787388102649,B_SARIMA
14,FOODS_3_128_WI_3,medium,intermittent,SARIMA,empirical,7,0.95,5,0,292,156.0,156.0,0.0,1.0,0,0.0,1.0,27.291095890410958,54.0,7.145187601957586,5,197.0,7969.0,11.38584527835454,5.0,56.929226391772694,0.0,16.385845278354537,0.0,16.385845278354537,0.0,16.385845278354537,B_SARIMA
15,HOBBIES_1_036_WI_3,medium,intermittent,SARIMA,empirical,7,0.95,4,1,292,242.0,238.0,4.0,0.9834710743801653,3,0.010273972602739725,0.9897260273972602,34.544520547945204,71.0,8.612074947952811,5,294.0,10087.0,5.416580844978763,5.0,27.082904224893813,0.33600000143051156,10.752580846409275,1.3440000057220463,11.76058085070081,4.032000017166139,14.448580862144903,B_SARIMA
16,FOODS_3_520_WI_3,low,intermittent,SARIMA,empirical,7,0.95,9,1,292,206.0,205.0,1.0,0.9951456310679612,1,0.003424657534246575,0.9965753424657534,13.335616438356164,34.0,19.215459681561377,9,226.0,3894.0,7.430605515061992,9.0,37.15302757530996,0.2985000014305115,16.729105516492503,1.194000005722046,17.624605520784037,3.5820000171661377,20.01260553222813,B_SARIMA
17,HOUSEHOLD_1_464_WI_3,low,intermittent,SARIMA,empirical,7,0.95,5,0,292,49.0,49.0,0.0,1.0,0,0.0,1.0,8.41095890410959,15.0,7.282166123778501,5,54.0,2456.0,11.15124962950406,5.0,55.7562481475203,0.0,16.151249629504058,0.0,16.151249629504058,0.0,16.151249629504058,B_SARIMA
0,FOODS_3_449_CA_3,high,regular,SARIMA,empirical,7,0.98,12,1,292,1628.0,1565.0,63.0,0.9613022113022113,4,0.0136986301369863,0.9863013698630136,82.3013698630137,160.0,23.769349201065246,12,1526.0,24032.0,22.813939945795763,12.0,114.06969972897882,9.355500090122225,44.169440035917994,37.4220003604889,72.23594030628468,112.2660010814667,147.07994102726246,B_SARIMA
1,HOUSEHOLD_1_114_CA_3,high,regular,SARIMA,empirical,7,0.98,7,1,292,941.0,936.0,5.0,0.9946865037194474,1,0.003424657534246575,0.9965753424657534,80.73972602739725,184.0,14.491007804546998,7,941.0,23576.0,10.96445511791804,7.0,54.8222755895902,0.36375001072883606,18.32820512864688,1.4550000429153442,19.419455160833387,4.365000128746033,22.329455246664075,B_SARIMA
2,FOODS_3_784_CA_3,medium,intermittent,SARIMA,empirical,7,0.98,3,0,292,213.0,213.0,0.0,1.0,0,0.0,1.0,50.136986301369866,92.0,5.3104508196721305,4,314.0,14640.0,7.019178082191781,4.0,35.0958904109589,0.0,11.01917808219178,0.0,11.01917808219178,0.0,11.01917808219178,B_SARIMA
3,HOUSEHOLD_2_270_CA_3,medium,intermittent,SARIMA,empirical,7,0.98,5,1,292,118.0,114.0,4.0,0.9661016949152542,1,0.003424657534246575,0.9965753424657534,17.561643835616437,39.0,8.11427457098284,5,132.0,5128.0,14.358400375157187,5.0,71.79200187578593,1.7520000457763674,21.110400420933555,7.0080001831054695,26.366400558262658,21.02400054931641,40.3824009244736,B_SARIMA
4,HOBBIES_1_377_CA_3,low,intermittent,SARIMA,empirical,7,0.98,7,0,292,92.0,92.0,0.0,1.0,0,0.0,1.0,10.013698630136986,18.0,11.484268125854994,7,94.0,2924.0,13.991139084280352,7.0,69.95569542140176,0.0,20.991139084280352,0.0,20.991139084280352,0.0,20.991139084280352,B_SARIMA
5,HOUSEHOLD_2_228_CA_3,low,intermittent,SARIMA,empirical,7,0.98,6,0,292,112.0,112.0,0.0,1.0,0,0.0,1.0,15.527397260273972,27.0,9.0163211292457,6,116.0,4534.0,11.890880365828945,6.0,59.454401829144714,0.0,17.890880365828945,0.0,17.890880365828945,0.0,17.890880365828945,B_SARIMA
6,FOODS_2_347_TX_2,high,regular,SARIMA,empirical,7,0.98,13,3,292,1785.0,1564.0,221.0,0.8761904761904762,17,0.05821917808219178,0.9417808219178082,73.54452054794521,173.0,26.582537834691497,13,1534.0,21475.0,18.327294225970356,13.0,91.6364711298518,29.503499525785458,60.83079375175581,118.01399810314183,149.34129232911218,354.0419943094255,385.36928853539587,B_SARIMA
7,HOUSEHOLD_1_247_TX_2,high,regular,SARIMA,empirical,7,0.98,10,3,292,1273.0,1264.0,9.0,0.992930086410055,3,0.010273972602739725,0.9897260273972602,66.41095890410959,135.0,23.791254125412543,10,1281.0,19392.0,9.018608485182671,10.0,45.09304242591335,0.6547500193119049,19.673358504494576,2.6190000772476196,21.63760856243029,7.857000231742859,26.87560871692553,B_SARIMA
8,FOODS_3_729_TX_2,medium,intermittent,SARIMA,empirical,7,0.98,6,0,292,224.0,224.0,0.0,1.0,0,0.0,1.0,31.715753424657535,54.0,8.828420256991686,6,242.0,9261.0,17.672017892909377,6.0,88.36008946454689,0.0,23.672017892909377,0.0,23.672017892909377,0.0,23.672017892909377,B_SARIMA
9,HOBBIES_1_034_TX_2,medium,intermittent,SARIMA,empirical,7,0.98,9,1,292,281.0,280.0,1.0,0.99644128113879,1,0.003424657534246575,0.9965753424657534,23.277397260273972,48.0,15.036045314109167,9,284.0,6797.0,15.186173475343885,9.0,75.93086737671943,0.34949998855590825,24.535673463899794,1.397999954223633,25.584173429567517,4.193999862670899,28.380173338014785,B_SARIMA
10,FOODS_2_196_TX_2,low,intermittent,SARIMA,empirical,7,0.98,6,0,292,165.0,165.0,0.0,1.0,0,0.0,1.0,24.01027397260274,40.0,8.590072742832692,7,193.0,7011.0,13.244067315630717,7.0,66.22033657815358,0.0,20.244067315630716,0.0,20.244067315630716,0.0,20.244067315630716,B_SARIMA
11,HOUSEHOLD_2_315_TX_2,low,intermittent,SARIMA,empirical,7,0.98,8,0,292,122.0,122.0,0.0,1.0,0,0.0,1.0,10.486301369863014,20.0,14.54278249510124,8,131.0,3062.0,11.260190522964686,8.0,56.30095261482343,0.0,19.260190522964685,0.0,19.260190522964685,0.0,19.260190522964685,B_SARIMA
12,FOODS_2_056_WI_3,high,intermittent,SARIMA,empirical,7,0.98,18,1,292,1064.0,1061.0,3.0,0.9971804511278195,1,0.003424657534246575,0.9965753424657534,52.36643835616438,94.0,25.326335753057357,18,1076.0,15291.0,51.172483701477304,18.0,255.86241850738654,1.5705000042915347,70.74298370576884,6.282000017166139,75.45448371864344,18.846000051498415,88.01848375297573,B_SARIMA
13,HOBBIES_1_312_WI_3,high,intermittent,SARIMA,empirical,7,0.98,6,0,292,799.0,799.0,0.0,1.0,0,0.0,1.0,101.1472602739726,202.0,9.874217030641612,6,910.0,29535.0,8.071551268578391,6.0,40.35775634289196,0.0,14.071551268578391,0.0,14.071551268578391,0.0,14.071551268578391,B_SARIMA
14,FOODS_3_128_WI_3,medium,intermittent,SARIMA,empirical,7,0.98,5,0,292,156.0,156.0,0.0,1.0,0,0.0,1.0,28.746575342465754,56.0,6.783416726233024,5,199.0,8394.0,11.99307130963835,5.0,59.96535654819174,0.0,16.99307130963835,0.0,16.99307130963835,0.0,16.99307130963835,B_SARIMA
15,HOBBIES_1_036_WI_3,medium,intermittent,SARIMA,empirical,7,0.98,5,0,292,242.0,242.0,0.0,1.0,0,0.0,1.0,40.321917808219176,78.0,7.502123322575166,5,298.0,11774.0,6.322476739246551,5.0,31.61238369623275,0.0,11.32247673924655,0.0,11.32247673924655,0.0,11.32247673924655,B_SARIMA
16,FOODS_3_520_WI_3,low,intermittent,SARIMA,empirical,7,0.98,8,3,292,206.0,201.0,5.0,0.9757281553398058,4,0.0136986301369863,0.9863013698630136,13.626712328767123,27.0,18.438049761246546,8,199.0,3979.0,7.592804145976288,8.0,37.96402072988144,1.4925000071525574,17.085304153128845,5.9700000286102295,21.562804174586518,17.91000008583069,33.50280423180698,B_SARIMA
17,HOUSEHOLD_1_464_WI_3,low,intermittent,SARIMA,empirical,7,0.98,5,0,292,49.0,49.0,0.0,1.0,0,0.0,1.0,9.017123287671232,16.0,6.792631978731485,5,54.0,2633.0,11.954902391890956,5.0,59.774511959454784,0.0,16.954902391890954,0.0,16.954902391890954,0.0,16.954902391890954,B_SARIMA
0,FOODS_3_449_CA_3,high,regular,SARIMA,empirical,14,0.9,11,2,292,1628.0,1516.0,112.0,0.9312039312039312,9,0.030821917808219176,0.9691780821917808,94.88356164383562,183.0,19.97184725330253,12,1506.0,27706.0,26.301723541037674,12.0,131.50861770518839,16.632000160217288,54.93372370125496,66.52800064086915,104.82972418190683,199.58400192260746,237.88572546364514,B_SARIMA
1,HOUSEHOLD_1_114_CA_3,high,regular,SARIMA,empirical,14,0.9,7,2,292,941.0,904.0,37.0,0.9606801275239107,7,0.023972602739726026,0.976027397260274,74.46575342465754,170.0,15.1747608535688,7,926.0,21744.0,10.112449613336015,7.0,50.56224806668007,2.691750079393387,19.8041996927294,10.767000317573547,27.879449930909562,32.30100095272064,49.41345056605665,B_SARIMA
2,FOODS_3_784_CA_3,medium,intermittent,SARIMA,empirical,14,0.9,3,0,292,213.0,213.0,0.0,1.0,0,0.0,1.0,60.332191780821915,107.0,4.41306692399387,3,229.0,17617.0,8.44650684931507,3.0,42.23253424657534,0.0,11.44650684931507,0.0,11.44650684931507,0.0,11.44650684931507,B_SARIMA
3,HOUSEHOLD_2_270_CA_3,medium,intermittent,SARIMA,empirical,14,0.9,5,2,292,118.0,109.0,9.0,0.923728813559322,4,0.0136986301369863,0.9863013698630136,16.589041095890412,47.0,8.213253509496283,5,141.0,4844.0,13.56320035438015,5.0,67.81600177190076,3.9420001029968263,22.505200457376976,15.768000411987305,34.33120076636746,47.30400123596192,65.86720159034206,B_SARIMA
4,HOBBIES_1_377_CA_3,low,intermittent,SARIMA,empirical,14,0.9,7,1,292,92.0,91.0,1.0,0.9891304347826086,1,0.003424657534246575,0.9965753424657534,8.965753424657533,17.0,12.687165775401072,7,94.0,2618.0,12.526950110344037,7.0,62.63475055172018,0.7484999656677247,20.275450076011765,2.993999862670899,22.520949973014936,8.981999588012696,28.508949698356737,B_SARIMA
5,HOUSEHOLD_2_228_CA_3,low,intermittent,SARIMA,empirical,14,0.9,6,0,292,112.0,112.0,0.0,1.0,0,0.0,1.0,14.917808219178083,28.0,9.38475665748393,6,116.0,4356.0,11.424057096063274,6.0,57.12028548031637,0.0,17.424057096063272,0.0,17.424057096063272,0.0,17.424057096063272,B_SARIMA
6,FOODS_2_347_TX_2,high,regular,SARIMA,empirical,14,0.9,11,2,292,1785.0,1435.0,350.0,0.803921568627451,23,0.07876712328767123,0.9212328767123288,76.86986301369863,177.0,23.334892631203775,12,1366.0,22446.0,19.155969555116677,12.0,95.77984777558339,46.72499924898149,77.88096880409816,186.89999699592596,218.05596655104264,560.6999909877779,591.8559605428946,B_SARIMA
7,HOUSEHOLD_1_247_TX_2,high,regular,SARIMA,empirical,14,0.9,9,3,292,1273.0,1232.0,41.0,0.9677926158680282,10,0.03424657534246575,0.9657534246575342,62.33561643835616,134.0,24.70497747500275,10,1277.0,18202.0,8.465176962009847,10.0,42.32588481004924,2.9827500879764557,21.447927049986305,11.931000351905823,30.396177313915672,35.79300105571747,54.25817801772732,B_SARIMA
8,FOODS_3_729_TX_2,medium,intermittent,SARIMA,empirical,14,0.9,6,0,292,224.0,224.0,0.0,1.0,0,0.0,1.0,32.76027397260274,57.0,8.546937068785281,6,245.0,9566.0,18.254024745013616,6.0,91.27012372506807,0.0,24.254024745013616,0.0,24.254024745013616,0.0,24.254024745013616,B_SARIMA
9,HOBBIES_1_034_TX_2,medium,intermittent,SARIMA,empirical,14,0.9,9,1,292,281.0,280.0,1.0,0.99644128113879,1,0.003424657534246575,0.9965753424657534,24.061643835616437,50.0,14.545972103615146,9,285.0,7026.0,15.697815924343995,9.0,78.48907962171998,0.34949998855590825,25.047315912899904,1.397999954223633,26.095815878567628,4.193999862670899,28.891815787014895,B_SARIMA
10,FOODS_2_196_TX_2,low,intermittent,SARIMA,empirical,14,0.9,6,0,292,165.0,165.0,0.0,1.0,0,0.0,1.0,25.69178082191781,43.0,8.027859237536656,7,192.0,7502.0,14.171586507183232,7.0,70.85793253591616,0.0,21.171586507183232,0.0,21.171586507183232,0.0,21.171586507183232,B_SARIMA
11,HOUSEHOLD_2_315_TX_2,low,intermittent,SARIMA,empirical,14,0.9,7,0,292,122.0,122.0,0.0,1.0,0,0.0,1.0,9.643835616438356,19.0,15.813210227272728,8,132.0,2816.0,10.355550787938784,8.0,51.777753939693916,0.0,18.355550787938782,0.0,18.355550787938782,0.0,18.355550787938782,B_SARIMA
12,FOODS_2_056_WI_3,high,intermittent,SARIMA,empirical,14,0.9,18,1,292,1064.0,1058.0,6.0,0.9943609022556391,2,0.00684931506849315,0.9931506849315068,59.6986301369863,108.0,22.152937127122534,19,1091.0,17432.0,58.33750152927555,19.0,291.68750764637775,3.1410000085830694,80.47850153785862,12.564000034332278,89.90150156360784,37.69200010299683,115.02950163227239,B_SARIMA
13,HOBBIES_1_312_WI_3,high,intermittent,SARIMA,empirical,14,0.9,6,0,292,799.0,799.0,0.0,1.0,0,0.0,1.0,89.81164383561644,206.0,11.12049571020019,6,905.0,26225.0,7.16696908814858,6.0,35.8348454407429,0.0,13.16696908814858,0.0,13.16696908814858,0.0,13.16696908814858,B_SARIMA
14,FOODS_3_128_WI_3,medium,intermittent,SARIMA,empirical,14,0.9,4,1,292,156.0,146.0,10.0,0.9358974358974359,4,0.0136986301369863,0.9863013698630136,34.52739726027397,62.0,5.285657607617536,4,161.0,10082.0,14.404830229184398,4.0,72.02415114592199,2.235000014305115,20.639830243489513,8.94000005722046,27.344830286404857,26.820000171661384,45.22483040084578,B_SARIMA
15,HOBBIES_1_036_WI_3,medium,intermittent,SARIMA,empirical,14,0.9,4,0,292,242.0,242.0,0.0,1.0,0,0.0,1.0,32.804794520547944,68.0,9.221213070257857,5,293.0,9579.0,5.143791802721481,5.0,25.7189590136074,0.0,10.14379180272148,0.0,10.14379180272148,0.0,10.14379180272148,B_SARIMA
16,FOODS_3_520_WI_3,low,intermittent,SARIMA,empirical,14,0.9,8,3,292,206.0,198.0,8.0,0.9611650485436893,6,0.02054794520547945,0.9794520547945206,13.66095890410959,33.0,18.117322637252446,8,205.0,3989.0,7.611886337848558,8.0,38.0594316892428,2.388000011444092,17.99988634929265,9.552000045776367,25.163886383624927,28.6560001373291,44.26788647517766,B_SARIMA
17,HOUSEHOLD_1_464_WI_3,low,intermittent,SARIMA,empirical,14,0.9,5,0,292,49.0,49.0,0.0,1.0,0,0.0,1.0,9.308219178082192,16.0,6.580206033848418,5,55.0,2718.0,12.340837334280144,5.0,61.70418667140073,0.0,17.340837334280145,0.0,17.340837334280145,0.0,17.340837334280145,B_SARIMA
0,FOODS_3_449_CA_3,high,regular,SARIMA,empirical,14,0.95,11,2,292,1628.0,1520.0,108.0,0.9336609336609336,9,0.030821917808219176,0.9691780821917808,98.79452054794521,187.0,19.2318358291736,12,1514.0,28848.0,27.38584135970024,12.0,136.9292067985012,16.038000154495244,55.42384151419548,64.15200061798097,103.53784197768121,192.45600185394292,231.84184321364316,B_SARIMA
1,HOUSEHOLD_1_114_CA_3,high,regular,SARIMA,empirical,14,0.95,7,1,292,941.0,926.0,15.0,0.9840595111583422,4,0.0136986301369863,0.9863013698630136,83.51027397260275,196.0,13.860570022554848,8,1067.0,24385.0,11.340695539974186,8.0,56.70347769987094,1.0912500321865082,20.431945572160693,4.365000128746033,23.705695668720217,13.095000386238098,32.43569592621228,B_SARIMA
2,FOODS_3_784_CA_3,medium,intermittent,SARIMA,empirical,14,0.95,3,0,292,213.0,213.0,0.0,1.0,0,0.0,1.0,61.226027397260275,108.0,4.34864078756013,3,230.0,17878.0,8.571643835616438,3.0,42.85821917808219,0.0,11.571643835616438,0.0,11.571643835616438,0.0,11.571643835616438,B_SARIMA
3,HOUSEHOLD_2_270_CA_3,medium,intermittent,SARIMA,empirical,14,0.95,5,2,292,118.0,111.0,7.0,0.940677966101695,4,0.0136986301369863,0.9863013698630136,18.77054794520548,47.0,7.391899288451013,5,137.0,5481.0,15.346800400982165,5.0,76.73400200491082,3.066000080108643,23.41280048109081,12.264000320434572,32.61080072141674,36.792000961303714,57.138801362285875,B_SARIMA
4,HOBBIES_1_377_CA_3,low,intermittent,SARIMA,empirical,14,0.95,7,0,292,92.0,92.0,0.0,1.0,0,0.0,1.0,9.808219178082192,18.0,11.724860335195531,7,96.0,2864.0,13.704043207037937,7.0,68.52021603518969,0.0,20.704043207037937,0.0,20.704043207037937,0.0,20.704043207037937,B_SARIMA
5,HOUSEHOLD_2_228_CA_3,low,intermittent,SARIMA,empirical,14,0.95,6,0,292,112.0,112.0,0.0,1.0,0,0.0,1.0,16.643835616438356,29.0,8.411522633744855,6,118.0,4860.0,12.745848826186297,6.0,63.729244130931484,0.0,18.745848826186297,0.0,18.745848826186297,0.0,18.745848826186297,B_SARIMA
6,FOODS_2_347_TX_2,high,regular,SARIMA,empirical,14,0.95,11,3,292,1785.0,1449.0,336.0,0.8117647058823529,23,0.07876712328767123,0.9212328767123288,87.17808219178082,231.0,20.776437774984288,12,1380.0,25456.0,21.724777733005887,12.0,108.62388866502943,44.85599927902223,78.58077701202811,179.4239971160889,213.1487748490948,538.2719913482667,571.9967690812726,B_SARIMA
7,HOUSEHOLD_1_247_TX_2,high,regular,SARIMA,empirical,14,0.95,9,3,292,1273.0,1239.0,34.0,0.9732914375490966,9,0.030821917808219176,0.9691780821917808,64.56164383561644,137.0,23.988701464035646,10,1287.0,18852.0,8.767471491473994,10.0,43.837357457369976,2.473500072956085,21.24097156443008,9.89400029182434,28.661471783298335,29.682000875473022,48.44947236694702,B_SARIMA
8,FOODS_3_729_TX_2,medium,intermittent,SARIMA,empirical,14,0.95,6,0,292,224.0,224.0,0.0,1.0,0,0.0,1.0,35.60616438356164,60.0,7.863806867365587,6,248.0,10397.0,19.839754889599263,6.0,99.19877444799631,0.0,25.839754889599263,0.0,25.839754889599263,0.0,25.839754889599263,B_SARIMA
9,HOBBIES_1_034_TX_2,medium,intermittent,SARIMA,empirical,14,0.95,9,0,292,281.0,281.0,0.0,1.0,0,0.0,1.0,29.715753424657535,59.0,11.82032960700703,9,297.0,8677.0,19.386556899449594,9.0,96.93278449724798,0.0,28.386556899449594,0.0,28.386556899449594,0.0,28.386556899449594,B_SARIMA
10,FOODS_2_196_TX_2,low,intermittent,SARIMA,empirical,14,0.95,6,0,292,165.0,165.0,0.0,1.0,0,0.0,1.0,28.53767123287671,46.0,7.227289091563663,7,195.0,8333.0,15.741379680666205,7.0,78.70689840333102,0.0,22.741379680666206,0.0,22.741379680666206,0.0,22.741379680666206,B_SARIMA
11,HOUSEHOLD_2_315_TX_2,low,intermittent,SARIMA,empirical,14,0.95,7,0,292,122.0,122.0,0.0,1.0,0,0.0,1.0,10.51027397260274,20.0,14.509612251547736,8,130.0,3069.0,11.285932304042658,8.0,56.429661520213294,0.0,19.28593230404266,0.0,19.28593230404266,0.0,19.28593230404266,B_SARIMA
12,FOODS_2_056_WI_3,high,intermittent,SARIMA,empirical,14,0.95,18,1,292,1064.0,1063.0,1.0,0.9990601503759399,1,0.003424657534246575,0.9965753424657534,63.63013698630137,113.0,20.882400430570506,19,1095.0,18580.0,62.17937003292449,19.0,310.8968501646225,0.5235000014305116,81.70287003435499,2.0940000057220463,83.27337003864653,6.282000017166139,87.46137005009062,B_SARIMA
13,HOBBIES_1_312_WI_3,high,intermittent,SARIMA,empirical,14,0.95,6,0,292,799.0,799.0,0.0,1.0,0,0.0,1.0,112.05479452054794,226.0,8.91305012224939,6,924.0,32720.0,8.941972490532756,6.0,44.709862452663785,0.0,14.941972490532756,0.0,14.941972490532756,0.0,14.941972490532756,B_SARIMA
14,FOODS_3_128_WI_3,medium,intermittent,SARIMA,empirical,14,0.95,4,1,292,156.0,150.0,6.0,0.9615384615384616,3,0.010273972602739725,0.9897260273972602,40.62671232876713,66.0,4.6151900868245805,4,165.0,11863.0,16.94946449204667,4.0,84.74732246023335,1.3410000085830691,22.29046450062974,5.3640000343322765,26.313464526378944,16.092000102996828,37.04146459504349,B_SARIMA
15,HOBBIES_1_036_WI_3,medium,intermittent,SARIMA,empirical,14,0.95,4,0,292,242.0,242.0,0.0,1.0,0,0.0,1.0,35.65068493150685,71.0,8.485110470701247,5,296.0,10410.0,5.590027421059673,5.0,27.950137105298367,0.0,10.590027421059673,0.0,10.590027421059673,0.0,10.590027421059673,B_SARIMA
16,FOODS_3_520_WI_3,low,intermittent,SARIMA,empirical,14,0.95,8,3,292,206.0,201.0,5.0,0.9757281553398058,4,0.0136986301369863,0.9863013698630136,14.530821917808218,34.0,17.290831958519917,8,209.0,4243.0,8.09657401140422,8.0,40.4828700570211,1.4925000071525574,17.58907401855678,5.9700000286102295,22.06657404001445,17.91000008583069,34.00657409723491,B_SARIMA
17,HOUSEHOLD_1_464_WI_3,low,intermittent,SARIMA,empirical,14,0.95,5,0,292,49.0,49.0,0.0,1.0,0,0.0,1.0,10.013698630136986,16.0,6.116621067031464,5,56.0,2924.0,13.276162018188057,5.0,66.38081009094029,0.0,18.276162018188057,0.0,18.276162018188057,0.0,18.276162018188057,B_SARIMA
0,FOODS_3_449_CA_3,high,regular,SARIMA,empirical,14,0.98,12,2,292,1628.0,1514.0,114.0,0.9299754299754299,9,0.030821917808219176,0.9691780821917808,95.6027397260274,226.0,19.79545780197736,13,1591.0,27916.0,26.50107970734165,13.0,132.50539853670824,16.92900016307831,56.43007987041996,67.71600065231324,107.21708035965489,203.14800195693974,242.64908166428137,B_SARIMA
1,HOUSEHOLD_1_114_CA_3,high,regular,SARIMA,empirical,14,0.98,7,3,292,941.0,936.0,5.0,0.9946865037194474,3,0.010273972602739725,0.9897260273972602,84.79109589041096,231.0,13.798618684114867,8,1013.0,24759.0,11.514631161542788,8.0,57.57315580771394,0.36375001072883606,19.878381172271624,1.4550000429153442,20.969631204458132,4.365000128746033,23.87963129028882,B_SARIMA
2,FOODS_3_784_CA_3,medium,intermittent,SARIMA,empirical,14,0.98,3,0,292,213.0,213.0,0.0,1.0,0,0.0,1.0,63.013698630136986,110.0,4.225271739130434,3,232.0,18400.0,8.821917808219178,3.0,44.10958904109589,0.0,11.821917808219178,0.0,11.821917808219178,0.0,11.821917808219178,B_SARIMA
3,HOUSEHOLD_2_270_CA_3,medium,intermittent,SARIMA,empirical,14,0.98,5,0,292,118.0,118.0,0.0,1.0,0,0.0,1.0,25.698630136986303,55.0,5.739605543710021,6,177.0,7504.0,21.011200548981968,6.0,105.05600274490983,0.0,27.011200548981968,0.0,27.011200548981968,0.0,27.011200548981968,B_SARIMA
4,HOBBIES_1_377_CA_3,low,intermittent,SARIMA,empirical,14,0.98,7,0,292,92.0,92.0,0.0,1.0,0,0.0,1.0,11.705479452054794,20.0,9.824458747805735,7,98.0,3418.0,16.354895140242903,7.0,81.77447570121451,0.0,23.354895140242903,0.0,23.354895140242903,0.0,23.354895140242903,B_SARIMA
5,HOUSEHOLD_2_228_CA_3,low,intermittent,SARIMA,empirical,14,0.98,6,0,292,112.0,112.0,0.0,1.0,0,0.0,1.0,17.59246575342466,30.0,7.957952112127701,6,119.0,5137.0,13.472309757226133,6.0,67.36154878613067,0.0,19.472309757226135,0.0,19.472309757226135,0.0,19.472309757226135,B_SARIMA
6,FOODS_2_347_TX_2,high,regular,SARIMA,empirical,14,0.98,12,4,292,1785.0,1492.0,293.0,0.8358543417366947,18,0.06164383561643835,0.9383561643835616,93.03767123287672,224.0,20.04564361173483,13,1522.0,27167.0,23.184987298576797,13.0,115.92493649288399,39.11549937129022,75.30048666986701,156.46199748516088,192.64698478373768,469.38599245548266,505.57097975405946,B_SARIMA
7,HOUSEHOLD_1_247_TX_2,high,regular,SARIMA,empirical,14,0.98,9,3,292,1273.0,1252.0,21.0,0.983503534956795,8,0.0273972602739726,0.9726027397260274,65.77397260273973,137.0,23.793606164740183,10,1275.0,19206.0,8.932105742905238,10.0,44.660528714526194,1.5277500450611115,20.459855787966347,6.111000180244446,25.04310592314968,18.333000540733337,37.26510628363857,B_SARIMA
8,FOODS_3_729_TX_2,medium,intermittent,SARIMA,empirical,14,0.98,6,0,292,224.0,224.0,0.0,1.0,0,0.0,1.0,37.30821917808219,63.0,7.505048650633377,6,250.0,10894.0,20.78813982565109,6.0,103.94069912825545,0.0,26.78813982565109,0.0,26.78813982565109,0.0,26.78813982565109,B_SARIMA
9,HOBBIES_1_034_TX_2,medium,intermittent,SARIMA,empirical,14,0.98,9,0,292,281.0,281.0,0.0,1.0,0,0.0,1.0,33.034246575342465,59.0,10.632904831018038,9,290.0,9646.0,21.55154176006578,9.0,107.75770880032891,0.0,30.55154176006578,0.0,30.55154176006578,0.0,30.55154176006578,B_SARIMA
10,FOODS_2_196_TX_2,low,intermittent,SARIMA,empirical,14,0.98,6,0,292,165.0,165.0,0.0,1.0,0,0.0,1.0,29.835616438356166,48.0,6.912878787878787,7,206.0,8712.0,16.457326266406334,7.0,82.28663133203167,0.0,23.457326266406334,0.0,23.457326266406334,0.0,23.457326266406334,B_SARIMA
11,HOUSEHOLD_2_315_TX_2,low,intermittent,SARIMA,empirical,14,0.98,7,0,292,122.0,122.0,0.0,1.0,0,0.0,1.0,10.558219178082192,20.0,14.443723645799546,8,131.0,3083.0,11.337415866198604,8.0,56.68707933099302,0.0,19.337415866198604,0.0,19.337415866198604,0.0,19.337415866198604,B_SARIMA
12,FOODS_2_056_WI_3,high,intermittent,SARIMA,empirical,14,0.98,18,0,292,1064.0,1064.0,0.0,1.0,0,0.0,1.0,67.51027397260275,116.0,19.70070511844975,19,1099.0,19713.0,65.97103990629927,19.0,329.8551995314964,0.0,84.97103990629927,0.0,84.97103990629927,0.0,84.97103990629927,B_SARIMA
13,HOBBIES_1_312_WI_3,high,intermittent,SARIMA,empirical,14,0.98,6,0,292,799.0,799.0,0.0,1.0,0,0.0,1.0,118.93493150684931,233.0,8.397448817990728,6,932.0,34729.0,9.491007415150126,6.0,47.455037075750624,0.0,15.491007415150126,0.0,15.491007415150126,0.0,15.491007415150126,B_SARIMA
14,FOODS_3_128_WI_3,medium,intermittent,SARIMA,empirical,14,0.98,4,0,292,156.0,156.0,0.0,1.0,0,0.0,1.0,32.54794520547945,58.0,5.991161616161617,5,197.0,9504.0,13.579002826638417,5.0,67.89501413319208,0.0,18.579002826638416,0.0,18.579002826638416,0.0,18.579002826638416,B_SARIMA
15,HOBBIES_1_036_WI_3,medium,intermittent,SARIMA,empirical,14,0.98,4,0,292,242.0,242.0,0.0,1.0,0,0.0,1.0,39.445205479452056,75.0,7.668866122590727,5,300.0,11518.0,6.1850082455105975,5.0,30.92504122755299,0.0,11.185008245510598,0.0,11.185008245510598,0.0,11.185008245510598,B_SARIMA
16,FOODS_3_520_WI_3,low,intermittent,SARIMA,empirical,14,0.98,8,3,292,206.0,198.0,8.0,0.9611650485436893,5,0.017123287671232876,0.9828767123287672,13.705479452054794,29.0,18.058470764617695,8,199.0,4002.0,7.63669318728251,8.0,38.183465936412546,2.388000011444092,18.024693198726602,9.552000045776367,25.188693233058878,28.6560001373291,44.29269332461161,B_SARIMA
17,HOUSEHOLD_1_464_WI_3,low,intermittent,SARIMA,empirical,14,0.98,5,0,292,49.0,49.0,0.0,1.0,0,0.0,1.0,10.61986301369863,17.0,5.767494356659142,5,56.0,3101.0,14.079814780574955,5.0,70.39907390287478,0.0,19.079814780574957,0.0,19.079814780574957,0.0,19.079814780574957,B_SARIMA
0,FOODS_3_449_CA_3,high,regular,XGBoost,gaussian,3,0.9,14,3,292,1628.0,1574.0,54.0,0.9668304668304668,5,0.017123287671232876,0.9828767123287672,58.53767123287671,137.0,33.610834844673256,14,1592.0,17093.0,16.22664262206587,14.0,81.13321311032935,8.019000077247622,38.24564269931349,32.07600030899049,62.302642931056354,96.22800092697146,126.45464354903733,B_XGBoost
1,HOUSEHOLD_1_114_CA_3,high,regular,XGBoost,gaussian,3,0.9,7,1,292,941.0,927.0,14.0,0.9851222104144527,2,0.00684931506849315,0.9931506849315068,66.71917808219177,172.0,17.367570064675085,7,953.0,19482.0,9.060464650800784,7.0,45.302323254003916,1.018500030040741,17.078964680841523,4.074000120162964,20.134464770963746,12.222000360488892,28.282465011289673,B_XGBoost
2,FOODS_3_784_CA_3,medium,intermittent,XGBoost,gaussian,3,0.9,4,3,292,213.0,206.0,7.0,0.9671361502347418,3,0.010273972602739725,0.9897260273972602,30.253424657534246,77.0,8.511433099388725,4,247.0,8834.0,4.235479452054794,4.0,21.17739726027397,0.5250000000000001,8.760479452054794,2.1000000000000005,10.335479452054795,6.300000000000001,14.535479452054794,B_XGBoost
3,HOUSEHOLD_2_270_CA_3,medium,intermittent,XGBoost,gaussian,3,0.9,5,0,292,118.0,118.0,0.0,1.0,0,0.0,1.0,17.753424657534246,32.0,8.308256172839506,5,129.0,5184.0,14.515200379254066,5.0,72.57600189627033,0.0,19.51520037925407,0.0,19.51520037925407,0.0,19.51520037925407,B_XGBoost
4,HOBBIES_1_377_CA_3,low,intermittent,XGBoost,gaussian,3,0.9,7,0,292,92.0,92.0,0.0,1.0,0,0.0,1.0,8.267123287671232,19.0,13.910521955260979,7,100.0,2414.0,11.550824127719826,7.0,57.754120638599126,0.0,18.550824127719828,0.0,18.550824127719828,0.0,18.550824127719828,B_XGBoost
5,HOUSEHOLD_2_228_CA_3,low,intermittent,XGBoost,gaussian,3,0.9,4,1,292,112.0,109.0,3.0,0.9732142857142857,2,0.00684931506849315,0.9931506849315068,15.33904109589041,34.0,8.882563072114312,5,128.0,4479.0,11.74663722067663,5.0,58.73318610338315,1.2307499527931216,17.977387173469754,4.922999811172486,21.66963703184912,14.76899943351746,31.51563665419409,B_XGBoost
6,FOODS_2_347_TX_2,high,regular,XGBoost,gaussian,3,0.9,14,5,292,1785.0,1631.0,154.0,0.9137254901960784,10,0.03424657534246575,0.9657534246575342,59.21917808219178,142.0,34.427191764978026,14,1666.0,17292.0,14.757418940883792,14.0,73.78709470441896,20.558999669551856,49.31641861043565,82.23599867820742,110.99341761909122,246.70799603462228,275.46541497550606,B_XGBoost
7,HOUSEHOLD_1_247_TX_2,high,regular,XGBoost,gaussian,3,0.9,9,1,292,1273.0,1271.0,2.0,0.9984289080911233,1,0.003424657534246575,0.9965753424657534,71.04109589041096,156.0,22.363816043193214,9,1256.0,20744.0,9.647381106468096,9.0,48.23690553234048,0.14550000429153442,18.79288111075963,0.5820000171661377,19.229381123634234,1.746000051498413,20.39338115796651,B_XGBoost
8,FOODS_3_729_TX_2,medium,intermittent,XGBoost,gaussian,3,0.9,8,0,292,224.0,224.0,0.0,1.0,0,0.0,1.0,18.36986301369863,42.0,15.242356450410142,8,251.0,5364.0,10.235687720285702,8.0,51.17843860142852,0.0,18.235687720285704,0.0,18.235687720285704,0.0,18.235687720285704,B_XGBoost
9,HOBBIES_1_034_TX_2,medium,intermittent,XGBoost,gaussian,3,0.9,9,1,292,281.0,279.0,2.0,0.9928825622775801,2,0.00684931506849315,0.9931506849315068,17.965753424657535,38.0,19.4119329012581,9,289.0,5246.0,11.720857150456675,9.0,58.60428575228338,0.6989999771118165,21.41985712756849,2.795999908447266,23.516857058903938,8.387999725341798,29.108856875798473,B_XGBoost
10,FOODS_2_196_TX_2,low,intermittent,XGBoost,gaussian,3,0.9,6,0,292,165.0,165.0,0.0,1.0,0,0.0,1.0,16.226027397260275,31.0,12.711059518784296,6,170.0,4738.0,8.95027684231327,6.0,44.751384211566354,0.0,14.95027684231327,0.0,14.95027684231327,0.0,14.95027684231327,B_XGBoost
11,HOUSEHOLD_2_315_TX_2,low,intermittent,XGBoost,gaussian,3,0.9,7,1,292,122.0,121.0,1.0,0.9918032786885246,1,0.003424657534246575,0.9965753424657534,10.39041095890411,20.0,14.556690837178643,7,121.0,3034.0,11.157223398652794,7.0,55.78611699326397,0.575250005722046,18.732473404374844,2.301000022888184,20.45822342154098,6.903000068664552,25.06022346731735,B_XGBoost
12,FOODS_2_056_WI_3,high,intermittent,XGBoost,gaussian,3,0.9,19,4,292,1064.0,1050.0,14.0,0.9868421052631579,5,0.017123287671232876,0.9828767123287672,30.503424657534246,63.0,43.027955540586056,20,1063.0,8907.0,29.807946656795394,20.0,149.03973328397697,7.329000020027162,57.136946676822554,29.316000080108648,79.12394673690405,87.94800024032594,137.75594689712133,B_XGBoost
13,HOBBIES_1_312_WI_3,high,intermittent,XGBoost,gaussian,3,0.9,6,1,292,799.0,796.0,3.0,0.9962453066332916,1,0.003424657534246575,0.9965753424657534,84.21232876712328,184.0,11.815372102480683,6,922.0,24590.0,6.720143751289745,6.0,33.60071875644873,0.1282499983906746,12.84839374968042,0.5129999935626984,13.233143744852443,1.5389999806880952,14.25914373197784,B_XGBoost
14,FOODS_3_128_WI_3,medium,intermittent,XGBoost,gaussian,3,0.9,4,1,292,156.0,155.0,1.0,0.9935897435897436,1,0.003424657534246575,0.9965753424657534,25.003424657534246,43.0,7.748938501575127,4,156.0,7301.0,10.431428833889635,4.0,52.157144169448166,0.22350000143051152,14.654928835320147,0.8940000057220461,15.325428839611682,2.6820000171661382,17.113428851055772,B_XGBoost
15,HOBBIES_1_036_WI_3,medium,intermittent,XGBoost,gaussian,3,0.9,4,0,292,242.0,240.0,2.0,0.9917355371900827,1,0.003424657534246575,0.9965753424657534,35.386986301369866,79.0,8.477692828800928,4,256.0,10333.0,5.548679475678156,4.0,27.74339737839078,0.16800000071525578,9.716679476393413,0.6720000028610231,10.220679478539179,2.0160000085830694,11.564679484261227,B_XGBoost
16,FOODS_3_520_WI_3,low,intermittent,XGBoost,gaussian,3,0.9,7,1,292,206.0,202.0,4.0,0.9805825242718447,1,0.003424657534246575,0.9965753424657534,17.215753424657535,37.0,14.666799283867118,7,210.0,5027.0,9.592617854190198,7.0,47.963089270951,1.194000005722046,17.786617859912244,4.776000022888184,21.368617877078382,14.32800006866455,30.92061792285475,B_XGBoost
17,HOUSEHOLD_1_464_WI_3,low,intermittent,XGBoost,gaussian,3,0.9,4,0,292,49.0,49.0,0.0,1.0,0,0.0,1.0,7.866438356164384,19.0,7.786242925555071,4,59.0,2297.0,10.429324266681931,4.0,52.14662133340966,0.0,14.429324266681931,0.0,14.429324266681931,0.0,14.429324266681931,B_XGBoost
0,FOODS_3_449_CA_3,high,regular,XGBoost,gaussian,3,0.95,14,2,292,1628.0,1583.0,45.0,0.9723587223587223,4,0.0136986301369863,0.9863013698630136,59.178082191780824,139.0,33.437210648148145,14,1603.0,17280.0,16.40416454158417,14.0,82.02082270792086,6.682500064373018,37.08666460595719,26.730000257492073,57.134164799076245,80.19000077247621,110.59416531406038,B_XGBoost
1,HOUSEHOLD_1_114_CA_3,high,regular,XGBoost,gaussian,3,0.95,7,1,292,941.0,929.0,12.0,0.9872476089266737,2,0.00684931506849315,0.9931506849315068,68.0,174.0,17.077205882352942,7,957.0,19856.0,9.234400272369385,7.0,46.172001361846924,0.8730000257492065,17.10740029811859,3.492000102996826,19.72640037536621,10.476000308990479,26.710400581359863,B_XGBoost
2,FOODS_3_784_CA_3,medium,intermittent,XGBoost,gaussian,3,0.95,4,1,292,213.0,204.0,9.0,0.9577464788732394,3,0.010273972602739725,0.9897260273972602,34.29109589041096,80.0,7.436332767402377,4,255.0,10013.0,4.800753424657534,4.0,24.00376712328767,0.675,9.475753424657535,2.7,11.500753424657535,8.100000000000001,16.900753424657537,B_XGBoost
3,HOUSEHOLD_2_270_CA_3,medium,intermittent,XGBoost,gaussian,3,0.95,5,0,292,118.0,118.0,0.0,1.0,0,0.0,1.0,17.948630136986303,32.0,8.217897347834382,5,129.0,5241.0,14.674800383424106,5.0,73.37400191712054,0.0,19.674800383424106,0.0,19.674800383424106,0.0,19.674800383424106,B_XGBoost
4,HOBBIES_1_377_CA_3,low,intermittent,XGBoost,gaussian,3,0.95,7,0,292,92.0,92.0,0.0,1.0,0,0.0,1.0,8.448630136986301,20.0,13.611674098094852,7,101.0,2467.0,11.804425485950626,7.0,59.02212742975313,0.0,18.804425485950624,0.0,18.804425485950624,0.0,18.804425485950624,B_XGBoost
5,HOUSEHOLD_2_228_CA_3,low,intermittent,XGBoost,gaussian,3,0.95,5,1,292,112.0,109.0,3.0,0.9732142857142857,2,0.00684931506849315,0.9931506849315068,15.202054794520548,34.0,8.962604190132913,5,124.0,4439.0,11.641733115111311,5.0,58.20866557555655,1.2307499527931216,17.872483067904433,4.922999811172486,21.564732926283796,14.76899943351746,31.410732548628772,B_XGBoost
6,FOODS_2_347_TX_2,high,regular,XGBoost,gaussian,3,0.95,14,3,292,1785.0,1640.0,145.0,0.9187675070028011,8,0.0273972602739726,0.9726027397260274,61.215753424657535,144.0,33.48811188811189,14,1632.0,17875.0,15.25496550822911,14.0,76.27482754114556,19.35749968886376,48.612465197092874,77.42999875545505,106.68496426368415,232.28999626636514,261.54496177459424,B_XGBoost
7,HOUSEHOLD_1_247_TX_2,high,regular,XGBoost,gaussian,3,0.95,10,2,292,1273.0,1270.0,3.0,0.997643362136685,2,0.00684931506849315,0.9931506849315068,69.52054794520548,147.0,22.834975369458128,10,1343.0,20300.0,9.44089068941874,10.0,47.204453447093705,0.21825000643730164,19.659140695856042,0.8730000257492065,20.313890715167947,2.6190000772476196,22.05989076666636,B_XGBoost
8,FOODS_3_729_TX_2,medium,intermittent,XGBoost,gaussian,3,0.95,8,0,292,224.0,224.0,0.0,1.0,0,0.0,1.0,19.33219178082192,43.0,14.483613817537643,8,252.0,5645.0,10.771897311896494,8.0,53.85948655948248,0.0,18.771897311896495,0.0,18.771897311896495,0.0,18.771897311896495,B_XGBoost
9,HOBBIES_1_034_TX_2,medium,intermittent,XGBoost,gaussian,3,0.95,9,1,292,281.0,280.0,1.0,0.99644128113879,1,0.003424657534246575,0.9965753424657534,18.41780821917808,39.0,19.003346969133506,9,291.0,5378.0,12.015777688744949,9.0,60.07888844372474,0.34949998855590825,21.365277677300856,1.397999954223633,22.41377764296858,4.193999862670899,25.209777551415847,B_XGBoost
10,FOODS_2_196_TX_2,low,intermittent,XGBoost,gaussian,3,0.95,6,0,292,165.0,165.0,0.0,1.0,0,0.0,1.0,16.72945205479452,34.0,12.328556806550665,6,174.0,4885.0,9.227965887442027,6.0,46.13982943721013,0.0,15.227965887442027,0.0,15.227965887442027,0.0,15.227965887442027,B_XGBoost
11,HOUSEHOLD_2_315_TX_2,low,intermittent,XGBoost,gaussian,3,0.95,7,1,292,122.0,121.0,1.0,0.9918032786885246,1,0.003424657534246575,0.9965753424657534,11.29109589041096,24.0,13.395511070670306,7,126.0,3297.0,12.124378887725202,7.0,60.621894438626015,0.575250005722046,19.699628893447247,2.301000022888184,21.425378910613382,6.903000068664552,26.027378956389754,B_XGBoost
12,FOODS_2_056_WI_3,high,intermittent,XGBoost,gaussian,3,0.95,20,3,292,1064.0,1055.0,9.0,0.9915413533834586,3,0.010273972602739725,0.9897260273972602,31.26027397260274,62.0,42.186130587204204,20,1037.0,9128.0,30.54753980950133,20.0,152.73769904750665,4.711500012874604,55.25903982237593,18.846000051498415,69.39353986099974,56.53800015449525,107.08553996399658,B_XGBoost
13,HOBBIES_1_312_WI_3,high,intermittent,XGBoost,gaussian,3,0.95,6,0,292,799.0,799.0,0.0,1.0,0,0.0,1.0,88.44520547945206,186.0,11.29230233098428,6,927.0,25826.0,7.057927308694956,6.0,35.289636543474785,0.0,13.057927308694957,0.0,13.057927308694957,0.0,13.057927308694957,B_XGBoost
14,FOODS_3_128_WI_3,medium,intermittent,XGBoost,gaussian,3,0.95,4,1,292,156.0,155.0,1.0,0.9935897435897436,1,0.003424657534246575,0.9965753424657534,25.763698630136986,44.0,7.520271168416855,4,156.0,7523.0,10.748615137289647,4.0,53.743075686448236,0.22350000143051152,14.97211513872016,0.8940000057220461,15.642615143011692,2.6820000171661382,17.430615154455786,B_XGBoost
15,HOBBIES_1_036_WI_3,medium,intermittent,XGBoost,gaussian,3,0.95,4,0,292,242.0,240.0,2.0,0.9917355371900827,1,0.003424657534246575,0.9965753424657534,36.35616438356164,80.0,8.251695553880936,4,257.0,10616.0,5.700646599612823,4.0,28.503232998064114,0.16800000071525578,9.86864660032808,0.6720000028610231,10.372646602473846,2.0160000085830694,11.716646608195894,B_XGBoost
16,FOODS_3_520_WI_3,low,intermittent,XGBoost,gaussian,3,0.95,7,1,292,206.0,202.0,4.0,0.9805825242718447,1,0.003424657534246575,0.9965753424657534,18.465753424657535,37.0,13.673961424332344,7,213.0,5392.0,10.289117857528058,7.0,51.4455892876403,1.194000005722046,18.483117863250104,4.776000022888184,22.065117880416242,14.32800006866455,31.61711792619261,B_XGBoost
17,HOUSEHOLD_1_464_WI_3,low,intermittent,XGBoost,gaussian,3,0.95,4,0,292,49.0,49.0,0.0,1.0,0,0.0,1.0,8.037671232876713,20.0,7.620366425223689,4,60.0,2347.0,10.656344821028512,4.0,53.28172410514257,0.0,14.656344821028512,0.0,14.656344821028512,0.0,14.656344821028512,B_XGBoost
0,FOODS_3_449_CA_3,high,regular,XGBoost,gaussian,3,0.98,14,3,292,1628.0,1584.0,44.0,0.972972972972973,5,0.017123287671232876,0.9828767123287672,62.16095890410959,138.0,31.85279047986337,14,1595.0,18151.0,17.231017974206846,14.0,86.15508987103422,6.534000062942506,37.76501803714935,26.136000251770025,57.36701822597687,78.40800075531007,109.63901872951692,B_XGBoost
1,HOUSEHOLD_1_114_CA_3,high,regular,XGBoost,gaussian,3,0.98,7,1,292,941.0,924.0,17.0,0.9819341126461212,2,0.00684931506849315,0.9931506849315068,68.64041095890411,175.0,16.82682233198623,7,954.0,20043.0,9.321368083153686,7.0,46.60684041576843,1.2367500364780426,17.55811811963173,4.94700014591217,21.268368229065857,14.841000437736511,31.162368520890197,B_XGBoost
2,FOODS_3_784_CA_3,medium,intermittent,XGBoost,gaussian,3,0.98,4,1,292,213.0,205.0,8.0,0.9624413145539906,2,0.00684931506849315,0.9931506849315068,34.832191780821915,81.0,7.356700422770623,4,256.0,10171.0,4.876506849315068,4.0,24.38253424657534,0.6000000000000001,9.476506849315067,2.4000000000000004,11.276506849315068,7.200000000000001,16.076506849315066,B_XGBoost
3,HOUSEHOLD_2_270_CA_3,medium,intermittent,XGBoost,gaussian,3,0.98,5,0,292,118.0,118.0,0.0,1.0,0,0.0,1.0,18.811643835616437,33.0,7.840888403422539,5,131.0,5493.0,15.380400401860067,5.0,76.90200200930033,0.0,20.380400401860065,0.0,20.380400401860065,0.0,20.380400401860065,B_XGBoost
4,HOBBIES_1_377_CA_3,low,intermittent,XGBoost,gaussian,3,0.98,7,0,292,92.0,92.0,0.0,1.0,0,0.0,1.0,8.886986301369863,20.0,12.940269749518304,7,102.0,2595.0,12.416896690734445,7.0,62.08448345367222,0.0,19.416896690734447,0.0,19.416896690734447,0.0,19.416896690734447,B_XGBoost
5,HOUSEHOLD_2_228_CA_3,low,intermittent,XGBoost,gaussian,3,0.98,4,1,292,112.0,110.0,2.0,0.9821428571428571,1,0.003424657534246575,0.9965753424657534,16.304794520547944,35.0,8.433102289434993,5,130.0,4761.0,12.486211164912133,5.0,62.43105582456065,0.8204999685287477,18.30671113344088,3.281999874114991,20.768211039027126,9.845999622344973,27.332210787257107,B_XGBoost
6,FOODS_2_347_TX_2,high,regular,XGBoost,gaussian,3,0.98,14,3,292,1785.0,1644.0,141.0,0.9210084033613445,8,0.0273972602739726,0.9726027397260274,63.24315068493151,146.0,32.49363729896572,14,1638.0,18467.0,15.760192897368782,14.0,78.80096448684391,18.82349969744683,48.583692594815616,75.29399878978732,105.0541916871561,225.88199636936196,255.64218926673072,B_XGBoost
7,HOUSEHOLD_1_247_TX_2,high,regular,XGBoost,gaussian,3,0.98,9,0,292,1273.0,1273.0,0.0,1.0,0,0.0,1.0,74.34246575342466,159.0,21.404320987654323,9,1261.0,21708.0,10.095707147088769,9.0,50.47853573544385,0.0,19.095707147088767,0.0,19.095707147088767,0.0,19.095707147088767,B_XGBoost
8,FOODS_3_729_TX_2,medium,intermittent,XGBoost,gaussian,3,0.98,7,0,292,224.0,224.0,0.0,1.0,0,0.0,1.0,20.32191780821918,38.0,13.778227165487023,7,225.0,5934.0,11.3233726570051,7.0,56.61686328502551,0.0,18.323372657005102,0.0,18.323372657005102,0.0,18.323372657005102,B_XGBoost
9,HOBBIES_1_034_TX_2,medium,intermittent,XGBoost,gaussian,3,0.98,9,1,292,281.0,278.0,3.0,0.9893238434163701,1,0.003424657534246575,0.9965753424657534,19.465753424657535,40.0,17.851864883884588,9,275.0,5684.0,12.699457118413218,9.0,63.4972855920661,1.0484999656677247,22.74795708408094,4.193999862670899,25.893456981084118,12.581999588012696,34.281456706425914,B_XGBoost
10,FOODS_2_196_TX_2,low,intermittent,XGBoost,gaussian,3,0.98,6,0,292,165.0,165.0,0.0,1.0,0,0.0,1.0,17.602739726027398,35.0,11.71692607003891,6,175.0,5140.0,9.70967137388987,6.0,48.54835686944936,0.0,15.70967137388987,0.0,15.70967137388987,0.0,15.70967137388987,B_XGBoost
11,HOUSEHOLD_2_315_TX_2,low,intermittent,XGBoost,gaussian,3,0.98,7,0,292,122.0,122.0,0.0,1.0,0,0.0,1.0,11.428082191780822,21.0,13.344321246628708,7,123.0,3337.0,12.271474779599334,7.0,61.357373897996666,0.0,19.271474779599334,0.0,19.271474779599334,0.0,19.271474779599334,B_XGBoost
12,FOODS_2_056_WI_3,high,intermittent,XGBoost,gaussian,3,0.98,20,2,292,1064.0,1062.0,2.0,0.9981203007518797,2,0.00684931506849315,0.9931506849315068,31.26027397260274,61.0,42.46603856266433,20,1028.0,9128.0,30.54753980950133,20.0,152.73769904750665,1.0470000028610231,51.594539812362356,4.1880000114440925,54.73553982094542,12.564000034332278,63.11153984383361,B_XGBoost
13,HOBBIES_1_312_WI_3,high,intermittent,XGBoost,gaussian,3,0.98,6,0,292,799.0,799.0,0.0,1.0,0,0.0,1.0,89.31506849315069,188.0,11.182323619631902,6,929.0,26080.0,7.1273423763170625,6.0,35.63671188158532,0.0,13.127342376317063,0.0,13.127342376317063,0.0,13.127342376317063,B_XGBoost
14,FOODS_3_128_WI_3,medium,intermittent,XGBoost,gaussian,3,0.98,4,0,292,156.0,156.0,0.0,1.0,0,0.0,1.0,26.184931506849313,52.0,7.447031127386869,4,158.0,7646.0,10.924353494578845,4.0,54.62176747289421,0.0,14.924353494578845,0.0,14.924353494578845,0.0,14.924353494578845,B_XGBoost
15,HOBBIES_1_036_WI_3,medium,intermittent,XGBoost,gaussian,3,0.98,4,1,292,242.0,240.0,2.0,0.9917355371900827,1,0.003424657534246575,0.9965753424657534,42.554794520547944,89.0,7.049734427812651,4,266.0,12426.0,6.672591809230307,4.0,33.36295904615154,0.16800000071525578,10.840591809945565,0.6720000028610231,11.34459181209133,2.0160000085830694,12.688591817813379,B_XGBoost
16,FOODS_3_520_WI_3,low,intermittent,XGBoost,gaussian,3,0.98,7,1,292,206.0,203.0,3.0,0.9854368932038835,1,0.003424657534246575,0.9965753424657534,19.28767123287671,38.0,13.156072443181818,7,214.0,5632.0,10.747090462462543,7.0,53.73545231231271,0.8955000042915344,18.64259046675408,3.5820000171661377,21.329090479628682,10.746000051498413,28.493090513960958,B_XGBoost
17,HOUSEHOLD_1_464_WI_3,low,intermittent,XGBoost,gaussian,3,0.98,4,0,292,49.0,49.0,0.0,1.0,0,0.0,1.0,8.037671232876713,20.0,7.620366425223689,4,60.0,2347.0,10.656344821028512,4.0,53.28172410514257,0.0,14.656344821028512,0.0,14.656344821028512,0.0,14.656344821028512,B_XGBoost
0,FOODS_3_449_CA_3,high,regular,XGBoost,gaussian,7,0.9,13,3,292,1628.0,1546.0,82.0,0.9496314496314496,8,0.0273972602739726,0.9726027397260274,68.8013698630137,159.0,28.08810353409656,13,1486.0,20090.0,19.071739909746874,13.0,95.35869954873438,12.177000117301944,44.24874002704882,48.708000469207775,80.77974037895464,146.12400140762333,178.1957413173702,B_XGBoost
1,HOUSEHOLD_1_114_CA_3,high,regular,XGBoost,gaussian,7,0.9,7,3,292,941.0,909.0,32.0,0.9659936238044633,6,0.02054794520547945,0.9794520547945206,71.36301369863014,188.0,15.922113446587963,7,962.0,20838.0,9.691097546113681,7.0,48.45548773056841,2.328000068664551,19.019097614778232,9.312000274658203,26.003097820771885,27.93600082397461,44.62709837008829,B_XGBoost
2,FOODS_3_784_CA_3,medium,intermittent,XGBoost,gaussian,7,0.9,3,0,292,213.0,204.0,9.0,0.9577464788732394,3,0.010273972602739725,0.9897260273972602,34.60958904109589,74.0,7.3679002572729075,4,252.0,10106.0,4.845342465753425,4.0,24.22671232876712,0.675,9.520342465753426,2.7,11.545342465753425,8.100000000000001,16.945342465753427,B_XGBoost
3,HOUSEHOLD_2_270_CA_3,medium,intermittent,XGBoost,gaussian,7,0.9,5,1,292,118.0,115.0,3.0,0.9745762711864406,2,0.00684931506849315,0.9931506849315068,19.414383561643834,36.0,7.4043041100723235,5,134.0,5669.0,15.873200414735978,5.0,79.36600207367988,1.3140000343322755,22.18720044906825,5.256000137329102,26.12920055206508,15.768000411987305,36.64120082672328,B_XGBoost
4,HOBBIES_1_377_CA_3,low,intermittent,XGBoost,gaussian,7,0.9,6,0,292,92.0,92.0,0.0,1.0,0,0.0,1.0,9.955479452054794,23.0,11.551427588579292,7,104.0,2907.0,13.909795252395002,7.0,69.54897626197501,0.0,20.909795252395,0.0,20.909795252395,0.0,20.909795252395,B_XGBoost
5,HOUSEHOLD_2_228_CA_3,low,intermittent,XGBoost,gaussian,7,0.9,5,0,292,112.0,112.0,0.0,1.0,0,0.0,1.0,14.832191780821917,30.0,9.438928653890557,6,133.0,4331.0,11.35849203008495,6.0,56.79246015042474,0.0,17.35849203008495,0.0,17.35849203008495,0.0,17.35849203008495,B_XGBoost
6,FOODS_2_347_TX_2,high,regular,XGBoost,gaussian,7,0.9,13,5,292,1785.0,1568.0,217.0,0.8784313725490196,16,0.0547945205479452,0.9452054794520548,66.39041095890411,168.0,29.522335706179717,13,1574.0,19386.0,16.544490145036615,13.0,82.72245072518308,28.969499534368524,58.51398967940514,115.8779981374741,145.4224882825107,347.6339944124223,377.1784845574589,B_XGBoost
7,HOUSEHOLD_1_247_TX_2,high,regular,XGBoost,gaussian,7,0.9,9,2,292,1273.0,1263.0,10.0,0.9921445404556166,3,0.010273972602739725,0.9897260273972602,71.0,153.0,22.235915492957744,10,1357.0,20732.0,9.641800284385681,10.0,48.209001421928406,0.7275000214576721,20.369300305843353,2.9100000858306885,22.55180037021637,8.730000257492065,28.371800541877747,B_XGBoost
8,FOODS_3_729_TX_2,medium,intermittent,XGBoost,gaussian,7,0.9,7,1,292,224.0,223.0,1.0,0.9955357142857143,1,0.003424657534246575,0.9965753424657534,19.89041095890411,40.0,14.014290633608816,8,251.0,5808.0,11.082937039414496,8.0,55.41468519707249,0.2985000014305115,19.381437040845007,1.194000005722046,20.276937045136542,3.5820000171661377,22.664937056580634,B_XGBoost
9,HOBBIES_1_034_TX_2,medium,intermittent,XGBoost,gaussian,7,0.9,9,3,292,281.0,274.0,7.0,0.9750889679715302,5,0.017123287671232876,0.9828767123287672,19.613013698630137,45.0,17.462895058494848,9,281.0,5727.0,12.795529718007126,9.0,63.977648590035635,2.446499919891358,24.242029637898483,9.785999679565432,31.581529397572556,29.357999038696292,51.153528756703416,B_XGBoost
10,FOODS_2_196_TX_2,low,intermittent,XGBoost,gaussian,7,0.9,6,0,292,165.0,165.0,0.0,1.0,0,0.0,1.0,19.04794520547945,37.0,10.827939590075513,6,177.0,5562.0,10.506846727932968,6.0,52.53423363966484,0.0,16.506846727932967,0.0,16.506846727932967,0.0,16.506846727932967,B_XGBoost
11,HOUSEHOLD_2_315_TX_2,low,intermittent,XGBoost,gaussian,7,0.9,7,0,292,122.0,122.0,0.0,1.0,0,0.0,1.0,11.773972602739725,22.0,12.952297847585806,7,125.0,3438.0,12.642891906581513,7.0,63.214459532907554,0.0,19.64289190658151,0.0,19.64289190658151,0.0,19.64289190658151,B_XGBoost
12,FOODS_2_056_WI_3,high,intermittent,XGBoost,gaussian,7,0.9,19,3,292,1064.0,1047.0,17.0,0.9840225563909775,5,0.017123287671232876,0.9828767123287672,33.32534246575342,68.0,39.27191450005139,20,1045.0,9731.0,32.565524746522506,20.0,162.82762373261252,8.899500024318696,61.465024770841204,35.598000097274785,88.16352484379729,106.79400029182436,159.35952503834687,B_XGBoost
13,HOBBIES_1_312_WI_3,high,intermittent,XGBoost,gaussian,7,0.9,5,0,292,799.0,799.0,0.0,1.0,0,0.0,1.0,86.3082191780822,197.0,11.571899055630505,6,938.0,25202.0,6.887395803985529,6.0,34.436979019927655,0.0,12.88739580398553,0.0,12.88739580398553,0.0,12.88739580398553,B_XGBoost
14,FOODS_3_128_WI_3,medium,intermittent,XGBoost,gaussian,7,0.9,4,2,292,156.0,151.0,5.0,0.967948717948718,3,0.010273972602739725,0.9897260273972602,28.53082191780822,44.0,6.615652382667146,4,155.0,8331.0,11.903058980295103,4.0,59.51529490147551,1.1175000071525576,17.02055898744766,4.47000002861023,20.373059008905333,13.410000085830692,29.313059066125795,B_XGBoost
15,HOBBIES_1_036_WI_3,medium,intermittent,XGBoost,gaussian,7,0.9,4,1,292,242.0,241.0,1.0,0.9958677685950413,1,0.003424657534246575,0.9965753424657534,43.06506849315068,86.0,6.995228628230617,4,264.0,12575.0,6.752602768475062,4.0,33.76301384237531,0.08400000035762789,10.83660276883269,0.33600000143051156,11.088602769905572,1.0080000042915347,11.760602772766596,B_XGBoost
16,FOODS_3_520_WI_3,low,intermittent,XGBoost,gaussian,7,0.9,7,1,292,206.0,205.0,1.0,0.9951456310679612,1,0.003424657534246575,0.9965753424657534,18.914383561643834,39.0,13.547890639145393,7,217.0,5523.0,10.539094571054799,7.0,52.69547285527399,0.2985000014305115,17.837594572485308,1.194000005722046,18.733094576776843,3.5820000171661377,21.121094588220934,B_XGBoost
17,HOUSEHOLD_1_464_WI_3,low,intermittent,XGBoost,gaussian,7,0.9,4,0,292,49.0,49.0,0.0,1.0,0,0.0,1.0,8.719178082191782,16.0,7.024744697564807,4,51.0,2546.0,11.559886627327906,4.0,57.799433136639536,0.0,15.559886627327906,0.0,15.559886627327906,0.0,15.559886627327906,B_XGBoost
0,FOODS_3_449_CA_3,high,regular,XGBoost,gaussian,7,0.95,13,2,292,1628.0,1555.0,73.0,0.9551597051597052,6,0.02054794520547945,0.9794520547945206,71.92465753424658,163.0,27.024807161222736,13,1499.0,21002.0,19.937515260552704,13.0,99.68757630276353,10.84050010442734,43.77801536498004,43.36200041770936,76.29951567826205,130.08600125312807,163.02351651368076,B_XGBoost
1,HOUSEHOLD_1_114_CA_3,high,regular,XGBoost,gaussian,7,0.95,7,3,292,941.0,911.0,30.0,0.9681190223166843,6,0.02054794520547945,0.9794520547945206,72.4931506849315,192.0,15.708380574452002,7,964.0,21168.0,9.844570153380094,7.0,49.222850766900464,2.1825000643730164,19.02707021775311,8.730000257492065,25.57457041087216,26.190000772476196,43.034570925856286,B_XGBoost
2,FOODS_3_784_CA_3,medium,intermittent,XGBoost,gaussian,7,0.95,3,0,292,213.0,205.0,8.0,0.9624413145539906,3,0.010273972602739725,0.9897260273972602,35.51027397260274,75.0,7.216221429260295,4,253.0,10369.0,4.971438356164383,4.0,24.857191780821918,0.6000000000000001,9.571438356164384,2.4000000000000004,11.371438356164385,7.200000000000001,16.171438356164387,B_XGBoost
3,HOUSEHOLD_2_270_CA_3,medium,intermittent,XGBoost,gaussian,7,0.95,5,1,292,118.0,116.0,2.0,0.9830508474576272,2,0.00684931506849315,0.9931506849315068,20.339041095890412,37.0,7.129146320929449,5,135.0,5939.0,16.629200434488794,5.0,83.14600217244397,0.8760000228881837,22.50520045737698,3.5040000915527347,25.133200526041527,10.512000274658204,32.141200709147,B_XGBoost
4,HOBBIES_1_377_CA_3,low,intermittent,XGBoost,gaussian,7,0.95,6,0,292,92.0,92.0,0.0,1.0,0,0.0,1.0,10.705479452054794,24.0,10.742162507997442,7,105.0,3126.0,14.957695204329816,7.0,74.78847602164907,0.0,21.957695204329816,0.0,21.957695204329816,0.0,21.957695204329816,B_XGBoost
5,HOUSEHOLD_2_228_CA_3,low,intermittent,XGBoost,gaussian,7,0.95,5,0,292,112.0,112.0,0.0,1.0,0,0.0,1.0,14.095890410958905,28.0,9.931972789115646,6,129.0,4116.0,10.794632462671357,6.0,53.97316231335679,0.0,16.79463246267136,0.0,16.79463246267136,0.0,16.79463246267136,B_XGBoost
6,FOODS_2_347_TX_2,high,regular,XGBoost,gaussian,7,0.95,13,5,292,1785.0,1583.0,202.0,0.8868347338935574,15,0.05136986301369863,0.9486301369863014,71.16780821917808,171.0,27.80400365718685,13,1589.0,20781.0,17.73501752316135,13.0,88.67508761580676,26.96699956655503,57.70201708971638,107.86799826622013,138.6030157893815,323.6039947986604,354.3390123218217,B_XGBoost
7,HOUSEHOLD_1_247_TX_2,high,regular,XGBoost,gaussian,7,0.95,9,1,292,1273.0,1269.0,4.0,0.9968578161822467,1,0.003424657534246575,0.9965753424657534,72.1986301369863,155.0,21.97063845934921,10,1349.0,21082.0,9.804574261789453,10.0,49.02287130894726,0.29100000858306885,20.095574270372524,1.1640000343322754,20.96857429612173,3.492000102996826,23.29657436478628,B_XGBoost
8,FOODS_3_729_TX_2,medium,intermittent,XGBoost,gaussian,7,0.95,7,0,292,224.0,224.0,0.0,1.0,0,0.0,1.0,21.35958904109589,42.0,13.108866442199774,8,256.0,6237.0,11.901563070734886,8.0,59.50781535367443,0.0,19.901563070734888,0.0,19.901563070734888,0.0,19.901563070734888,B_XGBoost
9,HOBBIES_1_034_TX_2,medium,intermittent,XGBoost,gaussian,7,0.95,9,3,292,281.0,277.0,4.0,0.9857651245551602,3,0.010273972602739725,0.9897260273972602,20.845890410958905,47.0,16.609988500082142,9,284.0,6087.0,13.599858458793326,9.0,67.99929229396663,1.397999954223633,23.99785841301696,5.591999816894532,28.19185827568786,16.775999450683596,39.37585790947692,B_XGBoost
10,FOODS_2_196_TX_2,low,intermittent,XGBoost,gaussian,7,0.95,6,0,292,165.0,165.0,0.0,1.0,0,0.0,1.0,19.90753424657534,38.0,10.360399105453295,6,178.0,5813.0,10.980996049887514,6.0,54.904980249437564,0.0,16.980996049887516,0.0,16.980996049887516,0.0,16.980996049887516,B_XGBoost
11,HOUSEHOLD_2_315_TX_2,low,intermittent,XGBoost,gaussian,7,0.95,7,0,292,122.0,122.0,0.0,1.0,0,0.0,1.0,12.66095890410959,24.0,12.044901271301054,7,124.0,3697.0,13.595337806466507,7.0,67.97668903233254,0.0,20.595337806466507,0.0,20.595337806466507,0.0,20.595337806466507,B_XGBoost
12,FOODS_2_056_WI_3,high,intermittent,XGBoost,gaussian,7,0.95,20,1,292,1064.0,1055.0,9.0,0.9915413533834586,2,0.00684931506849315,0.9931506849315068,36.00342465753425,71.0,36.628460001902404,20,1039.0,10513.0,35.18254667148198,20.0,175.9127333574099,4.711500012874604,59.89404668435658,18.846000051498415,74.0285467229804,56.53800015449525,111.72054682597724,B_XGBoost
13,HOBBIES_1_312_WI_3,high,intermittent,XGBoost,gaussian,7,0.95,5,0,292,799.0,799.0,0.0,1.0,0,0.0,1.0,89.13356164383562,200.0,11.2050947093403,6,941.0,26027.0,7.112858129923473,6.0,35.56429064961737,0.0,13.112858129923474,0.0,13.112858129923474,0.0,13.112858129923474,B_XGBoost
14,FOODS_3_128_WI_3,medium,intermittent,XGBoost,gaussian,7,0.95,4,1,292,156.0,155.0,1.0,0.9935897435897436,1,0.003424657534246575,0.9965753424657534,30.38013698630137,55.0,6.377522263555405,4,160.0,8871.0,12.674593231808648,4.0,63.372966159043244,0.22350000143051152,16.898093233239162,0.8940000057220461,17.568593237530695,2.6820000171661382,19.35659324897479,B_XGBoost
15,HOBBIES_1_036_WI_3,medium,intermittent,XGBoost,gaussian,7,0.95,4,0,292,242.0,242.0,0.0,1.0,0,0.0,1.0,44.352739726027394,88.0,6.820322754999614,4,265.0,12951.0,6.954509618649744,4.0,34.772548093248716,0.0,10.954509618649745,0.0,10.954509618649745,0.0,10.954509618649745,B_XGBoost
16,FOODS_3_520_WI_3,low,intermittent,XGBoost,gaussian,7,0.95,7,0,292,206.0,206.0,0.0,1.0,0,0.0,1.0,19.48972602739726,39.0,13.21208926374978,7,218.0,5691.0,10.859675394508937,7.0,54.29837697254468,0.0,17.859675394508937,0.0,17.859675394508937,0.0,17.859675394508937,B_XGBoost
17,HOUSEHOLD_1_464_WI_3,low,intermittent,XGBoost,gaussian,7,0.95,4,0,292,49.0,49.0,0.0,1.0,0,0.0,1.0,10.277397260273972,17.0,5.959680106631123,4,52.0,3001.0,13.625773671881792,4.0,68.12886835940895,0.0,17.62577367188179,0.0,17.62577367188179,0.0,17.62577367188179,B_XGBoost
0,FOODS_3_449_CA_3,high,regular,XGBoost,gaussian,7,0.98,13,2,292,1628.0,1560.0,68.0,0.9582309582309583,6,0.02054794520547945,0.9794520547945206,76.5,168.0,25.49019607843137,13,1509.0,22338.0,21.205800204277036,13.0,106.02900102138518,10.098000097274783,44.303800301551824,40.39200038909913,74.59780059337618,121.17600116729739,155.38180137157443,B_XGBoost
1,HOUSEHOLD_1_114_CA_3,high,regular,XGBoost,gaussian,7,0.98,7,2,292,941.0,930.0,11.0,0.9883103081827843,3,0.010273972602739725,0.9897260273972602,77.76369863013699,198.0,14.949134628088254,7,960.0,22707.0,10.56031058544982,7.0,52.8015529272491,0.8002500236034393,18.36056060905326,3.2010000944137573,20.761310679863577,9.603000283241272,27.16331086869109,B_XGBoost
2,FOODS_3_784_CA_3,medium,intermittent,XGBoost,gaussian,7,0.98,3,0,292,213.0,211.0,2.0,0.9906103286384976,2,0.00684931506849315,0.9931506849315068,40.784246575342465,80.0,6.466957763036359,4,259.0,11909.0,5.709794520547945,4.0,28.548972602739724,0.15000000000000002,9.859794520547945,0.6000000000000001,10.309794520547944,1.8000000000000003,11.509794520547945,B_XGBoost
3,HOUSEHOLD_2_270_CA_3,medium,intermittent,XGBoost,gaussian,7,0.98,5,1,292,118.0,117.0,1.0,0.9915254237288136,1,0.003424657534246575,0.9965753424657534,21.263698630136986,38.0,6.877919149621517,5,136.0,6209.0,17.38520045424161,5.0,86.92600227120803,0.43800001144409184,22.8232004656857,1.7520000457763674,24.137200500017975,5.256000137329102,27.641200591570712,B_XGBoost
4,HOBBIES_1_377_CA_3,low,intermittent,XGBoost,gaussian,7,0.98,6,0,292,92.0,92.0,0.0,1.0,0,0.0,1.0,11.886986301369863,25.0,9.674445404782483,7,106.0,3471.0,16.608496498473702,7.0,83.0424824923685,0.0,23.608496498473702,0.0,23.608496498473702,0.0,23.608496498473702,B_XGBoost
5,HOUSEHOLD_2_228_CA_3,low,intermittent,XGBoost,gaussian,7,0.98,5,0,292,112.0,112.0,0.0,1.0,0,0.0,1.0,15.770547945205479,33.0,8.877307274701412,5,114.0,4605.0,12.077085153207387,5.0,60.385425766036924,0.0,17.077085153207385,0.0,17.077085153207385,0.0,17.077085153207385,B_XGBoost
6,FOODS_2_347_TX_2,high,regular,XGBoost,gaussian,7,0.98,13,3,292,1785.0,1593.0,192.0,0.892436974789916,12,0.0410958904109589,0.9589041095890412,73.71917808219177,175.0,27.011288674161484,13,1599.0,21526.0,18.370818882805025,13.0,91.85409441402511,25.631999588012704,57.00281847081773,102.52799835205082,133.89881723485584,307.58399505615245,338.9548139389575,B_XGBoost
7,HOUSEHOLD_1_247_TX_2,high,regular,XGBoost,gaussian,7,0.98,9,1,292,1273.0,1272.0,1.0,0.9992144540455616,1,0.003424657534246575,0.9965753424657534,74.20547945205479,158.0,21.426989108362562,10,1349.0,21668.0,10.077104406814053,10.0,50.385522034070256,0.07275000214576721,20.14985440895982,0.29100000858306885,20.36810441539712,0.8730000257492065,20.950104432563258,B_XGBoost
8,FOODS_3_729_TX_2,medium,intermittent,XGBoost,gaussian,7,0.98,8,0,292,224.0,224.0,0.0,1.0,0,0.0,1.0,22.705479452054796,47.0,12.33182503770739,8,249.0,6630.0,12.651493211315103,8.0,63.25746605657552,0.0,20.651493211315103,0.0,20.651493211315103,0.0,20.651493211315103,B_XGBoost
9,HOBBIES_1_034_TX_2,medium,intermittent,XGBoost,gaussian,7,0.98,9,1,292,281.0,279.0,2.0,0.9928825622775801,2,0.00684931506849315,0.9931506849315068,22.188356164383563,42.0,15.717703349282296,9,275.0,6479.0,14.47568308764941,9.0,72.37841543824706,0.6989999771118165,24.174683064761226,2.795999908447266,26.271682996096672,8.387999725341798,31.863682812991208,B_XGBoost
10,FOODS_2_196_TX_2,low,intermittent,XGBoost,gaussian,7,0.98,6,0,292,165.0,165.0,0.0,1.0,0,0.0,1.0,20.86986301369863,38.0,9.882671480144404,7,200.0,6094.0,11.511816605541805,7.0,57.55908302770902,0.0,18.511816605541803,0.0,18.511816605541803,0.0,18.511816605541803,B_XGBoost
11,HOUSEHOLD_2_315_TX_2,low,intermittent,XGBoost,gaussian,7,0.98,7,0,292,122.0,122.0,0.0,1.0,0,0.0,1.0,12.383561643835616,22.0,12.314712389380531,7,123.0,3616.0,13.297468625421393,7.0,66.48734312710697,0.0,20.297468625421395,0.0,20.297468625421395,0.0,20.297468625421395,B_XGBoost
12,FOODS_2_056_WI_3,high,intermittent,XGBoost,gaussian,7,0.98,20,0,292,1064.0,1064.0,0.0,1.0,0,0.0,1.0,39.70890410958904,76.0,33.49374730487279,21,1077.0,11595.0,38.803541201924624,21.0,194.0177060096231,0.0,59.803541201924624,0.0,59.803541201924624,0.0,59.803541201924624,B_XGBoost
13,HOBBIES_1_312_WI_3,high,intermittent,XGBoost,gaussian,7,0.98,5,0,292,799.0,799.0,0.0,1.0,0,0.0,1.0,95.31506849315069,203.0,10.478406151192871,5,786.0,27832.0,7.606142370308914,5.0,38.030711851544574,0.0,12.606142370308914,0.0,12.606142370308914,0.0,12.606142370308914,B_XGBoost
14,FOODS_3_128_WI_3,medium,intermittent,XGBoost,gaussian,7,0.98,4,0,292,156.0,156.0,0.0,1.0,0,0.0,1.0,31.20205479452055,56.0,6.249588409614751,4,162.0,9111.0,13.017497343592447,4.0,65.08748671796224,0.0,17.017497343592446,0.0,17.017497343592446,0.0,17.017497343592446,B_XGBoost
15,HOBBIES_1_036_WI_3,medium,intermittent,XGBoost,gaussian,7,0.98,4,0,292,242.0,242.0,0.0,1.0,0,0.0,1.0,45.986301369863014,89.0,6.578045874292523,4,267.0,13428.0,7.210652085493688,4.0,36.05326042746844,0.0,11.210652085493688,0.0,11.210652085493688,0.0,11.210652085493688,B_XGBoost
16,FOODS_3_520_WI_3,low,intermittent,XGBoost,gaussian,7,0.98,7,0,292,206.0,206.0,0.0,1.0,0,0.0,1.0,20.30821917808219,40.0,12.679595278246207,7,219.0,5930.0,11.315739780256193,7.0,56.57869890128096,0.0,18.315739780256195,0.0,18.315739780256195,0.0,18.315739780256195,B_XGBoost
17,HOUSEHOLD_1_464_WI_3,low,intermittent,XGBoost,gaussian,7,0.98,4,0,292,49.0,49.0,0.0,1.0,0,0.0,1.0,10.606164383561644,18.0,5.774943493703584,4,53.0,3097.0,14.061653136227228,4.0,70.30826568113615,0.0,18.06165313622723,0.0,18.06165313622723,0.0,18.06165313622723,B_XGBoost
0,FOODS_3_449_CA_3,high,regular,XGBoost,gaussian,14,0.9,12,5,292,1628.0,1508.0,120.0,0.9262899262899262,13,0.04452054794520548,0.9554794520547946,85.83219178082192,178.0,21.961457128037345,13,1517.0,25063.0,23.792683790840513,13.0,118.96341895420255,17.82000017166138,54.61268396250189,71.28000068664552,108.07268447748604,213.84000205993658,250.63268585077708,B_XGBoost
1,HOUSEHOLD_1_114_CA_3,high,regular,XGBoost,gaussian,14,0.9,6,2,292,941.0,906.0,35.0,0.9628055260361318,8,0.0273972602739726,0.9726027397260274,79.23630136986301,202.0,14.292691360159052,7,983.0,23137.0,10.760290043403025,7.0,53.80145021701512,2.5462500751018524,20.306540118504877,10.18500030040741,27.945290343810434,30.55500090122223,48.315290944625254,B_XGBoost
2,FOODS_3_784_CA_3,medium,intermittent,XGBoost,gaussian,14,0.9,3,0,292,213.0,213.0,0.0,1.0,0,0.0,1.0,47.80821917808219,112.0,5.569126074498567,4,302.0,13960.0,6.693150684931506,4.0,33.46575342465753,0.0,10.693150684931506,0.0,10.693150684931506,0.0,10.693150684931506,B_XGBoost
3,HOUSEHOLD_2_270_CA_3,medium,intermittent,XGBoost,gaussian,14,0.9,5,0,292,118.0,118.0,0.0,1.0,0,0.0,1.0,23.493150684931507,35.0,6.278425655976676,6,164.0,6860.0,19.208000501867843,6.0,96.04000250933922,0.0,25.208000501867843,0.0,25.208000501867843,0.0,25.208000501867843,B_XGBoost
4,HOBBIES_1_377_CA_3,low,intermittent,XGBoost,gaussian,14,0.9,6,0,292,92.0,92.0,0.0,1.0,0,0.0,1.0,11.732876712328768,23.0,9.801517805020431,7,107.0,3426.0,16.39317459054189,7.0,81.96587295270946,0.0,23.39317459054189,0.0,23.39317459054189,0.0,23.39317459054189,B_XGBoost
5,HOUSEHOLD_2_228_CA_3,low,intermittent,XGBoost,gaussian,14,0.9,5,0,292,112.0,112.0,0.0,1.0,0,0.0,1.0,18.205479452054796,40.0,7.689992475545522,5,116.0,5316.0,13.941755629630938,5.0,69.70877814815469,0.0,18.94175562963094,0.0,18.94175562963094,0.0,18.94175562963094,B_XGBoost
6,FOODS_2_347_TX_2,high,regular,XGBoost,gaussian,14,0.9,11,4,292,1785.0,1472.0,313.0,0.8246498599439775,26,0.08904109589041095,0.910958904109589,78.5582191780822,181.0,23.422119534417366,12,1458.0,22939.0,19.576707904518464,12.0,97.88353952259233,41.785499328374875,73.36220723289334,167.1419973134995,198.71870521801796,501.42599194049853,533.002699845017,B_XGBoost
7,HOUSEHOLD_1_247_TX_2,high,regular,XGBoost,gaussian,14,0.9,9,2,292,1273.0,1264.0,9.0,0.992930086410055,3,0.010273972602739725,0.9897260273972602,74.2431506849315,168.0,21.281424419945573,9,1258.0,21679.0,10.0822201603896,9.0,50.411100801947995,0.6547500193119049,19.736970179701505,2.6190000772476196,21.70122023763722,7.857000231742859,26.93922039213246,B_XGBoost
8,FOODS_3_729_TX_2,medium,intermittent,XGBoost,gaussian,14,0.9,8,0,292,224.0,224.0,0.0,1.0,0,0.0,1.0,22.236301369863014,62.0,12.592022177729863,8,264.0,6493.0,12.390067182665002,8.0,61.95033591332501,0.0,20.390067182665,0.0,20.390067182665,0.0,20.390067182665,B_XGBoost
9,HOBBIES_1_034_TX_2,medium,intermittent,XGBoost,gaussian,14,0.9,9,2,292,281.0,277.0,4.0,0.9857651245551602,3,0.010273972602739725,0.9897260273972602,22.67808219178082,54.0,15.268045907580792,9,284.0,6622.0,14.795180337461705,9.0,73.97590168730852,1.397999954223633,25.193180291685337,5.591999816894532,29.387180154356237,16.775999450683596,40.5711797881453,B_XGBoost
10,FOODS_2_196_TX_2,low,intermittent,XGBoost,gaussian,14,0.9,6,0,292,165.0,165.0,0.0,1.0,0,0.0,1.0,24.671232876712327,48.0,8.359938922820655,6,171.0,7204.0,13.608652252432417,6.0,68.04326126216209,0.0,19.608652252432417,0.0,19.608652252432417,0.0,19.608652252432417,B_XGBoost
11,HOUSEHOLD_2_315_TX_2,low,intermittent,XGBoost,gaussian,14,0.9,7,0,292,122.0,122.0,0.0,1.0,0,0.0,1.0,11.876712328767123,26.0,12.840253748558247,7,126.0,3468.0,12.75321382548711,7.0,63.76606912743555,0.0,19.75321382548711,0.0,19.75321382548711,0.0,19.75321382548711,B_XGBoost
12,FOODS_2_056_WI_3,high,intermittent,XGBoost,gaussian,14,0.9,19,1,292,1064.0,1049.0,15.0,0.9859022556390977,4,0.0136986301369863,0.9863013698630136,43.62671232876713,85.0,30.05612685454117,20,1070.0,12739.0,42.63202340416712,20.0,213.16011702083563,7.852500021457674,70.4845234256248,31.410000085830696,94.04202348999782,94.23000025749208,156.8620236616592,B_XGBoost
13,HOBBIES_1_312_WI_3,high,intermittent,XGBoost,gaussian,14,0.9,5,1,292,799.0,774.0,25.0,0.9687108886107635,6,0.02054794520547945,0.9794520547945206,107.98630136986301,238.0,8.959469745020932,5,803.0,31532.0,8.617306741182118,5.0,43.08653370591059,1.0687499865889551,14.686056727771073,4.274999946355821,17.89230668753794,12.82499983906746,26.44230658024958,B_XGBoost
14,FOODS_3_128_WI_3,medium,intermittent,XGBoost,gaussian,14,0.9,4,2,292,156.0,144.0,12.0,0.9230769230769231,5,0.017123287671232876,0.9828767123287672,37.886986301369866,59.0,4.750971707493446,4,161.0,11063.0,15.806450786100674,4.0,79.03225393050337,2.6820000171661382,22.488450803266815,10.728000068664553,30.53445085476523,32.184000205993655,51.99045099209433,B_XGBoost
15,HOBBIES_1_036_WI_3,medium,intermittent,XGBoost,gaussian,14,0.9,4,0,292,242.0,242.0,0.0,1.0,0,0.0,1.0,44.332191780821915,87.0,6.823483970645037,4,266.0,12945.0,6.951287700827807,4.0,34.756438504139034,0.0,10.951287700827807,0.0,10.951287700827807,0.0,10.951287700827807,B_XGBoost
16,FOODS_3_520_WI_3,low,intermittent,XGBoost,gaussian,14,0.9,7,0,292,206.0,206.0,0.0,1.0,0,0.0,1.0,19.335616438356166,41.0,13.317392844491675,7,213.0,5646.0,10.77380553108372,7.0,53.869027655418606,0.0,17.77380553108372,0.0,17.77380553108372,0.0,17.77380553108372,B_XGBoost
17,HOUSEHOLD_1_464_WI_3,low,intermittent,XGBoost,gaussian,14,0.9,4,0,292,49.0,49.0,0.0,1.0,0,0.0,1.0,11.256849315068493,23.0,5.441131731061758,4,66.0,3287.0,14.924331242744236,4.0,74.62165621372118,0.0,18.924331242744238,0.0,18.924331242744238,0.0,18.924331242744238,B_XGBoost
0,FOODS_3_449_CA_3,high,regular,XGBoost,gaussian,14,0.95,12,5,292,1628.0,1527.0,101.0,0.937960687960688,9,0.030821917808219176,0.9691780821917808,94.3458904109589,198.0,20.231405858651858,13,1544.0,27549.0,26.152681073848512,13.0,130.76340536924255,14.998500144481662,54.15118121833017,59.99400057792665,99.14668165177517,179.98200173377995,219.13468280762845,B_XGBoost
1,HOUSEHOLD_1_114_CA_3,high,regular,XGBoost,gaussian,14,0.95,7,2,292,941.0,937.0,4.0,0.9957492029755579,2,0.00684931506849315,0.9931506849315068,96.20547945205479,225.0,12.174462480421473,7,967.0,28092.0,13.06470449493356,7.0,65.3235224746678,0.29100000858306885,20.355704503516627,1.1640000343322754,21.228704529265833,3.492000102996826,23.556704597930384,B_XGBoost
2,FOODS_3_784_CA_3,medium,intermittent,XGBoost,gaussian,14,0.95,3,0,292,213.0,213.0,0.0,1.0,0,0.0,1.0,49.73287671232877,84.0,5.353601432309599,4,280.0,14522.0,6.9626027397260275,4.0,34.81301369863014,0.0,10.962602739726027,0.0,10.962602739726027,0.0,10.962602739726027,B_XGBoost
3,HOUSEHOLD_2_270_CA_3,medium,intermittent,XGBoost,gaussian,14,0.95,5,0,292,118.0,118.0,0.0,1.0,0,0.0,1.0,25.476027397260275,37.0,5.789756687726845,6,166.0,7439.0,20.82920054422666,6.0,104.1460027211333,0.0,26.82920054422666,0.0,26.82920054422666,0.0,26.82920054422666,B_XGBoost
4,HOBBIES_1_377_CA_3,low,intermittent,XGBoost,gaussian,14,0.95,6,0,292,92.0,92.0,0.0,1.0,0,0.0,1.0,12.325342465753424,24.0,9.330369547096415,7,108.0,3599.0,17.22096770325752,7.0,86.1048385162876,0.0,24.22096770325752,0.0,24.22096770325752,0.0,24.22096770325752,B_XGBoost
5,HOUSEHOLD_2_228_CA_3,low,intermittent,XGBoost,gaussian,14,0.95,5,0,292,112.0,112.0,0.0,1.0,0,0.0,1.0,19.825342465753426,41.0,7.061668681983071,5,117.0,5789.0,15.182246677940839,5.0,75.9112333897042,0.0,20.18224667794084,0.0,20.18224667794084,0.0,20.18224667794084,B_XGBoost
6,FOODS_2_347_TX_2,high,regular,XGBoost,gaussian,14,0.95,11,4,292,1785.0,1492.0,293.0,0.8358543417366947,24,0.0821917808219178,0.9178082191780822,81.96575342465754,186.0,22.753405197626808,12,1478.0,23934.0,20.425865425116392,12.0,102.12932712558197,39.11549937129022,71.54136479640661,156.46199748516088,188.88786291027728,469.38599245548266,501.81185788059906,B_XGBoost
7,HOUSEHOLD_1_247_TX_2,high,regular,XGBoost,gaussian,14,0.95,9,3,292,1273.0,1251.0,22.0,0.9827179890023566,4,0.0136986301369863,0.9863013698630136,74.37671232876713,161.0,21.02472603370476,10,1360.0,21718.0,10.10035783215745,10.0,50.50178916078725,1.6005000472068787,21.700857879364328,6.402000188827515,26.502358020984964,19.206000566482544,39.30635839863999,B_XGBoost
8,FOODS_3_729_TX_2,medium,intermittent,XGBoost,gaussian,14,0.95,8,0,292,224.0,224.0,0.0,1.0,0,0.0,1.0,24.10958904109589,45.0,11.613636363636363,8,269.0,7040.0,13.433863078078177,8.0,67.16931539039089,0.0,21.433863078078176,0.0,21.433863078078176,0.0,21.433863078078176,B_XGBoost
9,HOBBIES_1_034_TX_2,medium,intermittent,XGBoost,gaussian,14,0.95,9,1,292,281.0,278.0,3.0,0.9893238434163701,2,0.00684931506849315,0.9931506849315068,26.756849315068493,51.0,12.987328810956098,9,281.0,7813.0,17.456167921562717,9.0,87.28083960781358,1.0484999656677247,27.50466788723044,4.193999862670899,30.650167784233616,12.581999588012696,39.038167509575416,B_XGBoost
10,FOODS_2_196_TX_2,low,intermittent,XGBoost,gaussian,14,0.95,6,0,292,165.0,165.0,0.0,1.0,0,0.0,1.0,26.568493150684933,50.0,7.762954369682907,6,173.0,7758.0,14.655181034754401,6.0,73.275905173772,0.0,20.6551810347544,0.0,20.6551810347544,0.0,20.6551810347544,B_XGBoost
11,HOUSEHOLD_2_315_TX_2,low,intermittent,XGBoost,gaussian,14,0.95,7,0,292,122.0,122.0,0.0,1.0,0,0.0,1.0,13.023972602739725,27.0,11.70917696555351,7,127.0,3803.0,13.985141919932953,7.0,69.92570959966476,0.0,20.985141919932953,0.0,20.985141919932953,0.0,20.985141919932953,B_XGBoost
12,FOODS_2_056_WI_3,high,intermittent,XGBoost,gaussian,14,0.95,19,1,292,1064.0,1060.0,4.0,0.9962406015037594,1,0.003424657534246575,0.9965753424657534,46.24657534246575,85.0,28.650770142180093,20,1044.0,13504.0,45.19215354814921,20.0,225.96076774074606,2.0940000057220463,67.28615355387126,8.376000022888185,73.56815357103739,25.128000068664555,90.32015361681377,B_XGBoost
13,HOBBIES_1_312_WI_3,high,intermittent,XGBoost,gaussian,14,0.95,5,1,292,799.0,780.0,19.0,0.9762202753441802,3,0.010273972602739725,0.9897260273972602,111.39041095890411,244.0,8.752997601918464,5,809.0,32526.0,8.888954682978865,5.0,44.44477341489433,0.8122499898076059,14.70120467278647,3.2489999592304235,17.137954642209287,9.74699987769127,23.635954560670136,B_XGBoost
14,FOODS_3_128_WI_3,medium,intermittent,XGBoost,gaussian,14,0.95,4,2,292,156.0,147.0,9.0,0.9423076923076923,4,0.0136986301369863,0.9863013698630136,39.46917808219178,61.0,4.655531453362256,4,163.0,11525.0,16.466541201284485,4.0,82.33270600642243,2.0115000128746034,22.478041214159088,8.046000051498414,28.5125412527829,24.138000154495245,44.60454135577973,B_XGBoost
15,HOBBIES_1_036_WI_3,medium,intermittent,XGBoost,gaussian,14,0.95,4,0,292,242.0,242.0,0.0,1.0,0,0.0,1.0,46.22945205479452,89.0,6.543447662789836,4,268.0,13499.0,7.24877811305327,4.0,36.24389056526634,0.0,11.24877811305327,0.0,11.24877811305327,0.0,11.24877811305327,B_XGBoost
16,FOODS_3_520_WI_3,low,intermittent,XGBoost,gaussian,14,0.95,7,0,292,206.0,206.0,0.0,1.0,0,0.0,1.0,19.863013698630137,43.0,12.963793103448277,7,215.0,5800.0,11.067671285916681,7.0,55.338356429583406,0.0,18.06767128591668,0.0,18.06767128591668,0.0,18.06767128591668,B_XGBoost
17,HOUSEHOLD_1_464_WI_3,low,intermittent,XGBoost,gaussian,14,0.95,4,0,292,49.0,49.0,0.0,1.0,0,0.0,1.0,12.205479452054794,24.0,5.018237934904602,4,67.0,3564.0,16.182025113824295,4.0,80.91012556912148,0.0,20.182025113824295,0.0,20.182025113824295,0.0,20.182025113824295,B_XGBoost
0,FOODS_3_449_CA_3,high,regular,XGBoost,gaussian,14,0.98,13,3,292,1628.0,1543.0,85.0,0.9477886977886978,7,0.023972602739726026,0.976027397260274,91.51027397260275,173.0,21.076868380674373,14,1601.0,26721.0,25.366648189564273,14.0,126.83324094782137,12.622500121593479,51.98914831115775,50.490000486373916,89.85664867593819,151.47000145912173,190.836649648686,B_XGBoost
1,HOUSEHOLD_1_114_CA_3,high,regular,XGBoost,gaussian,14,0.98,7,0,292,941.0,941.0,0.0,1.0,0,0.0,1.0,123.72945205479452,233.0,9.506629023775915,7,979.0,36129.0,16.80246008463102,7.0,84.0123004231551,0.0,23.80246008463102,0.0,23.80246008463102,0.0,23.80246008463102,B_XGBoost
2,FOODS_3_784_CA_3,medium,intermittent,XGBoost,gaussian,14,0.98,3,0,292,213.0,213.0,0.0,1.0,0,0.0,1.0,51.54109589041096,86.0,5.16578073089701,4,282.0,15050.0,7.215753424657534,4.0,36.07876712328767,0.0,11.215753424657535,0.0,11.215753424657535,0.0,11.215753424657535,B_XGBoost
3,HOUSEHOLD_2_270_CA_3,medium,intermittent,XGBoost,gaussian,14,0.98,5,0,292,118.0,118.0,0.0,1.0,0,0.0,1.0,27.602739726027398,45.0,5.343672456575682,5,142.0,8060.0,22.568000589658137,5.0,112.84000294829067,0.0,27.568000589658137,0.0,27.568000589658137,0.0,27.568000589658137,B_XGBoost
4,HOBBIES_1_377_CA_3,low,intermittent,XGBoost,gaussian,14,0.98,6,0,292,92.0,92.0,0.0,1.0,0,0.0,1.0,12.835616438356164,25.0,8.959445037353255,7,109.0,3748.0,17.933922465076183,7.0,89.66961232538091,0.0,24.933922465076183,0.0,24.933922465076183,0.0,24.933922465076183,B_XGBoost
5,HOUSEHOLD_2_228_CA_3,low,intermittent,XGBoost,gaussian,14,0.98,5,0,292,112.0,112.0,0.0,1.0,0,0.0,1.0,21.698630136986303,42.0,6.4520202020202015,5,119.0,6336.0,16.61681032154658,5.0,83.0840516077329,0.0,21.61681032154658,0.0,21.61681032154658,0.0,21.61681032154658,B_XGBoost
6,FOODS_2_347_TX_2,high,regular,XGBoost,gaussian,14,0.98,11,5,292,1785.0,1483.0,302.0,0.830812324929972,27,0.09246575342465753,0.9075342465753424,80.58904109589041,191.0,23.002507224205342,13,1551.0,23532.0,20.082788718301952,13.0,100.41394359150976,40.31699935197832,73.39978807028027,161.26799740791327,194.3507861262152,483.8039922237398,516.8867809420417,B_XGBoost
7,HOUSEHOLD_1_247_TX_2,high,regular,XGBoost,gaussian,14,0.98,9,2,292,1273.0,1267.0,6.0,0.99528672427337,2,0.00684931506849315,0.9931506849315068,76.41780821917808,165.0,20.72488124047683,10,1359.0,22314.0,10.377538662250728,10.0,51.88769331125364,0.43650001287460327,20.81403867512533,1.746000051498413,22.12353871374914,5.238000154495239,25.615538816745968,B_XGBoost
8,FOODS_3_729_TX_2,medium,intermittent,XGBoost,gaussian,14,0.98,8,0,292,224.0,224.0,0.0,1.0,0,0.0,1.0,28.003424657534246,67.0,9.998777057600588,8,269.0,8177.0,15.603508293955292,8.0,78.01754146977646,0.0,23.603508293955294,0.0,23.603508293955294,0.0,23.603508293955294,B_XGBoost
9,HOBBIES_1_034_TX_2,medium,intermittent,XGBoost,gaussian,14,0.98,9,0,292,281.0,281.0,0.0,1.0,0,0.0,1.0,29.705479452054796,55.0,11.824417800322804,9,285.0,8674.0,19.379854159943044,9.0,96.89927079971523,0.0,28.379854159943044,0.0,28.379854159943044,0.0,28.379854159943044,B_XGBoost
10,FOODS_2_196_TX_2,low,intermittent,XGBoost,gaussian,14,0.98,6,0,292,165.0,165.0,0.0,1.0,0,0.0,1.0,27.57191780821918,47.0,7.480437212768599,7,208.0,8051.0,15.20867008388859,7.0,76.04335041944294,0.0,22.20867008388859,0.0,22.20867008388859,0.0,22.20867008388859,B_XGBoost
11,HOUSEHOLD_2_315_TX_2,low,intermittent,XGBoost,gaussian,14,0.98,7,0,292,122.0,122.0,0.0,1.0,0,0.0,1.0,13.866438356164384,28.0,10.997777228945418,7,128.0,4049.0,14.889781654958854,7.0,74.44890827479428,0.0,21.889781654958853,0.0,21.889781654958853,0.0,21.889781654958853,B_XGBoost
12,FOODS_2_056_WI_3,high,intermittent,XGBoost,gaussian,14,0.98,19,0,292,1064.0,1064.0,0.0,1.0,0,0.0,1.0,53.58904109589041,90.0,24.818507157464214,20,1049.0,15648.0,52.36721110200229,20.0,261.8360555100114,0.0,72.36721110200229,0.0,72.36721110200229,0.0,72.36721110200229,B_XGBoost
13,HOBBIES_1_312_WI_3,high,intermittent,XGBoost,gaussian,14,0.98,5,1,292,799.0,787.0,12.0,0.9849812265331664,2,0.00684931506849315,0.9931506849315068,117.5,251.0,8.372340425531913,5,816.0,34310.0,9.376499882340429,5.0,46.882499411702156,0.5129999935626984,14.889499875903127,2.0519999742507937,16.428499856591223,6.155999922752381,20.53249980509281,B_XGBoost
14,FOODS_3_128_WI_3,medium,intermittent,XGBoost,gaussian,14,0.98,4,1,292,156.0,152.0,4.0,0.9743589743589743,2,0.00684931506849315,0.9931506849315068,40.113013698630134,66.0,4.736617433620764,4,165.0,11713.0,16.735149422181795,4.0,83.67574711090896,0.8940000057220461,21.62914942790384,3.5760000228881843,24.31114944506998,10.728000068664553,31.463149490846348,B_XGBoost
15,HOBBIES_1_036_WI_3,medium,intermittent,XGBoost,gaussian,14,0.98,4,0,292,242.0,242.0,0.0,1.0,0,0.0,1.0,48.582191780821915,92.0,6.226561398561963,4,270.0,14186.0,7.617687703664989,4.0,38.088438518324935,0.0,11.617687703664988,0.0,11.617687703664988,0.0,11.617687703664988,B_XGBoost
16,FOODS_3_520_WI_3,low,intermittent,XGBoost,gaussian,14,0.98,8,0,292,206.0,206.0,0.0,1.0,0,0.0,1.0,22.195205479452056,50.0,11.601604690634161,8,236.0,6481.0,12.367168552418278,8.0,61.835842762091396,0.0,20.367168552418278,0.0,20.367168552418278,0.0,20.367168552418278,B_XGBoost
17,HOUSEHOLD_1_464_WI_3,low,intermittent,XGBoost,gaussian,14,0.98,4,0,292,49.0,49.0,0.0,1.0,0,0.0,1.0,13.154109589041095,25.0,4.6563394949231975,4,68.0,3841.0,17.439718984904353,4.0,87.19859492452177,0.0,21.439718984904353,0.0,21.439718984904353,0.0,21.439718984904353,B_XGBoost
0,FOODS_3_449_CA_3,high,regular,XGBoost,empirical,3,0.9,14,5,292,1628.0,1576.0,52.0,0.9680589680589681,7,0.023972602739726026,0.976027397260274,55.897260273972606,135.0,35.243229996323976,14,1593.0,16322.0,15.494720697206992,14.0,77.47360348603496,7.722000074386599,37.21672077159359,30.888000297546395,60.382720994753385,92.66400089263918,122.15872158984618,B_XGBoost
1,HOUSEHOLD_1_114_CA_3,high,regular,XGBoost,empirical,3,0.9,7,1,292,941.0,927.0,14.0,0.9851222104144527,2,0.00684931506849315,0.9931506849315068,66.79452054794521,172.0,17.347979901558652,7,953.0,19504.0,9.070696157951877,7.0,45.353480789759395,1.018500030040741,17.08919618799262,4.074000120162964,20.144696278114843,12.222000360488892,28.29269651844077,B_XGBoost
2,FOODS_3_784_CA_3,medium,intermittent,XGBoost,empirical,3,0.9,3,0,292,213.0,212.0,1.0,0.9953051643192489,1,0.003424657534246575,0.9965753424657534,37.3458904109589,78.0,7.095827602017423,4,288.0,10905.0,5.228424657534246,4.0,26.14212328767123,0.07500000000000001,9.303424657534245,0.30000000000000004,9.528424657534247,0.9000000000000001,10.128424657534246,B_XGBoost
3,HOUSEHOLD_2_270_CA_3,medium,intermittent,XGBoost,empirical,3,0.9,5,2,292,118.0,116.0,2.0,0.9830508474576272,2,0.00684931506849315,0.9931506849315068,17.11986301369863,32.0,8.469693938787758,5,129.0,4999.0,13.99720036571973,5.0,69.98600182859865,0.8760000228881837,19.873200388607913,3.5040000915527347,22.50120045727246,10.512000274658204,29.509200640377934,B_XGBoost
4,HOBBIES_1_377_CA_3,low,intermittent,XGBoost,empirical,3,0.9,7,0,292,92.0,92.0,0.0,1.0,0,0.0,1.0,8.267123287671232,19.0,13.910521955260979,7,100.0,2414.0,11.550824127719826,7.0,57.754120638599126,0.0,18.550824127719828,0.0,18.550824127719828,0.0,18.550824127719828,B_XGBoost
5,HOUSEHOLD_2_228_CA_3,low,intermittent,XGBoost,empirical,3,0.9,4,1,292,112.0,109.0,3.0,0.9732142857142857,2,0.00684931506849315,0.9931506849315068,15.106164383561644,34.0,9.019496712763546,5,127.0,4411.0,11.568300241215589,5.0,57.841501206077936,1.2307499527931216,17.79905019400871,4.922999811172486,21.491300052388077,14.76899943351746,31.337299674733046,B_XGBoost
6,FOODS_2_347_TX_2,high,regular,XGBoost,empirical,3,0.9,14,6,292,1785.0,1624.0,161.0,0.9098039215686274,11,0.03767123287671233,0.9623287671232876,60.157534246575345,143.0,33.74473414550837,14,1658.0,17566.0,14.991257293289653,14.0,74.95628646644826,21.493499654531487,50.48475694782114,85.97399861812595,114.9652559114156,257.9219958543778,286.9132531476675,B_XGBoost
7,HOUSEHOLD_1_247_TX_2,high,regular,XGBoost,empirical,3,0.9,9,1,292,1273.0,1271.0,2.0,0.9984289080911233,1,0.003424657534246575,0.9965753424657534,71.04109589041096,156.0,22.363816043193214,9,1256.0,20744.0,9.647381106468096,9.0,48.23690553234048,0.14550000429153442,18.79288111075963,0.5820000171661377,19.229381123634234,1.746000051498413,20.39338115796651,B_XGBoost
8,FOODS_3_729_TX_2,medium,intermittent,XGBoost,empirical,3,0.9,8,0,292,224.0,224.0,0.0,1.0,0,0.0,1.0,18.63013698630137,42.0,15.029411764705882,8,251.0,5440.0,10.380712378514955,8.0,51.90356189257478,0.0,18.380712378514957,0.0,18.380712378514957,0.0,18.380712378514957,B_XGBoost
9,HOBBIES_1_034_TX_2,medium,intermittent,XGBoost,empirical,3,0.9,9,1,292,281.0,278.0,3.0,0.9893238434163701,1,0.003424657534246575,0.9965753424657534,18.33219178082192,42.0,18.95572576125537,9,283.0,5353.0,11.959921526190351,9.0,59.79960763095176,1.0484999656677247,22.008421491858073,4.193999862670899,25.15392138886125,12.581999588012696,33.54192111420305,B_XGBoost
10,FOODS_2_196_TX_2,low,intermittent,XGBoost,empirical,3,0.9,6,0,292,165.0,165.0,0.0,1.0,0,0.0,1.0,16.226027397260275,31.0,12.711059518784296,6,170.0,4738.0,8.95027684231327,6.0,44.751384211566354,0.0,14.95027684231327,0.0,14.95027684231327,0.0,14.95027684231327,B_XGBoost
11,HOUSEHOLD_2_315_TX_2,low,intermittent,XGBoost,empirical,3,0.9,7,1,292,122.0,121.0,1.0,0.9918032786885246,1,0.003424657534246575,0.9965753424657534,10.681506849315069,20.0,14.159987175376724,7,122.0,3119.0,11.469802168885323,7.0,57.34901084442661,0.575250005722046,19.04505217460737,2.301000022888184,20.770802191773505,6.903000068664552,25.372802237549877,B_XGBoost
12,FOODS_2_056_WI_3,high,intermittent,XGBoost,empirical,3,0.9,20,2,292,1064.0,1060.0,4.0,0.9962406015037594,2,0.00684931506849315,0.9931506849315068,28.811643835616437,60.0,45.98835136098895,21,1074.0,8413.0,28.15473843309977,21.0,140.77369216549886,2.0940000057220463,51.24873843882181,8.376000022888185,57.53073845598795,25.128000068664555,74.28273850176433,B_XGBoost
13,HOBBIES_1_312_WI_3,high,intermittent,XGBoost,empirical,3,0.9,5,3,292,799.0,746.0,53.0,0.9336670838548186,4,0.0136986301369863,0.9863013698630136,78.23972602739725,159.0,11.918497767661737,5,761.0,22846.0,6.243530058640323,5.0,31.21765029320161,2.2657499715685847,13.509280030208908,9.062999886274339,20.30652994491466,27.18899965882302,38.43252971746334,B_XGBoost
14,FOODS_3_128_WI_3,medium,intermittent,XGBoost,empirical,3,0.9,4,1,292,156.0,155.0,1.0,0.9935897435897436,1,0.003424657534246575,0.9965753424657534,25.003424657534246,43.0,7.748938501575127,4,156.0,7301.0,10.431428833889635,4.0,52.157144169448166,0.22350000143051152,14.654928835320147,0.8940000057220461,15.325428839611682,2.6820000171661382,17.113428851055772,B_XGBoost
15,HOBBIES_1_036_WI_3,medium,intermittent,XGBoost,empirical,3,0.9,4,0,292,242.0,240.0,2.0,0.9917355371900827,1,0.003424657534246575,0.9965753424657534,34.61643835616438,78.0,8.666402849228335,4,256.0,10108.0,5.427857557355541,4.0,27.1392877867777,0.16800000071525578,9.595857558070797,0.6720000028610231,10.099857560216563,2.0160000085830694,11.443857565938611,B_XGBoost
16,FOODS_3_520_WI_3,low,intermittent,XGBoost,empirical,3,0.9,7,1,292,206.0,202.0,4.0,0.9805825242718447,1,0.003424657534246575,0.9965753424657534,17.897260273972602,37.0,14.108304630692691,7,212.0,5226.0,9.972353472448374,7.0,49.86176736224187,1.194000005722046,18.16635347817042,4.776000022888184,21.74835349533656,14.32800006866455,31.300353541112926,B_XGBoost
17,HOUSEHOLD_1_464_WI_3,low,intermittent,XGBoost,empirical,3,0.9,4,0,292,49.0,49.0,0.0,1.0,0,0.0,1.0,7.907534246575342,19.0,7.745777392810741,4,59.0,2309.0,10.48380919972511,4.0,52.419045998625556,0.0,14.48380919972511,0.0,14.48380919972511,0.0,14.48380919972511,B_XGBoost
0,FOODS_3_449_CA_3,high,regular,XGBoost,empirical,3,0.95,14,3,292,1628.0,1581.0,47.0,0.9711302211302212,5,0.017123287671232876,0.9828767123287672,60.36986301369863,139.0,32.735704560925804,14,1601.0,17628.0,16.734526188602185,14.0,83.67263094301092,6.979500067234041,37.714026255836224,27.918000268936165,58.65252645753835,83.75400080680849,114.48852699541068,B_XGBoost
1,HOUSEHOLD_1_114_CA_3,high,regular,XGBoost,empirical,3,0.95,7,1,292,941.0,929.0,12.0,0.9872476089266737,2,0.00684931506849315,0.9931506849315068,68.07534246575342,174.0,17.058305664553778,7,957.0,19878.0,9.244631779520478,7.0,46.223158897602396,0.8730000257492065,17.117631805269685,3.492000102996826,19.736631882517305,10.476000308990479,26.720632088510957,B_XGBoost
2,FOODS_3_784_CA_3,medium,intermittent,XGBoost,empirical,3,0.95,4,1,292,213.0,204.0,9.0,0.9577464788732394,3,0.010273972602739725,0.9897260273972602,34.29109589041096,80.0,7.436332767402377,4,255.0,10013.0,4.800753424657534,4.0,24.00376712328767,0.675,9.475753424657535,2.7,11.500753424657535,8.100000000000001,16.900753424657537,B_XGBoost
3,HOUSEHOLD_2_270_CA_3,medium,intermittent,XGBoost,empirical,3,0.95,5,0,292,118.0,118.0,0.0,1.0,0,0.0,1.0,18.07191780821918,33.0,8.161834375592193,5,129.0,5277.0,14.775600386057814,5.0,73.87800193028907,0.0,19.775600386057814,0.0,19.775600386057814,0.0,19.775600386057814,B_XGBoost
4,HOBBIES_1_377_CA_3,low,intermittent,XGBoost,empirical,3,0.95,7,0,292,92.0,92.0,0.0,1.0,0,0.0,1.0,8.886986301369863,20.0,12.940269749518304,7,102.0,2595.0,12.416896690734445,7.0,62.08448345367222,0.0,19.416896690734447,0.0,19.416896690734447,0.0,19.416896690734447,B_XGBoost
5,HOUSEHOLD_2_228_CA_3,low,intermittent,XGBoost,empirical,3,0.95,4,1,292,112.0,110.0,2.0,0.9821428571428571,1,0.003424657534246575,0.9965753424657534,16.07191780821918,35.0,8.555295120392072,5,129.0,4693.0,12.30787418545109,5.0,61.53937092725545,0.8204999685287477,18.128374153979838,3.281999874114991,20.589874059566082,9.845999622344973,27.153873807796064,B_XGBoost
6,FOODS_2_347_TX_2,high,regular,XGBoost,empirical,3,0.95,14,4,292,1785.0,1634.0,151.0,0.915406162464986,9,0.030821917808219176,0.9691780821917808,61.215753424657535,145.0,33.36559440559441,14,1626.0,17875.0,15.25496550822911,14.0,76.27482754114556,20.15849967598916,49.41346518421827,80.63399870395664,109.88896421218575,241.9019961118699,271.156961620099,B_XGBoost
7,HOUSEHOLD_1_247_TX_2,high,regular,XGBoost,empirical,3,0.95,10,2,292,1273.0,1270.0,3.0,0.997643362136685,2,0.00684931506849315,0.9931506849315068,69.52054794520548,147.0,22.834975369458128,10,1343.0,20300.0,9.44089068941874,10.0,47.204453447093705,0.21825000643730164,19.659140695856042,0.8730000257492065,20.313890715167947,2.6190000772476196,22.05989076666636,B_XGBoost
8,FOODS_3_729_TX_2,medium,intermittent,XGBoost,empirical,3,0.95,8,0,292,224.0,224.0,0.0,1.0,0,0.0,1.0,19.801369863013697,47.0,14.140435835351091,8,254.0,5782.0,11.033323340546595,8.0,55.16661670273297,0.0,19.033323340546595,0.0,19.033323340546595,0.0,19.033323340546595,B_XGBoost
9,HOBBIES_1_034_TX_2,medium,intermittent,XGBoost,empirical,3,0.95,9,1,292,281.0,278.0,3.0,0.9893238434163701,2,0.00684931506849315,0.9931506849315068,19.318493150684933,40.0,17.987945399751816,9,272.0,5641.0,12.603384518819311,9.0,63.01692259409656,1.0484999656677247,22.651884484487034,4.193999862670899,25.79738438149021,12.581999588012696,34.185384106832004,B_XGBoost
10,FOODS_2_196_TX_2,low,intermittent,XGBoost,empirical,3,0.95,6,0,292,165.0,165.0,0.0,1.0,0,0.0,1.0,17.602739726027398,35.0,11.71692607003891,6,175.0,5140.0,9.70967137388987,6.0,48.54835686944936,0.0,15.70967137388987,0.0,15.70967137388987,0.0,15.70967137388987,B_XGBoost
11,HOUSEHOLD_2_315_TX_2,low,intermittent,XGBoost,empirical,3,0.95,7,0,292,122.0,122.0,0.0,1.0,0,0.0,1.0,11.428082191780822,21.0,13.344321246628708,7,123.0,3337.0,12.271474779599334,7.0,61.357373897996666,0.0,19.271474779599334,0.0,19.271474779599334,0.0,19.271474779599334,B_XGBoost
12,FOODS_2_056_WI_3,high,intermittent,XGBoost,empirical,3,0.95,20,3,292,1064.0,1051.0,13.0,0.9877819548872181,3,0.010273972602739725,0.9897260273972602,31.86986301369863,65.0,41.222329679776486,20,1053.0,9306.0,31.143230222088015,20.0,155.71615111044008,6.80550001859665,57.94873024068467,27.2220000743866,78.3652302964746,81.6660002231598,132.8092304452478,B_XGBoost
13,HOBBIES_1_312_WI_3,high,intermittent,XGBoost,empirical,3,0.95,6,0,292,799.0,799.0,0.0,1.0,0,0.0,1.0,88.57534246575342,186.0,11.27571141354779,6,927.0,25864.0,7.068312240071491,6.0,35.34156120035746,0.0,13.068312240071492,0.0,13.068312240071492,0.0,13.068312240071492,B_XGBoost
14,FOODS_3_128_WI_3,medium,intermittent,XGBoost,empirical,3,0.95,4,0,292,156.0,156.0,0.0,1.0,0,0.0,1.0,26.184931506849313,52.0,7.447031127386869,4,158.0,7646.0,10.924353494578845,4.0,54.62176747289421,0.0,14.924353494578845,0.0,14.924353494578845,0.0,14.924353494578845,B_XGBoost
15,HOBBIES_1_036_WI_3,medium,intermittent,XGBoost,empirical,3,0.95,4,0,292,242.0,240.0,2.0,0.9917355371900827,1,0.003424657534246575,0.9965753424657534,35.863013698630134,80.0,8.365164247517189,4,257.0,10472.0,5.6233205718863495,4.0,28.116602859431744,0.16800000071525578,9.791320572601606,0.6720000028610231,10.295320574747372,2.0160000085830694,11.63932058046942,B_XGBoost
16,FOODS_3_520_WI_3,low,intermittent,XGBoost,empirical,3,0.95,7,1,292,206.0,203.0,3.0,0.9854368932038835,1,0.003424657534246575,0.9965753424657534,19.16780821917808,38.0,13.238341968911918,7,213.0,5597.0,10.680302790909597,7.0,53.40151395454798,0.8955000042915344,18.57580279520113,3.5820000171661377,21.262302808075734,10.746000051498413,28.42630284240801,B_XGBoost
17,HOUSEHOLD_1_464_WI_3,low,intermittent,XGBoost,empirical,3,0.95,4,0,292,49.0,49.0,0.0,1.0,0,0.0,1.0,8.037671232876713,20.0,7.620366425223689,4,60.0,2347.0,10.656344821028512,4.0,53.28172410514257,0.0,14.656344821028512,0.0,14.656344821028512,0.0,14.656344821028512,B_XGBoost
0,FOODS_3_449_CA_3,high,regular,XGBoost,empirical,3,0.98,14,3,292,1628.0,1582.0,46.0,0.9717444717444718,5,0.017123287671232876,0.9828767123287672,61.3013698630137,137.0,32.25865921787709,14,1592.0,17900.0,16.992739889719715,14.0,84.96369944859856,6.831000065803529,37.823739955523244,27.324000263214117,58.31674015293383,81.97200078964235,112.96474067936207,B_XGBoost
1,HOUSEHOLD_1_114_CA_3,high,regular,XGBoost,empirical,3,0.98,7,1,292,941.0,925.0,16.0,0.9829968119022316,2,0.00684931506849315,0.9931506849315068,69.76027397260275,177.0,16.574619538537064,7,956.0,20370.0,9.473445484899495,7.0,47.36722742449748,1.1640000343322754,17.63744551923177,4.656000137329102,21.129445622228594,13.968000411987305,30.441445896886798,B_XGBoost
2,FOODS_3_784_CA_3,medium,intermittent,XGBoost,empirical,3,0.98,4,1,292,213.0,205.0,8.0,0.9624413145539906,2,0.00684931506849315,0.9931506849315068,34.832191780821915,81.0,7.356700422770623,4,256.0,10171.0,4.876506849315068,4.0,24.38253424657534,0.6000000000000001,9.476506849315067,2.4000000000000004,11.276506849315068,7.200000000000001,16.076506849315066,B_XGBoost
3,HOUSEHOLD_2_270_CA_3,medium,intermittent,XGBoost,empirical,3,0.98,5,0,292,118.0,118.0,0.0,1.0,0,0.0,1.0,18.811643835616437,33.0,7.840888403422539,5,131.0,5493.0,15.380400401860067,5.0,76.90200200930033,0.0,20.380400401860065,0.0,20.380400401860065,0.0,20.380400401860065,B_XGBoost
4,HOBBIES_1_377_CA_3,low,intermittent,XGBoost,empirical,3,0.98,7,0,292,92.0,92.0,0.0,1.0,0,0.0,1.0,9.284246575342467,20.0,12.386573220213942,7,101.0,2711.0,12.97194872006978,7.0,64.8597436003489,0.0,19.97194872006978,0.0,19.97194872006978,0.0,19.97194872006978,B_XGBoost
5,HOUSEHOLD_2_228_CA_3,low,intermittent,XGBoost,empirical,3,0.98,5,1,292,112.0,110.0,2.0,0.9821428571428571,1,0.003424657534246575,0.9965753424657534,16.16780821917808,35.0,8.504554119889855,5,126.0,4721.0,12.381307059346813,5.0,61.906535296734056,0.8204999685287477,18.20180702787556,3.281999874114991,20.663306933461804,9.845999622344973,27.227306681691786,B_XGBoost
6,FOODS_2_347_TX_2,high,regular,XGBoost,empirical,3,0.98,14,3,292,1785.0,1646.0,139.0,0.9221288515406163,7,0.023972602739726026,0.976027397260274,63.88356164383562,147.0,32.20703334405489,14,1641.0,18654.0,15.919783305762563,14.0,79.59891652881282,18.556499701738364,48.476283007500925,74.22599880695346,104.14578211271602,222.67799642086035,252.59777972662292,B_XGBoost
7,HOUSEHOLD_1_247_TX_2,high,regular,XGBoost,empirical,3,0.98,10,1,292,1273.0,1272.0,1.0,0.9992144540455616,1,0.003424657534246575,0.9965753424657534,71.22602739726027,149.0,22.323300317338205,10,1346.0,20798.0,9.672494805838964,10.0,48.362474029194814,0.07275000214576721,19.745244807984733,0.29100000858306885,19.963494814422035,0.8730000257492065,20.545494831588172,B_XGBoost
8,FOODS_3_729_TX_2,medium,intermittent,XGBoost,empirical,3,0.98,8,0,292,224.0,224.0,0.0,1.0,0,0.0,1.0,21.886986301369863,48.0,12.792990142387733,8,255.0,6391.0,12.195428825567847,8.0,60.97714412783923,0.0,20.195428825567845,0.0,20.195428825567845,0.0,20.195428825567845,B_XGBoost
9,HOBBIES_1_034_TX_2,medium,intermittent,XGBoost,empirical,3,0.98,9,1,292,281.0,280.0,1.0,0.99644128113879,1,0.003424657534246575,0.9965753424657534,21.14041095890411,42.0,16.555969544791836,9,276.0,6173.0,13.79200365798114,9.0,68.9600182899057,0.34949998855590825,23.14150364653705,1.397999954223633,24.190003612204773,4.193999862670899,26.98600352065204,B_XGBoost
10,FOODS_2_196_TX_2,low,intermittent,XGBoost,empirical,3,0.98,6,0,292,165.0,165.0,0.0,1.0,0,0.0,1.0,18.386986301369863,36.0,11.217172657850623,6,176.0,5369.0,10.142261791131268,6.0,50.711308955656335,0.0,16.14226179113127,0.0,16.14226179113127,0.0,16.14226179113127,B_XGBoost
11,HOUSEHOLD_2_315_TX_2,low,intermittent,XGBoost,empirical,3,0.98,7,0,292,122.0,122.0,0.0,1.0,0,0.0,1.0,11.770547945205479,22.0,12.956066336921735,7,124.0,3437.0,12.63921450928466,7.0,63.19607254642329,0.0,19.63921450928466,0.0,19.63921450928466,0.0,19.63921450928466,B_XGBoost
12,FOODS_2_056_WI_3,high,intermittent,XGBoost,empirical,3,0.98,20,0,292,1064.0,1064.0,0.0,1.0,0,0.0,1.0,32.12328767123287,62.0,41.40298507462687,20,1031.0,9380.0,31.390876798107197,20.0,156.95438399053597,0.0,51.3908767981072,0.0,51.3908767981072,0.0,51.3908767981072,B_XGBoost
13,HOBBIES_1_312_WI_3,high,intermittent,XGBoost,empirical,3,0.98,5,1,292,799.0,798.0,1.0,0.9987484355444305,1,0.003424657534246575,0.9965753424657534,89.08904109589041,190.0,11.196663335127239,5,776.0,26014.0,7.109305390242027,5.0,35.54652695121014,0.0427499994635582,12.152055389705586,0.1709999978542328,12.280305388096261,0.5129999935626984,12.622305383804726,B_XGBoost
14,FOODS_3_128_WI_3,medium,intermittent,XGBoost,empirical,3,0.98,4,0,292,156.0,156.0,0.0,1.0,0,0.0,1.0,26.184931506849313,52.0,7.447031127386869,4,158.0,7646.0,10.924353494578845,4.0,54.62176747289421,0.0,14.924353494578845,0.0,14.924353494578845,0.0,14.924353494578845,B_XGBoost
15,HOBBIES_1_036_WI_3,medium,intermittent,XGBoost,empirical,3,0.98,4,0,292,242.0,242.0,0.0,1.0,0,0.0,1.0,44.92123287671233,89.0,6.7340093009072195,4,268.0,13117.0,7.043649345056651,4.0,35.21824672528326,0.0,11.04364934505665,0.0,11.04364934505665,0.0,11.04364934505665,B_XGBoost
16,FOODS_3_520_WI_3,low,intermittent,XGBoost,empirical,3,0.98,7,1,292,206.0,203.0,3.0,0.9854368932038835,1,0.003424657534246575,0.9965753424657534,19.39041095890411,38.0,13.086365241963971,7,214.0,5662.0,10.804337038079353,7.0,54.02168519039677,0.8955000042915344,18.699837042370888,3.5820000171661377,21.38633705524549,10.746000051498413,28.550337089577766,B_XGBoost
17,HOUSEHOLD_1_464_WI_3,low,intermittent,XGBoost,empirical,3,0.98,4,0,292,49.0,49.0,0.0,1.0,0,0.0,1.0,8.801369863013699,20.0,6.9591439688715955,4,60.0,2570.0,11.668856493414264,4.0,58.344282467071324,0.0,15.668856493414264,0.0,15.668856493414264,0.0,15.668856493414264,B_XGBoost
0,FOODS_3_449_CA_3,high,regular,XGBoost,empirical,7,0.9,13,4,292,1628.0,1540.0,88.0,0.9459459459459459,10,0.03424657534246575,0.9657534246575342,66.33219178082192,156.0,29.02059992771955,13,1477.0,19369.0,18.387283738769895,13.0,91.93641869384948,13.068000125885012,44.45528386465491,52.27200050354005,83.65928424230995,156.81600151062014,188.20328524939004,B_XGBoost
1,HOUSEHOLD_1_114_CA_3,high,regular,XGBoost,empirical,7,0.9,7,3,292,941.0,905.0,36.0,0.9617428267800212,6,0.02054794520547945,0.9794520547945206,70.15753424657534,186.0,16.12442643756712,7,958.0,20486.0,9.527393431696174,7.0,47.636967158480864,2.6190000772476196,19.146393508943795,10.476000308990479,27.003393740686654,31.428000926971436,47.95539435866761,B_XGBoost
2,FOODS_3_784_CA_3,medium,intermittent,XGBoost,empirical,7,0.9,3,0,292,213.0,213.0,0.0,1.0,0,0.0,1.0,38.571917808219176,83.0,6.902690224629318,4,291.0,11263.0,5.400068493150685,4.0,27.000342465753423,0.0,9.400068493150684,0.0,9.400068493150684,0.0,9.400068493150684,B_XGBoost
3,HOUSEHOLD_2_270_CA_3,medium,intermittent,XGBoost,empirical,7,0.9,5,3,292,118.0,111.0,7.0,0.940677966101695,5,0.017123287671232876,0.9828767123287672,17.904109589041095,36.0,7.749617444529457,5,132.0,5228.0,14.638400382473044,5.0,73.19200191236521,3.066000080108643,22.704400462581688,12.264000320434572,31.902400702907617,36.792000961303714,56.43040134377676,B_XGBoost
4,HOBBIES_1_377_CA_3,low,intermittent,XGBoost,empirical,7,0.9,6,0,292,92.0,92.0,0.0,1.0,0,0.0,1.0,9.732876712328768,23.0,11.815622800844475,7,104.0,2842.0,13.598774718715719,7.0,67.9938735935786,0.0,20.598774718715717,0.0,20.598774718715717,0.0,20.598774718715717,B_XGBoost
5,HOUSEHOLD_2_228_CA_3,low,intermittent,XGBoost,empirical,7,0.9,4,0,292,112.0,112.0,0.0,1.0,0,0.0,1.0,17.73972602739726,37.0,7.891891891891892,5,132.0,5180.0,13.585081670708853,5.0,67.92540835354426,0.0,18.585081670708853,0.0,18.585081670708853,0.0,18.585081670708853,B_XGBoost
6,FOODS_2_347_TX_2,high,regular,XGBoost,empirical,7,0.9,13,5,292,1785.0,1571.0,214.0,0.8801120448179272,16,0.0547945205479452,0.9452054794520548,66.89041095890411,169.0,29.357720663526518,13,1578.0,19532.0,16.669090143033902,13.0,83.3454507151695,28.568999540805827,58.23808968383973,114.2759981632233,143.94508830625722,342.8279944896699,372.4970846327038,B_XGBoost
7,HOUSEHOLD_1_247_TX_2,high,regular,XGBoost,empirical,7,0.9,9,2,292,1273.0,1267.0,6.0,0.99528672427337,2,0.00684931506849315,0.9931506849315068,70.5,153.0,22.4645390070922,10,1345.0,20586.0,9.573900282382965,10.0,47.869501411914825,0.43650001287460327,20.01040029525757,1.746000051498413,21.319900333881378,5.238000154495239,24.811900436878204,B_XGBoost
8,FOODS_3_729_TX_2,medium,intermittent,XGBoost,empirical,7,0.9,7,1,292,224.0,223.0,1.0,0.9955357142857143,1,0.003424657534246575,0.9965753424657534,19.89041095890411,40.0,14.014290633608816,8,251.0,5808.0,11.082937039414496,8.0,55.41468519707249,0.2985000014305115,19.381437040845007,1.194000005722046,20.276937045136542,3.5820000171661377,22.664937056580634,B_XGBoost
9,HOBBIES_1_034_TX_2,medium,intermittent,XGBoost,empirical,7,0.9,9,3,292,281.0,275.0,6.0,0.9786476868327402,4,0.0136986301369863,0.9863013698630136,20.32191780821918,46.0,16.915234243343445,9,283.0,5934.0,13.258018743959191,9.0,66.29009371979596,2.0969999313354495,24.35501867529464,8.387999725341798,30.64601846930099,25.163999176025392,47.42201791998458,B_XGBoost
10,FOODS_2_196_TX_2,low,intermittent,XGBoost,empirical,7,0.9,6,0,292,165.0,165.0,0.0,1.0,0,0.0,1.0,18.51027397260274,38.0,11.142460684551342,6,178.0,5405.0,10.210267271570963,6.0,51.051336357854815,0.0,16.210267271570963,0.0,16.210267271570963,0.0,16.210267271570963,B_XGBoost
11,HOUSEHOLD_2_315_TX_2,low,intermittent,XGBoost,empirical,7,0.9,7,0,292,122.0,122.0,0.0,1.0,0,0.0,1.0,11.657534246575343,22.0,13.081668625146886,7,125.0,3404.0,12.517860398488502,7.0,62.58930199244251,0.0,19.5178603984885,0.0,19.5178603984885,0.0,19.5178603984885,B_XGBoost
12,FOODS_2_056_WI_3,high,intermittent,XGBoost,empirical,7,0.9,19,4,292,1064.0,1043.0,21.0,0.9802631578947368,7,0.023972602739726026,0.976027397260274,34.832191780821915,75.0,37.4294562973159,20,1058.0,10171.0,34.038017901231164,20.0,170.1900895061558,10.993500030040742,65.0315179312719,43.97400012016297,98.01201802139414,131.9220003604889,185.96001826172008,B_XGBoost
13,HOBBIES_1_312_WI_3,high,intermittent,XGBoost,empirical,7,0.9,5,2,292,799.0,762.0,37.0,0.9536921151439299,7,0.023972602739726026,0.976027397260274,81.28424657534246,167.0,11.718137771223931,5,777.0,23735.0,6.486482795317695,5.0,32.43241397658848,1.5817499801516535,13.068232775469347,6.326999920606614,17.81348271592431,18.98099976181984,30.467482557137537,B_XGBoost
14,FOODS_3_128_WI_3,medium,intermittent,XGBoost,empirical,7,0.9,4,2,292,156.0,151.0,5.0,0.967948717948718,3,0.010273972602739725,0.9897260273972602,28.53082191780822,44.0,6.615652382667146,4,155.0,8331.0,11.903058980295103,4.0,59.51529490147551,1.1175000071525576,17.02055898744766,4.47000002861023,20.373059008905333,13.410000085830692,29.313059066125795,B_XGBoost
15,HOBBIES_1_036_WI_3,medium,intermittent,XGBoost,empirical,7,0.9,4,1,292,242.0,240.0,2.0,0.9917355371900827,2,0.00684931506849315,0.9931506849315068,41.86643835616438,85.0,7.1656441717791415,4,263.0,12225.0,6.564657562195438,4.0,32.823287810977185,0.16800000071525578,10.732657562910696,0.6720000028610231,11.236657565056461,2.0160000085830694,12.58065757077851,B_XGBoost
16,FOODS_3_520_WI_3,low,intermittent,XGBoost,empirical,7,0.9,7,1,292,206.0,205.0,1.0,0.9951456310679612,1,0.003424657534246575,0.9965753424657534,18.914383561643834,39.0,13.547890639145393,7,217.0,5523.0,10.539094571054799,7.0,52.69547285527399,0.2985000014305115,17.837594572485308,1.194000005722046,18.733094576776843,3.5820000171661377,21.121094588220934,B_XGBoost
17,HOUSEHOLD_1_464_WI_3,low,intermittent,XGBoost,empirical,7,0.9,4,1,292,49.0,48.0,1.0,0.9795918367346939,1,0.003424657534246575,0.9965753424657534,8.496575342465754,19.0,7.061668681983071,4,61.0,2481.0,11.26475990667735,4.0,56.323799533386754,0.7102500200271606,15.97500992670451,2.8410000801086426,18.10575998678599,8.523000240325928,23.787760147003276,B_XGBoost
0,FOODS_3_449_CA_3,high,regular,XGBoost,empirical,7,0.95,13,3,292,1628.0,1552.0,76.0,0.9533169533169533,7,0.023972602739726026,0.976027397260274,71.0582191780822,162.0,27.301556701527783,13,1495.0,20749.0,19.6973385459103,13.0,98.48669272955149,11.286000108718875,43.98333865462917,45.1440004348755,77.84133898078579,135.43200130462648,168.12933985053678,B_XGBoost
1,HOUSEHOLD_1_114_CA_3,high,regular,XGBoost,empirical,7,0.95,7,3,292,941.0,909.0,32.0,0.9659936238044633,7,0.023972602739726026,0.976027397260274,71.89041095890411,191.0,15.805306783536585,7,962.0,20992.0,9.76271809617134,7.0,48.8135904808567,2.328000068664551,19.09071816483589,9.312000274658203,26.074718370829544,27.93600082397461,44.69871892014595,B_XGBoost
2,FOODS_3_784_CA_3,medium,intermittent,XGBoost,empirical,7,0.95,3,0,292,213.0,213.0,0.0,1.0,0,0.0,1.0,35.82876712328767,101.0,7.431179506786465,4,271.0,10462.0,5.016027397260274,4.0,25.080136986301365,0.0,9.016027397260274,0.0,9.016027397260274,0.0,9.016027397260274,B_XGBoost
3,HOUSEHOLD_2_270_CA_3,medium,intermittent,XGBoost,empirical,7,0.95,5,1,292,118.0,117.0,1.0,0.9915254237288136,1,0.003424657534246575,0.9965753424657534,20.256849315068493,37.0,7.21978021978022,5,134.0,5915.0,16.562000432732987,5.0,82.81000216366493,0.43800001144409184,22.00000044417708,1.7520000457763674,23.314000478509353,5.256000137329102,26.81800057006209,B_XGBoost
4,HOBBIES_1_377_CA_3,low,intermittent,XGBoost,empirical,7,0.95,6,0,292,92.0,92.0,0.0,1.0,0,0.0,1.0,10.705479452054794,24.0,10.742162507997442,7,105.0,3126.0,14.957695204329816,7.0,74.78847602164907,0.0,21.957695204329816,0.0,21.957695204329816,0.0,21.957695204329816,B_XGBoost
5,HOUSEHOLD_2_228_CA_3,low,intermittent,XGBoost,empirical,7,0.95,5,0,292,112.0,112.0,0.0,1.0,0,0.0,1.0,14.126712328767123,31.0,9.91030303030303,5,113.0,4125.0,10.818235886423555,5.0,54.09117943211777,0.0,15.818235886423555,0.0,15.818235886423555,0.0,15.818235886423555,B_XGBoost
6,FOODS_2_347_TX_2,high,regular,XGBoost,empirical,7,0.95,13,4,292,1785.0,1585.0,200.0,0.8879551820728291,14,0.04794520547945205,0.952054794520548,71.6917808219178,172.0,27.63566446928442,13,1592.0,20934.0,17.865591493665352,13.0,89.32795746832676,26.699999570846565,57.56559106451192,106.79999828338626,137.66558977705162,320.3999948501588,351.26558634382417,B_XGBoost
7,HOUSEHOLD_1_247_TX_2,high,regular,XGBoost,empirical,7,0.95,9,2,292,1273.0,1269.0,4.0,0.9968578161822467,2,0.00684931506849315,0.9931506849315068,71.62328767123287,155.0,22.14712632686239,10,1348.0,20914.0,9.726442752635643,10.0,48.63221376317821,0.29100000858306885,20.01744276121871,1.1640000343322754,20.890442786967917,3.492000102996826,23.218442855632468,B_XGBoost
8,FOODS_3_729_TX_2,medium,intermittent,XGBoost,empirical,7,0.95,8,0,292,224.0,224.0,0.0,1.0,0,0.0,1.0,24.068493150684933,55.0,11.633466135458166,8,261.0,7028.0,13.410964447831454,8.0,67.05482223915728,0.0,21.410964447831454,0.0,21.410964447831454,0.0,21.410964447831454,B_XGBoost
9,HOBBIES_1_034_TX_2,medium,intermittent,XGBoost,empirical,7,0.95,9,1,292,281.0,279.0,2.0,0.9928825622775801,2,0.00684931506849315,0.9931506849315068,21.92808219178082,41.0,15.904263626425115,9,277.0,6403.0,14.305880353483435,9.0,71.52940176741717,0.6989999771118165,24.004880330595253,2.795999908447266,26.101880261930702,8.387999725341798,31.69388007882523,B_XGBoost
10,FOODS_2_196_TX_2,low,intermittent,XGBoost,empirical,7,0.95,6,0,292,165.0,165.0,0.0,1.0,0,0.0,1.0,20.86986301369863,38.0,9.882671480144404,7,200.0,6094.0,11.511816605541805,7.0,57.55908302770902,0.0,18.511816605541803,0.0,18.511816605541803,0.0,18.511816605541803,B_XGBoost
11,HOUSEHOLD_2_315_TX_2,low,intermittent,XGBoost,empirical,7,0.95,7,0,292,122.0,122.0,0.0,1.0,0,0.0,1.0,11.472602739726028,22.0,13.292537313432835,7,120.0,3350.0,12.319280944458425,7.0,61.59640472229213,0.0,19.319280944458427,0.0,19.319280944458427,0.0,19.319280944458427,B_XGBoost
12,FOODS_2_056_WI_3,high,intermittent,XGBoost,empirical,7,0.95,20,2,292,1064.0,1060.0,4.0,0.9962406015037594,3,0.010273972602739725,0.9897260273972602,37.513698630136986,74.0,35.32043089282454,21,1078.0,10954.0,36.658386401542245,21.0,183.2919320077112,2.0940000057220463,59.75238640726429,8.376000022888185,66.03438642443044,25.128000068664555,82.78638647020679,B_XGBoost
13,HOBBIES_1_312_WI_3,high,intermittent,XGBoost,empirical,7,0.95,5,0,292,799.0,799.0,0.0,1.0,0,0.0,1.0,84.38356164383562,197.0,11.83583603896104,6,938.0,24640.0,6.733808134679924,6.0,33.66904067339962,0.0,12.733808134679924,0.0,12.733808134679924,0.0,12.733808134679924,B_XGBoost
14,FOODS_3_128_WI_3,medium,intermittent,XGBoost,empirical,7,0.95,4,1,292,156.0,155.0,1.0,0.9935897435897436,1,0.003424657534246575,0.9965753424657534,30.38013698630137,55.0,6.377522263555405,4,160.0,8871.0,12.674593231808648,4.0,63.372966159043244,0.22350000143051152,16.898093233239162,0.8940000057220461,17.568593237530695,2.6820000171661382,19.35659324897479,B_XGBoost
15,HOBBIES_1_036_WI_3,medium,intermittent,XGBoost,empirical,7,0.95,4,0,292,242.0,242.0,0.0,1.0,0,0.0,1.0,44.04109589041096,87.0,6.868584758942458,4,265.0,12860.0,6.9056438650170415,4.0,34.5282193250852,0.0,10.90564386501704,0.0,10.90564386501704,0.0,10.90564386501704,B_XGBoost
16,FOODS_3_520_WI_3,low,intermittent,XGBoost,empirical,7,0.95,7,0,292,206.0,206.0,0.0,1.0,0,0.0,1.0,19.40068493150685,39.0,13.272727272727273,7,218.0,5665.0,10.810061695641034,7.0,54.05030847820517,0.0,17.810061695641032,0.0,17.810061695641032,0.0,17.810061695641032,B_XGBoost
17,HOUSEHOLD_1_464_WI_3,low,intermittent,XGBoost,empirical,7,0.95,4,0,292,49.0,49.0,0.0,1.0,0,0.0,1.0,9.304794520547945,17.0,6.582627898417372,4,53.0,2717.0,12.336296923193212,4.0,61.68148461596606,0.0,16.33629692319321,0.0,16.33629692319321,0.0,16.33629692319321,B_XGBoost
0,FOODS_3_449_CA_3,high,regular,XGBoost,empirical,7,0.98,13,2,292,1628.0,1557.0,71.0,0.9563882063882064,6,0.02054794520547945,0.9794520547945206,73.65068493150685,165.0,26.42541616293128,13,1503.0,21506.0,20.415970059682245,13.0,102.07985029841122,10.543500101566318,43.95947016124856,42.17400040626527,75.58997046594752,126.52200121879581,159.93797127847805,B_XGBoost
1,HOUSEHOLD_1_114_CA_3,high,regular,XGBoost,empirical,7,0.98,7,0,292,941.0,941.0,0.0,1.0,0,0.0,1.0,82.88698630136986,196.0,14.191009379002603,7,958.0,24203.0,11.256053071724226,7.0,56.28026535862112,0.0,18.256053071724224,0.0,18.256053071724224,0.0,18.256053071724224,B_XGBoost
2,FOODS_3_784_CA_3,medium,intermittent,XGBoost,empirical,7,0.98,3,0,292,213.0,206.0,7.0,0.9671361502347418,3,0.010273972602739725,0.9897260273972602,37.11986301369863,76.0,6.9369868069010066,4,254.0,10839.0,5.196780821917808,4.0,25.983904109589037,0.5250000000000001,9.72178082191781,2.1000000000000005,11.29678082191781,6.300000000000001,15.49678082191781,B_XGBoost
3,HOUSEHOLD_2_270_CA_3,medium,intermittent,XGBoost,empirical,7,0.98,5,0,292,118.0,118.0,0.0,1.0,0,0.0,1.0,23.97945205479452,39.0,6.151099685804056,5,139.0,7002.0,19.605600512256363,5.0,98.02800256128181,0.0,24.605600512256363,0.0,24.605600512256363,0.0,24.605600512256363,B_XGBoost
4,HOBBIES_1_377_CA_3,low,intermittent,XGBoost,empirical,7,0.98,6,0,292,92.0,92.0,0.0,1.0,0,0.0,1.0,11.006849315068493,25.0,10.44803982576229,7,106.0,3214.0,15.378769157618692,7.0,76.89384578809346,0.0,22.37876915761869,0.0,22.37876915761869,0.0,22.37876915761869,B_XGBoost
5,HOUSEHOLD_2_228_CA_3,low,intermittent,XGBoost,empirical,7,0.98,5,0,292,112.0,112.0,0.0,1.0,0,0.0,1.0,15.41095890410959,33.0,9.084444444444443,5,114.0,4500.0,11.801711876098423,5.0,59.008559380492116,0.0,16.801711876098423,0.0,16.801711876098423,0.0,16.801711876098423,B_XGBoost
6,FOODS_2_347_TX_2,high,regular,XGBoost,empirical,7,0.98,13,3,292,1785.0,1597.0,188.0,0.8946778711484594,11,0.03767123287671233,0.9623287671232876,75.20890410958904,176.0,26.542734848139883,13,1603.0,21961.0,18.742058602865427,13.0,93.71029301432714,25.097999596595773,56.8400581994612,100.3919983863831,132.1340569892485,301.1759951591493,332.9180537620147,B_XGBoost
7,HOUSEHOLD_1_247_TX_2,high,regular,XGBoost,empirical,7,0.98,9,1,292,1273.0,1271.0,2.0,0.9984289080911233,1,0.003424657534246575,0.9965753424657534,73.33904109589041,157.0,21.66308662152697,10,1352.0,21415.0,9.959442074576469,10.0,49.79721037288235,0.14550000429153442,20.104942078868003,0.5820000171661377,20.541442091742606,1.746000051498413,21.70544212607488,B_XGBoost
8,FOODS_3_729_TX_2,medium,intermittent,XGBoost,empirical,7,0.98,8,0,292,224.0,224.0,0.0,1.0,0,0.0,1.0,25.431506849315067,51.0,11.009964987880421,8,253.0,7426.0,14.170435684347805,8.0,70.85217842173903,0.0,22.170435684347805,0.0,22.170435684347805,0.0,22.170435684347805,B_XGBoost
9,HOBBIES_1_034_TX_2,medium,intermittent,XGBoost,empirical,7,0.98,9,1,292,281.0,280.0,1.0,0.99644128113879,1,0.003424657534246575,0.9965753424657534,23.767123287671232,47.0,14.72622478386167,9,279.0,6940.0,15.505670725156182,9.0,77.52835362578091,0.34949998855590825,24.85517071371209,1.397999954223633,25.903670679379815,4.193999862670899,28.699670587827082,B_XGBoost
10,FOODS_2_196_TX_2,low,intermittent,XGBoost,empirical,7,0.98,6,0,292,165.0,165.0,0.0,1.0,0,0.0,1.0,24.034246575342465,46.0,8.581504702194358,6,169.0,7018.0,13.25729060349399,6.0,66.28645301746995,0.0,19.257290603493992,0.0,19.257290603493992,0.0,19.257290603493992,B_XGBoost
11,HOUSEHOLD_2_315_TX_2,low,intermittent,XGBoost,empirical,7,0.98,7,0,292,122.0,122.0,0.0,1.0,0,0.0,1.0,12.383561643835616,22.0,12.314712389380531,7,123.0,3616.0,13.297468625421393,7.0,66.48734312710697,0.0,20.297468625421395,0.0,20.297468625421395,0.0,20.297468625421395,B_XGBoost
12,FOODS_2_056_WI_3,high,intermittent,XGBoost,empirical,7,0.98,20,1,292,1064.0,1061.0,3.0,0.9971804511278195,1,0.003424657534246575,0.9965753424657534,41.33904109589041,82.0,32.082263275619255,20,1043.0,12071.0,40.39651106929126,20.0,201.98255534645625,1.5705000042915347,61.96701107358279,6.282000017166139,66.67851108645739,18.846000051498415,79.24251112078967,B_XGBoost
13,HOBBIES_1_312_WI_3,high,intermittent,XGBoost,empirical,7,0.98,5,0,292,799.0,799.0,0.0,1.0,0,0.0,1.0,93.99657534246575,205.0,10.625387109702336,6,947.0,27447.0,7.500926618204541,6.0,37.504633091022704,0.0,13.500926618204542,0.0,13.500926618204542,0.0,13.500926618204542,B_XGBoost
14,FOODS_3_128_WI_3,medium,intermittent,XGBoost,empirical,7,0.98,4,0,292,156.0,156.0,0.0,1.0,0,0.0,1.0,34.33904109589041,57.0,5.678667597486786,4,164.0,10027.0,14.326248036900612,4.0,71.63124018450304,0.0,18.326248036900612,0.0,18.326248036900612,0.0,18.326248036900612,B_XGBoost
15,HOBBIES_1_036_WI_3,medium,intermittent,XGBoost,empirical,7,0.98,4,0,292,242.0,242.0,0.0,1.0,0,0.0,1.0,48.9041095890411,92.0,6.185574229691876,4,270.0,14280.0,7.668164416208659,4.0,38.34082208104329,0.0,11.668164416208658,0.0,11.668164416208658,0.0,11.668164416208658,B_XGBoost
16,FOODS_3_520_WI_3,low,intermittent,XGBoost,empirical,7,0.98,7,0,292,206.0,206.0,0.0,1.0,0,0.0,1.0,19.48972602739726,39.0,13.21208926374978,7,218.0,5691.0,10.859675394508937,7.0,54.29837697254468,0.0,17.859675394508937,0.0,17.859675394508937,0.0,17.859675394508937,B_XGBoost
17,HOUSEHOLD_1_464_WI_3,low,intermittent,XGBoost,empirical,7,0.98,4,0,292,49.0,49.0,0.0,1.0,0,0.0,1.0,10.606164383561644,18.0,5.774943493703584,4,53.0,3097.0,14.061653136227228,4.0,70.30826568113615,0.0,18.06165313622723,0.0,18.06165313622723,0.0,18.06165313622723,B_XGBoost
0,FOODS_3_449_CA_3,high,regular,XGBoost,empirical,14,0.9,12,3,292,1628.0,1467.0,161.0,0.9011056511056511,13,0.04452054794520548,0.9554794520547946,82.7568493150685,197.0,22.15828677839851,12,1425.0,24165.0,22.940198851121615,12.0,114.70099425560807,23.908500230312352,58.84869908143396,95.63400092124941,130.57419977237103,286.9020027637482,321.84220161486985,B_XGBoost
1,HOUSEHOLD_1_114_CA_3,high,regular,XGBoost,empirical,14,0.9,6,2,292,941.0,905.0,36.0,0.9617428267800212,8,0.0273972602739726,0.9726027397260274,78.63698630136986,201.0,14.385724240048777,7,981.0,22962.0,10.67890305470114,7.0,53.39451527350569,2.6190000772476196,20.297903131948758,10.476000308990479,28.154903363691616,31.428000926971436,49.10690398167257,B_XGBoost
2,FOODS_3_784_CA_3,medium,intermittent,XGBoost,empirical,14,0.9,3,0,292,213.0,213.0,0.0,1.0,0,0.0,1.0,42.955479452054796,95.0,6.198277923941641,4,298.0,12543.0,6.013767123287671,4.0,30.068835616438356,0.0,10.013767123287671,0.0,10.013767123287671,0.0,10.013767123287671,B_XGBoost
3,HOUSEHOLD_2_270_CA_3,medium,intermittent,XGBoost,empirical,14,0.9,5,2,292,118.0,113.0,5.0,0.9576271186440678,3,0.010273972602739725,0.9897260273972602,20.366438356164384,38.0,6.9354296283840595,5,132.0,5947.0,16.651600435074062,5.0,83.25800217537031,2.190000057220459,23.84160049229452,8.760000228881836,30.4116006639559,26.28000068664551,47.931601121719574,B_XGBoost
4,HOBBIES_1_377_CA_3,low,intermittent,XGBoost,empirical,14,0.9,6,0,292,92.0,92.0,0.0,1.0,0,0.0,1.0,11.993150684931507,26.0,9.588806396344946,7,107.0,3502.0,16.756829368382284,7.0,83.78414684191142,0.0,23.756829368382284,0.0,23.756829368382284,0.0,23.756829368382284,B_XGBoost
5,HOUSEHOLD_2_228_CA_3,low,intermittent,XGBoost,empirical,14,0.9,5,0,292,112.0,112.0,0.0,1.0,0,0.0,1.0,16.97945205479452,38.0,8.245260185558692,5,114.0,4958.0,13.00286388482133,5.0,65.01431942410665,0.0,18.00286388482133,0.0,18.00286388482133,0.0,18.00286388482133,B_XGBoost
6,FOODS_2_347_TX_2,high,regular,XGBoost,empirical,14,0.9,11,4,292,1785.0,1482.0,303.0,0.8302521008403362,25,0.08561643835616438,0.9143835616438356,80.14383561643835,183.0,23.114691052046833,12,1469.0,23402.0,19.97184351460574,12.0,99.8592175730287,40.45049934983255,72.42234286443829,161.8019973993302,193.77384091393594,485.4059921979906,517.3778357125964,B_XGBoost
7,HOUSEHOLD_1_247_TX_2,high,regular,XGBoost,empirical,14,0.9,9,4,292,1273.0,1245.0,28.0,0.9780047132757266,6,0.02054794520547945,0.9794520547945206,72.65753424657534,159.0,21.418976244343888,10,1352.0,21216.0,9.866893441709754,10.0,49.334467208548766,2.037000060081482,21.903893501791238,8.148000240325928,28.014893682035684,24.444000720977783,44.31089416268754,B_XGBoost
8,FOODS_3_729_TX_2,medium,intermittent,XGBoost,empirical,14,0.9,8,0,292,224.0,224.0,0.0,1.0,0,0.0,1.0,22.143835616438356,43.0,12.644602536343953,8,267.0,6466.0,12.338545264609872,8.0,61.692726323049364,0.0,20.33854526460987,0.0,20.33854526460987,0.0,20.33854526460987,B_XGBoost
9,HOBBIES_1_034_TX_2,medium,intermittent,XGBoost,empirical,14,0.9,9,1,292,281.0,278.0,3.0,0.9893238434163701,2,0.00684931506849315,0.9931506849315068,26.482876712328768,51.0,13.121686279581017,9,278.0,7733.0,17.277428201388005,9.0,86.38714100694003,1.0484999656677247,27.32592816705573,4.193999862670899,30.471428064058905,12.581999588012696,38.8594277894007,B_XGBoost
10,FOODS_2_196_TX_2,low,intermittent,XGBoost,empirical,14,0.9,6,0,292,165.0,165.0,0.0,1.0,0,0.0,1.0,25.61986301369863,49.0,8.050394332308516,6,172.0,7481.0,14.13191664359341,6.0,70.65958321796704,0.0,20.13191664359341,0.0,20.13191664359341,0.0,20.13191664359341,B_XGBoost
11,HOUSEHOLD_2_315_TX_2,low,intermittent,XGBoost,empirical,14,0.9,7,0,292,122.0,122.0,0.0,1.0,0,0.0,1.0,11.876712328767123,26.0,12.840253748558247,7,126.0,3468.0,12.75321382548711,7.0,63.76606912743555,0.0,19.75321382548711,0.0,19.75321382548711,0.0,19.75321382548711,B_XGBoost
12,FOODS_2_056_WI_3,high,intermittent,XGBoost,empirical,14,0.9,19,1,292,1064.0,1051.0,13.0,0.9877819548872181,4,0.0136986301369863,0.9863013698630136,45.657534246575345,87.0,28.774002400240022,20,1072.0,13332.0,44.61654258767219,20.0,223.08271293836097,6.80550001859665,71.42204260626885,27.2220000743866,91.8385426620588,81.6660002231598,146.282542810832,B_XGBoost
13,HOBBIES_1_312_WI_3,high,intermittent,XGBoost,empirical,14,0.9,5,1,292,799.0,776.0,23.0,0.9712140175219024,6,0.02054794520547945,0.9794520547945206,101.76027397260275,226.0,9.532207040452311,5,788.0,29714.0,8.12046976111523,5.0,40.602348805576156,0.9832499876618387,14.103719748777069,3.9329999506473547,17.053469711762585,11.798999851942064,24.919469613057295,B_XGBoost
14,FOODS_3_128_WI_3,medium,intermittent,XGBoost,empirical,14,0.9,4,2,292,156.0,142.0,14.0,0.9102564102564102,7,0.023972602739726026,0.976027397260274,36.07876712328767,59.0,4.919791172282867,4,163.0,10535.0,15.052061740176319,4.0,75.26030870088158,3.1290000200271613,22.18106176020348,12.516000080108645,31.568061820284967,37.54800024032593,56.600061980502254,B_XGBoost
15,HOBBIES_1_036_WI_3,medium,intermittent,XGBoost,empirical,14,0.9,4,0,292,242.0,242.0,0.0,1.0,0,0.0,1.0,42.89041095890411,86.0,7.052858511657617,4,264.0,12524.0,6.725216466988602,4.0,33.626082334943014,0.0,10.725216466988602,0.0,10.725216466988602,0.0,10.725216466988602,B_XGBoost
16,FOODS_3_520_WI_3,low,intermittent,XGBoost,empirical,14,0.9,7,1,292,206.0,204.0,2.0,0.9902912621359223,1,0.003424657534246575,0.9965753424657534,18.40753424657534,40.0,13.853023255813953,7,210.0,5375.0,10.2566781313452,7.0,51.283390656726,0.597000002861023,17.853678134206223,2.388000011444092,19.644678142789292,7.164000034332275,24.420678165677476,B_XGBoost
17,HOUSEHOLD_1_464_WI_3,low,intermittent,XGBoost,empirical,14,0.9,4,0,292,49.0,49.0,0.0,1.0,0,0.0,1.0,11.575342465753424,23.0,5.291420118343195,4,66.0,3380.0,15.346589473828876,4.0,76.73294736914438,0.0,19.346589473828878,0.0,19.346589473828878,0.0,19.346589473828878,B_XGBoost
0,FOODS_3_449_CA_3,high,regular,XGBoost,empirical,14,0.95,12,5,292,1628.0,1496.0,132.0,0.918918918918919,15,0.05136986301369863,0.9486301369863014,83.28082191780823,181.0,22.454149189900484,13,1502.0,24318.0,23.085444058000224,13.0,115.42722029000112,19.602000188827517,55.68744424682774,78.40800075531007,114.49344481331029,235.22400226593024,271.30944632393044,B_XGBoost
1,HOUSEHOLD_1_114_CA_3,high,regular,XGBoost,empirical,14,0.95,7,2,292,941.0,937.0,4.0,0.9957492029755579,2,0.00684931506849315,0.9931506849315068,94.40068493150685,225.0,12.40721929983675,7,967.0,27565.0,12.819613391814167,7.0,64.09806695907083,0.29100000858306885,20.110613400397234,1.1640000343322754,20.98361342614644,3.492000102996826,23.31161349481099,B_XGBoost
2,FOODS_3_784_CA_3,medium,intermittent,XGBoost,empirical,14,0.95,3,0,292,213.0,213.0,0.0,1.0,0,0.0,1.0,46.64041095890411,110.0,5.708568911080108,4,300.0,13619.0,6.529657534246575,4.0,32.64828767123288,0.0,10.529657534246574,0.0,10.529657534246574,0.0,10.529657534246574,B_XGBoost
3,HOUSEHOLD_2_270_CA_3,medium,intermittent,XGBoost,empirical,14,0.95,5,0,292,118.0,118.0,0.0,1.0,0,0.0,1.0,24.70205479452055,42.0,5.971163177596007,5,139.0,7213.0,20.19640052769282,5.0,100.98200263846411,0.0,25.19640052769282,0.0,25.19640052769282,0.0,25.19640052769282,B_XGBoost
4,HOBBIES_1_377_CA_3,low,intermittent,XGBoost,empirical,14,0.95,6,0,292,92.0,92.0,0.0,1.0,0,0.0,1.0,12.325342465753424,24.0,9.330369547096415,7,108.0,3599.0,17.22096770325752,7.0,86.1048385162876,0.0,24.22096770325752,0.0,24.22096770325752,0.0,24.22096770325752,B_XGBoost
5,HOUSEHOLD_2_228_CA_3,low,intermittent,XGBoost,empirical,14,0.95,5,0,292,112.0,112.0,0.0,1.0,0,0.0,1.0,18.876712328767123,40.0,7.416545718432511,5,116.0,5512.0,14.455785746901002,5.0,72.278928734505,0.0,19.455785746901,0.0,19.455785746901,0.0,19.455785746901,B_XGBoost
6,FOODS_2_347_TX_2,high,regular,XGBoost,empirical,14,0.95,11,5,292,1785.0,1480.0,305.0,0.8291316526610645,27,0.09246575342465753,0.9075342465753424,80.3972602739726,191.0,23.010734367013118,13,1548.0,23476.0,20.0349969382482,13.0,100.17498469124101,40.717499345541015,73.75249628378921,162.86999738216406,195.90499432041224,488.6099921464922,521.6449890847404,B_XGBoost
7,HOUSEHOLD_1_247_TX_2,high,regular,XGBoost,empirical,14,0.95,9,3,292,1273.0,1251.0,22.0,0.9827179890023566,4,0.0136986301369863,0.9863013698630136,74.37671232876713,161.0,21.02472603370476,10,1360.0,21718.0,10.10035783215745,10.0,50.50178916078725,1.6005000472068787,21.700857879364328,6.402000188827515,26.502358020984964,19.206000566482544,39.30635839863999,B_XGBoost
8,FOODS_3_729_TX_2,medium,intermittent,XGBoost,empirical,14,0.95,8,0,292,224.0,224.0,0.0,1.0,0,0.0,1.0,23.565068493150687,55.0,11.881993896236011,8,257.0,6881.0,13.130456227309082,8.0,65.65228113654543,0.0,21.130456227309082,0.0,21.130456227309082,0.0,21.130456227309082,B_XGBoost
9,HOBBIES_1_034_TX_2,medium,intermittent,XGBoost,empirical,14,0.95,9,2,292,281.0,280.0,1.0,0.99644128113879,1,0.003424657534246575,0.9965753424657534,29.421232876712327,55.0,11.896170410895124,10,316.0,8591.0,19.19441170026178,10.0,95.97205850130891,0.34949998855590825,29.54391168881769,1.397999954223633,30.592411654485414,4.193999862670899,33.38841156293268,B_XGBoost
10,FOODS_2_196_TX_2,low,intermittent,XGBoost,empirical,14,0.95,6,0,292,165.0,165.0,0.0,1.0,0,0.0,1.0,28.71917808219178,52.0,7.18161221082757,7,208.0,8386.0,15.841498860202423,7.0,79.20749430101212,0.0,22.84149886020242,0.0,22.84149886020242,0.0,22.84149886020242,B_XGBoost
11,HOUSEHOLD_2_315_TX_2,low,intermittent,XGBoost,empirical,14,0.95,7,0,292,122.0,122.0,0.0,1.0,0,0.0,1.0,12.914383561643836,26.0,11.80853884911164,7,126.0,3771.0,13.867465206433648,7.0,69.33732603216825,0.0,20.86746520643365,0.0,20.86746520643365,0.0,20.86746520643365,B_XGBoost
12,FOODS_2_056_WI_3,high,intermittent,XGBoost,empirical,14,0.95,19,1,292,1064.0,1055.0,9.0,0.9915413533834586,3,0.010273972602739725,0.9897260273972602,48.55821917808219,90.0,27.158121165103324,20,1076.0,14179.0,47.45109191048635,20.0,237.25545955243174,4.711500012874604,72.16259192336096,18.846000051498415,86.29709196198476,56.53800015449525,123.9890920649816,B_XGBoost
13,HOBBIES_1_312_WI_3,high,intermittent,XGBoost,empirical,14,0.95,5,1,292,799.0,776.0,23.0,0.9712140175219024,5,0.017123287671232876,0.9828767123287672,107.92808219178082,240.0,8.987466285895605,5,805.0,31515.0,8.612660850829457,5.0,43.06330425414728,0.9832499876618387,14.595910838491296,3.9329999506473547,17.54566080147681,11.798999851942064,25.41166070277152,B_XGBoost
14,FOODS_3_128_WI_3,medium,intermittent,XGBoost,empirical,14,0.95,4,2,292,156.0,149.0,7.0,0.9551282051282052,3,0.010273972602739725,0.9897260273972602,40.3013698630137,62.0,4.621430999320191,4,165.0,11768.0,16.81373161446558,4.0,84.0686580723279,1.5645000100135806,22.378231624479163,6.2580000400543225,27.071731654519905,18.774000120162967,39.58773173462855,B_XGBoost
15,HOBBIES_1_036_WI_3,medium,intermittent,XGBoost,empirical,14,0.95,4,0,292,242.0,242.0,0.0,1.0,0,0.0,1.0,45.736301369863014,89.0,6.614002246349682,4,267.0,13355.0,7.171452085326795,4.0,35.85726042663398,0.0,11.171452085326795,0.0,11.171452085326795,0.0,11.171452085326795,B_XGBoost
16,FOODS_3_520_WI_3,low,intermittent,XGBoost,empirical,14,0.95,7,1,292,206.0,205.0,1.0,0.9951456310679612,1,0.003424657534246575,0.9965753424657534,18.767123287671232,41.0,13.65419708029197,7,212.0,5480.0,10.457041146004036,7.0,52.28520573002018,0.2985000014305115,17.75554114743455,1.194000005722046,18.651041151726083,3.5820000171661377,21.039041163170175,B_XGBoost
17,HOUSEHOLD_1_464_WI_3,low,intermittent,XGBoost,empirical,14,0.95,4,0,292,49.0,49.0,0.0,1.0,0,0.0,1.0,12.205479452054794,24.0,5.018237934904602,4,67.0,3564.0,16.182025113824295,4.0,80.91012556912148,0.0,20.182025113824295,0.0,20.182025113824295,0.0,20.182025113824295,B_XGBoost
0,FOODS_3_449_CA_3,high,regular,XGBoost,empirical,14,0.98,12,5,292,1628.0,1493.0,135.0,0.9170761670761671,9,0.030821917808219176,0.9691780821917808,88.68493150684931,198.0,21.043597466790242,13,1526.0,25896.0,24.583463250512946,13.0,122.91731625256472,20.047500193119053,57.630963443632,80.19000077247621,117.77346402298916,240.57000231742865,278.15346556794157,B_XGBoost
1,HOUSEHOLD_1_114_CA_3,high,regular,XGBoost,empirical,14,0.98,7,0,292,941.0,941.0,0.0,1.0,0,0.0,1.0,128.87328767123287,251.0,9.127182376232362,7,997.0,37631.0,17.50099298194663,7.0,87.50496490973316,0.0,24.50099298194663,0.0,24.50099298194663,0.0,24.50099298194663,B_XGBoost
2,FOODS_3_784_CA_3,medium,intermittent,XGBoost,empirical,14,0.98,3,0,292,213.0,213.0,0.0,1.0,0,0.0,1.0,47.534246575342465,111.0,5.601224783861672,4,301.0,13880.0,6.654794520547945,4.0,33.273972602739725,0.0,10.654794520547945,0.0,10.654794520547945,0.0,10.654794520547945,B_XGBoost
3,HOUSEHOLD_2_270_CA_3,medium,intermittent,XGBoost,empirical,14,0.98,5,0,292,118.0,118.0,0.0,1.0,0,0.0,1.0,32.11643835616438,44.0,4.592663680955428,6,173.0,9378.0,26.258400686081142,6.0,131.29200343040569,0.0,32.258400686081146,0.0,32.258400686081146,0.0,32.258400686081146,B_XGBoost
4,HOBBIES_1_377_CA_3,low,intermittent,XGBoost,empirical,14,0.98,6,0,292,92.0,92.0,0.0,1.0,0,0.0,1.0,13.784246575342467,26.0,8.342857142857142,7,110.0,4025.0,19.259348431678667,7.0,96.29674215839334,0.0,26.259348431678667,0.0,26.259348431678667,0.0,26.259348431678667,B_XGBoost
5,HOUSEHOLD_2_228_CA_3,low,intermittent,XGBoost,empirical,14,0.98,5,0,292,112.0,112.0,0.0,1.0,0,0.0,1.0,19.226027397260275,41.0,7.281795511221945,5,117.0,5614.0,14.723291216092566,5.0,73.61645608046283,0.0,19.723291216092566,0.0,19.723291216092566,0.0,19.723291216092566,B_XGBoost
6,FOODS_2_347_TX_2,high,regular,XGBoost,empirical,14,0.98,12,2,292,1785.0,1597.0,188.0,0.8946778711484594,9,0.030821917808219176,0.9691780821917808,95.44520547945206,196.0,20.9151417294582,13,1598.0,27870.0,23.784944823180155,13.0,118.92472411590079,25.097999596595773,61.882944419775924,100.3919983863831,137.17694320956326,301.1759951591493,337.9609399823295,B_XGBoost
7,HOUSEHOLD_1_247_TX_2,high,regular,XGBoost,empirical,14,0.98,9,2,292,1273.0,1269.0,4.0,0.9968578161822467,2,0.00684931506849315,0.9931506849315068,76.91780821917808,165.0,20.622662511130898,10,1361.0,22460.0,10.445438664253444,10.0,52.22719332126722,0.29100000858306885,20.736438672836513,1.1640000343322754,21.60943869858572,3.492000102996826,23.93743876725027,B_XGBoost
8,FOODS_3_729_TX_2,medium,intermittent,XGBoost,empirical,14,0.98,8,0,292,224.0,224.0,0.0,1.0,0,0.0,1.0,26.006849315068493,47.0,10.766394521991046,8,271.0,7594.0,14.491016507801943,8.0,72.45508253900972,0.0,22.491016507801945,0.0,22.491016507801945,0.0,22.491016507801945,B_XGBoost
9,HOBBIES_1_034_TX_2,medium,intermittent,XGBoost,empirical,14,0.98,9,0,292,281.0,281.0,0.0,1.0,0,0.0,1.0,32.88356164383562,58.0,10.68162882732764,9,288.0,9602.0,21.45323491396969,9.0,107.26617456984847,0.0,30.45323491396969,0.0,30.45323491396969,0.0,30.45323491396969,B_XGBoost
10,FOODS_2_196_TX_2,low,intermittent,XGBoost,empirical,14,0.98,6,0,292,165.0,165.0,0.0,1.0,0,0.0,1.0,29.46917808219178,49.0,6.99883788495061,7,210.0,8605.0,16.25519886621057,7.0,81.27599433105286,0.0,23.25519886621057,0.0,23.25519886621057,0.0,23.25519886621057,B_XGBoost
11,HOUSEHOLD_2_315_TX_2,low,intermittent,XGBoost,empirical,14,0.98,7,0,292,122.0,122.0,0.0,1.0,0,0.0,1.0,13.023972602739725,27.0,11.70917696555351,7,127.0,3803.0,13.985141919932953,7.0,69.92570959966476,0.0,20.985141919932953,0.0,20.985141919932953,0.0,20.985141919932953,B_XGBoost
12,FOODS_2_056_WI_3,high,intermittent,XGBoost,empirical,14,0.98,19,0,292,1064.0,1064.0,0.0,1.0,0,0.0,1.0,52.82876712328767,89.0,25.175677427719435,21,1103.0,15426.0,51.62427137394474,21.0,258.1213568697237,0.0,72.62427137394474,0.0,72.62427137394474,0.0,72.62427137394474,B_XGBoost
13,HOBBIES_1_312_WI_3,high,intermittent,XGBoost,empirical,14,0.98,5,0,292,799.0,799.0,0.0,1.0,0,0.0,1.0,127.73630136986301,263.0,7.818842328212552,5,828.0,37299.0,10.193356721405296,5.0,50.966783607026485,0.0,15.193356721405296,0.0,15.193356721405296,0.0,15.193356721405296,B_XGBoost
14,FOODS_3_128_WI_3,medium,intermittent,XGBoost,empirical,14,0.98,4,1,292,156.0,153.0,3.0,0.9807692307692307,2,0.00684931506849315,0.9931506849315068,41.136986301369866,67.0,4.649100899100898,4,167.0,12012.0,17.162350794779112,4.0,85.81175397389555,0.6705000042915346,21.832850799070645,2.6820000171661382,23.84435081194525,8.046000051498414,29.208350846277526,B_XGBoost
15,HOBBIES_1_036_WI_3,medium,intermittent,XGBoost,empirical,14,0.98,4,0,292,242.0,242.0,0.0,1.0,0,0.0,1.0,48.72260273972603,92.0,6.20861741758628,4,271.0,14227.0,7.639704142114887,4.0,38.198520710574435,0.0,11.639704142114887,0.0,11.639704142114887,0.0,11.639704142114887,B_XGBoost
16,FOODS_3_520_WI_3,low,intermittent,XGBoost,empirical,14,0.98,7,0,292,206.0,206.0,0.0,1.0,0,0.0,1.0,18.924657534246574,42.0,13.606587043069128,7,214.0,5526.0,10.544819228616479,7.0,52.72409614308239,0.0,17.54481922861648,0.0,17.54481922861648,0.0,17.54481922861648,B_XGBoost
17,HOUSEHOLD_1_464_WI_3,low,intermittent,XGBoost,empirical,14,0.98,4,0,292,49.0,49.0,0.0,1.0,0,0.0,1.0,13.472602739726028,25.0,4.5462633451957295,4,68.0,3934.0,17.861977215988993,4.0,89.30988607994499,0.0,21.861977215988993,0.0,21.861977215988993,0.0,21.861977215988993,B_XGBoost
