el_rank,firm_id,pd,score,grade,lgd,ead,expected_loss,flagged,pd_rank,realized_default,el_share,cum_el_share
1,5650,0.8823537297288515,428.9848451062744,F,0.8146002317497103,33.82042977075154,24.308959897481436,True,9,1,0.0893194568057534,0.0893194568057534
2,5662,0.7654327454803282,452.9973963352486,F,0.7303128371089536,18.051284087593352,10.090764559266757,True,23,1,0.03707693019320975,0.12639638699896316
3,5729,0.765432824120194,452.99738369740646,F,0.8560633321338611,15.222978926651342,9.97499355180249,True,14,1,0.03665154780152483,0.163047934800488
4,5585,1.0,88.49153367276693,F,0.8307308196860057,10.411273645368546,8.64896588939232,True,4,1,0.03177926733311407,0.19482720213360205
5,5457,0.7654326848463123,452.99740607945347,F,0.8666666666666667,12.445102794313893,8.255769985701358,True,39,1,0.030334530714022333,0.2251617328476244
6,5486,0.7654327750011464,452.9973915910974,F,0.5807567340949585,13.027051965668909,5.79091851827862,True,20,1,0.0212778209615054,0.2464395538091298
7,5605,0.8823537433542483,428.9848413189472,F,0.6922840218478344,7.765588522621835,4.743527419374965,True,8,1,0.01742934680169784,0.26386890061082763
8,3156,0.14598559862493338,538.0915630674705,E,0.6865449416189954,44.523781349084274,4.462426007437402,True,174,0,0.0163964837944988,0.28026538440532645
9,5604,0.597561460689049,475.7165035077547,F,0.851339800052031,8.170387111483041,4.156503505347231,True,58,1,0.015272419588272433,0.29553780399359886
10,5765,0.7654328056328924,452.9973866684138,F,0.617737003058104,8.433152032626536,3.9874992861582137,True,18,1,0.014651440117348733,0.3101892441109476
11,5788,0.7654327003646384,452.9974035855771,F,0.8666666666666667,5.755910245371105,3.818326999214774,True,32,1,0.014029843107846874,0.3242190872187945
12,5686,0.7654326742574235,452.99740778114335,F,0.5857755317606611,8.501744973336722,3.811942116932994,True,41,1,0.014006382860284562,0.33822547007907905
13,327,0.5975613854811846,475.7165125314752,F,0.5207686870260102,11.94838431149876,3.7182327465695826,True,79,0,0.013662062490603246,0.3518875325696823
14,5516,0.5975613738824112,475.7165139231393,F,0.5833767315904592,10.043212906989263,3.5010981785553246,True,83,1,0.012864235609051032,0.36475176817873334
15,5844,0.8823537230185341,428.98484697147995,F,0.5909769515512199,6.375789627321947,3.3246600497788017,True,11,1,0.012215941404420115,0.37696770958315345
16,5846,1.0,88.49153367276693,F,0.5863580898016587,5.618579117019123,3.294499318454823,True,1,1,0.012105120532195089,0.38907283011534854
17,623,0.24000023343665222,520.3821395315649,E,0.4884321725006714,27.682467551744917,3.2450450202535346,True,145,0,0.01192340847743513,0.40099623859278366
18,1214,0.597561372062137,475.7165141415426,F,0.6348699224098584,8.495408041091014,3.2229347376538207,True,84,0,0.011842167715182986,0.41283840630796664
19,5623,0.7654328208743065,452.99738421903777,F,0.5501119096624714,7.256376433655758,3.055469351950015,True,16,1,0.011226842446314545,0.4240652487542812
20,2756,0.765432668429357,452.9974087177441,F,0.8666666666666667,4.5119399072302935,2.993108042586297,True,43,0,0.010997705605349174,0.4350629543596304
21,675,0.5975613995930894,475.7165108382762,F,0.5177236556546901,9.553066245968907,2.9554480798737215,True,74,0,0.010859329984713891,0.4459222843443443
22,2896,0.7654327001701218,452.99740361683695,F,0.8632852553147857,4.232881024863849,2.797031754785672,True,33,0,0.010277254068438501,0.45619953841278277
23,5488,0.7654326438225749,452.9974126721826,F,0.5093409221937367,7.031709933573602,2.741425811083956,True,47,1,0.010072938758052754,0.46627247717083553
24,1887,0.30851091700559247,510.4105748663054,F,0.6301091178102459,13.294779042615373,2.584445774425443,True,126,0,0.009496140258124407,0.47576861742895993
25,4544,0.30851095496136444,510.4105697326527,F,0.36590469547573,22.221942205513475,2.508537435167516,True,115,0,0.009217226982602186,0.4849858444115621
26,5665,0.7654326402257495,452.9974132502112,F,0.5826769189036922,5.513054126234652,2.458821767811473,True,48,1,0.009034554567916218,0.49402039897947836
27,4433,0.7654327534170027,452.9973950597832,F,0.4694326909047498,6.749933314566601,2.4253803493627113,True,21,0,0.008911679325896227,0.5029320783053746
28,5721,0.6000005216873016,475.42356347042846,F,0.47936326126853146,8.137857134466028,2.3405958765258212,True,52,1,0.008600152091029309,0.5115322303964038
29,5826,0.7654327431278418,452.99739671330553,F,0.5305825470590997,5.599554214426636,2.2741203801473286,True,24,1,0.008355898315776879,0.5198881287121807
30,2797,0.7654326456675966,452.997412375678,F,0.8666666666666667,3.26652652531393,2.1669319016924997,True,45,0,0.007962051079539822,0.5278501797917206
31,5567,1.0,88.49153367276693,F,0.5562753755019635,3.6666384886575996,2.039660702107958,True,3,1,0.0074944130373590994,0.5353445928290796
32,5763,1.0,88.49153367276693,F,0.7182503345777276,2.7564964982707187,1.9798545321452783,True,5,1,0.007274664654983737,0.5426192574840634
33,5776,0.5975614646160331,475.7165030365805,F,0.8535495917694871,3.7889638580374876,1.932554741950612,True,56,1,0.007100869001651345,0.5497201264857147
34,5529,0.7654326967932098,452.9974041595244,F,0.31176875430144524,8.061136565931182,1.923693494768213,True,35,1,0.0070683097400337635,0.5567884362257485
35,5588,0.6000005098166666,475.4235648975713,F,0.46726333173512324,6.371610146040338,1.7863333890499407,True,54,1,0.006563601596152705,0.5633520378219011
36,5760,0.7654328223186067,452.9973839869311,F,0.8666666666666667,2.6698630946193496,1.771120731222941,True,15,1,0.0065077050732488114,0.56985974289515
37,5606,0.6000005192468254,475.42356376383384,F,0.5656140046044915,5.028621671420612,1.7065567816002603,True,53,1,0.006270474976451073,0.576130217871601
38,3594,0.2400002559222222,520.3821359745696,E,0.39492035639191014,17.884230777483943,1.6950850377248368,True,131,0,0.006228323854564788,0.5823585417261659
39,2800,0.7142862514470418,460.68423836063704,F,0.7823603025191795,2.9374402019945003,1.6415273809446933,True,50,0,0.006031534652905566,0.5883900763790714
40,5587,0.7654326398244675,452.9974133146993,F,0.37146448774355745,5.616939398160908,1.5970702401003145,True,49,1,0.00586818386833464,0.594258260247406
41,1933,0.0973452663163787,551.3827068093308,D,0.5981555339006037,26.953531847139814,1.5694397336762207,True,230,0,0.00576665991027654,0.6000249201576826
42,5468,0.5975614656176926,475.71650291639764,F,0.5587326802577002,4.629869097851181,1.545807357141888,True,55,1,0.005679826452819797,0.6057047466105024
43,5446,0.765432824817813,452.9973835852954,F,0.45428251794046226,4.205436295519141,1.4623258777175863,True,13,1,0.005373086862686537,0.611077833473189
44,1591,0.7654326932003527,452.99740473691537,F,0.5112892190401721,3.5448951745187807,1.3873212563102417,True,36,0,0.005097494156528866,0.6161753276297178
45,5848,0.3085109859210492,510.41056554524584,F,0.4623222302873887,9.555529712842144,1.362919412771971,True,100,1,0.005007833413367118,0.6211831610430849
46,2368,0.5975614561274328,475.7165040550745,F,0.5967254103318949,3.691606614763513,1.3163534747029946,True,61,0,0.004836734184460897,0.6260198952275458
47,5578,0.7654327328127625,452.9973983709931,F,0.5730145175064048,2.9997514652131376,1.3157031958603653,True,26,1,0.004834344836942909,0.6308542400644886
48,5479,0.7654327232686566,452.9973999047811,F,0.4755267678025882,3.5540402767959782,1.2936129035699417,True,29,1,0.004753177525943914,0.6356074175904326
49,2947,0.7654327474407567,452.9973960201974,F,0.6166011693664334,2.7063576046122715,1.2773107411283229,True,22,0,0.004693277789378245,0.6403006953798108
50,4764,0.14598562057695358,538.0915579870016,E,0.5722885768971675,15.145913067249932,1.265378984681336,True,160,0,0.004649436423516523,0.6449501318033274
51,5797,1.0,88.49153367276693,F,0.6103643093707383,2.0613627189481623,1.2581822323133822,True,2,1,0.004622993086780518,0.6495731248901079
52,4203,0.14598560987175876,538.0915604645597,E,0.6894892097500388,12.295837643462141,1.2376437201697938,True,167,0,0.004547527548312385,0.6541206524384202
53,3709,0.5975613810532626,475.7165130627538,F,0.6467991169977925,3.1466628714481932,1.2161920394553662,True,81,0,0.004468706715291815,0.658589359153712
54,3009,0.3085109389446978,510.41057189896355,F,0.5622195468972311,6.532971661016633,1.1331496856196244,True,122,0,0.004163580623194056,0.6627529397769061
55,5471,0.24000026079300144,520.3821352040604,E,0.2903649298348324,16.193802412275275,1.1285081785658482,True,130,1,0.004146526134209264,0.6668994659111154
56,2327,0.5975614377178147,475.71650626392926,F,0.8666666666666667,2.0970407739491255,1.0860292731893957,True,66,0,0.00399044406529603,0.6708899099764114
57,5622,0.5975614062097561,475.7165100443838,F,0.4239963135764069,4.248497510108277,1.076415615217435,True,72,1,0.003955120188355462,0.6748450301647668
58,1285,0.24000023139199134,520.3821398550102,E,0.6792558736268142,6.230993329022904,1.015786295496839,True,147,0,0.0037323472714234198,0.6785773774361903
59,5722,0.40000038570620494,498.82207984756695,F,0.3153381373774027,8.020127896418279,1.011621852425158,True,90,1,0.00371704567914511,0.6822944231153354
60,5445,0.30851096396230243,510.410568515244,F,0.6602972399150743,4.905261742183433,0.9992456600526046,True,111,1,0.003671571303248242,0.6859659944185836
61,5680,0.40000038217380957,498.8220802722476,F,0.47760219407078497,5.051827586541405,0.9651064978549837,True,92,1,0.00354613231136398,0.6895121267299477
62,5743,0.3200003609048341,508.872085173312,F,0.5473423336765987,5.477470012476279,0.9593774721783314,True,94,1,0.003525081905932285,0.6930372086358799
63,4225,0.05000008845238096,572.0813727429753,D,0.7812892995789819,24.218809909529202,0.9460965252294733,False,302,0,0.0034762831513849572,0.6965134917872648
64,5731,0.7654327198378708,452.99740045612646,F,0.5532273737588098,2.2309547994866743,0.9447164012478227,True,31,1,0.0034712121024842437,0.6999847038897491
65,4555,0.24000024305873016,520.3821380094471,E,0.35616791140870463,10.976333928187053,0.9382612534486102,True,141,0,0.0034474936753093213,0.7034321975650584
66,1619,0.07339459868824087,560.2870620425291,D,0.5401188792697087,23.303683337339,0.9238001495920855,False,260,0,0.0033943586194811943,0.7068265561845396
67,2712,0.3085109693923168,510.4105677808153,F,0.592327605536191,4.933336613479203,0.9015157807359728,True,106,0,0.003312478204610246,0.7101390343891498
68,3743,0.14598558986382226,538.0915650950996,E,0.6208171390653142,9.817444779089243,0.8897585177348569,True,188,0,0.00326927798752112,0.7134083123766709
69,3642,0.046979923688478746,573.9706828289477,C,0.334486889391721,56.57805086452926,0.8890770268604943,False,417,0,0.0032667739562925995,0.7166750863329635
70,2255,0.04697992514800256,573.9706818883556,C,0.599463280796267,31.108279586596886,0.8760943917355419,False,411,0,0.003219071301709333,0.7198941576346728
71,5600,0.30851095020977715,510.4105703753217,F,0.5025679927374926,5.580735488456366,0.8652803635481642,True,118,1,0.0031793368528619855,0.7230734944875348
72,4753,0.30851091262723745,510.41057545849344,F,0.21014177955057056,13.335451196167158,0.8645510657703311,True,128,0,0.003176657162672014,0.7262501516502068
73,4197,0.30851097652247556,510.41056681643613,F,0.2960596941379371,9.238558752866458,0.843828387661983,True,104,0,0.0031005149352791466,0.729350666585486
74,5672,0.30851092278120573,510.4105740851332,F,0.21050034540609897,12.742973962101807,0.8275498290043549,True,124,1,0.0030407019271121217,0.7323913685125981
75,4875,0.8823537251201213,428.984846387321,F,0.6856087400770259,1.3413025488031385,0.8114202066982265,True,10,0,0.0029814361621867116,0.7353728046747848
76,5232,0.05000009185873016,572.0813706737902,D,0.5220741979807635,31.08184726588356,0.8113530147492518,False,291,0,0.002981189275918873,0.7383539939507037
77,2300,0.24000024009047619,520.3821384789957,E,0.6944699052856707,4.819311958388457,0.8032489121791121,True,143,0,0.0029514120233126028,0.7413054059740163
78,5327,0.30851097043755493,510.4105676394432,F,0.7533452549793427,3.4379999373888235,0.7990437032642524,True,105,0,0.0029359606433434875,0.7442413666173597
79,1931,0.3085109531645391,510.41056997567966,F,0.8666666666666667,2.979415664864466,0.7966247177552694,True,116,0,0.0029270724608546207,0.7471684390782144
80,1968,0.05000008916479077,572.0813723102224,D,0.45403671603084694,35.00978963048815,0.7947879129773137,False,300,0,0.0029203234100635906,0.7500887624882779
81,5719,0.8823536992428487,428.984853580189,F,0.4767958980798409,1.866393229114603,0.7851965297527416,True,12,1,0.002885081378185322,0.7529738438664633
82,3054,0.32000036022936507,508.8720852628796,F,0.8184458968772694,2.830138798894486,0.7412217904203311,True,95,0,0.0027235031022364424,0.7556973469686997
83,3637,0.0500000791468254,572.0813783956311,D,0.5229690406907408,27.832323500726755,0.7277733280856187,False,328,0,0.0026740888387025426,0.7583714358074023
84,698,0.09734525699831344,551.3827098691362,D,0.7370842644932298,10.066830099061306,0.7223117419206451,True,236,0,0.002654021097770369,0.7610254569051726
85,5724,0.7654328110386643,452.9973857996776,F,0.400820875400701,2.3464859328959626,0.719905285164461,True,17,1,0.002645178950216735,0.7636706358553894
86,5779,0.7654326981852734,452.9974039358125,F,0.6111219132801866,1.5259444981039632,0.7137951703018701,True,34,1,0.002622728292399659,0.766293364147789
87,4014,0.24000024874458872,520.3821371100004,E,0.603764239722635,4.866476022289441,0.7051697378366385,True,137,0,0.0025910354949390396,0.768884399642728
88,4987,0.7654326685196889,452.99740870322734,F,0.670266259995054,1.3420441998349741,0.6885273111195471,True,42,0,0.00252988551071227,0.7714142851534403
89,5759,0.5975614509671875,475.71650467422,F,0.5432434284148262,2.115156640065087,0.6866249644312459,True,62,1,0.0025228956364612993,0.7739371807899017
90,4136,0.30851096448358667,510.41056844473843,F,0.5509956671081876,3.9898231887568456,0.6782228808706465,True,109,0,0.0024920234994865276,0.7764292042893882
91,4218,0.1459855992519175,538.0915629223643,E,0.20178799489144317,22.71226805350094,0.669061202836988,True,173,0,0.002458360351871546,0.7788875646412597
92,3735,0.7654326744229911,452.99740775453574,F,0.6511425082853655,1.3418053032756545,0.6687634806093385,True,40,0,0.002457266418286366,0.7813448310595461
93,3597,0.3085109201562307,510.41057444017036,F,0.6747174107505896,3.2007499579359595,0.6662607150664739,True,125,0,0.0024480703992158835,0.783792901458762
94,4592,0.07339460405584548,560.2870597651984,D,0.45794316534088597,19.739241271593162,0.6634468998228333,False,252,0,0.002437731476852539,0.7862306329356146
95,872,0.05000007210108225,572.0813826755655,D,0.5260045740558603,25.195912585467113,0.6626592189409249,False,354,0,0.0024348372671123835,0.7886654702027269
96,537,0.5975614392835656,475.7165060760646,F,0.4241787349206807,2.5854049391172547,0.6553299721609828,True,65,0,0.0024079071004602277,0.7910733773031872
97,3760,0.09734526054574379,551.3827087042541,D,0.5622626642882937,11.812525053862005,0.6465420868509778,True,235,0,0.002375617395525455,0.7934489946987127
98,5547,0.765432688514089,452.9974054900225,F,0.15,5.255885474061024,0.6034539823399016,True,37,1,0.0022172969200320706,0.7956662916187447
99,4158,0.14598559230458705,538.0915645302208,E,0.5817037207454039,7.0532568213341875,0.5989651240899203,True,184,0,0.0022008033151120227,0.7978670949338568
100,3369,0.7654327315550424,452.99739857311533,F,0.41276645722003635,1.8814765267986493,0.594443020062831,True,27,0,0.0021841875538033467,0.8000512824876601
101,126,0.5975614035875338,475.7165103590078,F,0.6110462854920264,1.6033883413824084,0.5854574927228228,True,73,0,0.0021511716442577503,0.8022024541319178
102,4429,0.145985572159854,538.0915691924206,E,0.4514160323664541,8.841345758464598,0.5826466992509247,True,199,0,0.002140843824920276,0.8043432979568381
103,2681,0.14598559393820898,538.0915641521433,E,0.5439984495947287,7.33518948749389,0.5825309445021514,True,183,0,0.0021404185022685985,0.8064837164591068
104,5295,0.32000036766825396,508.8720842764787,F,0.6404494382022472,2.6926467776030933,0.5518419511631748,True,93,0,0.002027656614202924,0.8085113730733097
105,1141,0.07339459216601864,560.2870648097335,D,0.3927156239087859,18.635759306896965,0.5371422745683274,False,275,0,0.00197364496030209,0.8104850180336117
106,716,0.14598559133359137,538.0915647549433,E,0.34957234381605895,10.478749769534609,0.5347570629970919,True,186,0,0.0019648808748452037,0.812449898908457
107,1917,0.07339459392554246,560.2870640632145,D,0.5970544681622661,12.12510453260232,0.5313289948649205,False,271,0,0.0019522849766763811,0.8144021838851334
108,5835,0.8823537515463118,428.9848390418739,F,0.4631737169851836,1.2895649420398199,0.5270233553499871,True,7,1,0.0019364645802342003,0.8163386484653676
109,956,0.0733946008176781,560.2870611390659,D,0.22898997686969924,30.431494653542217,0.5114508084097645,False,258,0,0.0018792457012838553,0.8182178941666515
110,5713,0.7654327218432099,452.99740013385787,F,0.5944233206590621,1.1024880620237871,0.501622212263253,True,30,1,0.0018431320677646983,0.8200610262344161
111,5203,0.1459855751003302,538.091568511891,E,0.37849596022374143,9.057897627135187,0.5004936843548932,True,197,0,0.0018389854691364584,0.8219000117035525
112,5808,0.12727287724797978,542.6749888185775,E,0.7104386853916316,5.469637724296267,0.4945623217060359,True,215,1,0.001817191608265893,0.8237172033118184
113,3500,0.12727286685447328,542.6749915185062,E,0.4856562383468991,7.823934924000639,0.48360416000796363,True,227,0,0.0017769275634614572,0.8254941308752799
114,5199,0.018797043521679196,601.2423543887967,B,0.47779315386824717,53.53928522814395,0.48084160536947895,False,454,0,0.0017667769901441993,0.8272609078654241
115,2733,0.31276353555049424,509.8375615165434,F,0.4900495926771121,3.107647389934273,0.47630800664904005,True,99,0,0.0017501189933893972,0.8290110268588134
116,1722,0.2400002434570707,520.3821379464335,E,0.47724718366920194,4.109785051727199,0.47073247945406466,True,140,0,0.0017296325940304306,0.8307406594528439
117,3363,0.7654327894971059,452.9973892615201,F,0.4515815018440571,1.3306143805788004,0.4599338977898807,True,19,0,0.0016899549010075624,0.8324306143538515
118,3368,0.5975613930977791,475.71651161760775,F,0.4247253063337745,1.806753881076984,0.45855313359995437,True,78,0,0.0016848814997620476,0.8341154958536136
119,5576,0.30851094070342794,510.4105716610891,F,0.2011024785795601,7.385707953663908,0.45822641820979165,True,121,1,0.0016836810353529374,0.8357991768889665
120,5589,0.7654326869351512,452.99740574376614,F,0.15,3.6804596970277887,0.4225716232578769,True,38,1,0.0015526730888568185,0.8373518499778234
121,1930,0.017405104167329717,603.5031640318713,B,0.596420247596178,39.26781923197402,0.40762967118275245,False,517,0,0.0014977712317392712,0.8388496212095626
122,5813,0.050000077130952385,572.0813796201725,D,0.47021972636848863,17.044321724644643,0.40072943304684727,False,335,1,0.0014724173899982574,0.8403220385995609
123,5505,0.12727286752590186,542.6749913440888,E,0.5881807886337898,5.34304122384294,0.3999771572282066,True,225,1,0.0014696532706047307,0.8417916918701657
124,5068,0.24000025206075035,520.3821365854163,E,0.568900480675964,2.9003763004786474,0.39600652906269285,True,135,0,0.0014550638207715416,0.8432467556909372
125,2541,0.32000035907128427,508.87208541644173,F,0.7273904450350985,1.6857977337063972,0.39239505270827113,True,96,0,0.001441794017883875,0.8446885497088211
126,4510,0.0500000856484127,572.0813744462446,D,0.3293991416309012,23.247679952870183,0.38288894694475484,False,311,0,0.001406865324648288,0.8460954150334694
127,4067,0.1459855862487429,538.0915659317561,E,0.5016383638787486,5.209862499039171,0.38152849754566764,True,190,0,0.0014018665669124305,0.8474972816003818
128,4620,0.3200003561252525,508.8720858070872,F,0.588303708354347,2.0224174085444693,0.3807350353281522,True,97,0,0.0013989511145622168,0.8488962327149441
129,4711,0.30851091506179734,510.4105751292106,F,0.399282142159881,3.0825404681258153,0.3797162712890558,True,127,0,0.0013952078260394216,0.8502914405409835
130,1827,0.046979930872822186,573.9706781989878,C,0.5894783295873232,13.633782721957203,0.37756922289815836,False,384,0,0.0013873188337987256,0.8516787593747822
131,4717,0.5975614565212279,475.71650400782545,F,0.30965448206827517,2.028683846348956,0.37538275625491024,True,60,0,0.001379285005378158,0.8530580443801604
132,4554,0.14598560293907478,538.0915620690265,E,0.40679222897819955,6.231610108337764,0.37006920652401093,True,172,0,0.0013597612010823002,0.8544178055812427
133,3643,0.09734526390851435,551.3827076000096,D,0.15,25.106560018973383,0.36660070663228783,True,232,0,0.00134701674276051,0.8557648223240032
134,5086,0.07339460394300278,560.2870598130745,D,0.5022461144087307,9.801875107650167,0.36131823606780417,False,253,0,0.0013276071339824336,0.8570924294579856
135,588,0.050000071594588746,572.0813829832348,D,0.42756557951829643,16.503645148914632,0.35282003531238354,False,357,0,0.0012963818294650217,0.8583888112874506
136,4111,0.09734525201796601,551.3827115045502,D,0.24939012948020267,14.496299606800017,0.3519258683309178,True,241,0,0.0012930963532696196,0.8596819076407202
137,3239,0.3085109818891422,510.4105660905755,F,0.19999999999999996,5.634834214846109,0.34768164728094125,True,101,0,0.0012775016293346507,0.8609594092700548
138,4493,0.3085109456159821,510.41057099664874,F,0.6612466124661247,1.6589868452799441,0.3384363319729997,True,119,0,0.0012435311696857864,0.8622029404397406
139,5635,0.952535713211547,400.5856987210334,F,0.4789156234123211,0.7277974294537887,0.33200971352863157,True,6,1,0.0012199175691463297,0.8634228580088869
140,918,0.05000009222792208,572.0813704495247,D,0.36095090505328065,17.982483978064227,0.3245402919818511,False,290,0,0.0011924723523198894,0.8646153303612067
141,1976,0.2400002519222222,520.3821366073302,E,0.6525968386312315,2.0665767621795976,0.32367429058167524,True,136,0,0.0011892903661311367,0.8658046207273379
142,5701,0.5975614288592677,475.7165073268108,F,0.8666666666666667,0.6143854344829451,0.3181819663532906,True,69,1,0.001169109683010621,0.8669737304103485
143,5714,0.3085109809512801,510.4105662174247,F,0.5767330137667588,1.7592301543309188,0.31301712591018005,True,102,1,0.0011501322876464196,0.8681238626979949
144,4344,0.01740510284265439,603.5031662667958,B,0.6190113344128012,28.815396026171456,0.31045580707080195,False,524,0,0.0011407211236803588,0.8692645838216753
145,5757,0.5975614573026743,475.7165039140646,F,0.8666666666666667,0.5955721109958569,0.30843881343211244,True,59,1,0.0011333099972089596,0.8703978938188842
146,666,0.07339459170490753,560.2870650053706,D,0.5684400185570792,7.373355884300604,0.30761952694405476,False,278,0,0.001130299657630869,0.8715281934765151
147,4891,0.14598559646503215,538.0915635673475,E,0.48169744088111444,4.368065751839367,0.30716626348453974,True,177,0,0.00112863421220809,0.8726568276887232
148,5716,0.7654327381590829,452.9973975118113,F,0.1529730645434524,2.558054372913246,0.299524100017953,True,25,1,0.0011005542823166008,0.8737573819710398
149,951,0.16666689018174602,533.5613916674478,E,0.15,11.842697388525922,0.29606783176636503,True,156,0,0.0010878547672362048,0.874845236738276
150,5536,0.30851096463120575,510.4105684247724,F,0.6069182389937107,1.5718634409511423,0.2943171746610632,True,108,1,0.0010814222525437564,0.8759266589908197
151,3549,0.14598557739794923,538.0915679801411,E,0.5480583456675743,3.638699603193272,0.2911273121595579,True,196,0,0.00106970160356819,0.8769963605943879
152,4972,0.14598558579239368,538.0915660373713,E,0.3920603076174842,5.053109352741911,0.2892154903331051,True,192,0,0.001062676914409612,0.8780590375087975
153,2769,0.14598560698842544,538.0915611318644,E,0.621176247750734,3.1368163705009744,0.2844552651341949,True,169,0,0.0010451862142384471,0.879104223723036
154,2635,0.5975614228295252,475.71650805028185,F,0.44405064698605956,1.0701536707808537,0.28396264013397565,True,71,0,0.0010433761410138383,0.8801475998640498
155,3791,0.0500000849468254,572.0813748724235,D,0.49492398605990195,11.460089413855586,0.28359413847303133,False,314,0,0.001042022139512895,0.8811896220035627
156,5207,0.13744622575148907,540.117818411846,E,0.15,13.334549455166446,0.2749175242063804,True,201,0,0.0010101412825581468,0.8821997632861208
157,760,0.30851096776425047,510.41056800101705,F,0.5457384589177219,1.5996843687669875,0.26933293850810275,True,107,0,0.000989621599150918,0.8831893848852718
158,3241,0.4000003880975469,498.82207956006897,F,0.5307532583320624,1.2421586617999323,0.26371215871113984,True,87,0,0.0009689689262102921,0.8841583538114821
159,4982,0.1272728783790043,542.6749885247705,E,0.3861735594260721,5.3162450474627,0.2612903631168846,True,211,0,0.0009600704185042566,0.8851184242299863
160,1802,0.07339459019336352,560.2870656466782,D,0.42194025752561526,8.376265996938457,0.25939731346575423,False,280,0,0.0009531147047567999,0.8860715389347431
161,3476,0.07339459584617737,560.2870632483406,D,0.39331432384881393,8.838954751579157,0.2551553958816597,False,266,0,0.0009375284445455865,0.8870090673792886
162,3675,0.018797043508980784,601.2423544086624,B,0.7309115371678438,18.03725372418551,0.24781339539768465,False,455,0,0.0009105514164102045,0.8879196187956988
163,5509,0.2400002522582806,520.382136554169,E,0.4646322692899686,2.2153836550839503,0.24704155606151407,True,134,1,0.0009077154139428504,0.8888273342096417
164,385,0.05000007445,572.0813812487161,D,0.23997719931597938,20.54938514171735,0.24656956184026743,False,343,0,0.0009059811452766879,0.8897333153549184
165,1571,0.050000090411111114,572.0813715531457,D,0.562994362627278,8.633356461181627,0.24302699035586206,False,298,0,0.0008929645225163112,0.8906262798774347
166,3953,0.0733945891668123,560.2870660822164,D,0.4036970781156827,7.992716248173331,0.2368176379664844,False,285,0,0.0008701492319866584,0.8914964291094214
167,5737,0.32000035483766237,508.8720859778224,F,0.5979980301903479,1.213759376084448,0.2322644866778414,True,98,1,0.0008534193923896074,0.892349848501811
168,2724,0.05000008404126984,572.0813754225028,D,0.4783583938654946,9.155901832001748,0.2189904928214881,False,316,0,0.0008046461858891013,0.8931544946877
169,2729,0.5975614351280101,475.7165065746637,F,0.15,2.3848242558262305,0.21376185072594164,True,68,0,0.0007854343613694396,0.8939399290490695
170,4277,0.05000009226959707,572.0813704242092,D,0.47385728378822745,8.996242179935852,0.2131471375235583,False,288,0,0.0007831756942129771,0.8947231047432824
171,1573,0.16666688924682538,533.5613918616755,E,0.6203492786636295,2.0514108551384225,0.21209882395820442,True,158,0,0.000779323830595019,0.8955024285738774
172,4636,0.017405088357805906,603.5031907049033,B,0.38630540511514433,31.427460601670017,0.21130817915683983,False,649,0,0.0007764187303981367,0.8962788473042755
173,3060,0.14598557021351702,538.0915696428715,E,0.3650894430247138,3.932185272397316,0.20957678692972873,True,200,0,0.0007700570014761481,0.8970489043057517
174,946,0.07339459174220912,560.2870649895444,D,0.42954120851694966,6.636857077321334,0.20923356707458804,False,277,0,0.0007687958940015625,0.8978177001997533
175,5463,0.1272728685564935,542.6749910763713,E,0.43368444897496883,3.7841754659818045,0.2088723475483904,True,223,1,0.0007674686495615013,0.8985851688493147
176,4849,0.018797044546282372,601.2423527858767,B,0.5556937841560403,19.89096192769352,0.20776906992814392,False,448,0,0.0007634148291528145,0.8993485836784675
177,4460,0.40000038631544016,498.82207977432194,F,0.7555161664934906,0.6834035586875123,0.20652917419436886,True,89,0,0.00075885902693406,0.9001074427054016
178,4799,0.046979935305145416,573.9706753425713,C,0.5641704529358567,7.772005462086098,0.20599460617627513,False,367,0,0.0007568948406750334,0.9008643375460765
179,3726,0.01879703825421888,601.2423626293709,B,0.5077226016860501,21.501809164851487,0.2052064111706408,False,484,0,0.0007539987418679611,0.9016183362879445
180,2595,0.050000076249206354,572.0813801557888,D,0.5764416866092039,7.058893107292963,0.20345232267919156,False,338,0,0.0007475536190858175,0.9023658899070304
181,3736,0.017405090767329715,603.5031866396746,B,0.3902903742092828,29.494288474756654,0.20035586335151787,False,625,0,0.0007361761654088473,0.9031020660724393
182,984,0.05000008612626263,572.0813741559748,D,0.5755472787274907,6.923897472558955,0.19925186064174324,False,308,0,0.0007321196807725234,0.9038341857532117
183,2089,0.12727287922748917,542.6749883043589,E,0.45040601255822255,3.473628250917802,0.19912389859864585,True,210,0,0.0007316495043343123,0.9045658352575461
184,600,0.04697993657974859,573.9706745211518,C,0.5682303922626886,7.383053626459776,0.1970937749636166,False,364,0,0.0007241901337526807,0.9052900253912988
185,5243,0.050000088342063494,572.0813728099877,D,0.4593717900200033,8.431271903878349,0.19365476548812516,False,304,0,0.0007115540333355436,0.9060015794246343
186,5582,0.1272728775639971,542.6749887364855,E,0.15,9.962806231503635,0.1901992526543984,True,213,1,0.0006988572939194833,0.9067004367185538
187,4021,0.24000022872619048,520.3821402767136,E,0.32873516924264545,2.409973410120775,0.190138505249846,True,150,0,0.0006986340871183752,0.9073990708056722
188,3118,0.011538476971794873,615.5360781297803,B,0.41057719228445544,37.880470462816405,0.17945628470593808,False,783,0,0.0006593839447640753,0.9080584547504362
189,3394,0.09734525321471925,551.3827111115681,D,0.5697583117316152,3.2350110301809747,0.17942428092476462,True,239,0,0.0006592663518945243,0.9087177211023307
190,4621,0.12727287674494947,542.6749889492501,E,0.5906839670909909,2.383790576337424,0.1792087217471713,True,216,0,0.0006584743135377485,0.9093761954158684
191,667,0.01740509890383765,603.5031729121672,B,0.5877181228806134,17.233793091861415,0.17628950277475233,False,551,0,0.0006477481017206593,0.9100239435175891
192,1920,0.046979926152764466,573.9706812408353,C,0.18064687928880152,20.521319110306912,0.1741598600347144,False,408,0,0.0006399230638114803,0.9106638665814005
193,4684,0.01740510201971067,603.5031676552245,B,0.7089427344830095,14.112478663452183,0.17413698772068983,False,530,0,0.0006398390230843912,0.9113037056044849
194,5163,0.145985572743981,538.0915690572331,E,0.46242339533383503,2.571548338804667,0.1735978845713125,True,198,0,0.0006378581731974472,0.9119415637776823
195,1324,0.0973452452600295,551.3827137236775,D,0.7201427272091233,2.4573897784353713,0.17226909420992254,True,246,0,0.0006329757416253597,0.9125745395193077
196,3687,0.05000007875793651,572.0813786318615,D,0.49551003935021687,6.91941697645125,0.17143229894675283,False,330,0,0.0006299010688018757,0.9132044405881096
197,4170,0.05000009312077922,572.0813699071591,D,0.4409972608865783,7.688495194483112,0.16953058179114316,False,287,0,0.0006229135076699478,0.9138273540957795
198,2076,0.04697993230990732,573.9706772728564,C,0.535256596451684,6.575785385271689,0.16535679480180496,False,377,0,0.0006075775826331371,0.9144349316784127
199,5630,0.14598561008366354,538.0915604155176,E,0.24172053610358102,4.634959450984175,0.16355715100635998,True,166,1,0.0006009650740383271,0.915035896752451
200,2443,0.05000008504603175,572.0813748121606,D,0.48196593926050635,6.785163971045964,0.16351117443614335,False,313,0,0.0006007961403490677,0.9156366928928
201,2427,0.07339460164935198,560.287060786209,D,0.19121661241078103,11.614430414068549,0.16300001860623553,False,257,0,0.0005989179784999796,0.9162356108713
202,936,0.05000007296904762,572.0813821483202,D,0.38315393393578634,8.291740916383123,0.1588508893880497,False,349,0,0.00058367265457217,0.9168192835258722
203,3579,0.01740508758082178,603.5031920157924,B,0.43940689249225673,20.653485826277485,0.15795611329436296,False,658,0,0.0005803849402895382,0.9173996684661617
204,466,0.0469799330860978,573.9706767726394,C,0.15,21.908464823163815,0.1543887317117045,False,375,0,0.0005672771567181434,0.9179669456228798
205,3847,0.017405098205424952,603.5031740904938,B,0.3748730210824074,23.57824957150175,0.15384104615867616,False,558,0,0.0005652647721363614,0.9185322103950162
206,3719,0.018797039520091895,601.2423606490006,B,0.5322786216250979,14.98735253097712,0.14995239305097222,False,474,0,0.0005509765267835806,0.9190831869217998
207,2736,0.04697993029562161,573.9706785709654,C,0.4932090006081492,6.45968635985122,0.1496769047423485,False,389,0,0.0005499642882432901,0.9196331512100431
208,335,0.5975614468492944,475.7165051683002,F,0.15,1.628140998701865,0.14593714362884122,True,63,0,0.0005362231231481781,0.9201693743331912
209,5640,0.30851096406295175,510.4105685016308,F,0.5291347851677457,0.881621519871173,0.14391931996801424,True,110,1,0.0005288089468907425,0.920698183280082
210,5768,0.16666689231984125,533.5613912232631,E,0.30984506021601843,2.7531985126575065,0.14217768565365235,True,154,1,0.0005224095850270874,0.9212205928651092
211,2150,0.01740509651018686,603.5031769506139,B,0.5595586777951507,14.49207900815325,0.1411408615487239,False,576,0,0.0005185999376276972,0.9217391928027369
212,5579,0.3085109632256502,510.4105686148788,F,0.367408906882591,1.2424127101784601,0.14082707785887028,True,113,1,0.0005174469887211857,0.922256639791458
213,1252,0.04697992833184094,573.9706798365265,C,0.15,19.913641040865087,0.14033121433887724,False,400,0,0.0005156250160640934,0.9227722648075221
214,4242,0.16666689197301587,533.5613912953153,E,0.3808241230921643,2.153706025654169,0.13669738622882763,True,155,0,0.0005022730851594422,0.9232745378926815
215,3798,0.01740509769272654,603.5031749554927,B,0.5602414274563265,14.009750851280348,0.13660987597391186,False,568,0,0.0005019515424662552,0.9237764894351478
216,3359,0.14598560647536626,538.0915612506044,E,0.21323341397690843,4.335547226260975,0.13496128975445026,True,170,0,0.0004958940712194078,0.9242723835063672
217,3190,0.04697992877895494,573.9706795483833,C,0.3641508234246835,7.826520750428534,0.13389439320157479,False,396,0,0.0004919739273312013,0.9247643574336984
218,271,0.04697992972296648,573.9706789400138,C,0.27148216952609916,10.446503751328281,0.13323693651304674,False,391,0,0.0004895582059453301,0.9252539156396438
219,4959,0.14598559567154232,538.0915637509889,E,0.587399170672333,1.547589940060927,0.13270865061188536,True,181,0,0.00048761710233872276,0.9257415327419825
220,2839,0.5975613811003544,475.71651305710355,F,0.15,1.457934671251139,0.13068081835603826,True,80,0,0.00048016615107016546,0.9262216988930526
221,740,0.0500000879023088,572.0813730771164,D,0.5481961732215872,4.750412137367334,0.13020811665798682,False,305,0,0.0004784292828915526,0.9267001281759442
222,804,0.09734525153621998,551.3827116627428,D,0.4893399719136984,2.660663139791913,0.12674048286878667,True,242,0,0.0004656880069275109,0.9271658161828716
223,3191,0.05000008179747475,572.0813767854952,D,0.3060615523403074,8.227615085743375,0.12590803823891203,False,320,0,0.0004626293198230506,0.9276284455026947
224,223,0.046979928668637476,573.9706796194776,C,0.48667274103923097,5.457363952746446,0.1247763544073684,False,397,0,0.00045847112525052985,0.9280869166279453
225,846,0.017405098773678924,603.5031731317645,B,0.5347809399751107,13.404239836634614,0.12476552614549753,False,553,0,0.00045843133850224715,0.9285453479664475
226,1341,0.050000071476190476,572.0813830551558,D,0.3477055542872052,7.11555612112369,0.12370609609840838,False,360,0,0.00045453862911736307,0.9289998865955649
227,4263,0.017405098057805907,603.5031743395492,B,0.38210578348986646,18.516499176502148,0.12314561889242488,False,562,0,0.00045247924361499774,0.9294523658391799
228,3738,0.050000093139682546,572.0813698956763,D,0.5781569677922844,4.25990206621616,0.12314483247776588,False,286,0,0.00045247635405779485,0.9299048421932377
229,4992,0.01740510366256781,603.5031648834797,B,0.4786643380340433,14.724096287668013,0.12266942666914321,False,520,0,0.00045072955004941457,0.9303555717432871
230,5002,0.04697993030038351,573.9706785678966,C,0.32240140940506834,8.097249132895042,0.12264413979321673,False,388,0,0.00045063663739368625,0.9308062083806807
231,2674,0.07339459406046309,560.2870640059713,D,0.47840600876277906,3.4541968273445134,0.12128519183444857,False,270,0,0.0004456433964645655,0.9312518517771453
232,4341,0.017405087868917018,603.5031915297324,B,0.5037159269966128,13.824342168194875,0.1212010487339364,False,656,0,0.0004453342258516148,0.9316971860029969
233,2950,0.14598558848683812,538.0915654137822,E,0.6491535830190334,1.2537397500958884,0.1188132399452408,True,189,0,0.0004365605973269163,0.9321337466003238
234,3280,0.05000007257539683,572.0813823874432,D,0.49500688053125275,4.7604140499586425,0.11782205646476057,False,351,0,0.0004329186492368007,0.9325666652495606
235,3183,0.05000007718333334,572.0813795883537,D,0.36780882538879744,6.3591048095819245,0.11694692405361877,False,334,0,0.0004297031125817588,0.9329963683621423
236,2469,0.017405100255424955,603.5031706318376,B,0.4533428087246488,14.80192966656412,0.11679428612145228,False,543,0,0.00042914226846310616,0.9334255106306054
237,2958,0.050000090322294376,572.0813716070974,D,0.5412317926367702,4.281204376799306,0.11585640526292253,False,299,0,0.0004256961724892068,0.9338512068030946
238,5294,0.05000007156514042,572.0813830011232,D,0.4657548883427717,4.878924029873322,0.11361929846171395,False,358,0,0.0004174762747583661,0.934268683077853
239,5071,0.017405089186377336,603.5031893069788,B,0.46379259497573655,14.061751026615857,0.11351139670454233,False,639,0,0.00041707980669146395,0.9346857628845445
240,5281,0.050000088382539686,572.0813727854004,D,0.2608607276826136,8.501078947251841,0.11088007801028454,False,303,0,0.00040741143924813786,0.9350931743237927
241,2956,0.046979928081335894,573.9706799979648,C,0.5956655345301634,3.9496897591222355,0.11052939781115947,False,402,0,0.0004061229199108037,0.9354992972437035
242,1481,0.04697992846863748,573.9706797483678,C,0.5594276965778546,4.163286901186236,0.10941897830147972,False,399,0,0.00040204285775062126,0.9359013401014541
243,5036,0.01879703946691729,601.2423607321886,B,0.30111472201838063,19.151726120570544,0.10840002071538353,False,475,0,0.0003982988580697611,0.9362996389595238
244,2000,0.07339459318614851,560.2870643769196,D,0.15,9.78060859692712,0.1076765683626619,False,272,0,0.0003956406459766705,0.9366952796055005
245,924,0.07339459239697102,560.2870647117466,D,0.4537235568059216,3.1770538347056636,0.10579861070552188,False,273,0,0.00038874038539179323,0.9370840199908923
246,2449,0.046979936613875575,573.9706744991586,C,0.4874160643805424,4.565896953781164,0.10455345071246454,False,363,0,0.0003841652404787581,0.9374681852313711
247,4426,0.07339459509776468,560.287063565872,D,0.33165132249494556,4.286066636644887,0.10432892469786702,False,268,0,0.00038334025488714137,0.9378515254862583
248,3925,0.0500000847452381,572.0813749948776,D,0.5585573654703571,3.6822772385863964,0.10283832796669032,False,315,0,0.0003778632912117466,0.93822938877747
249,3701,0.017405104665742414,603.5031631909749,B,0.5350296999779138,10.96606957406037,0.10211875866272788,False,513,0,0.00037521934677170997,0.9386046081242417
250,5429,0.07339459660959728,560.2870629244419,D,0.15,9.219297085998397,0.1014969885976332,False,265,0,0.000372934750281093,0.9389775428745228
251,2967,0.050000074401587304,572.0813812781244,D,0.5308633287592508,3.7655175610715688,0.09994890807552032,False,344,0,0.0003672465714404584,0.9393447894459633
252,709,0.01153847223846154,615.5360901044476,B,0.5483441166175491,15.652941963121902,0.09903699914676975,False,876,0,0.0003638959052451204,0.9397086853512084
253,4931,0.1272728704004329,542.6749905973697,E,0.4155891591789028,1.8607417974738025,0.09842063492539423,True,220,0,0.00036163117167856964,0.940070316522887
254,3115,0.14598560398344707,538.091561827322,E,0.3046743268378326,2.1821248934348487,0.09705669420487735,True,171,0,0.00035661958563023205,0.9404269361085172
255,3972,0.12727287035353535,542.6749906095523,E,0.44902822352924965,1.6936667762563566,0.09679155038719536,True,221,0,0.0003556453562978939,0.9407825814648151
256,4362,0.017405085876853525,603.5031948906433,B,0.49750637538786224,10.973645139098354,0.09502234260545152,False,688,0,0.00034914468005718625,0.9411317261448723
257,4,0.017405097995901144,603.5031744439918,B,0.27326901764139455,19.73952721444616,0.09388660068005417,False,563,0,0.00034497157465589255,0.9414766977195281
258,2782,0.017405097780028127,603.5031748082018,B,0.49293917805440757,10.833557506142464,0.09294818142307794,False,564,0,0.00034152350042142645,0.9418182212199495
259,1796,0.050000083217748924,572.0813759227502,D,0.5497929047361787,3.343010557475279,0.09189832719908611,False,318,0,0.0003376659758951759,0.9421558871958446
260,5142,0.14598562325747305,538.0915573666352,E,0.15,4.161189287465424,0.09112107174344401,True,159,0,0.00033481007274711676,0.9424906972685918
261,441,0.018797047859041835,601.2423476032972,B,0.5811825311233731,8.240361911436192,0.09002196433071039,False,432,0,0.00033077157511124237,0.942821468843703
262,2831,0.01740508742129797,603.503192284933,B,0.38106364213099786,13.5552916822387,0.08990474015590985,False,662,0,0.0003303408532843175,0.9431518096969873
263,3789,0.14598557905278328,538.0915675971543,E,0.4996372369968226,1.2315161994714494,0.08982658390571066,True,194,0,0.00033005368041294795,0.9434818633774003
264,992,0.017405088617329714,603.5031902670477,B,0.510086102367509,10.089041124268341,0.08957145359632203,False,646,0,0.00032911624414478264,0.943810979621545
265,876,0.050000086059523816,572.0813741965153,D,0.5868366145392194,3.0451078916817065,0.08934919408977487,False,309,0,0.00032829958648117097,0.9441392792080262
266,5787,0.24000024257142857,520.3821380865335,E,0.3898904853421188,0.9526011159238316,0.08913851683547812,True,142,1,0.00032752548598512037,0.9444668046940113
267,4583,0.05000008681825397,572.081373735625,D,0.5264647038628641,3.244473220431443,0.08540517995358622,False,307,0,0.00031380792572051943,0.9447806126197319
268,1585,0.018797042307393482,601.2423562884618,B,0.5287908773913863,8.52819268522155,0.08476771515975876,False,461,0,0.000311465661413137,0.945092078281145
269,3448,0.01740510434113924,603.5031637386287,B,0.5651228527940856,8.5755564504696,0.08434936378233401,False,516,0,0.00030992849495504484,0.9454020067761001
270,2693,0.050000074018326124,572.0813815109362,D,0.5469578217732071,3.0651430006308384,0.08382532104443706,False,348,0,0.00030800298218570563,0.9457100097582858
271,3175,0.018797038503425227,601.2423622395048,B,0.20429679729460914,21.803122614234226,0.08372780125861906,False,481,0,0.00030764466104264514,0.9460176544193284
272,545,0.09734525482907712,551.3827105814559,D,0.4542155030086371,1.8807210686040698,0.0831574434791649,True,237,0,0.0003055489709242432,0.9463232033902527
273,1045,0.04697993056250472,573.9706783989723,C,0.5046991666563478,3.5012292881583114,0.0830167086374744,False,387,0,0.00030503186284284225,0.9466282352530955
274,3177,0.16666688934444443,533.5613918413953,E,0.33927981499834825,1.4312511969420267,0.08093254835024485,True,157,0,0.00029737394306607903,0.9469256091961615
275,5260,0.01740508852923448,603.5031904156775,B,0.5014644481834611,9.256301378209791,0.08078930495048048,False,648,0,0.0002968476176818618,0.9472224568138434
276,417,0.5975614424349365,475.71650569795133,F,0.15,0.8925061870136424,0.07999909267409659,True,64,0,0.00029394410673011767,0.9475164009205735
277,1062,0.01740508891494876,603.5031897649196,B,0.46218487394957986,9.930040780871634,0.07988091050090414,False,642,0,0.0002935098648885008,0.9478099107854621
278,3974,0.050000082521428575,572.0813763457297,D,0.5388570572163107,2.933133742187874,0.07902712126526475,False,319,0,0.00029037275038111245,0.9481002835358432
279,201,0.050000074400000004,572.0813812790886,D,0.45743584178829144,3.4496511559284366,0.07889982142216344,False,345,0,0.0002899050070928262,0.948390188542936
280,1409,0.018797037862949038,601.2423632414852,B,0.3693835724420621,11.330312504106793,0.07866995139272719,False,486,0,0.0002890603857576577,0.9486792489286937
281,878,0.050000071222655124,572.0813832091658,D,0.3959072717662161,3.9651819552889367,0.07849233030723782,False,361,0,0.0002884077449643014,0.948967656673658
282,2660,0.24000024356666666,520.3821379290966,E,0.3403041198007718,0.9557112157554262,0.07805587059051736,True,139,0,0.00028680404225635037,0.9492544607159143
283,5108,0.12727286727698411,542.6749914087503,E,0.49862749276143437,1.2271938029692027,0.07787986719306127,True,226,0,0.00028615734540370655,0.9495406180613181
284,3723,0.046979929124193034,573.9706793258941,C,0.26379916441205153,6.201408837969661,0.07685570959579233,False,395,0,0.0002823942390981577,0.9498230123004162
285,2773,0.01879704154469507,601.2423574816502,B,0.34956176724067844,11.659637767092935,0.07661229740072739,False,464,0,0.0002814998592014123,0.9501045121596177
286,5312,0.1459855774990315,538.0915679567471,E,0.4373171280666216,1.1927520298205,0.07614766732420564,True,195,0,0.0002797926489289219,0.9503843048085466
287,4731,0.017405095157805906,603.503179232283,B,0.5945384326883116,7.29765718853143,0.0755161419617822,False,587,0,0.0002774722081297842,0.9506617770166764
288,2065,0.011538474331318683,615.5360848098129,B,0.3005892535538809,21.73320476153306,0.07537817353356754,False,833,0,0.0002769652648003926,0.9509387422814768
289,1762,0.046979925658392166,573.9706815594342,C,0.5460168654734476,2.9271211734964058,0.07508601984903832,False,409,0,0.00027589179195268535,0.9512146340734294
290,2597,0.127272877451443,542.6749887657237,E,0.30415419942940636,1.9360530091326278,0.07494573518529796,True,214,0,0.0002753763379794874,0.9514900104114089
291,717,0.04697992622974859,573.9706811912228,C,0.5356127009926278,2.9717783774879725,0.0747789935787172,False,407,0,0.0002747636721233783,0.9517647740835323
292,4106,0.017405095717329715,603.5031782882826,B,0.5167739831112507,8.249849568374374,0.07420327722493264,False,582,0,0.0002726482927648582,0.9520374223762972
293,4551,0.04697992917736764,573.9706792916257,C,0.530521942230725,2.9178816534931893,0.07272494173620625,False,394,0,0.00026721638109991733,0.9523046387573971
294,337,0.011538475436080586,615.5360820149208,B,0.5542629180178071,11.370817196249172,0.07272034512066593,False,807,0,0.0002671994915577511,0.9525718382489549
295,5726,0.3085109425807173,510.4105714071791,F,0.15,1.5697506796146117,0.07264278926769381,True,120,1,0.00026691452475173424,0.9528387527737066
296,5666,0.07391544536582122,560.066799324045,D,0.49246951645033177,1.96584598402774,0.07155896339999014,False,250,1,0.00026293217675397616,0.9531016849504605
297,556,0.30851096394635724,510.41056851740063,F,0.15,1.5401404420971976,0.07127253186062628,True,112,0,0.00026187972903034213,0.9533635646794909
298,4859,0.046979927392519154,573.9706804418737,C,0.5454855350771538,2.7650251063573346,0.07085894124673428,False,404,0,0.00026036005525044426,0.9536239247347413
299,753,0.018797036612216437,601.2423651981695,B,0.5003123048094941,7.481970255627245,0.07036335660840619,False,494,0,0.0002585391073002472,0.9538824638420416
300,3890,0.017405101067329717,603.5031692620332,B,0.5247938793451659,7.636434501670561,0.06975188390826983,False,535,0,0.00025629234686055496,0.9541387561889021
301,3581,0.017405098518123368,603.5031735629249,B,0.25770594020821336,15.537150808269342,0.06969029394374614,False,555,0,0.0002560660442051085,0.9543948222331072
302,54,0.05000007251204906,572.0813824259238,D,0.5264366727440626,2.6474417796063756,0.06968562314777994,False,352,0,0.00025604888209861316,0.9546508711152059
303,5782,0.5975614287724544,475.716507337227,F,0.15,0.7722924430267117,0.06922382635278168,True,70,1,0.0002543520822742753,0.9549052231974802
304,673,0.017405084557805907,603.5031971160754,B,0.5454700407940638,7.268977432127596,0.06901132416552641,False,709,0,0.00025357127634857045,0.9551587944738288
305,5612,0.046979925214669226,573.9706818453922,C,0.5900169118023881,2.453863063936301,0.06801850853768332,False,410,1,0.00024992333118920577,0.955408717805018
306,2679,0.05000008134862915,572.0813770581462,D,0.25181901501973325,5.3845543357489944,0.06779676876073182,False,323,0,0.0002491085831903994,0.9556578263882084
307,197,0.017405086316536065,603.5031941488327,B,0.5808226355776788,6.691816216946156,0.06764936425872463,False,676,0,0.000248566968489255,0.9559063933566977
308,2116,0.01879703779397357,601.2423633493927,B,0.5612784346414548,6.293481969048883,0.06639857562714711,False,487,0,0.00024397114202763458,0.9561503644987254
309,3983,0.5975613939315454,475.71651151756936,F,0.15,0.7349760491078725,0.06587899686168004,True,77,0,0.00024206203142417636,0.9563924265301496
310,2012,0.017405102235944433,603.5031672904059,B,0.49503875577549417,7.642293633203973,0.06584753158717549,False,528,0,0.0002419464172128385,0.9566343729473624
311,3152,0.12727286952821065,542.6749908239475,E,0.3674489215004111,1.3947545922335163,0.06522748190095405,True,222,0,0.00023966814198430375,0.9568740410893467
312,991,0.01740509630095165,603.5031773036251,B,0.5611388446980086,6.667175893559858,0.06511614432171191,False,579,0,0.00023925904952860365,0.9571133001388753
313,5253,0.07339459691125674,560.2870627964559,D,0.3681283963098698,2.397180462235265,0.06476854455853699,False,264,0,0.00023798184876956137,0.9573512819876449
314,3120,0.011538473762271063,615.5360862494234,B,0.4277457474355856,13.09193070900221,0.06461565714390005,False,848,0,0.0002374200879667381,0.9575887020756116
315,2983,0.017405087386377336,603.5031923438494,B,0.5824503898869484,6.272506843337751,0.0635881649623644,False,663,0,0.00023364472925480772,0.9578223468048664
316,2421,0.018797048389139516,601.2423467739966,B,0.5241607385025339,6.446899662976623,0.06351920562395484,False,428,0,0.00023339134899195806,0.9580557381538584
317,1148,0.018797047853425227,601.2423476120839,B,0.3418238062329285,9.856260006280674,0.06332921494893257,False,434,0,0.00023269325808380256,0.9582884314119422
318,4970,0.24000025357142857,520.3821363464419,E,0.15,1.7522844641566866,0.06308230735903193,True,133,0,0.00023178603490748613,0.9585202174468497
319,1856,0.017405098067329716,603.5031743234812,B,0.3644942963363096,9.906175875440185,0.06284536394788717,False,561,0,0.0002309154235417014,0.9587511328703914
320,4134,0.0500000766461039,572.0813799146936,D,0.15,8.366672626153772,0.0627501408870822,False,337,0,0.0002305655413541314,0.9589816984117455
321,813,0.24000023297857143,520.3821396040288,E,0.5510964469283774,0.47230580714121456,0.062468713164071675,True,146,0,0.00022953147936812337,0.9592112298911136
322,5319,0.01879704075501253,601.2423587170533,B,0.4450379455304744,7.451979583714231,0.06233876317996799,False,467,0,0.00022905399855277758,0.9594402838896664
323,4143,0.01740508951256781,603.5031887566464,B,0.21584003136639873,16.45231855632456,0.06180667299656585,False,635,0,0.0002270989167083225,0.9596673828063748
324,3521,0.01740508600066305,603.503194681758,B,0.47930226503514706,7.406142651629585,0.0617842426851865,False,684,0,0.00022701650005056188,0.9598943993064253
325,5798,0.2400002555186147,520.3821360384163,E,0.17610710607621005,1.46029565078171,0.06172049156928608,True,132,1,0.00022678225658366734,0.960121181563009
326,4907,0.07339460378109801,560.2870598817664,D,0.6381400398045955,1.3093386565682752,0.06132423164122377,False,254,0,0.00022532626168805358,0.960346507824697
327,750,0.14598560964317622,538.0915605174619,E,0.5280180297112649,0.7943259924168302,0.06122905745671075,True,168,0,0.00022497655908874516,0.9605714843837857
328,4142,0.011538473664652014,615.5360864963859,B,0.2755722978846711,19.155645711009452,0.060908894465708026,False,850,0,0.00022380017044166728,0.9607952845542274
329,4613,0.5975613974081688,475.7165111004311,F,0.15,0.6794867868034153,0.06090526107639531,True,76,0,0.00022378682012305453,0.9610190713743504
330,815,0.050000071770634924,572.0813828762956,D,0.5475880789458802,2.213525203795447,0.06060508769541944,False,356,0,0.00022268388015979067,0.9612417552545102
331,1996,0.12727289180844154,542.6749850361961,E,0.15,3.1702443449560174,0.06052292482828662,True,203,0,0.0002223819856035095,0.9614641372401137
332,959,0.018797045281203007,601.2423516361449,B,0.17213403150030004,18.703827585350776,0.06051831372900276,False,446,0,0.00022236504284310144,0.9616865022829568
333,1445,0.01740508854113924,603.5031903955924,B,0.24977024213665433,13.665849050582901,0.05940917905037489,False,647,0,0.00021828970159290962,0.9619047919845497
334,827,0.24000023893239536,520.3821386621926,E,0.3800275887722996,0.6508373431435909,0.05936073418409673,True,144,0,0.00021811169853727742,0.962122903683087
335,4062,0.14598559579410864,538.0915637226228,E,0.15,2.6886374913433824,0.05887535190722119,True,180,0,0.00021632823756253803,0.9623392319206495
336,2853,0.017405103417329714,603.503165297233,B,0.5854621578767372,5.705411941872913,0.058138315454054394,False,521,0,0.00021362011282497086,0.9625528520334745
337,2128,0.018797039989355963,601.2423599148697,B,0.5564672617397572,5.530110720588375,0.0578446117958638,False,472,0,0.00021254094484238003,0.9627653929783169
338,1547,0.017405098093520192,603.5031742792938,B,0.4097770432780983,8.098501915330727,0.057760213387384726,False,560,0,0.0002122308361403865,0.9629776238144573
339,5215,0.017405100735583684,603.5031698217383,B,0.24812030075187963,13.283240360916796,0.05736445494009034,False,536,0,0.0002107766838571255,0.9631884004983144
340,1548,0.018797048759774435,601.2423461941644,B,0.5985628550209751,5.097389181575299,0.057351822495386895,False,425,0,0.00021073026792226858,0.9633991307662367
341,3596,0.017405102743231593,603.5031664345369,B,0.37732530082971394,8.648234740806396,0.05679629254920202,False,525,0,0.000208689060349348,0.963607819826586
342,3472,0.017405088163361462,603.5031910329603,B,0.5115219754051314,6.378831748817864,0.056791281767050845,False,652,0,0.00020867064901699143,0.963816490475603
343,934,0.017405093947849195,603.5031812736612,B,0.27433692536555276,11.859077778130208,0.05662543563762954,False,594,0,0.00020806127345112107,0.9640245517490541
344,3627,0.018797047288129413,601.2423484964495,B,0.3998949816217837,7.484803638929365,0.056262107909821474,False,439,0,0.00020672628275521525,0.9642312780318093
345,5767,0.7654327264770482,452.9973993891757,F,0.15,0.48994035000808406,0.05625245668767105,True,28,1,0.00020669082085459823,0.9644379688526639
346,2383,0.017405085595901145,603.5031953646524,B,0.17377563877470914,18.428771166070806,0.0557392902490124,False,691,0,0.00020480527133930686,0.9646427741240031
347,688,0.05000009116904762,572.0813710927375,D,0.40159176590269885,2.759380691351496,0.05540732926036745,False,293,0,0.00020358553280209614,0.9648463596568052
348,2861,0.05000007584603175,572.0813804006971,D,0.5476597043956168,2.003598254185404,0.05486458460583189,False,339,0,0.00020159130277613914,0.9650479509595814
349,38,0.011538475538461539,615.5360817559115,B,0.4062815412931188,11.70099899508518,0.05485275778220378,False,805,0,0.00020154784696944667,0.9652494988065509
350,2336,0.046979931573976584,573.9706777471279,C,0.4072317723770006,2.839920272443065,0.05433256174953935,False,381,0,0.00019963646831457838,0.9654491352748654
351,55,0.07339458975728849,560.2870658316932,D,0.4020748004424647,1.8079864949575322,0.05335388943927803,False,282,0,0.00019604049055526546,0.9656451757654206
352,2160,0.04697992692419303,573.9706807436871,C,0.443393075809863,2.5533856002451114,0.053188488463070095,False,405,0,0.00019543275063499166,0.9658406085160556
353,5741,0.017405092014948765,603.503184534754,B,0.45188209983967553,6.744916054740461,0.053049098830158285,False,612,1,0.0001949205853120596,0.9660355291013676
354,974,0.01740510040225035,603.5031703841213,B,0.4118944350510917,7.313873252228805,0.052433625412582285,False,541,0,0.00019265912486422017,0.9662281882262318
355,1990,0.017405105129234478,603.5031624089947,B,0.5777784814803086,5.185930846626405,0.0521512515404842,False,507,0,0.0001916215864019287,0.9664198098126338
356,920,0.04697993566387557,573.9706751113872,C,0.15,7.376791157286839,0.05198417609627729,False,365,0,0.0001910076939118725,0.9666108175065456
357,3923,0.050000074313120216,572.0813813318637,D,0.35481789735152747,2.8879498256163973,0.051234890387474225,False,346,0,0.00018825456120751777,0.9667990720677532
358,1673,0.018797047138345863,601.2423487307753,B,0.5265375692438805,5.114127910261092,0.05061632159079937,False,440,0,0.00018598172727513258,0.9669850537950283
359,3122,0.011538474195604395,615.536085153151,B,0.5432747202557662,8.055840710084254,0.05049853164283955,False,838,0,0.00018554892660355637,0.9671706027216319
360,938,0.017405102084790035,603.5031675454259,B,0.45666200301552584,6.33473426396712,0.05035004388982472,False,529,0,0.0001850033316666473,0.9673556060532985
361,225,0.14598561941089186,538.0915582568692,E,0.540958020610985,0.6264024581093764,0.049468312371804386,True,163,0,0.0001817635476293941,0.967537369600928
362,645,0.01153847523846154,615.5360825148692,B,0.5691790707192554,7.493132449457834,0.04921083724912161,False,808,0,0.0001808174957128988,0.9677181870966408
363,4611,0.07339458964459007,560.2870658795081,D,0.24986872702722973,2.6776277437060423,0.049105049158013996,False,283,0,0.00018042879398011798,0.967898615890621
364,40,0.011538478044810745,615.5360754152018,B,0.4947836410942986,8.576215078356336,0.048962042234219655,False,767,0,0.00017990333748972757,0.9680785192281107
365,5827,0.14598561047731431,538.091560324413,E,0.15,2.2159569728470787,0.04852467472088133,True,165,1,0.00017829629922562192,0.9682568155273363
366,1646,0.017405087967329716,603.5031913636954,B,0.5153336322109268,5.332492161186446,0.04782940024049002,False,654,0,0.00017574162230067918,0.968432557149637
367,3,0.01740508749907575,603.5031921537102,B,0.5490417136414882,4.9175213373360736,0.046992419411994814,False,660,0,0.0001726662676465392,0.9686052234172836
368,2433,0.017405085842726542,603.5031949482207,B,0.4394383171938282,6.138252963545404,0.046948192287424084,False,689,0,0.00017250376202065487,0.9687777271793042
369,202,0.0500000778937951,572.0813791567839,D,0.15,6.2590233312505985,0.046942748115241614,False,332,0,0.00017248375826466752,0.9689502109375688
370,3073,0.05000007772380952,572.0813792600416,D,0.3780417644955141,2.476896856432119,0.04681859568222864,False,333,0,0.00017202757964062938,0.9691222385172095
371,148,0.017405086680028128,603.5031935355669,B,0.489268249083875,5.494980015667987,0.04679391060487101,False,672,0,0.00017193687819926412,0.9692941753954087
372,4079,0.14598561946050334,538.0915582453874,E,0.29293643498550515,1.0931450233752884,0.04674780792097075,True,162,0,0.00017176748112507318,0.9694659428765338
373,4117,0.01153847315880786,615.5360877761005,B,0.4324147912705395,9.30348041655255,0.04641884531452324,False,865,0,0.00017055875967252182,0.9696365016362063
374,5015,0.046979934192663456,573.9706760595118,C,0.4838709677419355,2.0377019084137404,0.04632150075558497,False,372,0,0.0001702010823731215,0.9698067027185794
375,1785,0.01740509320383765,603.5031825289202,B,0.5593014928661928,4.724768049842156,0.045994174079551274,False,600,0,0.000168998371890046,0.9699757010904694
376,3342,0.24000022942922078,520.3821401655011,E,0.36442361166282666,0.5225927331182496,0.04570687518928611,True,148,0,0.00016794273722169317,0.970143643827691
377,4632,0.011538473684781886,615.5360864454601,B,0.3547138155772084,11.066090680343732,0.04529191593267945,False,849,0,0.00016641803457900767,0.97031006186227
378,1682,0.05000009183095239,572.0813706906638,D,0.3941229930324144,2.2896579679631035,0.045120425436587314,False,292,0,0.00016578791967393163,0.9704758497819439
379,3255,0.24000022905439006,520.3821402247956,E,0.15,1.250596388354127,0.04502151294893751,True,149,0,0.00016542448126663468,0.9706412742632106
380,559,0.017405088310186858,603.5031907852438,B,0.2036472953871269,12.585398215497507,0.04460893340742142,False,650,0,0.00016390852251345074,0.970805182785724
381,4443,0.01153848101941392,615.5360678898776,B,0.3990836024938029,9.668987849945456,0.04452393482903515,False,725,0,0.0001635962085813557,0.9709687789943053
382,5416,0.04697992498371684,573.9706819942297,C,0.320074791772905,2.954994087157786,0.04443451117127066,False,412,0,0.00016326763538979208,0.9711320466296951
383,722,0.018797038359774434,601.2423624642365,B,0.5226730310262528,4.5202971304369335,0.04441058588136011,False,483,0,0.00016317972566811978,0.9712952263553633
384,3294,0.011538474121794873,615.5360853398787,B,0.40075804107803636,9.52018231599217,0.04402262049747775,False,841,0,0.00016175420777290954,0.9714569805631361
385,3507,0.018797037782790307,601.2423633668881,B,0.6067250024579687,3.8592402885011756,0.04401321835789448,False,488,0,0.0001617196610870813,0.9716187002242233
386,5334,0.04697993526943113,573.9706753655875,C,0.3215394270400461,2.88970114184443,0.04365154072330255,False,368,0,0.00016039073339964505,0.9717790909576229
387,1899,0.1272728766635642,542.6749889703915,E,0.15,2.2720477774357133,0.043375508482695106,True,217,0,0.0001593764962666739,0.9719384674538896
388,3421,0.011538479066239317,615.5360728311322,B,0.4501869364416098,8.304529742982098,0.043137651724358114,False,754,0,0.00015850252895002048,0.9720969699828396
389,4787,0.017405095970504318,603.5031778611392,B,0.3960714447480862,6.254014322593101,0.04311305779999143,False,581,0,0.00015841216243601006,0.9722553821452756
390,53,0.3085109572383486,510.41056942468254,F,0.15,0.9162970399208836,0.04240315153509856,True,114,0,0.0001558037233160047,0.9724111858685917
391,1854,0.30851095192016675,510.41057014398547,F,0.15,0.9146927390361894,0.04232890914517792,True,117,0,0.0001555309313097799,0.9725667167999015
392,3202,0.017405083407805905,603.5031990562989,B,0.3773931450985275,6.374235651458988,0.04186954402721809,False,720,0,0.00015384306630096336,0.9727205598662024
393,4784,0.046979930650383514,573.9706783423387,C,0.15,5.894526274093344,0.041538665336065324,False,386,0,0.0001526273044959745,0.9728731871706984
394,5363,0.018797040038345862,601.2423598382284,B,0.15,14.601067471704013,0.04116852748023146,False,471,0,0.00015126729105378062,0.9730244544617521
395,2524,0.01879704569159262,601.2423509941192,B,0.548695730661612,3.973064404456199,0.04097762495313389,False,444,0,0.00015056584968832889,0.9731750203114404
396,3272,0.14598558100790596,538.0915671446701,E,0.28368044984867735,0.9688486101436523,0.040123174830929746,True,193,0,0.00014742630685701298,0.9733224466182975
397,2838,0.017405091578440827,603.5031852712084,B,0.36401939740837896,6.318686727653017,0.04003387817371246,False,616,0,0.00014709820030902186,0.9734695448186065
398,4748,0.05000008563015873,572.0813744573329,D,0.5028647419246591,1.5893375846519193,0.03996116015434996,False,312,0,0.00014683100936309736,0.9736163758279696
399,3863,0.018797041188345864,601.2423580391336,B,0.5702621400945422,3.7229041881948803,0.039906706973085286,False,466,0,0.00014663092969731083,0.9737630067576669
400,1711,0.017405084218123368,603.5031976891711,B,0.3170098692073898,7.202290096727671,0.03973923679487524,False,716,0,0.0001460155868191306,0.9739090223444861
401,2737,0.05000008138080808,572.0813770385992,D,0.4829302343618712,1.6416496911763885,0.03964017802388473,False,322,0,0.0001456516109166637,0.9740546739554027
402,4389,0.046979935351177164,573.9706753129061,C,0.24077061782290976,3.4324541675386384,0.03882582108644993,False,366,0,0.00014265938419843173,0.9741973333396011
403,1944,0.017405087185727985,603.5031926823751,B,0.5173686941203441,4.2901703201529084,0.03863232831649608,False,669,0,0.0001419484253922547,0.9743392817649934
404,826,0.01879703669707602,601.2423650654126,B,0.47310878986261307,4.332242729283321,0.038526822111589365,False,493,0,0.00014156075940606496,0.9744808425243995
405,1296,0.017405097449075747,603.503175366568,B,0.5619462727103479,3.9072659590983094,0.03821591196840607,False,570,0,0.00014041836889566684,0.9746212608932951
406,1663,0.018797041300250627,601.2423578640664,B,0.4702127095970968,4.302532776073566,0.03802839941961977,False,465,0,0.00013972938347331688,0.9747609902767684
407,5140,0.011538479542141192,615.5360716271679,B,0.32024810944005433,10.271279366410862,0.03795418766620235,False,746,0,0.00013945670403611344,0.9749004469808046
408,3775,0.0733945893225843,560.2870660161266,D,0.39580689988520323,1.3027606699426504,0.037845308024682514,False,284,0,0.00013905664288669484,0.9750395036236913
409,2122,0.5975613699287093,475.7165143975192,F,0.15,0.41946178565463277,0.037598123890278744,True,85,0,0.00013814840359101718,0.9751776520272823
410,5395,0.1459855907614413,538.091564887359,E,0.15,1.7135235014982049,0.037522461097474334,True,187,0,0.00013787039253738932,0.9753155224198198
411,2472,0.017405104384790034,603.5031636649834,B,0.4055756999346133,5.283485855961721,0.0372965883984783,False,515,0,0.0001370404587653703,0.9754525628785852
412,16,0.0174050843498694,603.5031974668957,B,0.5730783187824193,3.725417306175983,0.0371590872892841,False,715,0,0.00013653523252635353,0.9755890981111115
413,3284,0.05000007975793651,572.081378024412,D,0.3981070466617511,1.8650723445589632,0.0371249813652875,False,326,0,0.00013640991566302076,0.9757255080267745
414,4064,0.017405094136377336,603.503180955586,B,0.330991804649607,6.4306983723240885,0.037046890106155986,False,592,0,0.00013612298159112627,0.9758616310083656
415,3068,0.1272728753149628,542.6749893207187,E,0.47054930509596293,0.6066758864417751,0.036332704397854194,True,218,0,0.00013349881832815767,0.9759951298266938
416,2870,0.30851092828358667,510.41057334091664,F,0.15,0.7708933017665942,0.03567435122034166,True,123,0,0.00013107980293425536,0.976126209629628
417,5747,0.5975614638259898,475.7165031313728,F,0.15479863077378186,0.38362281887287203,0.03548576152481026,True,57,1,0.00013038685970529507,0.9762565964893334
418,3645,0.006250010566666667,633.3804862210984,A,0.42937845047718226,13.208403418152239,0.0354463336338567,False,882,0,0.00013024198810989072,0.9763868384774432
419,2192,0.006250009757142858,633.3804899818642,A,0.40399916559883187,13.927111207213825,0.03516593806719561,False,905,0,0.0001292117186203473,0.9765160501960636
420,2055,0.07339459469617737,560.2870637362548,D,0.48252218686123827,0.9913504277208963,0.035108199883212586,False,269,0,0.00012899956872779476,0.9766450497647914
421,338,0.01740508490066305,603.5031965376237,B,0.24876986064680917,8.05801626626507,0.03489008670455644,False,704,0,0.000128198146095074,0.9767732479108865
422,671,0.01153847700989011,615.5360780334047,B,0.3630471822799727,8.320179846774558,0.03485332961135928,False,782,0,0.00012806308792672887,0.9769013109988132
423,738,0.01879703817564745,601.2423627522903,B,0.5449581361485256,3.387492699013491,0.034700116449172244,False,485,0,0.0001275001302156729,0.9770288111290288
424,3170,0.05000008153412699,572.0813769454656,D,0.3186038192255932,2.166765611141238,0.03451704624006659,False,321,0,0.000126827467473063,0.9771556385965019
425,3067,0.017405098437964638,603.5031736981646,B,0.43003704759190653,4.552188430976164,0.03407238906061545,False,557,0,0.0001251936444752527,0.9772808322409772
426,215,0.2400002482775613,520.3821371838795,E,0.15,0.9460261467412109,0.03405697651424329,True,138,0,0.00012513701349327073,0.9774059692544704
427,3278,0.14598562045191749,538.0915580159394,E,0.34526050447678125,0.6746521962947771,0.0340045411762797,True,161,0,0.00012494434807590668,0.9775309136025463
428,4580,0.01740508626256781,603.5031942398853,B,0.5287964282769264,3.6710922799426613,0.03378780620839281,False,679,0,0.00012414798946228803,0.9776550615920085
429,3449,0.011538477895604396,615.5360757926728,B,0.36370577755153977,8.01663200227657,0.03364268664320606,False,768,0,0.00012361477040277123,0.9777786763624113
430,2953,0.011538477505128205,615.5360767805223,B,0.3402061855670102,8.4693356529053,0.033246050352331205,False,774,0,0.00012215739262108909,0.9779008337550325
431,512,0.017405101457805907,603.5031686032416,B,0.48970479422345825,3.899272748486132,0.03323491172090261,False,533,0,0.00012211646546859235,0.978022950220501
432,4261,0.09734526324971203,551.3827078163428,D,0.15,2.272129238250834,0.033177152825234264,True,233,0,0.0001219042394742037,0.9781448544599752
433,4944,0.017405092291139238,603.5031840687793,B,0.39323149735297236,4.787613756112128,0.03276753210717693,False,609,0,0.00012039915245330428,0.9782652536124286
434,2933,0.01879703774310777,601.2423634289686,B,0.4320279442251441,4.01889598446339,0.032636833666498964,False,489,0,0.00011991892155177878,0.9783851725339804
435,3572,0.050000080553968256,572.0813775408627,D,0.3050125966466858,2.1173932507087883,0.032291632700342014,False,325,0,0.00011865053479578456,0.9785038230687761
436,3387,0.05000007198333334,572.081382747092,D,0.3566752979397526,1.8006178886312911,0.03211184232544315,False,355,0,0.00011798992328905641,0.9786218129920652
437,4430,0.0115384776003663,615.5360765395834,B,0.2468178052270844,11.199535419641016,0.03189517615102197,False,772,0,0.00011719381744622742,0.9787390068095114
438,2613,0.07339459182236785,560.2870649555352,D,0.15,2.8887681928821594,0.03180299435790379,False,276,0,0.00011685510991931472,0.9788558619194307
439,1358,0.01740509632209162,603.5031772679588,B,0.41341232713994513,4.375222223006947,0.03148183001542973,False,578,0,0.00011567504196346061,0.9789715369613942
440,2032,0.011538474064652015,615.5360854844421,B,0.4551893217107055,5.990896691995441,0.03146532879345813,False,844,0,0.000115614410813903,0.979087151372208
441,66,0.011538476174825176,615.5360801460012,B,0.2309319182480628,11.7623053413896,0.03134186747401669,False,797,0,0.00011516077157818343,0.9792023121437862
442,3171,0.017405099734790035,603.5031715102265,B,0.2192532157008178,8.135429832388207,0.03104580973696933,False,548,0,0.00011407295390240741,0.9793163850976886
443,1690,0.01153848143846154,615.5360668297466,B,0.37947938320250685,7.076791478019157,0.030986551115973503,False,723,0,0.00011385521740274937,0.9794302403150913
444,4605,0.01153847354957265,615.5360867875205,B,0.29666619777746517,9.041705785092926,0.030950437718449225,False,853,0,0.00011372252439309852,0.9795439628394844
445,3522,0.05000007696507937,572.081379720932,D,0.1585855823639537,3.903193826279172,0.030949560941628516,False,336,0,0.00011371930281431868,0.9796576821422988
446,4282,0.017405086349075748,603.5031940939333,B,0.15,11.844029846997296,0.03092195433120275,False,675,0,0.00011361786665835494,0.9797713000089571
447,1384,0.01740508517923448,603.5031960676317,B,0.4209779682116904,4.219172107805409,0.030914538111773252,False,698,0,0.00011359061692435608,0.9798848906258815
448,4222,0.017405099946694796,603.5031711527115,B,0.22687386447098834,7.772852718342794,0.030693147672014903,False,546,0,0.00011277715251022245,0.9799976677783917
449,5460,0.006250009376190476,633.3804917516367,A,0.5099900772990653,9.622978313920004,0.030672692603332868,False,912,1,0.00011270199357165376,0.9801103697719633
450,1275,0.01879704431453634,601.2423531484272,B,0.3752050108558129,4.33948585956327,0.030605288136337224,False,449,0,0.00011245432643971053,0.980222824098403
451,963,0.011538480021794872,615.5360704137121,B,0.4342051289305062,6.074185220840019,0.03043207617521832,False,739,0,0.00011181788628165166,0.9803346419846847
452,3302,0.05000007900873016,572.0813784795171,D,0.4594302394724039,1.3216166984189737,0.030359581785632136,False,329,0,0.00011155151702823192,0.9804461935017129
453,3486,0.011538474200366302,615.5360851411041,B,0.3535875888817065,7.427889347633477,0.030304758081229455,False,837,0,0.00011135007593334434,0.9805575435776462
454,3943,0.07339459792792341,560.2870623651115,D,0.15,2.7376086708408844,0.03013885315205453,False,261,0,0.00011074048431701046,0.9806682840619633
455,2762,0.04697993139562161,573.970677862069,C,0.50017493877143,1.2720392157769649,0.029890611940973134,False,382,0,0.00010982836095903455,0.9807781124229223
456,5475,0.07342275770459653,560.2751170361225,D,0.16666666666666652,2.442069246913128,0.029883909768991492,False,251,1,0.00010980373488028237,0.9808879161578026
457,4854,0.07339460294877477,560.2870602348988,D,0.4672136606417411,0.8696703689086642,0.029821832803153137,False,256,0,0.00010957564281496098,0.9809974918006176
458,3876,0.011538473433699634,615.5360870806629,B,0.36958234830575254,6.990813396260499,0.029811737251471893,False,858,0,0.00010953854829523961,0.9811070303489128
459,4543,0.017405097375266222,603.5031754910957,B,0.15,11.317996239482458,0.029548623996163367,False,571,0,0.00010857177994555855,0.9812156021288584
460,1308,0.018797035190726816,601.2423674219915,B,0.5411423261789774,2.9018236116353155,0.029516976453240057,False,501,0,0.00010845549601753086,0.981324057624876
461,4330,0.011538473471794873,615.5360869842874,B,0.3799218701556395,6.717620288854754,0.029448155799796004,False,856,0,0.00010820262533081437,0.9814322602502068
462,4485,0.0973452500632041,551.3827121464421,D,0.15,2.0080058301919887,0.029320474450261636,True,243,0,0.0001077334802570337,0.9815399937304639
463,5769,0.04697992691943113,573.970680746756,C,0.17466212730836683,3.5299602454246757,0.028965491126485342,False,406,1,0.00010642914976372927,0.9816464228802276
464,2777,0.01740508358247013,603.5031987616139,B,0.36989020336793677,4.478935334097645,0.02883525089164279,False,719,0,0.00010595060246761087,0.9817523734826953
465,3812,0.011538479871794873,615.5360707931908,B,0.3917367436626571,6.3418573214875,0.028665490191122193,False,740,0,0.00010532684342479658,0.9818577003261201
466,1771,0.018797036061361738,601.2423660599435,B,0.35781142132387167,4.252459227278584,0.028601165563157317,False,498,0,0.00010509049267785862,0.9819627908187979
467,3304,0.018797043289139514,601.2423547525888,B,0.44963469502882536,3.375006348999852,0.02852488820079597,False,456,0,0.00010481022348487692,0.9820676010422827
468,2397,0.04697992855593906,573.9706796921062,C,0.24971395344475078,2.416511387991676,0.028349408931057293,False,398,0,0.00010416545245724638,0.98217176649474
469,2975,0.04818799037262373,573.2014985365273,C,0.2658260374795808,2.1913843061986626,0.028070805791218206,False,362,0,0.00010314176895866186,0.9822749082636987
470,2993,0.12727288740237244,542.6749861807637,E,0.19926332225647592,1.1036769673342566,0.027990151115410363,True,207,0,0.00010284541601462879,0.9823777536797133
471,5548,0.09734525367669616,551.3827109598672,D,0.15,1.9128558698535882,0.027931115984678224,True,238,1,0.00010262850069485825,0.9824803821804081
472,384,0.011538479405128206,615.5360719737912,B,0.3239360443497954,7.41712691219859,0.027723213147535335,False,748,0,0.00010186459435907537,0.9825822467747672
473,2790,0.14598561174001273,538.0915600321802,E,0.15,1.2644518311755049,0.027688766113490304,True,164,0,0.00010173802414042155,0.9826839847989076
474,1059,0.0062500104,633.3804869953738,A,0.5588640749931073,7.909989119068965,0.027628850675793654,False,888,0,0.00010151787427091198,0.9827855026731785
475,1605,0.01740508746971067,603.5031922032535,B,0.4708434755000529,3.3652261874275906,0.027578270483691113,False,661,0,0.00010133202529576937,0.9828868346984743
476,562,0.017405086378440827,603.50319404439,B,0.15,10.510944275289791,0.02744158395455954,False,674,0,0.00010082979210330931,0.9829876644905776
477,242,0.01740510069113924,603.5031698967226,B,0.4851597291940175,3.2314235100458344,0.027286960699752127,False,537,0,0.00010026165322829448,0.9830879261438059
478,4297,0.12727289430819735,542.6749843868328,E,0.15,1.4243342457247095,0.02719187128735004,True,202,0,9.991226211079904e-05,0.9831878384059167
479,4780,0.017405089208599556,603.5031892694865,B,0.47326143351900873,3.2794479734159343,0.02701332936969258,False,638,0,9.925623786420534e-05,0.983287094643781
480,1834,0.01740508612447257,603.5031944728727,B,0.2882562277580072,5.369643279509176,0.026940168693031168,False,680,0,9.89874204435301e-05,0.9833860820642245
481,4929,0.017405090995107494,603.5031862553793,B,0.5588932631973622,2.7150016860169295,0.02641041809917292,False,622,0,9.704093505355477e-05,0.9834831229992781
482,5450,0.0062500081,633.3804976803749,A,0.5192134331766771,8.135653021288853,0.02640091131752167,False,950,1,9.700600387687582e-05,0.983580129003155
483,3584,0.006250008380952381,633.3804963751675,A,0.2958614255285439,14.159761976969408,0.026183331133372154,False,943,0,9.620653964879323e-05,0.9836763355428038
484,3924,0.011538474343223444,615.5360847796956,B,0.4654621747671419,4.8543584876447134,0.026071416533677883,False,831,0,9.579532702202998e-05,0.9837721308698257
485,3051,0.01740508782923448,603.5031915966828,B,0.37901698388549077,3.9352551534244133,0.025960185222336285,False,657,0,9.538662503104713e-05,0.9838675174948568
486,5240,0.017405085306951205,603.5031958521544,B,0.46287816734030696,3.17864342186642,0.02560853090373633,False,695,0,9.40945264446325e-05,0.9839616120213014
487,4177,0.017405087208599557,603.5031926437873,B,0.15,9.807446430538459,0.025604919062578547,False,666,0,9.408125530133215e-05,0.9840556932766027
488,4097,0.14598558603957984,538.0915659801638,E,0.15,1.1649506297615022,0.025509900058936573,True,191,0,9.373212288977208e-05,0.9841494253994925
489,2056,0.017405085446694796,603.5031956163859,B,0.49953707179140705,2.9128906178490195,0.02532608500205279,False,693,0,9.305672332093742e-05,0.9842424821228134
490,98,0.09734524628477698,551.3827133871775,D,0.1660585843844471,1.566143611476818,0.025316733083855916,True,245,0,9.302236116570908e-05,0.9843355044839791
491,9,0.017405083688697236,603.5031985823928,B,0.3179764360858667,4.5604223765521645,0.025239231157381147,False,718,0,9.273759250414067e-05,0.9844282420764833
492,3511,0.011538476205128205,615.5360800693388,B,0.4951407295216458,4.40085894213942,0.025142853195466792,False,796,0,9.238346681375571e-05,0.984520625543297
493,2961,0.018797047839933165,601.2423476331913,B,0.4349803655677035,3.070127133679638,0.025102423983940938,False,435,0,9.223491602310883e-05,0.9846128604593201
494,4268,0.0174050862984264,603.5031941793864,B,0.15,9.6005291278524,0.025064705697124105,False,677,0,9.209632609970894e-05,0.9847049567854198
495,3419,0.018797049181996657,601.2423455336275,B,0.46549074630854537,2.849462588322502,0.024932377215675105,False,422,0,9.161010586927533e-05,0.984796566891289
496,2999,0.017405084067329716,603.5031979435827,B,0.3546825844962491,4.025451752860458,0.024850241603498267,False,717,0,9.130831145705108e-05,0.9848878752027461
497,3087,0.01153847483846154,615.5360835268128,B,0.3241416599080833,6.637902042496755,0.024826419997655585,False,817,0,9.122078270620849e-05,0.9849790959854523
498,2479,0.011538476343223443,615.5360797199774,B,0.5285854026469929,4.064706335222466,0.02479092913382746,False,795,0,9.109037709889068e-05,0.9850701863625512
499,663,0.01153847858846154,615.5360740398422,B,0.5393562503598779,3.906940110618655,0.024314257871898576,False,760,0,8.933892338100407e-05,0.9851595252859322
500,4131,0.017405093438758287,603.5031821325739,B,0.15,9.268875560994303,0.024198846781699347,False,596,0,8.891486344880503e-05,0.985248440149381
501,1063,0.011538475483699634,615.5360818944514,B,0.187553316813584,11.17891218335973,0.024192052988444644,False,806,0,8.88899007220689e-05,0.985337330050103
502,914,0.1272728802696248,542.6749880336426,E,0.15,1.2527136203818057,0.023915470592847266,True,208,0,8.787364213095774e-05,0.985425203692234
503,3636,0.011538480753396604,615.5360685628635,B,0.18319005125482424,11.303054593403807,0.023891660751601783,False,730,0,8.77861566072806e-05,0.9855129898488413
504,2708,0.018797038601593728,601.2423620859271,B,0.4272377106691295,2.971327065145552,0.023862144506060824,False,479,0,8.76777037968855e-05,0.9856006675526382
505,2888,0.006250008152380953,633.3804974370311,A,0.5262964673559053,7.127765467624345,0.02344576674312232,False,949,0,8.614778907537926e-05,0.9856868153417135
506,5098,0.017405104931615432,603.5031627424075,B,0.38488981838871883,3.4972538465861818,0.023428270253935967,False,511,0,8.608350097269105e-05,0.9857728988426863
507,659,0.01740508909113924,603.5031894676597,B,0.37076247856659683,3.565380039578453,0.023007946360897855,False,640,0,8.453908681564874e-05,0.9858574379295019
508,928,0.011538480276556778,615.5360697692006,B,0.2968022080410666,6.699555947701253,0.022943610315469574,False,736,0,8.430269411703396e-05,0.985941740623619
509,1908,0.05000007863730159,572.0813787051412,D,0.3807378508507113,1.1838250536490003,0.022536385779432982,False,331,0,8.280641149078586e-05,0.9860245470351098
510,3086,0.011538473516239317,615.5360868718492,B,0.39643595431020173,4.919108404310315,0.022501309142056333,False,855,0,8.267752789353334e-05,0.9861072245630033
511,4188,0.011538479721794873,615.5360711726695,B,0.3549427511691662,5.327810593720945,0.021820046884109958,False,742,0,8.01743366801431e-05,0.9861873988996834
512,3140,0.017405093210186857,603.5031825182081,B,0.5685424284589413,2.1961597705397375,0.021732173593759393,False,599,0,7.985146007024504e-05,0.9862672503597537
513,3730,0.01740509554113924,603.5031785855423,B,0.19121661241078103,6.500299977340229,0.021633930520014583,False,583,0,7.949048131924864e-05,0.986346740841073
514,3474,0.01740508628082178,603.5031942090881,B,0.2154401380825356,5.715355951474846,0.021431179935978553,False,678,0,7.874550612863905e-05,0.9864254863472016
515,1247,0.011538474752747253,615.536083743658,B,0.39805270048607244,4.6613707394144575,0.021409307720157696,False,820,0,7.866514010539099e-05,0.986504151487307
516,164,0.017405084366536067,603.5031974387764,B,0.15,8.123496170331807,0.02120852042937866,False,714,0,7.792737872763083e-05,0.9865820788660346
517,2854,0.017405096838758287,603.5031763962647,B,0.28769855402806455,4.215963919156336,0.02111110707867306,False,575,0,7.756944866368128e-05,0.9866596483146982
518,1154,0.01740508331971067,603.5031992049287,B,0.15,8.069512527956041,0.021067580684778594,False,722,0,7.740951776265701e-05,0.9867370578324609
519,4150,0.01740509053082178,603.503187038699,B,0.15,8.067697346788187,0.021062850404417858,False,627,0,7.739213709009258e-05,0.986814449969551
520,3696,0.011538478333699633,615.5360746843538,B,0.15,12.115876069781779,0.020969816028745036,False,762,0,7.705029688243238e-05,0.9868915002664335
521,474,0.01153847644957265,615.5360794509288,B,0.31936905511409075,5.670397527847879,0.02089559816392368,False,793,0,7.677759498983461e-05,0.9869682778614233
522,2214,0.006250009900000001,633.3804893181997,A,0.5434988530408682,6.110986651531038,0.020758246856355782,False,901,0,7.627291917337586e-05,0.9870445507805966
523,4637,0.017405100504559155,603.5031702115111,B,0.5475266676470255,2.1553446189082246,0.020539909778283186,False,539,0,7.547067385739998e-05,0.987120021454454
524,1984,0.01740510147403967,603.5031685758529,B,0.3746384628613417,3.1469996667848665,0.020520390421710714,False,532,0,7.539895304607759e-05,0.9871954204075001
525,884,0.006250007333333333,633.3805012420428,A,0.31115244196459324,10.46733503042132,0.020355879231560632,False,969,0,7.479448250498315e-05,0.9872702148900051
526,5128,0.07339459096183394,560.2870653206368,D,0.35949784631150816,0.7693778869427029,0.020300187408093393,False,279,0,7.458985164288153e-05,0.987344804741648
527,4312,0.09734524390432964,551.3827141688535,D,0.15,1.3887535287429766,0.020278282646772526,True,247,0,7.450936603630309e-05,0.9874193141076842
528,895,0.01740509947151442,603.5031719544118,B,0.5118736729065482,2.2623525309256616,0.02015577875516984,False,549,0,7.405924471886752e-05,0.9874933733524031
529,146,0.01153847227020757,615.5360900241346,B,0.36700848208633996,4.742300862114635,0.020082302997471817,False,875,0,7.37892695823888e-05,0.9875671626219854
530,1495,0.006250009316666667,633.3804920281636,A,0.31927639080342396,10.035442636655535,0.020025529258508052,False,913,0,7.358066339164837e-05,0.9876407432853771
531,870,0.05000008877380953,572.0813725477237,D,0.15,2.668304238497628,0.020012317320062045,False,301,0,7.353211819801092e-05,0.9877142754035751
532,4889,0.01879704369707602,601.2423541144007,B,0.43509207999096156,2.4456641198013305,0.02000172910057543,False,452,0,7.349321344778413e-05,0.9877877686170229
533,4729,0.01740508864352019,603.5031902228603,B,0.15,7.6535337721963135,0.019981565061187846,False,644,0,7.341912385066832e-05,0.9878611877408735
534,2219,0.04697992432498668,573.9706824187492,C,0.4064048912236963,1.0406879680842949,0.019869721162303077,False,415,0,7.300817100293005e-05,0.9879341959118765
535,3283,0.04697993349995061,573.9706765059315,C,0.4445524481350849,0.9411104845654193,0.019655134303099456,False,373,0,7.221970527742998e-05,0.9880064156171539
536,4514,0.050000091104906205,572.0813711317002,D,0.3081140919862314,1.2725953334927835,0.01960526350490098,False,294,0,7.203646285881795e-05,0.9880784520800127
537,5770,0.40000038390873016,498.82208006366756,F,0.15,0.3255983624789841,0.01953592049874713,True,91,1,7.178167286907504e-05,0.9881502337528817
538,5804,0.01153848028846154,615.5360697390832,B,0.32000543995648023,5.197068184492121,0.019189532231349518,False,735,1,7.050892356107005e-05,0.9882207426764428
539,3234,0.017405084995107494,603.5031963782817,B,0.321424330330636,3.4017277221217364,0.01903068608163289,False,702,0,6.992526832167642e-05,0.9882906679447645
540,5238,0.0973452498068549,551.3827122306205,D,0.15,1.288612432921464,0.018816044878043843,True,244,0,6.913660291626379e-05,0.9883598045476808
541,1460,0.006250009966666667,633.3804890084896,A,0.3046380641123704,9.813382084616842,0.018684590549725544,False,898,0,6.865359462427298e-05,0.9884284581423051
542,1312,0.01740509469113924,603.5031800196195,B,0.4995057619399157,2.1446650102204257,0.01864559982529342,False,591,0,6.851032932861954e-05,0.9884969684716337
543,5636,0.5975613993648954,475.7165108656557,F,0.15,0.20769771079979613,0.01861682020656173,True,75,1,6.840458313778981e-05,0.9885653730547715
544,3261,0.006250006911904762,633.3805031998542,A,0.2531461219612381,11.721325790931232,0.01854507156042579,False,977,0,6.814095400160145e-05,0.9886335140087732
545,5621,0.7654326562061968,452.99741068206987,F,0.15,0.15996849568034535,0.01836676658368744,True,44,1,6.748580035721694e-05,0.9887009998091304
546,1279,0.0187970475248538,601.2423481261109,B,0.3199707587426259,3.0469578146248226,0.018325944713028997,False,437,0,6.733580680223212e-05,0.9887683356159326
547,4135,0.011538479076340327,615.536072805578,B,0.17103599776179723,8.961187243249501,0.01768486074097123,False,753,0,6.498024439262828e-05,0.9888333158603252
548,4364,0.017832810104703913,602.7901294484711,B,0.15,6.561588786885024,0.01755173502325127,False,503,0,6.449109484267758e-05,0.9888978069551678
549,4496,0.017405104770504318,603.503163014226,B,0.46853035356018224,2.1308764355968086,0.017376913544135543,False,512,0,6.38487407634225e-05,0.9889616556959312
550,4866,0.011538477040842491,615.5360779550996,B,0.40197646777400686,3.6793987268524937,0.017065773356424566,False,780,0,6.270550499052282e-05,0.9890243612009217
551,3367,0.017405100257805905,603.5031706278206,B,0.34560327198364005,2.801810089392488,0.016853615032834796,False,542,0,6.192596253787264e-05,0.9890862871634596
552,2324,0.01153847363932734,615.5360865604538,B,0.3690851735015772,3.9527383127352795,0.016833445799636162,False,851,0,6.185185385691352e-05,0.9891481390173165
553,3854,0.011538477457509157,615.5360769009918,B,0.4315436432367904,3.3519923921634853,0.0166907654391218,False,775,0,6.132759727202721e-05,0.9892094666145885
554,4232,0.04697992806796038,573.9706800065846,C,0.15,2.365140658979129,0.01666712070441718,False,403,0,6.12407184064139e-05,0.9892707073329949
555,5361,0.017405085224472573,603.5031959913083,B,0.15,6.382078484517309,0.016662092989844477,False,696,0,6.122224485853269e-05,0.9893319295778534
556,2717,0.04697992438689145,573.9706823788547,C,0.27176070056620605,1.2956982666963808,0.016542564805700433,False,414,0,6.078305731098853e-05,0.9893927126351644
557,145,0.04697992361784383,573.9706828744685,C,0.15,2.337443174417841,0.016471935269280088,False,418,0,6.0523540167757694e-05,0.9894532361753321
558,3300,0.050000074195238095,572.0813814034711,D,0.15,2.1904327214839547,0.016428269789081254,False,347,0,6.0363098215943616e-05,0.9895135992735481
559,1081,0.01740509502844083,603.5031794505412,B,0.23411262373867914,3.986622270230473,0.016244498916782483,False,588,0,5.96878609964299e-05,0.9895732871345445
560,3212,0.09734526058975533,551.3827086898019,D,0.15,1.1031303529796606,0.016107676751291076,True,234,0,5.9185129429459585e-05,0.989632472263974
561,1139,0.018797038522472848,601.2423622097061,B,0.21474705039360797,3.969632652010521,0.016023853217933436,False,480,0,5.887713301584836e-05,0.9896913493969899
562,2511,0.01740509249352019,603.5031837273323,B,0.15,6.094314551569985,0.015910816268202243,False,607,0,5.8461796490075596e-05,0.9897498111934799
563,5549,0.011538472862271063,615.536088526297,B,0.314810373770941,4.349164803840878,0.01579804085976926,False,868,1,5.8047420956742935e-05,0.9898078586144367
564,1985,0.05000007514444445,572.081380826876,D,0.15,2.1048048247882667,0.015786059910570385,False,340,0,5.800339883983732e-05,0.9898658620132765
565,853,0.017405096257012257,603.5031773777573,B,0.3448959203393438,2.598892339167872,0.015601012170680235,False,580,0,5.732346997081842e-05,0.9899231854832473
566,125,0.01153847355909646,615.5360867634266,B,0.20538747293351078,6.572043673938333,0.015574809789471645,False,852,0,5.722719343465896e-05,0.989980412676682
567,1631,0.011538474027350427,615.5360855788099,B,0.41779226828132277,3.2244169484161027,0.015543899179201215,False,845,0,5.711361724997098e-05,0.990037526293932
568,1604,0.006250009495238095,633.3804911985828,A,0.43058066536649253,5.740591901214047,0.015448697722853462,False,909,0,5.676381444458732e-05,0.9900942901083767
569,4616,0.011538473905128206,615.5360858880149,B,0.2040592975823302,6.557141529212584,0.015439005331000242,False,846,0,5.672820127236073e-05,0.990151018309649
570,5155,0.006250009900000001,633.3804893181997,A,0.47069643117068716,5.193549281571029,0.01527868115104617,False,902,0,5.613911524290008e-05,0.990207157424892
571,4495,0.01740510231256781,603.5031671611309,B,0.15268598542619882,5.690556751826842,0.015122741053278885,False,527,0,5.556613783516439e-05,0.9902627235627272
572,3104,0.050000081283766235,572.0813770975473,D,0.15,2.009223966506205,0.015069204246390216,False,324,0,5.53694252431581e-05,0.9903180929879704
573,4659,0.017405085497488447,603.5031955306894,B,0.3647062560551435,2.364560035869177,0.015009620759095413,False,692,0,5.515049507328622e-05,0.9903732434830437
574,3457,0.011538477829731381,615.5360759593223,B,0.15,8.568779007175959,0.01483059999032512,False,769,0,5.44927113634547e-05,0.9904277361944072
575,1664,0.011538474714652015,615.5360838400336,B,0.424137285671096,3.0240898343588283,0.014799585215211679,False,823,0,5.437875244140423e-05,0.9904821149468486
576,5518,0.24000022838333332,520.3821403309502,E,0.15,0.4108092194865994,0.014789145974814412,True,151,1,5.434039509145257e-05,0.99053645534194
577,1120,0.01153847323846154,615.5360875745879,B,0.3537338029534365,3.592929783929732,0.014664715441707915,False,864,0,5.3883194632280554e-05,0.9905903385365723
578,1568,0.017405096845107493,603.5031763855527,B,0.15,5.5793910458062435,0.014566476223347486,False,574,0,5.352223004728881e-05,0.9906438607666196
579,1733,0.011538479705128207,615.5360712148338,B,0.20355215737809362,6.14732980888852,0.01443812555561296,False,743,0,5.305062566885996e-05,0.9906969113922884
580,4569,0.006250007,633.3805027905942,A,0.44611379592062805,5.140344991917003,0.014332383656537242,False,976,0,5.266209366144855e-05,0.9907495734859498
581,2203,0.01740510532129797,603.5031620849551,B,0.3554105229232133,2.3162877806199793,0.014328457962734105,False,505,0,5.264766931587553e-05,0.9908022211552657
582,2041,0.017405105017329715,603.5031625977948,B,0.3770149672154126,2.1783265840607293,0.014294146582071445,False,509,0,5.252159753427859e-05,0.9908547427528
583,5277,0.006250009228571429,633.3804924374235,A,0.3755268991788179,6.012082525666411,0.014110637763275442,False,917,0,5.184732318922022e-05,0.9909065900759892
584,4933,0.01879704699390142,601.2423489567485,B,0.42639994263999426,1.7507548973361098,0.014032405127263057,False,441,0,5.155986965017215e-05,0.9909581499456395
585,499,0.04697992816045677,573.9706799469752,C,0.15,1.988207093617893,0.014010873963941874,False,401,0,5.148075677079128e-05,0.9910096307024102
586,3157,0.12727287792828282,542.6749886418547,E,0.15,0.7306595079385891,0.013948970754151087,True,212,0,5.1253303144788194e-05,0.991060884005555
587,4779,0.006250007833333334,633.3804989192158,A,0.5312921104744496,4.186645080987682,0.013902089304463955,False,955,0,5.108104461797419e-05,0.991111965050173
588,1648,0.011538480840842491,615.5360683416379,B,0.34089111521223303,3.5317401363826293,0.01389162516655461,False,728,0,5.1042595786023134e-05,0.991163007645959
589,4380,0.01740508951891702,603.5031887459343,B,0.15308066906627138,5.201640231194155,0.013859160497011266,False,634,0,5.092330945451332e-05,0.9912139309554135
590,2734,0.01153847254957265,615.5360893173802,B,0.4069769165764777,2.9480564695737668,0.013843754732728973,False,870,0,5.086670339225582e-05,0.9912647976588058
591,2386,0.017405100555424952,603.5031701256929,B,0.15,5.1657471871761125,0.013486552385505576,False,538,0,4.9554219445666256e-05,0.9913143518782515
592,699,0.01740509482923448,603.5031797866322,B,0.2859055610104436,2.597798181638063,0.012927198126099321,False,590,0,4.749896003420425e-05,0.9913618508382857
593,492,0.006250010100000001,633.3804883890693,A,0.15,13.678059917702706,0.012823201895107064,False,894,0,4.7116842210107774e-05,0.9914089676804958
594,5511,0.07339460346919324,560.2870600140992,D,0.15,1.1643731782772495,0.012818806156473447,False,255,1,4.710069075859893e-05,0.9914560683712544
595,971,0.017405095496694795,603.5031786605267,B,0.33782508649659804,2.171568490820779,0.012768557559386214,False,584,0,4.691606017728196e-05,0.9915029844314317
596,806,0.04697992951863748,573.9706790716939,C,0.15,1.8104020419606748,0.012757884049756479,False,393,0,4.6876842041814235e-05,0.9915498612734736
597,1597,0.01740508896177416,603.5031896859181,B,0.26409713917762856,2.7634539449502116,0.012702586918834977,False,641,0,4.6673661415507926e-05,0.9915965349348891
598,341,0.01153847725974581,615.5360774013052,B,0.15,7.3390446362070225,0.012702209946470129,False,778,0,4.667227628973533e-05,0.9916432072111788
599,4045,0.006250009673809524,633.380490369002,A,0.218887304965924,9.240167552398182,0.012640990646928031,False,906,0,4.644733558457191e-05,0.9916896545467634
600,2376,0.006250009083333334,633.3804931121492,A,0.4409816362467507,4.558515992962073,0.012563904768473789,False,921,0,4.616409562613828e-05,0.9917358186423896
601,5,0.017405091799869397,603.5031848976251,B,0.2164084079377827,3.306504198772947,0.01245430584966266,False,614,0,4.576139160523436e-05,0.9917815800339949
602,5393,0.017405090866536067,603.5031864722986,B,0.2164084079377827,3.306504198772947,0.01245430518181104,False,623,0,4.576138915131844e-05,0.9918273414231462
603,975,0.07339459234581662,560.2870647334499,D,0.15,1.1233642762262683,0.012367329466422045,False,274,0,4.544181053970364e-05,0.9918727832336859
604,943,0.0062500105333333335,633.3804863759535,A,0.3219534521044869,6.0785337892798355,0.012231301471237906,False,883,0,4.494199702684817e-05,0.9919177252307128
605,3446,0.018797037728028404,601.2423634525593,B,0.15,4.2855274696958086,0.012083283229856133,False,490,0,4.439812723672471e-05,0.9919621233579495
606,4243,0.05000009107734488,572.0813711484423,D,0.15,1.606025542423906,0.012045213509060626,False,295,0,4.425824602434286e-05,0.9920063816039739
607,2919,0.006250008666666667,633.3804950478379,A,0.38786441196725063,4.9620831727350305,0.012028863379534894,False,936,0,4.4198170040257116e-05,0.9920505797740142
608,2294,0.09734525229018823,551.3827114151596,D,0.15,0.8179566313986013,0.0119436291968894,True,240,0,4.38849904172998e-05,0.9920944647644315
609,4527,0.14598559558582802,538.0915637708263,E,0.15,0.5436888670681107,0.011905611460848333,True,182,0,4.3745300214736895e-05,0.9921382100646463
610,2612,0.006250007116666667,633.3805022486011,A,0.2931238623712159,6.469662852907823,0.011852592019160583,False,973,0,4.3550488599938654e-05,0.9921817605532463
611,2938,0.018797049828028402,601.2423445229563,B,0.15,4.154021826498518,0.01171250328891153,False,419,0,4.30357545535943e-05,0.9922247963077998
612,4090,0.017405091241139238,603.5031858402868,B,0.22919798049870876,2.932185054756212,0.011697107111330075,False,620,0,4.297918371616399e-05,0.992267775491516
613,919,0.011538478788461539,615.5360735338706,B,0.15,6.678657480791069,0.011559232151626157,False,757,0,4.247258382214117e-05,0.9923102480753382
614,2824,0.07339459527871706,560.2870634890987,D,0.15,1.0464484751449605,0.011520549346994247,False,267,0,4.2330449929452354e-05,0.9923525785252676
615,1848,0.017405093119494217,603.5031826712202,B,0.31505676467062793,2.094559958042018,0.011485712914400144,False,601,0,4.220244892696282e-05,0.9923947809741945
616,3415,0.018797042770091896,601.2423555646025,B,0.4040258056826139,1.5066401208427995,0.011442163858116462,False,460,0,4.204243475654721e-05,0.9924368234089511
617,2237,0.011538474871794872,615.5360834424843,B,0.15,6.5894576401509966,0.011404843709945852,False,815,0,4.1905307731097866e-05,0.9924787287166822
618,4285,0.011538479628937729,615.5360714075849,B,0.23113887554060542,4.2655413155385515,0.011376161181128285,False,744,0,4.1799918281915145e-05,0.9925205286349641
619,2645,0.050000072462698414,572.0813824559019,D,0.15,1.513312680238938,0.011349861550600087,False,353,0,4.170328441839826e-05,0.9925622319193825
620,2745,0.05000008603376624,572.0813742121617,D,0.15,1.5107691427050036,0.011330788066861417,False,310,0,4.1633201896804735e-05,0.9926038651212793
621,1707,0.011538472227350428,615.5360901325572,B,0.2248512683371121,4.348037228132191,0.011280722206146024,False,877,0,4.1449242751597756e-05,0.9926453143640309
622,1823,0.01153847334957265,615.5360872934924,B,0.355638964511816,2.7398968425390717,0.011243250846795108,False,860,0,4.1311560124405474e-05,0.9926866259241554
623,2703,0.017405088280821778,603.5031908347871,B,0.23105019319863895,2.7900339311950373,0.011219979190256524,False,651,0,4.1226052075942586e-05,0.9927278519762313
624,4146,0.006250007866666667,633.3804987643607,A,0.3120173371631034,5.741473104746731,0.011196508777258713,False,954,0,4.113981372807364e-05,0.9927689917899594
625,5078,0.0062500083,633.3804967512442,A,0.4277703070012302,4.171764059266396,0.011153494764128155,False,946,0,4.098176548972614e-05,0.9928099735554491
626,249,0.011538481005128207,615.5360679260184,B,0.15,6.382078484517309,0.011045923705026056,False,726,0,4.058651252096319e-05,0.99285056006797
627,2047,0.011538475633699634,615.5360815149725,B,0.2814801508891682,3.393921790926936,0.01102295520951816,False,803,0,4.0502118390113386e-05,0.9928910621863601
628,4068,0.12727287989098124,542.6749881320031,E,0.15,0.5758806447703371,0.010994098220009392,True,209,0,4.039608791250996e-05,0.9929314582742726
629,1958,0.011538479284998336,615.5360722777028,B,0.15,6.341478760535975,0.010975653197205192,False,750,0,4.032831457195615e-05,0.9929717865888446
630,4490,0.07339459726075169,560.2870626481746,D,0.19090578097819488,0.7801758626894909,0.010931397361314594,False,263,0,4.016570345083441e-05,0.9930119522922954
631,5385,0.05000008403650794,572.0813754253954,D,0.15,1.4549463114502885,0.010912115676168252,False,317,0,4.009485592585457e-05,0.9930520471482213
632,4052,0.006250007500000001,633.3805004677671,A,0.15,11.516474972770844,0.01079670824300701,False,964,0,3.96708094308675e-05,0.9930917179576522
633,616,0.011538480195604396,615.5360699739986,B,0.33583502141932053,2.777215685348104,0.010761782276356956,False,737,0,3.954247944954559e-05,0.9931312604371018
634,2125,0.017405102703044,603.5031665023394,B,0.15,4.121079228403079,0.010759171082660534,False,526,0,3.953288502824733e-05,0.99317079332213
635,2466,0.011538476871794873,615.5360783827662,B,0.2363643305778812,3.9337322264722383,0.01072840638433435,False,786,0,3.941984497409132e-05,0.9932102131671041
636,2243,0.046979931604351766,573.9706777275526,C,0.15,1.5135870609671107,0.01066623249022,False,380,0,3.919139676103685e-05,0.9932494045638651
637,1301,0.12727286278347208,542.6749925760332,E,0.15,0.5494474251346829,0.010489462011884783,True,229,0,3.8541881390129083e-05,0.9932879464452552
638,189,0.018797045288850914,601.2423516241804,B,0.4497558291491849,1.239883380736776,0.010482074146246745,False,445,0,3.851473583768561e-05,0.9933264611810929
639,4865,0.017405091533996383,603.5031853461928,B,0.18836109814743418,3.1967156233086107,0.010480247256043573,False,617,0,3.85080232164431e-05,0.9933649692043094
640,4466,0.018797048971679196,601.2423458626544,B,0.15,3.6562637588468543,0.010309045339263025,False,423,0,3.787896865074255e-05,0.9934028481729601
641,2190,0.017405090306651504,603.5031874169078,B,0.17898193760262726,3.3066458737203965,0.01030085260233167,False,630,0,3.7848865725090974e-05,0.9934406970386852
642,1719,0.017405086937170987,603.5031931017281,B,0.15,3.941061471050414,0.010289177629255115,False,671,0,3.78059678694107e-05,0.9934785030065546
643,2508,0.0174050879482821,603.5031913958315,B,0.31635617843103736,1.848810391838149,0.010179932921945863,False,655,0,3.740456534306168e-05,0.9935159075718977
644,2017,0.01740509408875829,603.5031810359264,B,0.17457697069748246,3.3213902205364736,0.010092139179252052,False,593,0,3.708198101853994e-05,0.9935529895529163
645,3629,0.01740509122209162,603.503185872423,B,0.15,3.825082230118426,0.00998638577208193,False,621,0,3.669340672644233e-05,0.9935896829596427
646,513,0.017405084524472574,603.5031971723138,B,0.15,3.8030534039191504,0.009928869891944391,False,710,0,3.648207365446989e-05,0.9936261650332971
647,3502,0.017405097596334046,603.5031751181212,B,0.27633245287115094,2.062971370188402,0.00992205330337233,False,569,0,3.645702716991882e-05,0.9936626220604671
648,3490,0.01153847742915418,615.5360769727258,B,0.34621293844594814,2.447330282052589,0.009776522021417818,False,776,0,3.5922295321775504e-05,0.9936985443557889
649,4202,0.006250010444444445,633.3804867889003,A,0.2062389617605619,7.517976336518444,0.00969063890775752,False,886,0,3.5606731303681936e-05,0.9937341510870925
650,1724,0.01740510046256781,603.5031702823568,B,0.15424463473940153,3.5971767536189496,0.009657136698764623,False,540,0,3.548363269635121e-05,0.9937696347197889
651,3533,0.006250009633333334,633.3804905570403,A,0.3069392705535823,5.003620878696821,0.00959881318640965,False,907,0,3.5269332106588436e-05,0.9938049040518955
652,2912,0.017405103837098836,603.5031645890199,B,0.30887917480173466,1.7824071640356907,0.00958235300901614,False,519,0,3.52088517688893e-05,0.9938401129036644
653,1792,0.011538474221794872,615.5360850868927,B,0.22803767176161793,3.6296771426353898,0.009550431169414668,False,835,0,3.509155998078037e-05,0.9938752044636452
654,768,0.0174050860514567,603.5031945960615,B,0.22296903531605727,2.450762628238897,0.009510907957935697,False,683,0,3.494633814507005e-05,0.9939101508017902
655,5339,0.006250008666666667,633.3804950478379,A,0.15,9.884007208997737,0.00926626960764475,False,935,0,3.404745293344457e-05,0.9939441982547237
656,2205,0.011538473438461538,615.5360870686161,B,0.15,5.346063012005679,0.009252810909655382,False,857,0,3.399800106060457e-05,0.9939781962557843
657,5739,0.5975613747922958,475.71651381396794,F,0.15,0.10306901902642397,0.00923850970618848,True,82,1,3.394545353365486e-05,0.994012141709318
658,3556,0.011538478114652015,615.5360752385133,B,0.3418238062329285,2.334054273334232,0.009205805328901001,False,765,0,3.3825286433671665e-05,0.9940459669957517
659,2701,0.017405098787170985,603.5031731090014,B,0.41480256901672197,1.274852103922034,0.009204023843597697,False,552,0,3.3818740645605475e-05,0.9940797857363972
660,987,0.01153847484957265,615.5360834987033,B,0.15,5.278476428529982,0.009135835127198288,False,816,0,3.35681919123498e-05,0.9941133539283096
661,3587,0.006250008990476191,633.3804935435313,A,0.250487183330835,5.824982740395121,0.009119285115307532,False,925,0,3.350738149189392e-05,0.9941468613098015
662,3777,0.011538472582905983,615.5360892330515,B,0.2758608204496904,2.8527853798046015,0.009080451562124378,False,869,0,3.336469369732003e-05,0.9941802260034988
663,2489,0.01153848133846154,615.5360670827324,B,0.3132575627510902,2.5093409315131923,0.009070054306310017,False,724,0,3.3326490613126974e-05,0.9942135524941119
664,280,0.018797048737552214,601.2423462289295,B,0.20620745768093496,2.3388452127187467,0.009065578357738439,False,426,0,3.331004444279349e-05,0.9942468625385548
665,1166,0.017405095164948762,603.5031792202319,B,0.15,3.4637808962021017,0.009043115419339363,False,586,0,3.32275079021711e-05,0.9942800900464569
666,3512,0.00625000835,633.3804965189615,A,0.4653692961586784,3.1046569269324102,0.009030087119809656,False,945,0,3.317963746090156e-05,0.9943132696839178
667,3430,0.04697993430355812,573.9706759880455,C,0.15,1.2774103275063156,0.009001897989740004,False,371,0,3.3076060927957876e-05,0.9943463457448457
668,3267,0.01740508997129797,603.5031879826997,B,0.24820508965154298,2.0655899856870836,0.008923414665023725,False,632,0,3.2787686272623734e-05,0.9943791334311183
669,4564,0.006250008600000001,633.3804953575482,A,0.15,9.403377392033669,0.0088156784353884,False,938,0,3.239182641066707e-05,0.994411525257529
670,2719,0.017405083348282096,603.5031991567245,B,0.38009484548864014,1.3179967422917978,0.00871931613852726,False,721,0,3.203775827906085e-05,0.994443563015808
671,2234,0.14598559136882835,538.0915647467883,E,0.15,0.396688624947406,0.008686623525335163,True,185,0,3.191763440439926e-05,0.9944754806502124
672,1542,0.011538473105128205,615.5360879119025,B,0.2714290918363629,2.77290220386183,0.008684389401131478,False,866,0,3.190942546575477e-05,0.9945073900756781
673,2050,0.017405097736377335,603.5031748818473,B,0.15,3.3207549830360175,0.00866970975574559,False,566,0,3.18554874133865e-05,0.9945392455630915
674,5780,0.30851098058185505,510.4105662673907,F,0.15,0.18542934176901457,0.008581048208670993,True,103,1,3.15297144779068e-05,0.9945707752775694
675,502,0.0014367867663382594,675.9401558405237,A,0.5273096830611425,11.321901108314906,0.008577829761715648,False,1033,0,3.151788879984316e-05,0.9946022931663693
676,4548,0.04697993184324065,573.9706775736004,C,0.15,1.2128126700027,0.008546678486301834,False,379,0,3.1403428328868566e-05,0.9946336965946981
677,3756,0.006250009466666667,633.3804913313157,A,0.15,9.110779206815462,0.00854136844369597,False,910,0,3.138391741095305e-05,0.9946650805121091
678,4782,0.12727288750591628,542.674986153866,E,0.15,0.43843932715356415,0.008370215874447778,True,206,0,3.075504416501293e-05,0.9946958355562742
679,4827,0.018797039883583957,601.2423600803426,B,0.15,2.9590414830699756,0.008343183116166863,False,473,0,3.065571653866464e-05,0.9947264912728129
680,4589,0.018797041729471404,601.2423571925805,B,0.15,2.9565479890068236,0.008336153388681903,False,462,0,3.0629886908639454e-05,0.9947571211597215
681,4542,0.006250008392857143,633.380496319862,A,0.17204835237622118,7.699263677769569,0.008279046306751161,False,942,0,3.0420055901499403e-05,0.994787541215623
682,4199,0.006250009595238096,633.3804907340175,A,0.25449631907557535,5.193559926642485,0.008260899458858877,False,908,0,3.0353378157848042e-05,0.9948178945937808
683,523,0.011538480705128206,615.5360686849757,B,0.15,4.766006831804558,0.008248871680392915,False,731,0,3.0309183974152387e-05,0.994848203777755
684,2491,0.011538473273382173,615.5360874862437,B,0.15,4.720639824785012,0.008170346467731805,False,861,0,3.0020655408141083e-05,0.9948782244331631
685,5081,0.017405084887531737,603.5031965597782,B,0.23497685804995594,1.9958566762593746,0.008162638988975207,False,705,0,2.9992335487470493e-05,0.9949082167686506
686,5075,0.018797048031996656,601.2423473327215,B,0.33555920997990063,1.293088683059034,0.00815618607612735,False,430,0,2.9968625272273457e-05,0.9949381853939229
687,1386,0.0062500099500000005,633.3804890859171,A,0.19275090310992704,6.7676043605178275,0.008152899556773504,False,899,0,2.9956549472868416e-05,0.9949681419433958
688,4783,0.07339459974906337,560.2870615924505,D,0.19097123902754742,0.580622187364997,0.008138150176581165,False,259,0,2.9902355190901718e-05,0.9949980442985866
689,1794,0.018797040396282372,601.2423592782617,B,0.15,2.863268756674327,0.00807314677269308,False,470,0,2.9663510388397013e-05,0.995027707808975
690,4571,0.017405091843520192,603.5031848239797,B,0.1762089134195568,2.5871645095841616,0.00793465845603575,False,613,0,2.9154656810541653e-05,0.9950568624657855
691,5289,0.0062500067666666674,633.3805038745802,A,0.15,8.387398834470343,0.007863194920525764,False,981,0,2.8892075268587984e-05,0.9950857545410541
692,1693,0.0062500093000000005,633.3804921055912,A,0.3520063503377666,3.5683330633536205,0.007850486046635172,False,914,0,2.8845378506681763e-05,0.9951145999195607
693,2286,0.011538479752747254,615.5360710943644,B,0.38426488924464697,1.7607900459454389,0.007807048385367542,False,741,0,2.8685773639764404e-05,0.9951432856932005
694,4115,0.0062500091,633.3804930347217,A,0.2040276202415776,6.070949195165797,0.007741519502243475,False,920,0,2.8444998046303663e-05,0.9951717306912469
695,2898,0.001436786913957307,675.9401528717368,A,0.3927156239087859,13.71763564518815,0.007740157659270846,False,1027,0,2.8439994168100613e-05,0.995200170685415
696,1493,0.011538474738461538,615.5360837797988,B,0.15,4.445359129727059,0.007693899603261756,False,822,0,2.8270026203488102e-05,0.9952284407116185
697,4234,0.011538477588461538,615.5360765697008,B,0.15,4.436291983349569,0.0076782083438625874,False,773,0,2.821237113424439e-05,0.9952566530827528
698,2546,0.01740509248479003,603.5031837420613,B,0.15,2.9196462819903295,0.007622507034137255,False,608,0,2.8007705416376667e-05,0.9952846607881691
699,3117,0.0062500082380952384,633.3804970388322,A,0.15,8.115077656118137,0.007607895330528143,False,948,0,2.795401700540077e-05,0.9953126148051745
700,4756,0.011538472314652016,615.5360899116964,B,0.301749118458262,2.170160193653617,0.0075558985030481415,False,874,0,2.7762962825965582e-05,0.9953403777680004
701,3843,0.050000074784126984,572.0813810457507,D,0.3057965984033322,0.4931284706536986,0.007539861722309585,False,341,0,2.7704038192804735e-05,0.9953680818061933
702,3681,0.006250010266666667,633.380487614794,A,0.398993313800616,3.0173331988014986,0.007524360933936733,False,892,0,2.76470829794446e-05,0.9953957288891727
703,5276,0.0062500089,633.3804939638522,A,0.3872642882308788,3.0945600585972075,0.00749008940637434,False,930,0,2.7521157631807922e-05,0.9954232500468045
704,4642,0.006250007157142858,633.3805020605628,A,0.15,7.712114790659754,0.007230115895749613,False,971,0,2.656592578104942e-05,0.9954498159725856
705,2657,0.017405096358599558,603.5031772063644,B,0.21487035546744648,1.9157910105706837,0.007164750399878606,False,577,0,2.632575052839939e-05,0.995476141723114
706,4824,0.017405099874472574,603.5031712745612,B,0.15,2.6914584177636756,0.007026765385375005,False,547,0,2.5818746255292972e-05,0.9955019604693693
707,2537,0.017405085924472572,603.5031948103028,B,0.15,2.6625911254561494,0.0069513940980453605,False,685,0,2.554180629276781e-05,0.9955275022756621
708,3640,0.09734526629098188,551.3827068176705,D,0.20982971830429453,0.33984385577787435,0.0069416267424712574,True,231,0,2.5505917678117622e-05,0.9955530081933402
709,3079,0.09734524358470482,551.3827142738097,D,0.15,0.46110238613556476,0.006732918614378275,True,248,0,2.4739052427163706e-05,0.9955777472457674
710,3644,0.01879703903358396,601.2423614101084,B,0.15,2.386096703980139,0.006727732932393105,False,477,0,2.4719998452825184e-05,0.9956024672442202
711,3028,0.017405092576853524,603.5031835867364,B,0.23452301215194704,1.6452301793159128,0.0067156564115957145,False,605,0,2.46756251730849e-05,0.9956271428693932
712,2965,0.006250007733333333,633.3804993837812,A,0.3788241140478926,2.8305334215846294,0.00670172276547188,False,957,0,2.4624428177888348e-05,0.9956517672975711
713,5439,0.05000009076615313,572.0813713374755,D,0.15,0.8933530206094201,0.006700159817503211,False,296,0,2.461868537094943e-05,0.9956763859829421
714,200,0.00625000835,633.3804965189615,A,0.1527757185520936,6.974174708996121,0.006659287349763018,False,944,0,2.4468505904931103e-05,0.995700854488847
715,608,0.0062500075619047624,633.3805001801791,A,0.15,7.036897126463524,0.006597099037911437,False,963,0,2.4240004716164672e-05,0.9957250944935632
716,3281,0.018797047442891318,601.2423482543354,B,0.15,2.334968129817106,0.0065835760070717024,False,438,0,2.4190316462365804e-05,0.9957492848100256
717,2141,0.01879703931374269,601.2423609718196,B,0.15,2.3343296525326096,0.006581772937483616,False,476,0,2.4183691366233762e-05,0.9957734685013918
718,3432,0.001436783975862069,675.9402119602307,A,0.5268903686706803,8.6655233003678,0.00656004064254201,False,1185,0,2.4103839460289902e-05,0.9957975723408521
719,4164,0.006250007678787879,633.3804996371805,A,0.27994095515832296,3.7465905462042692,0.0065551589042703515,False,961,0,2.408590227940963e-05,0.9958216582431315
720,3376,0.12727286663090798,542.674991576582,E,0.15,0.3405421626340222,0.006501266587068132,True,228,0,2.388788342056885e-05,0.9958455461265521
721,2455,0.01740508803399638,603.5031912512187,B,0.15,2.4881275921341977,0.006495911967136673,False,653,0,2.386820871026877e-05,0.9958694143352623
722,3850,0.011538474094017094,615.5360854101526,B,0.15,3.7274891989068153,0.006451430633597223,False,842,0,2.370476903343789e-05,0.9958931191042958
723,5571,0.12727288893542568,542.6749857825214,E,0.15,0.33635705702288055,0.006421370154167957,True,204,1,2.3594316521061136e-05,0.9959167134208169
724,4566,0.01740509719113924,603.5031758017454,B,0.21688398136183873,1.6931633722187418,0.006391500021371129,False,573,0,2.348456340750218e-05,0.9959401979842244
725,1191,0.011538474741636143,615.5360837717675,B,0.15,3.6825033336337025,0.006373570755168505,False,821,0,2.3418685133610664e-05,0.995963616669358
726,1868,0.006250007133333334,633.3805021711736,A,0.44218218329893466,2.247114701508176,0.0062102201181482575,False,972,0,2.281847886279305e-05,0.9959864351482207
727,5296,0.04697993082101843,573.9706782323727,C,0.15,0.8805359191168833,0.006205127484829958,False,385,0,2.279976678117295e-05,0.9960092349150019
728,3205,0.017405089730028127,603.5031883897582,B,0.15,2.3722942584450966,0.006193499165140116,False,633,0,2.2757040346037898e-05,0.996031991955348
729,4893,0.011538479121794872,615.5360726905844,B,0.15,3.5598234569292346,0.006161242295258043,False,752,0,2.263851754176032e-05,0.9960546304728898
730,2424,0.0014367835615763547,675.9402202920055,A,0.367788841473052,11.631954442029265,0.006146708134528951,False,1225,0,2.2585114049923366e-05,0.9960772155869397
731,3385,0.018797041573266497,601.2423574369521,B,0.15,2.1793337672514705,0.006144754113757408,False,463,0,2.2577934307365996e-05,0.9960997935212471
732,3004,0.018797049411722486,601.2423451742376,B,0.15,2.1729310821017718,0.006126703937780192,False,420,0,2.2511611769489737e-05,0.9961223051330166
733,4754,0.006250010366666667,633.3804871502288,A,0.23818230297489806,4.1102019756705666,0.0061186187253395394,False,889,0,2.248190392569865e-05,0.9961447870369423
734,4070,0.017405100189551936,603.5031707429753,B,0.24516908212560373,1.4227415507105847,0.0060711119861027885,False,544,0,2.2307347870600674e-05,0.9961670943848129
735,822,0.1666668926312576,533.561391158567,E,0.15,0.24105076778750537,0.006026277365028355,True,153,0,2.2142610094186182e-05,0.996189236994907
736,4884,0.017405102887170985,603.5031661916897,B,0.15,2.2667051410860846,0.005917835429322408,False,523,0,2.174415722606396e-05,0.9962109811521331
737,4530,0.018797047800539226,601.2423476948204,B,0.2791623866933377,1.1212740309632176,0.005883805560676963,False,436,0,2.161911981617884e-05,0.9962326002719493
738,769,0.017405091283996383,603.5031857679804,B,0.15,2.2483123336207163,0.005869812210240524,False,618,0,2.1567703446858786e-05,0.9962541679753961
739,1380,0.018797035009774435,601.2423677050789,B,0.23371647509578541,1.3344606675853807,0.005862521598290924,False,502,0,2.154091523782532e-05,0.996275708890634
740,1202,0.017405092626853524,603.5031835023789,B,0.25024835523232936,1.3457311115535953,0.005861460780825533,False,604,0,2.1537017430589704e-05,0.9962972459080646
741,2062,0.006250009261111112,633.3804922862554,A,0.35045954986846806,2.674103920035062,0.005857291529922778,False,915,0,2.1521698172690908e-05,0.9963187676062373
742,2156,0.018797038447869674,601.2423623264176,B,0.25838030258083644,1.2045943599339626,0.005850455194172019,False,482,0,2.1496579130231884e-05,0.9963402641853675
743,1470,0.011538475781318683,615.5360811415171,B,0.28666963887650454,1.7430471224437079,0.005765530453032974,False,802,0,2.1184536501509843e-05,0.9963614487218689
744,1167,0.006250009206349207,633.3804925406603,A,0.25810520068254306,3.555060213815452,0.005734880509591088,False,918,0,2.107191809616047e-05,0.9963825206399651
745,2061,0.01879704326374269,601.2423547923203,B,0.22333113277154282,1.3607899311860743,0.00571254845563618,False,457,0,2.0989862469880228e-05,0.996403510502435
746,3124,0.04697993324879621,573.9706766677882,C,0.15,0.8077834159970153,0.005692441644453654,False,374,0,2.091598314881947e-05,0.9964244264855838
747,4107,0.1459855958820762,538.091563702264,E,0.15,0.25650237207763865,0.005616847744938016,True,179,0,2.0638225232765437e-05,0.9964450647108166
748,603,0.011538476938461538,615.536078214109,B,0.20374241066985155,2.3880012427197856,0.005613897452760228,False,784,0,2.0627384847333496e-05,0.9964656920956639
749,4061,0.046979931372605734,573.9706778769016,C,0.15,0.7936820999273659,0.005593069587937988,False,383,0,2.0550856127874016e-05,0.9964862429517918
750,989,0.050000090463780664,572.0813715211516,D,0.15,0.7207828495897304,0.005405881152634219,False,297,0,1.9863061609632048e-05,0.9965061060134014
751,2604,0.0469799245917255,573.970682246849,C,0.15,0.7604337915641085,0.005358768327702258,False,413,0,1.9689952930805222e-05,0.9965257959663322
752,5302,0.011538472355921857,615.5360898072895,B,0.15617155032381913,2.95982527789425,0.005333549257995682,False,873,0,1.9597289418386855e-05,0.9965453932557505
753,3072,0.01153847703846154,615.536077961123,B,0.23732529982649142,1.944778048920794,0.005325526771903095,False,781,0,1.9567812052714135e-05,0.9965649610678032
754,4276,0.017405095414155112,603.5031787997835,B,0.15,2.0257431466668305,0.00528873791284605,False,585,0,1.9432637165703885e-05,0.996584393704969
755,4223,0.011538476621794873,615.5360790152309,B,0.15,3.0466450355589365,0.00527304637765563,False,791,0,1.937498108310852e-05,0.996603768686052
756,1267,0.006250007703174604,633.3804995238881,A,0.3139760234620199,2.682547427702148,0.005264103826155441,False,958,0,1.9342123081539432e-05,0.9966231108091336
757,832,0.017405097343520193,603.503175544656,B,0.15,1.9973729627211974,0.005214670627121666,False,572,0,1.9160488552358074e-05,0.9966422712976859
758,2139,0.017405090703837653,603.5031867467952,B,0.15,1.9856280698808908,0.005184005499054448,False,626,0,1.9047814353486797e-05,0.9966613191120394
759,849,0.0014367816091954023,675.9402595567228,A,0.49027053891147265,7.306024907836724,0.005146449380554243,False,1444,0,1.890982029210705e-05,0.9966802289323314
760,4658,0.01879703541634009,601.2423670690351,B,0.15,1.8174175264065604,0.005124309241521198,False,500,0,1.8828469827077887e-05,0.9966990574021585
761,2621,0.0187970388732665,601.242361660914,B,0.22903455852591403,1.1830973880357651,0.0050934371566167935,False,478,0,1.871503519779915e-05,0.9967177724373563
762,5368,0.017405105448282096,603.5031618707139,B,0.15,1.9471654368877518,0.005083592963142239,False,504,0,1.8678864254346772e-05,0.9967364513016106
763,2730,0.001436784775862069,675.9401958712933,A,0.4253699181152133,8.295000270052276,0.005069614026332574,False,1134,0,1.862750084563546e-05,0.9967550788024562
764,2048,0.011538472524175825,615.5360893816305,B,0.15,2.902275431347996,0.005023173798329909,False,872,0,1.8456863518632292e-05,0.9967735356659748
765,1333,0.017405104393520193,603.5031636502542,B,0.15,1.911631167512317,0.004990821004868815,False,514,0,1.8337988258222937e-05,0.996791873654233
766,3569,0.011538480871794873,615.5360682633327,B,0.16188241210241783,2.657859351658585,0.004964554659243897,False,727,0,1.8241476694857657e-05,0.9968101151309279
767,470,0.0014367843758620689,675.940203915761,A,0.2988975163444516,11.510105416670257,0.004943029521017189,False,1159,0,1.816238595374053e-05,0.9968282775168816
768,1150,0.0014367883425287357,675.9401241415565,A,0.365280863218026,9.32591288587587,0.004894530853209323,False,983,0,1.798418521283388e-05,0.9968462617020944
769,2435,0.011538473245604397,615.5360875565175,B,0.15,2.8212918324640524,0.0048830100490393005,False,863,0,1.7941853826597217e-05,0.9968642035559211
770,1353,0.01740508474193289,603.5031968054254,B,0.15,1.8443658966295493,0.004815201708895251,False,707,0,1.7692702726175443e-05,0.9968818962586473
771,3444,0.0014367876091954024,675.9401388897122,A,0.37970070559044744,8.82225370629588,0.004812974060359085,False,1006,0,1.768451758135462e-05,0.9968995807762286
772,5147,0.5297428596647902,483.68602846082376,F,0.15,0.060452604390088205,0.004803650328568436,True,86,0,1.765025899265089e-05,0.9969172310352213
773,4206,0.011538476426484628,615.5360795093383,B,0.15,2.773592013391734,0.004800453909480983,False,794,0,1.7638514252529597e-05,0.9969348695494739
774,1828,0.011538474695387947,615.5360838887689,B,0.15511997296383906,2.6604221592225685,0.004761750969018817,False,825,0,1.7496306373893692e-05,0.9969523658558478
775,3763,0.006250007043650794,633.3805025878077,A,0.3742765072114632,2.027028414553248,0.004741687312658937,False,974,0,1.742258561845374e-05,0.9969697884414662
776,775,0.006250008023809524,633.3804980343293,A,0.20150117778576282,3.7522136086177356,0.004725477700606995,False,953,0,1.736302594376517e-05,0.99698715146741
777,524,0.01740509159416954,603.5031852446717,B,0.22590134112592652,1.2001902938160047,0.0047189484438579805,False,615,0,1.7339035214888793e-05,0.9970044905026249
778,3146,0.011538474486080587,615.5360844182871,B,0.22201692113196536,1.8383614888402964,0.004709397873150716,False,828,0,1.7303943142198092e-05,0.997021794445767
779,574,0.006250010342424243,633.3804872628506,A,0.22034889386999312,3.418948112538116,0.004708516759062783,False,890,0,1.7300705626810763e-05,0.9970390951513938
780,1262,0.017405092695901143,603.5031833858852,B,0.15,1.8001567523470712,0.004699784271262969,False,603,0,1.726861947133016e-05,0.9970563637708652
781,2866,0.011538478978937729,615.5360730519928,B,0.16600642175055247,2.4533483174874657,0.004699294512554437,False,755,0,1.7266819929844368e-05,0.997073630590795
782,400,0.017405087505424955,603.5031921429982,B,0.15,1.7921646068106634,0.004678917270849765,False,659,0,1.71919469542857e-05,0.9970908225377493
783,950,0.04697992970355811,573.9706789525216,C,0.15,0.6635723643680389,0.004676187454685147,False,392,0,1.718191667335095e-05,0.9971080044544226
784,3374,0.017405085014155112,603.5031963461455,B,0.26259125433227637,1.020035171172694,0.0046619923148797674,False,701,0,1.7129758860674252e-05,0.9971251342132833
785,5762,0.4000003874505772,498.8220796378506,F,0.15,0.07654187008153834,0.004592516653321062,True,88,1,1.6874481449472183e-05,0.9971420086947328
786,2551,0.011538480426556778,615.5360693897219,B,0.15,2.6291044140789,0.004550380473183512,False,733,0,1.671965867064382e-05,0.9971587283534035
787,244,0.017405092105424954,603.5031843821071,B,0.15,1.727283045213934,0.004509528074113112,False,610,0,1.6569552943802006e-05,0.9971752979063473
788,4413,0.011538477333699634,615.5360772142124,B,0.16116179091957628,2.41925974783066,0.0044987627006717965,False,777,0,1.6529997269180607e-05,0.9971918279036165
789,1500,0.006250008666666667,633.3804950478379,A,0.1765311374163664,4.042865473930857,0.004460578938667373,False,937,0,1.638969703028027e-05,0.9972082176006468
790,4957,0.011538476652747253,615.5360789369258,B,0.15,2.561735771937572,0.004433779259251371,False,789,0,1.629122581562935e-05,0.9972245088264624
791,2193,0.05000009224126985,572.0813704414167,D,0.15,0.5906976099417519,0.004430240247567785,False,289,0,1.627822227279822e-05,0.9972407870487352
792,2590,0.011538474226556777,615.5360850748458,B,0.15,2.55688709623602,0.004425386379020237,False,834,0,1.6260387494843836e-05,0.99725704743623
793,153,0.017405105144313843,603.5031623835537,B,0.15,1.6922736635207343,0.004418130156979734,False,506,0,1.6233725646132377e-05,0.9972732811618762
794,3991,0.011538476107509158,615.5360803163012,B,0.15,2.529561403402967,0.004378092572346371,False,798,0,1.6086613827019254e-05,0.9972893677757032
795,431,0.011538474443223444,615.5360845267096,B,0.15,2.4988165084162652,0.004324879563099887,False,829,0,1.5891090978615203e-05,0.9973052588666819
796,3314,0.14598559615906034,538.0915636381602,E,0.15,0.1956691071367505,0.0042847306882904355,True,178,0,1.5743570241221828e-05,0.9973210024369231
797,3266,0.04697992407736764,573.9706825783277,C,0.15,0.6023999317360165,0.004245105458575425,False,416,0,1.5597973555519343e-05,0.9973366004104787
798,2461,0.017405097779234477,603.5031748095408,B,0.15,1.6139725366442799,0.0042137024719939185,False,565,0,1.5482588211375964e-05,0.99735208299869
799,860,0.01740508934272654,603.5031890431942,B,0.2081403175357326,1.154994112549985,0.0041841981215554845,False,637,0,1.537417910766764e-05,0.9973674571777977
800,3037,0.0014367829425287356,675.9402327417881,A,0.1915598852015037,15.105710442841708,0.004157544315550868,False,1264,0,1.5276243881965744e-05,0.9973827334216797
801,3335,0.011538473271794872,615.5360874902593,B,0.15,2.373718351033979,0.0041083628622261845,False,862,0,1.5095534352870119e-05,0.9973978289560326
802,5201,0.01740510171018686,603.5031681774374,B,0.15,1.5726718721675812,0.004105877083774011,False,531,0,1.5086400750197525e-05,0.9974129153567828
803,823,0.017405101155424953,603.5031691134034,B,0.15,1.5713235265542795,0.004102356739136445,False,534,0,1.50734657964964e-05,0.9974279888225793
804,3417,0.00625000855,633.3804955898308,A,0.15,4.283229339902608,0.0040155329994003225,False,940,0,1.4754445595558966e-05,0.9974427432681748
805,4699,0.00625000985,633.3804895504823,A,0.15,4.280121709633269,0.004012620426661015,False,904,0,1.4743743804282032e-05,0.9974574870119791
806,94,0.011538477605128206,615.5360765275365,B,0.15,2.3170893173433766,0.004010352479587254,False,771,0,1.4735410588811404e-05,0.997472222422568
807,3329,0.01740508466256781,603.5031969393262,B,0.15,1.534425487733298,0.004006020828359993,False,708,0,1.4719494616415936e-05,0.9974869419171843
808,1290,0.017405088626853527,603.5031902509795,B,0.15,1.50714825805419,0.0039348073507861625,False,645,0,1.4457831873091312e-05,0.9975013997490574
809,2106,0.011538478105921856,615.5360752605993,B,0.15,2.2464291776177445,0.003888056082366958,False,766,0,1.4286051676908751e-05,0.9975156858007342
810,4298,0.01153848076898102,615.5360685234372,B,0.15,2.2453345265890188,0.003886162388246474,False,729,0,1.4279093595159833e-05,0.9975299648943294
811,1248,0.04697993508133589,573.9706754868057,C,0.15,0.5494595929733571,0.0038720364011558335,False,369,0,1.4227189873276947e-05,0.9975441920842028
812,795,0.011538474087667889,615.5360854262152,B,0.15,2.222542629309932,0.0038467125805544864,False,843,0,1.4134141470140907e-05,0.9975583262256729
813,2035,0.1459855982138944,538.0915631625993,E,0.15,0.17490146586771077,0.0038299642684777183,True,175,0,1.407260242678327e-05,0.9975723988280997
814,2332,0.018797040458259282,601.2423591813031,B,0.15,1.354802509369518,0.0038199416372355043,False,469,0,1.4035775841767115e-05,0.9975864346039415
815,114,0.006250010262698413,633.3804876332291,A,0.20859466197099508,2.919957846774514,0.0038068038759918287,False,893,0,1.398750320061432e-05,0.9976004221071421
816,3354,0.01740508736098051,603.5031923866977,B,0.15,1.4575242265278658,0.0038052504740194574,False,664,0,1.3981795468940142e-05,0.997614403902611
817,825,0.017405084498498546,603.5031972161358,B,0.15,1.4561438242414795,0.0038016459454334644,False,711,0,1.3968551194536815e-05,0.9976283724538055
818,395,0.01740510384034559,603.5031645835422,B,0.15,1.4480261265103371,0.0037804567643168726,False,518,0,1.3890694875077882e-05,0.9976422631486807
819,2108,0.04697992992152348,573.9706788120535,C,0.15,0.5298196159480578,0.003733633264243236,False,390,0,1.371864927502098e-05,0.9976559817979557
820,1028,0.001436782394909688,675.9402437550618,A,0.22397904743428065,11.587187172710491,0.003728862880226616,False,1309,0,1.3701121247869004e-05,0.9976696829192035
821,1217,0.011538480532112332,615.5360691226813,B,0.15,2.1422214309788115,0.0037076970415234256,False,732,0,1.3623350696443517e-05,0.9976833062699
822,455,0.011538474882905984,615.5360834143746,B,0.15,2.123644453223141,0.0036755427275606736,False,814,0,1.3505204717790922e-05,0.9976968114746178
823,5249,0.001436784506020799,675.9402012981166,A,0.35528585013619585,7.121172679625162,0.003635139354186496,False,1149,0,1.3356748865375966e-05,0.9977101682234831
824,4249,0.01740508478002813,603.503196741153,B,0.15,1.3909516425714743,0.0036314446895813843,False,706,0,1.3343173400321116e-05,0.9977235113968834
825,3851,0.0014367880853858785,675.9401293129868,A,0.2253316548852522,11.043526930158038,0.003575384217645014,False,995,0,1.3137187997294901e-05,0.9977366485848808
826,3900,0.0014367856758620689,675.9401777712495,A,0.4266959051755027,5.824441829939582,0.003570793840608538,False,1090,0,1.3120321377531622e-05,0.9977497689062583
827,2731,0.01740509343082178,603.5031821459639,B,0.16614550760892222,1.227673035494998,0.0035501579771892735,False,598,0,1.304449813708449e-05,0.9977628134043954
828,1757,0.0014367832091954022,675.9402273788041,A,0.33919249322672296,7.237073209563059,0.003526959251778391,False,1252,0,1.2959258062600656e-05,0.997775772662458
829,922,0.006250008976190476,633.3804936098977,A,0.2884461442675442,1.9294371846528104,0.0034783719738445827,False,926,0,1.2780731737697403e-05,0.9977885533941957
830,1687,0.017405090514948762,603.5031870654791,B,0.15,1.3303342251856038,0.0034731881406734493,False,628,0,1.2761684556535808e-05,0.9978013150787522
831,4303,0.7654326450291239,452.9974124782839,F,0.15,0.029806840448873908,0.003422269308711395,True,46,0,1.2574591302393522e-05,0.9978138896700547
832,3236,0.011538473020279721,615.5360881265573,B,0.15,1.9713432396450716,0.003411943617653322,False,867,0,1.2536651171662273e-05,0.9978264263212263
833,2624,0.018797048241520467,601.2423470049363,B,0.15,1.2005162397962539,0.0033849242511268403,False,429,0,1.2437372751213238e-05,0.9978388636939776
834,4289,0.0014367831091954024,675.940229389923,A,0.3467041222969883,6.762207041826125,0.003368516529984541,False,1258,0,1.23770851557739e-05,0.9978512407791333
835,1243,0.001436788275862069,675.9401254822976,A,0.34741822334611294,6.720368535105146,0.0033545823707896174,False,986,0,1.2325886275378182e-05,0.9978635666654088
836,1555,0.006250008452380953,633.3804960433351,A,0.2970740708197872,1.7780689782434707,0.0033013681494836614,False,941,0,1.2130358973451883e-05,0.9978756970243822
837,2039,0.07339458996125674,560.2870657451549,D,0.273282220849533,0.16453059325933753,0.0033000619336735868,False,281,0,1.2125559488524557e-05,0.9978878225838707
838,1625,0.001436786675862069,675.9401576601031,A,0.3266560053867519,6.976330895721848,0.003274236233945306,False,1039,0,1.203066700932813e-05,0.9978998532508799
839,4682,0.011538474697552448,615.536083883293,B,0.15,1.876520987227992,0.0032478284895834488,False,824,0,1.1933635898502584e-05,0.9979117868867784
840,3913,0.01740508612050432,603.5031944795678,B,0.15,1.2348487216527488,0.003223897251924114,False,681,0,1.1845704322761137e-05,0.9979236325911012
841,5134,0.0014367832282430213,675.9402269957338,A,0.36427209154481877,6.047281300385982,0.0031650262783840147,False,1250,0,1.1629392172821215e-05,0.997935261983274
842,4737,0.04697993234995061,573.9706772470504,C,0.15,0.44749396314334144,0.003153485417322821,False,376,0,1.1586987090686734e-05,0.9979468489703647
843,5062,0.01740509818240908,603.5031741293251,B,0.15,1.2013469264829328,0.003136434180985625,False,559,0,1.1524334999691156e-05,0.9979583733053644
844,1076,0.018797036389139515,601.2423655471579,B,0.15,1.1028333417701148,0.0031094997684613774,False,496,0,1.1425368729386142e-05,0.9979697986740937
845,1715,0.050000072763852814,572.0813822729657,D,0.15,0.4098619437559996,0.0030739690516401194,False,350,0,1.129481668850172e-05,0.9979810934907822
846,5172,0.046979932294034306,573.9706772830857,C,0.15,0.43497725765812245,0.0030652803171334958,False,378,0,1.1262891297627985e-05,0.9979923563820798
847,3741,0.017405097703324112,603.5031749376129,B,0.15,1.173759045194054,0.00306440862926444,False,567,0,1.1259688417402069e-05,0.9980036160704973
848,4843,0.01740508511177416,603.5031961814475,B,0.15,1.1736937945460562,0.0030642360583852924,False,699,0,1.1259054332799068e-05,0.99801487512483
849,4948,0.0014367864901477833,675.9401613950292,A,0.5079587669446699,4.17668109235672,0.0030482600357916926,False,1049,0,1.1200352945903258e-05,0.9980260754777759
850,3348,0.006250009042857143,633.3804933001876,A,0.15,3.236598285769029,0.003034315283122854,False,923,0,1.114911514145074e-05,0.9980372245929173
851,1524,0.006250010530952381,633.3804863870146,A,0.15,3.2348138240357085,0.003032643069884028,False,885,0,1.1142970856430518e-05,0.9980483675637738
852,5557,0.24000026667626262,520.3821342733866,E,0.15,0.08423961532380701,0.0030326295213629196,True,129,1,1.1142921074516728e-05,0.9980595104848483
853,260,0.0014367821091954022,675.9402495011194,A,0.1758524775934892,11.963135840555905,0.003022626163007482,False,1344,0,1.1106165304697322e-05,0.998070616650153
854,2385,0.050000087382539686,572.0813733928499,D,0.15,0.40157283987162556,0.0030118015626053843,False,306,0,1.1066392009906751e-05,0.9980816830421628
855,2419,0.018797043928822053,601.2423537518501,B,0.15,1.0587432943940573,0.002985186632110631,False,451,0,1.096859962616266e-05,0.998092651641789
856,4452,0.011538472533699634,615.5360893575366,B,0.15,1.7213296707533545,0.002979227269114472,False,871,0,1.0946702882411794e-05,0.9981035983446713
857,3677,0.0014367816091954023,675.9402595567228,A,0.3503857084855867,5.80198827605696,0.002920881857372537,False,1405,0,1.0732321826789681e-05,0.9981143306664981
858,3987,0.00625001005952381,633.3804885771076,A,0.1973029378712473,2.3177620093710436,0.002858137436078302,False,895,0,1.0501777301181532e-05,0.9981248324437993
859,3840,0.001436782275862069,675.9402461492524,A,0.15,13.139796193570458,0.0028318539419042873,False,1326,0,1.0405202728164796e-05,0.9981352376465276
860,2362,0.006250008744444445,633.3804946865093,A,0.15,2.985796934137229,0.0027991885421239644,False,934,0,1.0285178844912454e-05,0.9981455228253725
861,5056,0.006250009383333334,633.3804917184534,A,0.16572811079130678,2.6899432551144113,0.0027862492693696826,False,911,0,1.0237635518552624e-05,0.998155760460891
862,2735,0.011538475943223443,615.536080731921,B,0.15,1.6023742770669889,0.0027733435571966262,False,801,0,1.0190215505279731e-05,0.9981659506763964
863,3823,0.0014367872091954022,675.9401469341639,A,0.15,12.781938073703355,0.0027547387699537046,False,1017,0,1.0121855135377746e-05,0.9981760725315317
864,1147,0.001436788275862069,675.9401254822976,A,0.4299233246871703,4.441572961172111,0.002743598670336109,False,985,0,1.008092258825101e-05,0.99818615345412
865,4138,0.0014367816091954023,675.9402595567228,A,0.15,12.711469640526824,0.0027395408708031947,False,1371,0,1.0066012840913604e-05,0.9981962194669609
866,1678,0.07692318700164835,558.8220814875284,D,0.15,0.23701891170766604,0.002734837510232396,False,249,0,1.0048731080891085e-05,0.9982062681980418
867,1975,0.05000007922698413,572.0813783469388,D,0.15,0.35974510823542927,0.0026980925869937167,False,327,0,9.913717629147804e-06,0.998216181915671
868,3577,0.0014367846091954022,675.9401992231547,A,0.3534831097462421,5.280285301116622,0.0026817465026159194,False,1140,0,9.853656508323086e-06,0.9982260355721793
869,5381,0.01153847483846154,615.5360835268128,B,0.15,1.5348286789511691,0.0026564373140140845,False,818,0,9.760661868172131e-06,0.9982357962340475
870,2667,0.0014367816091954023,675.9402595567228,A,0.3771313785639764,4.890741060331686,0.002650074595233236,False,1386,0,9.737283056914476e-06,0.9982455335171043
871,3440,0.0014367823591954023,675.940244473319,A,0.3804596989034136,4.799931758957336,0.002623824058959927,False,1310,0,9.640829582529723e-06,0.9982551743466869
872,5219,0.017405090848282095,603.5031865030958,B,0.15,1.002759236709355,0.0026179673420820503,False,624,0,9.61930999582576e-06,0.9982647936566827
873,4307,0.006250008042857143,633.3804979458407,A,0.15,2.767531249126723,0.0025945638848850743,False,952,0,9.53331766653539e-06,0.9982743269743493
874,3301,0.01740509499113924,603.5031795134746,B,0.15,0.9919760557363598,0.002589815621854046,False,589,0,9.515870919472131e-06,0.9982838428452687
875,4980,0.0014367846091954022,675.9401992231547,A,0.32218324775896834,5.585659332049287,0.0025856460086952212,False,1138,0,9.500550330520279e-06,0.9982933433955993
876,2713,0.017405085096694795,603.5031962068887,B,0.15,0.9885605474109064,0.002580897067638302,False,700,0,9.483101092157329e-06,0.9983028264966914
877,1077,0.001436787175862069,675.940147604535,A,0.3931118191473221,4.5364052174230345,0.0025622434147762924,False,1018,0,9.414561173209567e-06,0.9983122410578646
878,2871,0.006250009966666667,633.3804890084896,A,0.15,2.7246418226045743,0.0025543557820313133,False,897,0,9.385579304991593e-06,0.9983216266371696
879,3031,0.01879704313358396,601.2423549959445,B,0.15,0.9058753130889945,0.0025541666000674056,False,458,0,9.384884185565466e-06,0.9983310115213552
880,1982,0.011538475005128206,615.5360831051696,B,0.15,1.4627596467274786,0.0025317023433412767,False,812,0,9.302342800957286e-06,0.9983403138641561
881,2872,0.0014367816091954023,675.9402595567228,A,0.3229290091066047,5.451568283410132,0.0025294102641359594,False,1458,0,9.293920915757833e-06,0.9983496077850719
882,510,0.0062500068,633.3805037197251,A,0.15,2.6508480620912818,0.0024851727620756,False,979,0,9.131377159417026e-06,0.9983587391622313
883,995,0.0014367880091954023,675.9401308452626,A,0.2162088019751538,7.781404106228244,0.0024172637264520277,False,998,0,8.881856069264234e-06,0.9983676210183006
884,4973,0.0014367867925287356,675.9401553138034,A,0.17790200591910543,9.456665643457487,0.002417192322641585,False,1032,0,8.881593707172665e-06,0.9983765026120077
885,127,0.01740509343082178,603.5031821459639,B,0.15,0.9197020283197718,0.002401124959713289,False,597,0,8.82255670455681e-06,0.9983853251687123
886,2038,0.5975614370982121,475.7165063382715,F,0.15,0.026359741747067657,0.0023627347739873226,True,67,0,8.681497994098755e-06,0.9983940066667063
887,1145,0.0062500078,633.3804990740709,A,0.15,2.514744082913702,0.002357575519982173,False,956,0,8.66254112522381e-06,0.9984026692078315
888,1857,0.0014367851425287357,675.9401884972001,A,0.3355812833247511,4.87669095064518,0.0023513365404324135,False,1115,0,8.639616974344593e-06,0.9984113088248059
889,1969,0.01740508439113924,603.5031973972672,B,0.15,0.8994962232331686,0.002348371151232648,False,713,0,8.628721117275523e-06,0.9984199375459232
890,5453,0.12727287340259738,542.6749898174953,E,0.15,0.12271750628014085,0.0023427914461612224,True,219,1,8.608219366965437e-06,0.9984285457652902
891,4156,0.0014367816091954023,675.9402595567228,A,0.3074312625528083,5.2929299648158095,0.002337948479435223,False,1362,0,8.590424646042827e-06,0.9984371361899362
892,4976,0.01879704581453634,601.2423508017823,B,0.15,0.8132267058031355,0.0022929389469879004,False,442,0,8.425044185248521e-06,0.9984455612341215
893,3345,0.018797044240360515,601.2423532644701,B,0.15,0.8121520677814883,0.002289908752198336,False,450,0,8.413910210213762e-06,0.9984539751443318
894,1065,0.001436782675862069,675.9402381047731,A,0.3720959437397966,4.273751769339846,0.0022848374691387093,False,1286,0,8.395276576767314e-06,0.9984623704209086
895,1895,0.006250007038095238,633.3805026136168,A,0.15,2.434372243215532,0.002282226548016115,False,975,0,8.385683156998789e-06,0.9984707561040655
896,2695,0.0062500077,633.3804995386363,A,0.15,2.397833969159738,0.0022479721155854887,False,959,0,8.259820622739973e-06,0.9984790159246882
897,4749,0.017405092545107494,603.5031836402967,B,0.15,0.8590413882102097,0.002242754229281447,False,606,0,8.240648318687612e-06,0.998487256573007
898,4212,0.0014367834425287355,675.940222686194,A,0.17012448132780067,9.142224550068905,0.002234652578083681,False,1233,0,8.210880073264279e-06,0.9984954674530803
899,770,0.011538478347985348,615.536074648213,B,0.15,1.2886230033529515,0.002230312293435582,False,761,0,8.194932378719328e-06,0.998503662385459
900,3020,0.018797043651910077,601.2423541850596,B,0.15,0.7895738415819404,0.0022262480949933098,False,453,0,8.179999119594071e-06,0.9985118423845786
901,1645,0.0062500074,633.3805009323326,A,0.20129390387572121,1.736178468971957,0.002184265972694962,False,968,0,8.025742402109845e-06,0.9985198681269807
902,4736,0.006250009866666667,633.3804894730548,A,0.15,2.3292522818038983,0.0021836774614845318,False,903,0,8.023580010059285e-06,0.9985278917069907
903,2774,0.0014367858425287357,675.9401744193908,A,0.4385492111616417,3.46133836888742,0.0021809937985311683,False,1085,0,8.01371931185356e-06,0.9985359054263026
904,1994,0.006250009138095238,633.3804928577445,A,0.15,2.3249232784693326,0.0021796187603705503,False,919,0,8.008666950003792e-06,0.9985439140932526
905,2891,0.0014367816091954023,675.9402595567228,A,0.42248274667205676,3.5506871078714126,0.0021553218992910574,False,1407,0,7.919391948405306e-06,0.998551833485201
906,2808,0.006250006838095239,633.3805035427478,A,0.15,2.297877818854087,0.0021542628121418122,False,978,0,7.915500498944718e-06,0.9985597489857
907,3531,0.001436782275862069,675.9402461492524,A,0.15,9.919453899766049,0.002137814332412211,False,1313,0,7.855063142475154e-06,0.9985676040488425
908,1622,0.0014367881171319101,675.9401286745385,A,0.2772738770642864,5.3219996679937305,0.0021201985139051543,False,994,0,7.790336582931893e-06,0.9985753943854254
909,4474,0.01879703648437761,601.2423653981646,B,0.15,0.7463583511545556,0.0021043987735608147,False,495,0,7.732282917485905e-06,0.9985831266683429
910,1342,0.011538475982400933,615.5360806328074,B,0.15,1.2146200098542572,0.0021022295717170398,False,799,0,7.724312525860549e-06,0.9985908509808687
911,4057,0.011538474157509158,615.5360852495266,B,0.15,1.2125590335913834,0.0020986621610322685,False,840,0,7.711204635358009e-06,0.9985985621855041
912,1369,0.017405085395901146,603.5031957020824,B,0.15,0.7950259852835666,0.0020756242748731384,False,694,0,7.626555539454095e-06,0.9986061887410436
913,892,0.0014367836091954023,675.9402193343301,A,0.15,9.591565769230474,0.002067150672562505,False,1215,0,7.595420618060269e-06,0.9986137841616616
914,3672,0.018797037509125085,601.2423637950183,B,0.15,0.7317281384345127,0.002063148189695371,False,491,0,7.580714123126942e-06,0.9986213648757847
915,1527,0.018797047859774436,601.2423476021511,B,0.15,0.7269239840603298,0.0020496037378199892,False,431,0,7.530947161095543e-06,0.9986288958229458
916,3059,0.017405090348282096,603.5031873466709,B,0.15,0.7835453861738098,0.0020456517357502115,False,629,0,7.516426149926969e-06,0.9986364122490957
917,4403,0.001436782275862069,675.9402461492524,A,0.2776784585658305,5.1197676958226195,0.002042600375914351,False,1322,0,7.505214407252361e-06,0.998643917463503
918,4846,0.0062500083,633.3804967512442,A,0.17970592457395984,1.806726328836007,0.0020292491034366736,False,947,0,7.456157252590004e-06,0.9986513736207556
919,1156,0.017405085833996383,603.5031949629498,B,0.15,0.7705235706848941,0.002011654332733194,False,690,0,7.391508029896631e-06,0.9986587651287855
920,3506,0.011538479531535133,615.5360716539997,B,0.15,1.161753345526732,0.0020107300797078988,False,747,0,7.388112007256476e-06,0.9986661532407928
921,77,0.006250010319047619,633.3804873714503,A,0.15,2.1281140999737276,0.00199511026274198,False,891,0,7.330719442017776e-06,0.9986734839602348
922,3564,0.0014367854425287355,675.9401824638524,A,0.18088178076300865,7.613713542988888,0.0019787151410876613,False,1100,0,7.27047814141899e-06,0.9986807544383762
923,784,0.017405085886377333,603.5031948745752,B,0.15,0.7556799957782567,0.001972901284370673,False,687,0,7.249116037647463e-06,0.9986880035544139
924,983,0.017405084918917017,603.5031965068265,B,0.15,0.7525206973607957,0.0019646529961210952,False,703,0,7.218808997398247e-06,0.9986952223634112
925,34,0.011538476838461539,615.5360784670949,B,0.15,1.1323670603742741,0.0019598686648148013,False,787,0,7.201229723119992e-06,0.9987024235931343
926,5311,0.001436785275862069,675.9401858157121,A,0.20818734287467588,6.53946026851918,0.0019560866832100204,False,1106,0,7.187333425458018e-06,0.9987096109265597
927,595,0.001436785975862069,675.9401717379042,A,0.3475672413511882,3.907787558789142,0.0019514699274336832,False,1075,0,7.1703698811563965e-06,0.9987167812964409
928,2744,0.001436783175862069,675.9402280491771,A,0.24299772899318695,5.51357482121348,0.0019249822142122434,False,1256,0,7.0730449373108684e-06,0.9987238543413782
929,4804,0.0187970361248538,601.2423659606146,B,0.15,0.6820284224553265,0.001923016934260473,False,497,0,7.065823824663365e-06,0.9987309201652029
930,4123,0.0014367836091954023,675.9402193343301,A,0.3002099370188942,4.454875320358056,0.0019215512945538946,False,1213,0,7.060438561656777e-06,0.9987379806037646
931,1182,0.011538474988461538,615.536083147334,B,0.15,1.0930529962136615,0.0018918246986811417,False,813,0,6.951212851991037e-06,0.9987449318166166
932,504,0.011538474428937729,615.5360845628504,B,0.15,1.0896075344762124,0.001885861301119749,False,830,0,6.929301283863618e-06,0.9987518611179005
933,2816,0.011538476871794873,615.5360783827662,B,0.15,1.0841110837048815,0.0018763485998677877,False,785,0,6.894348356541185e-06,0.998758755466257
934,4740,0.01153847340989011,615.5360871408977,B,0.15,1.0725278560103195,0.001856300122191228,False,859,0,6.820683372790149e-06,0.9987655761496298
935,1118,0.0014367879425287355,675.9401321860041,A,0.3403367580849975,3.788802434551719,0.0018526931344512547,False,1001,0,6.807430062611591e-06,0.9987723835796924
936,2806,0.017405088832409082,603.5031899041765,B,0.15,0.7068986188414895,0.001845544988466512,False,643,0,6.781165322399831e-06,0.9987791647450148
937,4422,0.006250007693650794,633.3804995681326,A,0.15,1.9567503211763286,0.0018344556842858574,False,960,0,6.740419415131603e-06,0.99878590516443
938,2928,0.0014367842425287356,675.9402065972506,A,0.4595690062825103,2.7660283879929937,0.0018264127118384193,False,1170,0,6.710866775564197e-06,0.9987926160312056
939,2074,0.011538475971794873,615.5360806596392,B,0.15,1.039357958705473,0.0017988910248925303,False,800,0,6.60974265759486e-06,0.9987992257738633
940,1997,0.01740510494113924,603.5031627263395,B,0.15,0.687704264829026,0.0017954347346727316,False,510,0,6.597043061795722e-06,0.9988058228169251
941,1914,0.0014367820091954022,675.9402515122399,A,0.37326669069144347,3.338956549907131,0.001790691966554876,False,1350,0,6.579616504928252e-06,0.9988124024334301
942,3546,0.0014367816091954023,675.9402595567228,A,0.15,8.135718410829119,0.0017533875885407584,False,1354,0,6.442547424443131e-06,0.9988188449808545
943,1184,0.001436788033004926,675.9401303664265,A,0.15,8.031996203495968,0.001731041403948601,False,997,0,6.360439877354726e-06,0.9988252054207318
944,4186,0.0014367816091954023,675.9402595567228,A,0.25013591286579295,4.811878176365964,0.0017293441670176543,False,1370,0,6.35420364670635e-06,0.9988315596243785
945,2490,0.01740508705225035,603.5031929075719,B,0.15,0.6611307744787979,0.0017260558024087755,False,670,0,6.3421210672013856e-06,0.9988379017454457
946,3343,0.12727286771846485,542.6749912940666,E,0.15,0.08967014772876952,0.0017118865275268327,True,224,0,6.290058291125241e-06,0.9988441918037368
947,3397,0.01740510316018686,603.5031657310712,B,0.16788017474516326,0.5803656186423141,0.0016958119481418302,False,522,0,6.230994772772153e-06,0.9988504227985097
948,74,0.0062500100285714285,633.3804887209016,A,0.15,1.8036776548987286,0.0016909505147140872,False,896,0,6.21313219885313e-06,0.9988566359307085
949,3325,0.0014367848663382594,675.9401940517118,A,0.30702331866532684,3.806777780313178,0.0016792703981326855,False,1128,0,6.170215444171792e-06,0.9988628061461526
950,3530,0.006250008571428572,633.3804954902812,A,0.15,1.7833138427400943,0.0016718590204009218,False,939,0,6.142983500231156e-06,0.9988689491296528
951,1012,0.006250010423809524,633.380486884763,A,0.15,1.780492174336478,0.0016692141973671407,False,887,0,6.133265513212339e-06,0.9988750823951661
952,5279,0.0014367842425287356,675.9402065972506,A,0.15,7.729450815979326,0.0016658329703699958,False,1169,0,6.12084172544044e-06,0.9988812032368916
953,5259,0.017405098516463914,603.5031735657246,B,0.15,0.6354253113766546,0.0016589460216548148,False,556,0,6.09553671358953e-06,0.9988872987736052
954,1679,0.0014367866925287355,675.9401573249173,A,0.3273354073824939,3.5097072351049956,0.0016506544715988527,False,1038,0,6.065070714624556e-06,0.9988933638443198
955,4324,0.00143678638697318,675.9401634699883,A,0.15729153499346904,7.302073772856413,0.0016502273156527917,False,1055,0,6.063501197161266e-06,0.998899427345517
956,1853,0.0014367826091954022,675.9402394455195,A,0.3207444640673821,3.580068934858419,0.001649839211269256,False,1303,0,6.062075168533652e-06,0.9989054894206855
957,391,0.001436782275862069,675.9402461492524,A,0.15,7.449103391542248,0.0016054109586047893,False,1314,0,5.8988305290445695e-06,0.9989113882512145
958,160,0.0014367879711001642,675.9401316114006,A,0.21784869282962793,5.123978790886971,0.0016038175636754455,False,1000,0,5.892975849528611e-06,0.998917281227064
959,4132,0.001436785537766831,675.9401805485043,A,0.29476894867681014,3.764270080068217,0.0015942427700764163,False,1098,0,5.857794773624944e-06,0.9989231390218376
960,2265,0.0014367845377668308,675.9402006596667,A,0.25864146047632275,4.278468364706494,0.0015899304051646647,False,1144,0,5.841949665767995e-06,0.9989289809715034
961,3445,0.0014367821091954022,675.9402495011194,A,0.17823978962938614,6.137581772739027,0.0015717840010124797,False,1349,0,5.775273552569965e-06,0.998934756245056
962,60,0.0014367849187192118,675.9401929982698,A,0.36046046846270674,3.0235481283152676,0.0015659081683746824,False,1127,0,5.753683728007214e-06,0.998940509928784
963,2632,0.001436786575862069,675.940159671217,A,0.3133047210300428,3.4756753778255005,0.0015645822829129705,False,1045,0,5.748811970032945e-06,0.998946258740754
964,357,0.0014367865425287357,675.9401603415884,A,0.23481587757054045,4.628176593970356,0.0015614555747066367,False,1046,0,5.737323371600201e-06,0.9989519960641257
965,569,0.0014367826091954022,675.9402394455195,A,0.24892502394051474,4.360880438310075,0.0015596738836760288,False,1300,0,5.730776827621326e-06,0.9989577268409533
966,2081,0.017405105129234478,603.5031624089947,B,0.15,0.5957337697036102,0.0015553213336089746,False,508,0,5.714784065720007e-06,0.998963441625019
967,130,0.0014367826091954022,675.9402394455195,A,0.2700463520566444,4.004418666122705,0.0015537060424332077,False,1297,0,5.708848931884126e-06,0.998969150473951
968,4432,0.0014367836758620689,675.9402179935846,A,0.15,7.164013210494096,0.0015439705851747192,False,1205,0,5.673077522586852e-06,0.9989748235514736
969,1686,0.01740509006256781,603.5031878287137,B,0.15,0.5874314159409981,0.0015336445050052206,False,631,0,5.635135962126759e-06,0.9989804586874357
970,3099,0.0014367826091954022,675.9402394455195,A,0.15,7.104337880074648,0.0015311083673909076,False,1302,0,5.625817322618923e-06,0.9989860845047583
971,3772,0.050000074562698414,572.0813811802575,D,0.15,0.2025942864430092,0.0015194594142190708,False,342,0,5.5830150729935936e-06,0.9989916675198314
972,4120,0.01153847218997669,615.5360902271075,B,0.15,0.8652332716442751,0.0014975205064065022,False,878,0,5.502404000492168e-06,0.9989971699238319
973,3748,0.01153847659798535,615.5360790754656,B,0.15,0.8642291144691377,0.001495783111889962,False,792,0,5.496020217099989e-06,0.9990026659440491
974,5016,0.0014367836091954023,675.9402193343301,A,0.15,6.924728532273034,0.0014924004679946444,False,1206,0,5.483591223158197e-06,0.9990081495352723
975,4465,0.0014367824091954023,675.940243467759,A,0.15,6.9131025944006765,0.0014898936300896985,False,1307,0,5.47438024083258e-06,0.9990136239155131
976,3508,0.0014367836091954023,675.9402193343301,A,0.4069153668228457,2.5412150808555016,0.0014857196928345425,False,1216,0,5.459043763667613e-06,0.9990190829592768
977,3981,0.01153847502893773,615.5360830449349,B,0.15,0.8574389403120838,0.0014840306702444711,False,811,0,5.452837715325189e-06,0.9990245357969921
978,5067,0.006250009055555556,633.3804932411952,A,0.15,1.5819664284106647,0.00148309567547273,False,922,0,5.449402223824099e-06,0.9990299851992159
979,255,0.001436786164750958,675.9401679391317,A,0.40482390227208465,2.5406555284213836,0.0014777605552193953,False,1065,0,5.429799162029973e-06,0.999035414998378
980,412,0.018797044942314118,601.2423521663129,B,0.15,0.5205770523919853,0.0014677965374624339,False,447,0,5.3931879430634685e-06,0.999040808186321
981,329,0.0014367816091954023,675.9402595567228,A,0.15,6.753217812276819,0.0014554348733355213,False,1416,0,5.347766948924374e-06,0.99904615595327
982,713,0.011538478640842492,615.5360739073259,B,0.15,0.8335198224380258,0.001442632600187998,False,759,0,5.300727006111595e-06,0.9990514566802761
983,1528,0.0014367816091954023,675.9402595567228,A,0.15,6.675798394314017,0.0014387496539469864,False,1373,0,5.286459729744537e-06,0.9990567431400058
984,2709,0.017405093493520193,603.5031820401823,B,0.15,0.5483302050302469,0.0014315607725808816,False,595,0,5.260045313769133e-06,0.9990620031853196
985,5280,0.001436784775862069,675.9401958712933,A,0.26090169992609014,3.818846922566327,0.0014315313933857554,False,1133,0,5.259937364528971e-06,0.9990672631226841
986,4810,0.0014367851330049262,675.9401886887349,A,0.15,6.610766009767578,0.001424737548091253,False,1116,0,5.234974446580756e-06,0.9990724980971307
987,4193,0.001436786475862069,675.9401616823312,A,0.15,6.580193186754534,0.0014181498868932965,False,1051,0,5.210769119725831e-06,0.9990777088662505
988,5159,0.0014367831091954024,675.940229389923,A,0.3330776797772479,2.959457209688986,0.0014162789797478143,False,1257,0,5.203894765139159e-06,0.9990829127610156
989,3327,0.0014367868425287356,675.9401543082466,A,0.372322563434651,2.625189425786377,0.0014043402538145666,False,1030,0,5.160027790994332e-06,0.9990880727888065
990,1478,0.0014367872425287355,675.9401462637928,A,0.15,6.478554231149391,0.0013962456104019009,False,1014,0,5.1302852945771785e-06,0.9990932030741011
991,5570,0.011538478938461539,615.5360731543918,B,0.15,0.8030182481265298,0.0013898413714812368,False,756,1,5.106753924084143e-06,0.9990983098280252
992,1355,0.0014367816091954023,675.9402595567228,A,0.15,6.421383920371735,0.0013839189483559773,False,1369,0,5.084992910089594e-06,0.9991033948209352
993,1824,0.006250010578354979,633.3804861667986,A,0.15,1.459957845331643,0.0013687127965912667,False,880,0,5.029120292690175e-06,0.9991084239412279
994,236,0.0014367843758620689,675.940203915761,A,0.212753395000984,4.455493844966545,0.0013619587172990645,False,1157,0,5.004303488674427e-06,0.9991134282447166
995,2568,0.006250008777777778,633.3804945316542,A,0.160404684941858,1.3500740545281593,0.001353490671929574,False,932,0,4.973188985388429e-06,0.999118401433702
996,5263,0.01153847481941392,615.5360835750007,B,0.15,0.7748071993981561,0.0013410140040234367,False,819,0,4.927345427917366e-06,0.9991233287791299
997,4673,0.001436785175862069,675.940187826828,A,0.19905488476402156,4.685567453487547,0.0013400681103527008,False,1114,0,4.923869890122971e-06,0.99912825264902
998,3495,0.0014367816091954023,675.9402595567228,A,0.15,6.217694226497719,0.0013400203074348533,False,1379,0,4.923694245806066e-06,0.9991331763432658
999,1865,0.011538477795604397,615.5360760456587,B,0.15,0.771417186599464,0.0013351470118088292,False,770,0,4.905788086101741e-06,0.9991380821313519
1000,5335,0.0187970489264411,601.2423459334261,B,0.15,0.47176320669832755,0.0013301634117004813,False,424,0,4.887476629894154e-06,0.9991429696079818
1001,2768,0.0014367836091954023,675.9402193343301,A,0.15,6.100589434378405,0.0013147840358618313,False,1221,0,4.830967527830019e-06,0.9991478005755096
1002,525,0.0014367830758620689,675.940230060296,A,0.19345082066378982,4.714366646435978,0.001310343430503873,False,1261,0,4.814651220586341e-06,0.9991526152267302
1003,3005,0.1272728881163059,542.6749859953047,E,0.15,0.06859998341699367,0.0013096377021317213,True,205,0,4.812058132477313e-06,0.9991574272848627
1004,5227,0.0014367829425287356,675.9402327417881,A,0.15,6.046344229275339,0.0013030926379919792,False,1271,0,4.788009321825355e-06,0.9991622152941845
1005,4885,0.017405085907805908,603.503194838422,B,0.15,0.49866419532034717,0.0013018939738046321,False,686,0,4.783605018450884e-06,0.9991669988992029
1006,2444,0.001436784525862069,675.9402008990854,A,0.2121797018100171,4.259319638462147,0.0012984813295934265,False,1145,0,4.771065793058202e-06,0.999171769964996
1007,3810,0.006250008933333334,633.3804938089971,A,0.15,1.3836297628087808,0.0012971547566971143,False,928,0,4.766191509213416e-06,0.9991765361565053
1008,3952,0.0014367831091954024,675.940229389923,A,0.23193609708327723,3.856293609935355,0.001285078481125689,False,1259,0,4.721819130517442e-06,0.9991812579756357
1009,2923,0.006250007500000001,633.3805004677671,A,0.15,1.3696755818120996,0.0012840723988338729,False,965,0,4.718122439084082e-06,0.9991859760980748
1010,3223,0.0014367850377668308,675.9401906040837,A,0.32861123233408296,2.699404247063873,0.0012745067140246145,False,1121,0,4.682974831998412e-06,0.9991906590729068
1011,5440,0.0014367833091954022,675.9402253676855,A,0.15,5.849659822100495,0.0012607040395297405,False,1242,0,4.632259071490842e-06,0.9991952913319783
1012,2391,0.011538476776556778,615.5360786237052,B,0.15,0.7242131634354999,0.001253447515136585,False,788,0,4.605596111832026e-06,0.9991998969280901
1013,1256,0.0014367879091954023,675.9401328563748,A,0.1529730645434524,5.629085293924388,0.0012372158099604612,False,1002,0,4.545955259427117e-06,0.9992044428833495
1014,606,0.00625000891904762,633.3804938753636,A,0.15,1.312708147498557,0.001230665644495869,False,929,0,4.521887704757869e-06,0.9992089647710543
1015,3186,0.011538479571794873,615.5360715521483,B,0.15,0.7098935217204008,0.0012286637847780547,False,745,0,4.514532185502806e-06,0.9992134793032398
1016,4752,0.001436787863957307,675.9401337661636,A,0.15,5.696963664488594,0.0012277992381814439,False,1003,0,4.511355544761359e-06,0.9992179906587846
1017,3920,0.001436782275862069,675.9402461492524,A,0.15,5.684026133327976,0.0012250062005853667,False,1321,0,4.501092966602041e-06,0.9992224917517512
1018,4455,0.017405084467329714,603.5031972687224,B,0.15,0.46705592484614805,0.0012193721734371009,False,712,0,4.480391618348793e-06,0.9992269721433695
1019,4000,0.0062500090333333334,633.3804933444319,A,0.15,1.3006468885541456,0.0012193582203960454,False,924,0,4.480340350089965e-06,0.9992314524837196
1020,2565,0.018797036800250626,601.2423649040031,B,0.15,0.43164055909192683,0.0012170345210597555,False,492,0,4.471802281683394e-06,0.9992359242860013
1021,4124,0.001436786375862069,675.9401636934455,A,0.20290143876290312,4.169103887687235,0.0012154022752565799,False,1056,0,4.465804850730857e-06,0.999240390090852
1022,4468,0.001436785275862069,675.9401858157121,A,0.27719551861221536,3.026905151461316,0.0012055268455330175,False,1109,0,4.4295191345853725e-06,0.9992448196099866
1023,5628,0.07339459789141548,560.2870623806008,D,0.15,0.10846732956675785,0.0011941374056861748,False,262,1,4.387670425930949e-06,0.9992492072804124
1024,1466,0.017405087199797248,603.5031926586381,B,0.15,0.4478763722198682,0.0011692990969823483,False,667,0,4.296405960040359e-06,0.9992535036863724
1025,1640,0.00625000884920635,633.3804941998219,A,0.15,1.245577844004147,0.0011677308821101927,False,931,0,4.2906438006914445e-06,0.9992577943301731
1026,419,0.0014367836091954023,675.9402193343301,A,0.15,5.4079610374865945,0.0011655104666742151,False,1223,0,4.282485232761717e-06,0.9992620768154059
1027,3436,0.0014367821091954022,675.9402495011194,A,0.15,5.400059451736745,0.0011638063213270332,False,1341,0,4.276223618222458e-06,0.9992663530390241
1028,2556,0.0014367861091954023,675.9401690564176,A,0.15,5.382576332056642,0.0011600416358374384,False,1069,0,4.262390872420366e-06,0.9992706154298965
1029,2136,0.011538473847985349,615.5360860325783,B,0.15,0.6627413359843949,0.0011470535359852218,False,847,0,4.214668138554691e-06,0.9992748300980351
1030,2573,0.0014367842758620688,675.9402059268782,A,0.2230897719768481,3.5738900309043857,0.001145545677946059,False,1165,0,4.209127750913007e-06,0.999279039225786
1031,3930,0.0014367851091954022,675.9401891675722,A,0.37859251203977007,2.0754799062922737,0.00112896992173193,False,1118,0,4.148222736982567e-06,0.999283187448523
1032,3401,0.0014367862822112752,675.9401655768702,A,0.33253237217994924,2.3511123642761578,0.0011233096473617528,False,1061,0,4.1274249474330384e-06,0.9992873148734704
1033,1708,0.001436785775862069,675.9401757601343,A,0.15,5.202236177329132,0.0011211748413392341,False,1086,0,4.1195809378529835e-06,0.9992914344544083
1034,1531,0.0014367859925287355,675.9401714027183,A,0.15,5.167569719844138,0.0011137037683331549,False,1074,0,4.092129652998618e-06,0.9992955265840613
1035,5330,0.0014367881711001642,675.9401275891767,A,0.26608197864298555,2.908920701008885,0.0011120903891038533,False,991,0,4.08620154430986e-06,0.9992996127856056
1036,1633,0.0014367849425287356,675.9401925194326,A,0.2632160618898508,2.911256482542351,0.001100993167065602,False,1125,0,4.045426544116942e-06,0.9993036582121497
1037,3990,0.017405085205424956,603.5031960234445,B,0.15,0.4120916123808594,0.0010758734438894716,False,697,0,3.953128064927986e-06,0.9993076113402146
1038,2120,0.018797043056671982,601.242355116268,B,0.15,0.3813400336240937,0.0010752097546897245,False,459,0,3.950689443158101e-06,0.9993115620296578
1039,4922,0.001436783975862069,675.9402119602307,A,0.15,4.98195079264049,0.0010736980601098781,False,1186,0,3.9451349587499855e-06,0.9993155071646165
1040,5051,0.0014367816091954023,675.9402595567228,A,0.20663255186639684,3.5976936061563256,0.0010681043256803178,False,1441,0,3.924581659765946e-06,0.9993194317462762
1041,3356,0.006250009902380953,633.3804893071386,A,0.15,1.1287078079637733,0.0010581652465002423,False,900,0,3.888062073685025e-06,0.9993233198083499
1042,4918,0.0014367816091954023,675.9402595567228,A,0.15,4.871062868790118,0.0010497980320668357,False,1443,0,3.8573180578439125e-06,0.9993271771264077
1043,2538,0.0014367848091954023,675.9401952009212,A,0.15,4.831202502369079,0.0010412097548326061,False,1131,0,3.825761781446497e-06,0.9993310028881892
1044,3962,0.011538479286080587,615.5360722749649,B,0.15,0.6015614864551256,0.0010411657126149472,False,749,0,3.825599955232031e-06,0.9993348284881445
1045,1804,0.0014367859520525452,675.9401722167411,A,0.15,4.815394741736348,0.0010378037277771718,False,1077,0,3.81324686975385e-06,0.9993386417350142
1046,3776,0.0014367858425287357,675.9401744193908,A,0.15,4.7923272845435125,0.0010328321992794447,False,1084,0,3.79497976878433e-06,0.999342436714783
1047,2326,0.017405086100663048,603.503194513043,B,0.15,0.3955645234674972,0.0010327251883979307,False,682,0,3.7945865741001704e-06,0.999346231301357
1048,3884,0.011538476632905983,615.5360789871213,B,0.15,0.5910720443523844,0.0010230106458185935,False,790,0,3.7588920125079787e-06,0.9993499901933696
1049,2690,0.00625000761904762,633.380499914713,A,0.15,1.0803621596058222,0.0010128407593300692,False,962,0,3.7215243612073046e-06,0.9993537117177308
1050,536,0.017405092987170984,603.5031828944693,B,0.15,0.38427174069207015,0.0010032428068631305,False,602,0,3.686258191679285e-06,0.9993573979759225
1051,3766,0.017405099053044,603.5031726604338,B,0.15,0.3837680352284659,0.0010019280999815294,False,550,0,3.6814275076426735e-06,0.9993610794034301
1052,143,0.001436785875862069,675.9401737490191,A,0.15,4.648640964287123,0.001001865251916235,False,1083,0,3.6811965822934585e-06,0.9993647606000124
1053,1365,0.006250009255555556,633.3804923120646,A,0.15,1.0574036643625344,0.00099131740336863,False,916,0,3.642440168744105e-06,0.9993684030401812
1054,3222,0.011538478700366301,615.536073756739,B,0.15,0.5690563509361471,0.0009849066876877358,False,758,0,3.61888500041241e-06,0.9993720219251816
1055,1838,0.018797040629615704,601.2423589132279,B,0.15,0.3482208364483842,0.0009818281816198564,False,468,0,3.6075735131700172e-06,0.9993756294986947
1056,4226,0.0014367832091954022,675.9402273788041,A,0.15,4.5405415610953614,0.0009785660813453542,False,1251,0,3.5955874378384017e-06,0.9993792250861325
1057,1165,0.001436785394909688,675.9401834215266,A,0.15,4.400386667917979,0.0009483616944629789,False,1102,0,3.484606160117667e-06,0.9993827096922926
1058,3993,0.01879704575342523,601.2423508973864,B,0.15,0.33446168464188364,0.0009430337383471751,False,443,0,3.46502942182218e-06,0.9993861747217144
1059,5170,0.0014367862187192118,675.9401668537682,A,0.36932391523713415,1.760304947603999,0.0009340873577624672,False,1064,0,3.432157350883166e-06,0.9993896068790653
1060,5491,0.04697993480933012,573.9706756621001,C,0.15,0.13246757684620616,0.0009334977186877039,False,370,1,3.42999081467218e-06,0.99939303686988
1061,4007,0.0014367835091954023,675.9402213454484,A,0.2065381258430532,3.14047468792579,0.0009319376638607542,False,1229,0,3.4242586381283052e-06,0.9993964611285181
1062,3228,0.0014367816091954023,675.9402595567228,A,0.24612224127857663,2.6133925972627567,0.0009241581083033767,False,1401,0,3.3956738825688075e-06,0.9993998568024006
1063,646,0.0014367847091954023,675.9401972120379,A,0.15,4.265224891359328,0.0009192314857777053,False,1136,0,3.377571781543681e-06,0.9994032343741822
1064,1901,0.0014367880044334974,675.9401309410299,A,0.15,4.230645049396038,0.0009117810086982283,False,999,0,3.3501961731881973e-06,0.9994065845703554
1065,3663,0.0014367833869731801,675.940223803482,A,0.15,4.227475587016969,0.000911095003839101,False,1235,0,3.3476755560313233e-06,0.9994099322459113
1066,4499,0.0014367864187192119,675.9401628315394,A,0.21497821564548403,2.946647212734557,0.0009101538511625286,False,1052,0,3.3442174382756788e-06,0.9994132764633497
1067,1843,0.003362075708374174,651.3543452156424,A,0.15,1.7990840517748161,0.000907298518169324,False,982,0,3.333725965459559e-06,0.9994166101893152
1068,1852,0.0014367821091954022,675.9402495011194,A,0.15,4.20529923202344,0.0009063148050576664,False,1337,0,3.330111466066886e-06,0.9994199403007812
1069,5784,0.600000528214652,475.4235626856801,F,0.15,0.010058398050051267,0.0009052566214535978,True,51,1,3.326223336541198e-06,0.9994232665241177
1070,3069,0.0014367816091954023,675.9402595567228,A,0.15,4.19174592474819,0.0009033935182646961,False,1424,0,3.3193776563678145e-06,0.9994265859017741
1071,1122,0.0014367856091954023,675.9401791119932,A,0.15,4.1679539757204065,0.0008982684438155765,False,1093,0,3.300546374905549e-06,0.999429886448149
1072,728,0.0014367853393541324,675.9401845388131,A,0.18453885672347703,3.3832124290250754,0.0008970341589013345,False,1103,0,3.2960111887623087e-06,0.9994331824593378
1073,2563,0.16666689276587301,533.5613911306009,E,0.15,0.035874900926097866,0.0008968737398454406,True,152,0,3.2954217541261018e-06,0.9994364778810919
1074,2626,0.011538480316239316,615.5360696688094,B,0.15,0.5176309774036408,0.0008959012265771443,False,734,0,3.2918484067995627e-06,0.9994397697294987
1075,477,0.0014367816091954023,675.9402595567228,A,0.15,4.147849876023678,0.0008939331629361375,False,1451,0,3.2846170659229794e-06,0.9994430543465646
1076,3845,0.0014367846091954022,675.9401992231547,A,0.15,4.143173675301455,0.0008929272254845018,False,1141,0,3.2809209066821237e-06,0.9994463352674713
1077,966,0.0014367826091954022,675.9402394455195,A,0.15,4.1250235674966715,0.000889014318645059,False,1291,0,3.266543544799736e-06,0.999449601811016
1078,2454,0.0014367869091954024,675.9401529675041,A,0.15,4.119834942849021,0.0008878987370896892,False,1028,0,3.262444515513071e-06,0.9994528642555316
1079,364,0.001436782775862069,675.9402360936535,A,0.15,4.044695484838485,0.0008717023209334523,False,1283,0,3.2029333270716066e-06,0.9994560671888587
1080,3462,0.0014367850536398468,675.9401902848589,A,0.1919518403296836,3.0794708916926608,0.0008492981637788163,False,1119,0,3.1206127689036634e-06,0.9994591878016276
1081,1753,0.0014367826091954022,675.9402394455195,A,0.15,3.9347148890446078,0.0008479994887082262,False,1295,0,3.115840991239729e-06,0.9994623036426188
1082,3461,0.0014367836091954023,675.9402193343301,A,0.15,3.9144639944917694,0.0008436356559107003,False,1220,0,3.099806772716602e-06,0.9994654034493915
1083,3420,0.0014367816091954023,675.9402595567228,A,0.15,3.9088287257505168,0.0008424199839979562,False,1393,0,3.0953399771252545e-06,0.9994684987893686
1084,3293,0.018797048460640235,601.2423466621387,B,0.15,0.2963438339232887,0.000835558411090197,False,427,0,3.0701282046948913e-06,0.9994715689175733
1085,3219,0.0014367816091954023,675.9402595567228,A,0.15,3.8673242333769466,0.0008334750502967558,False,1431,0,3.0624732225325385e-06,0.9994746313907958
1086,3746,0.0014367826091954022,675.9402394455195,A,0.15,3.8614596139941635,0.0008322117029245806,False,1290,0,3.057831250950227e-06,0.9994776892220468
1087,1304,0.011538475633699634,615.5360815149725,B,0.15,0.48071249539008787,0.0008320034122310214,False,804,0,3.057065919496933e-06,0.9994807462879663
1088,4844,0.006250006783333334,633.3805037971526,A,0.15,0.8838398642115373,0.000828600772005378,False,980,0,3.044563452178643e-06,0.9994837908514185
1089,116,0.0014367826091954022,675.9402394455195,A,0.15,3.840661199797802,0.0008277292829521545,False,1289,0,3.0413613024702903e-06,0.9994868322127209
1090,488,0.001436782275862069,675.9402461492524,A,0.15,3.7533282860924904,0.0008089073335424171,False,1331,0,2.9722030042792888e-06,0.9994898044157252
1091,1516,0.0014367862758620689,675.94016570456,A,0.15,3.7414864218448503,0.000806357451334644,False,1062,0,2.962833862420589e-06,0.9994927672495877
1092,2849,0.011538480150582751,615.536070087897,B,0.15,0.4650852222684754,0.0008049564908211255,False,738,0,2.957686252954717e-06,0.9994957249358406
1093,4415,0.001436784475862069,675.9402019046438,A,0.15,3.6938234360842492,0.0007960842254312001,False,1152,0,2.925086506663362e-06,0.9994986500223473
1094,2832,0.0014367829425287356,675.9402327417881,A,0.15,3.6720626480998644,0.0007913935465030176,False,1266,0,2.9078513433457054e-06,0.9995015578736907
1095,3242,0.0062500089428571435,633.3804937647528,A,0.15,0.8401740264453077,0.00078766427682592,False,927,0,2.8941487273865983e-06,0.999504452022418
1096,4425,0.0014367837758620689,675.9402159824665,A,0.15,3.651840758404824,0.0007870358330561826,False,1198,0,2.8918396094159965e-06,0.9995073438620274
1097,404,0.0014367816091954023,675.9402595567228,A,0.15,3.616000116795878,0.0007793103699991116,False,1395,0,2.863453608256729e-06,0.9995102073156357
1098,5752,0.0014367882536398468,675.9401259292113,A,0.19066021892641072,2.8415811036744327,0.000778418075843518,False,989,1,2.8601750134659736e-06,0.9995130674906492
1099,117,0.0014367834425287355,675.940222686194,A,0.15,3.603692262727553,0.0007766588062583793,False,1232,0,2.853710853568464e-06,0.9995159212015028
1100,1066,0.01740508662209162,603.5031936333145,B,0.15,0.2941053135156869,0.0007678392686636917,False,673,0,2.821304847282813e-06,0.9995187425063501
1101,5103,0.001436783475862069,675.9402220158212,A,0.15,3.5612037830431738,0.000767501812448088,False,1231,0,2.820064917396855e-06,0.9995215625712675
1102,294,0.001436783275862069,675.9402260380583,A,0.15,3.559959325107575,0.0007672335031595673,False,1248,0,2.8190790570388767e-06,0.9995243816503245
1103,4963,0.0014367816091954023,675.9402595567228,A,0.15,3.5091182708721833,0.0007562754894121084,False,1387,0,2.7788155558557423e-06,0.9995271604658804
1104,954,0.01153847718846154,615.5360775816442,B,0.15,0.42933517708263547,0.0007430811220458127,False,779,0,2.7303349243921483e-06,0.9995298908008048
1105,5045,0.0014367871091954022,675.9401489452772,A,0.15,3.433844404908747,0.0007400555063933467,False,1021,0,2.7192177746777645e-06,0.9995326100185795
1106,3510,0.01879704785753778,601.2423476056501,B,0.15,0.2600666417079799,0.0007332727665501043,False,433,0,2.694295661966726e-06,0.9995353043142415
1107,4445,0.0014367871425287357,675.940148274906,A,0.15,3.3715671024637905,0.0007266336394489259,False,1019,0,2.6699012317302e-06,0.9995379742154733
1108,5258,0.001436782275862069,675.9402461492524,A,0.15,3.335581474482307,0.0007188756513345067,False,1318,0,2.6413957223539143e-06,0.9995406156111957
1109,4471,0.0014367867044334974,675.940157085499,A,0.15,3.3349010364265346,0.0007187312204608704,False,1035,0,2.64086503378338e-06,0.9995432564762294
1110,186,0.0500000714965368,572.0813830427965,D,0.15,0.09581685875322728,0.0007186274682352398,False,359,0,2.6404838125186773e-06,0.9995458969600419
1111,1596,0.0014367840091954022,675.9402112898582,A,0.15,3.312802476468346,0.0007139672435718972,False,1183,0,2.6233605486160676e-06,0.9995485203205905
1112,4801,0.0014367848425287356,675.940194530549,A,0.15,3.2972802741647587,0.0007106223479233378,False,1130,0,2.6110702546807762e-06,0.9995511313908452
1113,5372,0.0014367865814176246,675.9401595594884,A,0.15,3.2870887008175553,0.0007084267405896233,False,1044,0,2.603002840228115e-06,0.9995537343936854
1114,3324,0.001436785275862069,675.9401858157121,A,0.15,3.283548594722353,0.0007076631410211997,False,1108,0,2.600197113493761e-06,0.999556334590799
1115,563,0.0014367849901477832,675.9401915617582,A,0.15,3.2674820674972556,0.0007042003785235655,False,1123,0,2.587473736325819e-06,0.9995589220645352
1116,133,0.011538479283699634,615.5360722809884,B,0.15,0.4055442579855819,0.0007019046029084965,False,751,0,2.5790382692490442e-06,0.9995615011028045
1117,3959,0.001436787625862069,675.9401385545267,A,0.264719398540468,1.8432443581450264,0.000701069800516428,False,1005,0,2.5759709189175545e-06,0.9995640770737234
1118,4360,0.0014367816091954023,675.9402595567228,A,0.15,3.231624493010639,0.0006964707959074653,False,1358,0,2.559072598493641e-06,0.9995666361463219
1119,635,0.0014367848091954023,675.9401952009212,A,0.15,3.221707915259428,0.0006943351488464002,False,1132,0,2.5512254986494843e-06,0.9995691873718205
1120,4175,0.0014367836091954023,675.9402193343301,A,0.15,3.1602396132456785,0.0006810870716162112,False,1222,0,2.5025475187230887e-06,0.9995716899193393
1121,3092,0.011538478271794873,615.5360748409641,B,0.15,0.3929733365905462,0.0006801471458467124,False,763,0,2.499093909044871e-06,0.9995741890132483
1122,2539,0.017405092075338375,603.5031844328677,B,0.15,0.2591683491233441,0.0006766273469257868,False,611,0,2.4861609604938666e-06,0.9995766751742089
1123,4968,0.0014367816091954023,675.9402595567228,A,0.15,3.1270623985250583,0.0006739358617510902,False,1391,0,2.4762715207638864e-06,0.9995791514457296
1124,5384,0.0014367846091954022,675.9401992231547,A,0.15,3.09298985544306,0.0006665940331047151,False,1139,0,2.4492951240187886e-06,0.9995816007408537
1125,3600,0.0014367816091954023,675.9402595567228,A,0.15,3.0668550355621966,0.0006609601369746114,False,1372,0,2.4285942571712097e-06,0.9995840293351108
1126,5041,0.0014367881203065135,675.9401286106938,A,0.15,3.0369917913312188,0.0006545270590879639,False,993,0,2.4049569224251848e-06,0.9995864342920332
1127,3180,0.0014367816091954023,675.9402595567228,A,0.15,3.034661773032964,0.0006540219338433112,False,1427,0,2.403100919014857e-06,0.9995888373929522
1128,3141,0.0014367816091954023,675.9402595567228,A,0.15,3.0227057671009527,0.0006514452084269294,False,1417,0,2.3936331460003215e-06,0.9995912310260983
1129,3818,0.0014367832091954022,675.9402273788041,A,0.15,3.0031223099989757,0.0006472253565249957,False,1254,0,2.3781279626740495e-06,0.9995936091540609
1130,1205,0.0014367873806239737,675.9401434865415,A,0.15,2.9860045106510955,0.0006435380399084637,False,1009,0,2.364579496649652e-06,0.9995959737335576
1131,3019,0.0014367845425287357,675.9402005638992,A,0.17444068356311404,2.563358565175411,0.0006424639845347842,False,1142,0,2.360633048798286e-06,0.9995983343666064
1132,1463,0.001436786475862069,675.9401616823312,A,0.15,2.9807592771628038,0.0006424071925841869,False,1050,0,2.3604243756917573e-06,0.9996006947909821
1133,1639,0.0014367826091954022,675.9402394455195,A,0.15,2.965861076270428,0.0006391946423512364,False,1301,0,2.348620364208812e-06,0.9996030434113463
1134,1570,0.0014367837425287356,675.9402166528392,A,0.15,2.9368656528337302,0.0006329461235973818,False,1203,0,2.325661163021735e-06,0.9996053690725093
1135,5248,0.0014367816091954023,675.9402595567228,A,0.15,2.927595910442088,0.0006309473944918294,False,1440,0,2.3183171467099433e-06,0.999607687389656
1136,3498,0.0014367828091954023,675.9402354232805,A,0.15,2.9267777920872877,0.0006307716027008835,False,1278,0,2.3176712273722004e-06,0.9996100050608834
1137,580,0.0014367842758620688,675.9402059268782,A,0.15,2.9257052022417356,0.0006305410845583169,False,1163,0,2.3168242246470842e-06,0.9996123218851081
1138,5407,0.0014367842425287356,675.9402065972506,A,0.15,2.919249429005688,0.0006291497369409572,False,1171,0,2.3117119362589896e-06,0.9996146335970443
1139,4774,0.0014367826091954022,675.9402394455195,A,0.15,2.9065796847194605,0.0006264184714868363,False,1292,0,2.3016763301374923e-06,0.9996169352733744
1140,2786,0.001436788167925561,675.9401276530214,A,0.15272188095742434,2.85122993000669,0.0006256425081984819,False,992,0,2.2988251748552707e-06,0.9996192340985492
1141,2783,0.0014367833663382595,675.9402242184748,A,0.15925762448241798,2.715277538271475,0.0006213062922463613,False,1236,0,2.282892430094933e-06,0.9996215169909793
1142,36,0.0014367816091954023,675.9402595567228,A,0.15,2.870613111961159,0.0006186666189571463,False,1383,0,2.2731933650040497e-06,0.9996237901843443
1143,2261,0.0014367826091954022,675.9402394455195,A,0.15,2.8609009614565593,0.0006165739122076785,False,1304,0,2.2655040425935268e-06,0.9996260556883869
1144,4451,0.0014367868758620689,675.9401536378754,A,0.15,2.860188684249111,0.0006164222346027483,False,1029,0,2.2649467270465397e-06,0.999628320635114
1145,2033,0.01740508719113924,603.5031926732455,B,0.15,0.2348369849744727,0.0006131037298777428,False,668,0,2.252753402416656e-06,0.9996305733885164
1146,2030,0.14598559682731432,538.0915634835027,E,0.15,0.027875214154797805,0.0006104069662616036,True,176,0,2.2428445678822737e-06,0.9996328162330842
1147,5391,0.011538475105128206,615.5360828521838,B,0.15,0.3521346427306876,0.0006094645213201881,False,809,0,2.23938170190234e-06,0.999635055614786
1148,4723,0.0014367865901477833,675.940159383915,A,0.15,2.8121623632027886,0.0006060715759152101,False,1043,0,2.226914856680566e-06,0.9996372825296427
1149,4029,0.001436782775862069,675.9402360936535,A,0.15,2.8057107420965677,0.0006046795302443298,False,1279,0,2.2218000034043995e-06,0.9996395043296461
1150,454,0.0014367865425287357,675.9401603415884,A,0.15,2.805558451090544,0.0006046482940206986,False,1047,0,2.2216852308045363e-06,0.9996417260148769
1151,2914,0.0014367856091954023,675.9401791119932,A,0.15,2.794087588108561,0.0006021757256138808,False,1092,0,2.212600166369718e-06,0.9996439386150433
1152,2901,0.001436782275862069,675.9402461492524,A,0.15,2.7926780156270166,0.0006018705412563827,False,1315,0,2.211478814359912e-06,0.9996461500938577
1153,723,0.0014367826091954022,675.9402394455195,A,0.15,2.7908676017590417,0.0006014805052161406,False,1294,0,2.2100456881629862e-06,0.9996483601395458
1154,3160,0.0014367836091954023,675.9402193343301,A,0.15,2.7859911127101515,0.0006004299549159009,False,1211,0,2.206185606013842e-06,0.9996505663251518
1155,1060,0.001436782275862069,675.9402461492524,A,0.15,2.7856050224366817,0.0006003461885684078,False,1324,0,2.2058778197207124e-06,0.9996527722029716
1156,154,0.0014367863711001643,675.9401637892129,A,0.15,2.775445069392959,0.0005981582474161429,False,1057,0,2.1978385734482507e-06,0.999654970041545
1157,5422,0.0014367816091954023,675.9402595567228,A,0.15,2.7751130155701835,0.0005980847016315051,False,1399,0,2.1975683410087754e-06,0.999657167609886
1158,1560,0.0014367824091954023,675.940243467759,A,0.15,2.7522769455120986,0.0005931634650818754,False,1308,0,2.1794860299070534e-06,0.9996593470959159
1159,5214,0.0014367849425287356,675.9401925194326,A,0.15,2.74764533332986,0.0005921663163506537,False,1124,0,2.1758221634395906e-06,0.9996615229180793
1160,3111,0.0014367816091954023,675.9402595567228,A,0.15,2.725471058740192,0.0005873860040388344,False,1353,0,2.1582576563255786e-06,0.9996636811757357
1161,235,0.0014367816091954023,675.9402595567228,A,0.15,2.7212028469998355,0.00058646613081893,False,1413,0,2.154877726592734e-06,0.9996658360534623
1162,3452,0.0014367867044334974,675.940157085499,A,0.15,2.7130832620789724,0.0005847182938464194,False,1036,0,2.148455574035486e-06,0.9996679845090363
1163,5088,0.011538475071794873,615.5360829365125,B,0.15,0.33701852947093575,0.0005833019851550036,False,810,0,2.143251570099487e-06,0.9996701277606064
1164,1155,0.0014367816091954023,675.9402595567228,A,0.15,2.706166709766445,0.000583225584001389,False,1356,0,2.1429708460549796e-06,0.9996722707314525
1165,10,0.0014367826091954022,675.9402394455195,A,0.15,2.6516645944764266,0.0005714798362144362,False,1296,0,2.0998129398124874e-06,0.9996743705443923
1166,161,0.0014367816091954023,675.9402595567228,A,0.15,2.6457604933726127,0.0005702070028820286,False,1367,0,2.0951361135585315e-06,0.9996764656805059
1167,119,0.0014367840615763547,675.9402102364156,A,0.15,2.639175931171729,0.0005687888870405212,False,1181,0,2.0899254695332314e-06,0.9996785556059755
1168,301,0.0014367861091954023,675.9401690564176,A,0.1790324897892166,2.210670623130305,0.0005686538869995704,False,1067,0,2.0894294330768244e-06,0.9996806450354085
1169,4861,0.0014367855615763547,675.9401800696671,A,0.15,2.624633051821328,0.0005656552309939452,False,1096,0,2.0784113423522807e-06,0.9996827234467509
1170,3251,0.018797049327306904,601.2423453062999,B,0.15,0.20012240758663488,0.000564256615035809,False,421,0,2.073272347587082e-06,0.9996847967190985
1171,5310,0.0014367826091954022,675.9402394455195,A,0.15,2.6000767034001675,0.0005603617485029209,False,1299,0,2.0589612719789265e-06,0.9996868556803705
1172,2,0.0014367816091954023,675.9402595567228,A,0.15,2.5906815257578786,0.0005583365357236807,False,1459,0,2.0515199455659213e-06,0.9996889072003161
1173,766,0.001436782775862069,675.9402360936535,A,0.15,2.555689301526448,0.0005507955553332243,False,1282,0,2.023811797002634e-06,0.9996909310121131
1174,5042,0.0014367816091954023,675.9402595567228,A,0.15,2.536553632976856,0.0005466710415898396,False,1390,0,2.0086569187725234e-06,0.9996929396690319
1175,5430,0.0014367816091954023,675.9402595567228,A,0.15,2.5257577948538192,0.0005443443523391852,False,1402,0,2.000107864395015e-06,0.9996949397768964
1176,2322,0.001436782275862069,675.9402461492524,A,0.15,2.5238769226568696,0.0005439392443396038,False,1312,0,1.99861935864969e-06,0.9996969383962551
1177,4598,0.017405100028512976,603.503171014672,B,0.15,0.20760514047679712,0.0005420082354648213,False,545,0,1.9915241696942577e-06,0.9996989299204248
1178,2262,0.0014367853314176246,675.9401846984255,A,0.15,2.5066383677386965,0.0005402251856903365,False,1104,0,1.9849726332243195e-06,0.999700914893058
1179,2739,0.0014367833425287357,675.9402246973125,A,0.15,2.50651183690593,0.0005401971682676316,False,1238,0,1.984869687603131e-06,0.9997028997627456
1180,2959,0.0014367821091954022,675.9402495011194,A,0.15,2.496351583415687,0.000538006993996991,False,1339,0,1.9768222360877815e-06,0.9997048765849817
1181,2105,0.001436783894909688,675.9402135882785,A,0.15,2.484885323652051,0.0005355364820581073,False,1191,0,1.967744727821536e-06,0.9997068443297096
1182,2935,0.0014367836091954023,675.9402193343301,A,0.15,2.4693763342329147,0.0005321939162941319,False,1219,0,1.9554629946813728e-06,0.9997087997927042
1183,2931,0.017405098703044002,603.5031732509361,B,0.15,0.20377937478108785,0.0005320200197564144,False,554,0,1.9548240391540765e-06,0.9997107546167434
1184,4927,0.011538474181318682,615.5360851892918,B,0.15,0.30283612247231245,0.0005241400170476159,False,839,0,1.925870206306186e-06,0.9997126804869497
1185,2930,0.0014367816091954023,675.9402595567228,A,0.15,2.4236627434151248,0.000522341108494639,False,1355,0,1.919260399244397e-06,0.999714599747349
1186,4902,0.011538474657509158,615.536083984597,B,0.15,0.2966793380152307,0.0005134840534643,False,826,0,1.8867165410314214e-06,0.99971648646389
1187,1806,0.0014367816091954023,675.9402595567228,A,0.15,2.3825441256087743,0.0005134793374156841,False,1432,0,1.886699212651169e-06,0.9997183731631026
1188,1348,0.0014367863546499477,675.9401641200456,A,0.15,2.3807904521237617,0.000513103085233845,False,1058,0,1.8853167330779757e-06,0.9997202584798357
1189,4171,0.006250008047186148,633.3804979257297,A,0.15,0.5416732654725105,0.0005078193402223184,False,951,0,1.8659024415443191e-06,0.9997221243822773
1190,4880,0.0014367872282430214,675.9401465510947,A,0.15,2.350213797628202,0.0005065135752109094,False,1016,0,1.8611046130059171e-06,0.9997239854868902
1191,375,0.0014367836091954023,675.9402193343301,A,0.15,2.3501896053154674,0.0005065070855128013,False,1212,0,1.8610807676290563e-06,0.9997258465676578
1192,1016,0.006250010604761905,633.3804860441212,A,0.15,0.5402338810069484,0.0005064701228017662,False,879,0,1.8609449539502464e-06,0.9997277075126118
1193,4469,0.0014367826091954022,675.9402394455195,A,0.15,2.3480633496401855,0.0005060484879078183,False,1288,0,1.8593957227261788e-06,0.9997295669083345
1194,2625,0.0062500105333333335,633.3804863759535,A,0.15,0.5394162834684432,0.0005057036180293933,False,884,0,1.8581285525000773e-06,0.999731425036887
1195,46,0.011538474213064713,615.5360851089788,B,0.15,0.2901520582482812,0.0005021868062948165,False,836,0,1.8452065798963442e-06,0.9997332702434668
1196,3136,0.0014367880425287356,675.9401301748919,A,0.15,2.2915477641026882,0.0004938702639519303,False,996,0,1.8146487506966835e-06,0.9997350848922175
1197,774,0.0014367845091954022,675.9402012342715,A,0.15,2.285667630953354,0.0004926017767984698,False,1147,0,1.8099878937949487e-06,0.9997368948801113
1198,704,0.0014367862213166143,675.9401668015315,A,0.15,2.2725648648548478,0.0004897784827307549,False,1063,0,1.7996141429806521e-06,0.9997386944942542
1199,1131,0.0014367816091954023,675.9402595567228,A,0.15,2.2613910773158037,0.00048736876666288873,False,1414,0,1.7907600195979318e-06,0.9997404852542738
1200,4704,0.0014367864187192119,675.9401628315394,A,0.15,2.261363511149792,0.0004873644570910818,False,1053,0,1.7907441847529e-06,0.9997422759984586
1201,3030,0.0014367816091954023,675.9402595567228,A,0.15,2.2562031627865813,0.0004862506816350391,False,1368,0,1.786651791694667e-06,0.9997440626502503
1202,4018,0.0014367869544334975,675.9401520577146,A,0.15,2.255645294376954,0.000486132259918517,False,1026,0,1.7862166696886922e-06,0.99974584886692
1203,3042,0.0014367816091954023,675.9402595567228,A,0.15,2.246990067125957,0.0004842651006736976,False,1426,0,1.7793560861746116e-06,0.9997476282230061
1204,4915,0.0014367821091954022,675.9402495011194,A,0.15,2.242173450942959,0.0004832272050041638,False,1333,0,1.775542501479307e-06,0.9997494037655076
1205,2969,0.0014367816091954023,675.9402595567228,A,0.15,2.240331394898079,0.0004828300420038963,False,1428,0,1.7740831883866514e-06,0.9997511778486959
1206,4643,0.001436786752052545,675.9401561278257,A,0.15,2.217634064791021,0.0004779400867788261,False,1034,0,1.7561158156010729e-06,0.9997529339645116
1207,3561,0.001436783591013584,675.9402196999879,A,0.15,2.21683170890503,0.00047776611350900235,False,1224,0,1.7554765781336983e-06,0.9997546894410897
1208,1388,0.0014367844663382594,675.9402020961788,A,0.15,2.1951804519689397,0.0004731001761297558,False,1154,0,1.738332323753356e-06,0.9997564277734134
1209,5356,0.001436783875862069,675.9402139713486,A,0.15,2.1886537863736466,0.0004716933705159181,False,1192,0,1.733163237384001e-06,0.9997581609366508
1210,2129,0.0014367836091954023,675.9402193343301,A,0.15,2.172713031639124,0.0004682577707016517,False,1210,0,1.7205396652317424e-06,0.999759881476316
1211,5432,0.0014367841091954023,675.9402092787406,A,0.15,2.1587166112549845,0.00046524145849609653,False,1176,0,1.709456699572456e-06,0.9997615909330155
1212,1680,0.0014367816091954023,675.9402595567228,A,0.15,2.1587166112549845,0.00046524064897736735,False,1422,0,1.7094537251229744e-06,0.9997633003867407
1213,3894,0.0014367821091954022,675.9402495011194,A,0.15,2.1539242032722745,0.00046420796397368474,False,1346,0,1.705659286201302e-06,0.9997650060460269
1214,64,0.0014367821091954022,675.9402495011194,A,0.15,2.1538611402138628,0.00046419437279257315,False,1338,0,1.7056093475400283e-06,0.9997667116553745
1215,1529,0.0014367837758620689,675.9402159824665,A,0.15,2.132962639930907,0.0004596909173358982,False,1199,0,1.6890621074756443e-06,0.999768400717482
1216,1015,0.001436783275862069,675.9402260380583,A,0.15,2.111655628585413,0.0004550987237297289,False,1244,0,1.672188813012215e-06,0.9997700729062949
1217,5353,0.0014367816091954023,675.9402595567228,A,0.15,2.1102886273680843,0.00045480358348450094,False,1397,0,1.6711043665160895e-06,0.9997717440106615
1218,4033,0.017405091266896815,603.5031857968299,B,0.15,0.17250852440468592,0.0004503789917371882,False,619,0,1.6548468987707033e-06,0.9997733988575602
1219,1668,0.011538474335286935,615.5360847997738,B,0.15,0.25884719643314297,0.0004480052599207194,False,832,0,1.6461249938704654e-06,0.9997750449825541
1220,4565,0.001436782275862069,675.9402461492524,A,0.15,2.065889906075378,0.00044523510013971866,False,1325,0,1.6359464766509869e-06,0.9997766809290307
1221,2082,0.001436782275862069,675.9402461492524,A,0.15,2.0602956266650776,0.0004440294359142777,False,1320,0,1.6315164527354973e-06,0.9997783124454834
1222,2049,0.0014367860536398467,675.9401701737037,A,0.15,2.032710267702264,0.0004380854645587699,False,1070,0,1.6096762631518237e-06,0.9997799221217466
1223,4300,0.0014367841091954023,675.9402092787406,A,0.15,2.0313420581881756,0.0004377899984317579,False,1178,0,1.608590619254244e-06,0.9997815307123659
1224,2761,0.0014367816091954023,675.9402595567228,A,0.15,2.0103531657653564,0.000433265768483913,False,1450,0,1.5919670465835065e-06,0.9997831226794125
1225,3969,0.0014367829091954023,675.9402334121612,A,0.15,2.0072590966058206,0.0004325993346495369,False,1274,0,1.5895183400845659e-06,0.9997847121977526
1226,1160,0.0014367835203065134,675.9402211219908,A,0.15,2.0043642268093103,0.00043197562346572856,False,1228,0,1.5872266112579775e-06,0.9997862994243638
1227,638,0.0014367834091954022,675.9402233565668,A,0.15,1.99104089620729,0.00042910417900502687,False,1234,0,1.5766759393839278e-06,0.9997878761003032
1228,1986,0.0014367829425287356,675.9402327417881,A,0.15,1.9901664718201346,0.0004289155859255647,False,1270,0,1.5759829837212452e-06,0.9997894520832868
1229,2558,0.011538473541636143,615.5360868075987,B,0.15,0.24708636031797193,0.000427649914654214,False,854,0,1.571332473336249e-06,0.9997910234157602
1230,4725,0.006250010566666667,633.3804862210984,A,0.15,0.4518681628708232,0.0004236271189024349,False,881,0,1.5565513418972758e-06,0.9997925799671021
1231,5165,0.0014367854425287355,675.9401824638524,A,0.15,1.949348464015884,0.0004201193243270659,False,1101,0,1.5436625014294207e-06,0.9997941236296035
1232,3451,0.0014367836925287356,675.9402176583983,A,0.15,1.9393759463913125,0.0004179695600186282,False,1204,0,1.5357635299761027e-06,0.9997956593931335
1233,253,0.0014367876901477832,675.9401372616686,A,0.15,1.9285923115867156,0.00041564665389021767,False,1004,0,1.5272283760873558e-06,0.9997971866215096
1234,5116,0.0014367829425287356,675.9402327417881,A,0.15,1.9212254303027816,0.00041405758905172,False,1268,0,1.5213896068104178e-06,0.9997987080111165
1235,4036,0.0014367816091954023,675.9402595567228,A,0.15,1.916554015604031,0.00041305043439742047,False,1446,0,1.5176889751494662e-06,0.9998002257000916
1236,206,0.0014367836091954023,675.9402193343301,A,0.15,1.907124142120104,0.0004110187062148512,False,1217,0,1.5102237089098017e-06,0.9998017359238005
1237,1276,0.0014367816091954023,675.9402595567228,A,0.15,1.8797532865997364,0.00040511924280166734,False,1385,0,1.48854705677276e-06,0.9998032244708572
1238,4869,0.0014367872654724586,675.9401458023685,A,0.15,1.8790645218220539,0.00040497239639325326,False,1013,0,1.4880074926989068e-06,0.9998047124783499
1239,4776,0.001436782275862069,675.9402461492524,A,0.15,1.8788450862382924,0.00040492369784965785,False,1327,0,1.4878285575457979e-06,0.9998062003069075
1240,5366,0.011538474577350428,615.5360841873872,B,0.15,0.23248886704634672,0.0004023850322896913,False,827,0,1.4785006294985278e-06,0.999807678807537
1241,3108,0.001436782275862069,675.9402461492524,A,0.15,1.849756153516619,0.00039865452840592115,False,1317,0,1.4647934786407641e-06,0.9998091436010156
1242,1069,0.0014367816091954023,675.9402595567228,A,0.15,1.845407775777701,0.000397717193055539,False,1435,0,1.4613493870509122e-06,0.9998106049504026
1243,362,0.0014367816091954023,675.9402595567228,A,0.15,1.841127417507179,0.00039679470204896097,False,1425,0,1.4579598386719098e-06,0.9998120629102413
1244,1240,0.0014367857520525451,675.9401762389712,A,0.15,1.8261180724397894,0.000393561064207072,False,1089,0,1.4460783440805277e-06,0.9998135089885853
1245,3853,0.0014367816091954023,675.9402595567228,A,0.15,1.801831758401782,0.00038832581000038406,False,1418,0,1.426842224396532e-06,0.9998149358308097
1246,2198,0.018797035738345864,601.2423665652794,B,0.15,0.13740415862105562,0.00038741863202959895,False,499,0,1.4235089413635107e-06,0.9998163593397511
1247,793,0.0014367869996715927,675.9401511479252,A,0.15,1.7924466073053198,0.0003863045974472604,False,1024,0,1.4194155961863847e-06,0.9998177787553473
1248,2058,0.0014367844330049262,675.9402027665512,A,0.15,1.7901337266169106,0.000385805440710041,False,1155,0,1.4175815231196063e-06,0.9998191963368704
1249,3057,0.0014367845091954022,675.9402012342715,A,0.15,1.7783400592792247,0.00038326371738810346,False,1146,0,1.4082423598060208e-06,0.9998206045792303
1250,3514,0.0014367816091954023,675.9402595567228,A,0.15,1.7758081047377339,0.00038271726395209784,False,1415,0,1.406234502444805e-06,0.9998220108137327
1251,4887,0.0014367843758620689,675.940203915761,A,0.15,1.7672588430401346,0.00038087548406762125,False,1158,0,1.399467171405921e-06,0.999823410280904
1252,2396,0.0014367816091954023,675.9402595567228,A,0.15,1.7640559877888216,0.00038018448012690117,False,1412,0,1.3969281859085553e-06,0.99982480720909
1253,5434,0.001436782525862069,675.9402411214526,A,0.15,1.762822440770808,0.0003799188718645528,False,1305,0,1.395952250047205e-06,0.99982620316134
1254,224,0.0014367841425287355,675.940208608368,A,0.15,1.7619346030513539,0.0003797279546755271,False,1174,0,1.3952507548088e-06,0.9998275984120948
1255,320,0.0014367841091954023,675.9402092787406,A,0.1674991674991675,1.5652494938225792,0.00037669316570901286,False,1177,0,1.3840998991920926e-06,0.9998289825119939
1256,2904,0.0014367816091954023,675.9402595567228,A,0.15,1.746292329920844,0.00037635610558638875,False,1382,0,1.3828614246876042e-06,0.9998303653734186
1257,1696,0.0014367816091954023,675.9402595567228,A,0.15,1.7427247800313983,0.0003755872370757324,False,1389,0,1.380036338052203e-06,0.9998317454097567
1258,797,0.0014367873568144499,675.9401439653778,A,0.15,1.7313141527531117,0.00037312954280243883,False,1010,0,1.3710059262858842e-06,0.999833116415683
1259,232,0.0014367861091954023,675.9401690564176,A,0.15,1.7115594764290751,0.0003688717321192576,False,1068,0,1.3553612693771825e-06,0.9998344717769523
1260,1318,0.0014367816091954023,675.9402595567228,A,0.15,1.7107162225749784,0.0003686888410721936,False,1445,0,1.3546892649373677e-06,0.9998358264662173
1261,2051,0.0014367821091954022,675.9402495011194,A,0.15,1.703862792434172,0.00036721193650397066,False,1335,0,1.349262610965172e-06,0.9998371757288282
1262,4227,0.0014367816091954023,675.9402595567228,A,0.15,1.6984328245389222,0.00036604155701269877,False,1453,0,1.3449622352659293e-06,0.9998385206910635
1263,1759,0.0014367829425287356,675.9402327417881,A,0.15,1.694175863948516,0.0003651244474447667,False,1267,0,1.3415924601383831e-06,0.9998398622835236
1264,5274,0.0014367845091954022,675.9402012342715,A,0.15,1.6876562406220006,0.0003637197515058958,False,1148,0,1.3364311254384892e-06,0.999841198714649
1265,5226,0.0014367816091954023,675.9402595567228,A,0.15,1.6873481361493337,0.00036365261554942535,False,1366,0,1.3361844449063165e-06,0.9998425348990939
1266,4284,0.0014367845425287357,675.9402005638992,A,0.15,1.686713217094226,0.00036351652169998495,False,1143,0,1.335684389422335e-06,0.9998438705834833
1267,4719,0.0014367816091954023,675.9402595567228,A,0.15,1.6826764599005462,0.00036264578877166943,False,1461,0,1.3324850179762503e-06,0.9998452030685013
1268,2682,0.0014367882425287356,675.9401261526682,A,0.15,1.660754248167613,0.00035792282662453146,False,990,0,1.3151312350387827e-06,0.9998465181997364
1269,3695,0.001436782275862069,675.9402461492524,A,0.15,1.6594573591554505,0.00035764183817751406,False,1328,0,1.314098787103448e-06,0.9998478322985235
1270,2779,0.001436785875862069,675.9401737490191,A,0.15,1.6554305277655998,0.00035677488011467566,False,1082,0,1.3109132858079312e-06,0.9998491432118093
1271,5423,0.0014367856377668308,675.9401785373888,A,0.15,1.653568317419533,0.00035637348143019735,False,1091,0,1.3094384093586158e-06,0.9998504526502187
1272,1332,0.0014367843091954023,675.9402052565058,A,0.15,1.6422073385382023,0.0003539246604685847,False,1162,0,1.3004406011830202e-06,0.9998517530908199
1273,2878,0.0014367821091954022,675.9402495011194,A,0.15,1.640454503552287,0.0003535463522479427,False,1348,0,1.2990505670180292e-06,0.9998530521413869
1274,3769,0.0014367816091954023,675.9402595567228,A,0.15,1.6305466425655675,0.00035141091434602747,False,1457,0,1.291204235696332e-06,0.9998543433456225
1275,5194,0.001436782275862069,675.9402461492524,A,0.15,1.6002979169023073,0.00034489195246563376,False,1316,0,1.2672513336984764e-06,0.9998556105969562
1276,1363,0.0014367833663382595,675.9402242184748,A,0.15,1.5932159839044278,0.00034336593369871886,False,1237,0,1.2616442173137748e-06,0.9998568722411735
1277,262,0.0014367816091954023,675.9402595567228,A,0.15,1.5891688568949398,0.0003424932881239094,False,1374,0,1.2584378181484201e-06,0.9998581306789917
1278,2557,0.0014367843472906405,675.9402044903659,A,0.15,1.587116711834384,0.0003420516673330549,False,1160,0,1.2568151518838162e-06,0.9998593874941435
1279,4574,0.0014367821091954022,675.9402495011194,A,0.15,1.585201956583044,0.0003416384716020097,False,1340,0,1.255296929038945e-06,0.9998606427910726
1280,628,0.00625000875,633.3804946607003,A,0.15,0.36246546450472916,0.00033981184870910574,False,933,0,1.2485852899860523e-06,0.9998618913763625
1281,3602,0.0014367842758620688,675.9402059268782,A,0.15,1.5704275693254381,0.0003384548456980618,False,1167,0,1.243599195462001e-06,0.999863134975558
1282,5388,0.0014367816091954023,675.9402595567228,A,0.15,1.5575166597104129,0.0003356716939031062,False,1460,0,1.2333729411269011e-06,0.9998643683484991
1283,5039,0.0014367836091954023,675.9402193343301,A,0.15,1.5525169182039007,0.00033459462916108853,False,1208,0,1.2294154358240265e-06,0.9998655977639349
1284,4208,0.0014367831091954024,675.940229389923,A,0.15,1.5503334552075008,0.0003341239383094026,False,1260,0,1.2276859561846947e-06,0.9998668254498911
1285,1282,0.0014367849425287356,675.9401925194326,A,0.15,1.5415494887588466,0.00033223126404173715,False,1126,0,1.2207316217248474e-06,0.9998680461815128
1286,1387,0.011538478141780443,615.5360751698822,B,0.15,0.19195056746884562,0.0003322226140562441,False,764,0,1.2206998387111406e-06,0.9998692668813516
1287,2911,0.001436787275862069,675.9401455934218,A,0.15,1.537123200987002,0.0003312778584915747,False,1012,0,1.2172284827088122e-06,0.9998704841098343
1288,4492,0.0014367836091954023,675.9402193343301,A,0.15,1.5318805471256798,0.00033014712920331925,False,1207,0,1.2130737954557473e-06,0.9998716971836297
1289,302,0.0014367839425287357,675.9402126306034,A,0.15,1.5179131264149301,0.00032713698092798435,False,1188,0,1.2020134781903614e-06,0.9998728991971079
1290,5382,0.001436782775862069,675.9402360936535,A,0.15,1.505068354020595,0.00032436844313277983,False,1280,0,1.1918409207030504e-06,0.9998740910380286
1291,1254,0.0014367816091954023,675.9402595567228,A,0.15,1.5019591819100648,0.0003236980995495829,False,1447,0,1.189377848445871e-06,0.999875280415877
1292,2296,0.0014367838234811165,675.9402150247913,A,0.15,1.5001747619440278,0.0003233140245533721,False,1194,0,1.187966625169396e-06,0.9998764683825022
1293,3517,0.0014367859091954022,675.9401730786474,A,0.15,1.4904900708619333,0.0003212272697415124,False,1079,0,1.1802991722192017e-06,0.9998776486816744
1294,1300,0.0014367818091954023,675.9402555344811,A,0.15,1.4818270573930783,0.00031935932406538896,False,1352,0,1.1734356990867587e-06,0.9998788221173734
1295,1311,0.0014367832425287357,675.9402267084313,A,0.15,1.4777933956415852,0.0003184903180166201,False,1249,0,1.1702426727884598e-06,0.9998799923600462
1296,2109,0.01740508939272654,603.5031889588366,B,0.15,0.12181919197375811,0.0003180410889079463,False,636,0,1.168592050954482e-06,0.9998811609520971
1297,4491,0.0014367842091954023,675.9402072676231,A,0.15,1.4741791084532476,0.0003177115896827074,False,1173,0,1.167381357780427e-06,0.9998823283334549
1298,913,0.001436782675862069,675.9402381047731,A,0.15,1.4715262006479097,0.0003171395028252071,False,1285,0,1.1652793144361978e-06,0.9998834936127694
1299,2675,0.0014367816091954023,675.9402595567228,A,0.15,1.4694214212551497,0.00031668565113257536,False,1380,0,1.1636117076431798e-06,0.9998846572244771
1300,2485,0.0014367816091954023,675.9402595567228,A,0.15,1.460822637500402,0.0003148324649785349,False,1396,0,1.1568024660574885e-06,0.9998858140269431
1301,1136,0.0014367874425287356,675.9401422415667,A,0.15,1.4605706114801686,0.00031477942702518345,False,1008,0,1.156607586424488e-06,0.9998869706345295
1302,1484,0.001436782275862069,675.9402461492524,A,0.15,1.459481248929162,0.00031454351856216844,False,1319,0,1.1557407778131264e-06,0.9998881263753073
1303,1218,0.0014367833234811165,675.9402250803828,A,0.15,1.4562037297072112,0.00031383738516514866,False,1241,0,1.1531462015038067e-06,0.9998892795215089
1304,1169,0.0014367816091954023,675.9402595567228,A,0.15,1.455809135785754,0.00031375196891934355,False,1420,0,1.152832352918352e-06,0.9998904323538618
1305,1418,0.0014367859615763547,675.9401720252063,A,0.15,1.4506738934145589,0.00031264618273250266,False,1076,0,1.1487693151755417e-06,0.999891581123177
1306,390,0.0014367816091954023,675.9402595567228,A,0.15,1.440190169837867,0.0003103858124650575,False,1423,0,1.140463939490217e-06,0.9998927215871165
1307,2188,0.001436784475862069,675.9402019046438,A,0.15,1.4383177412846748,0.00030998289030522244,False,1151,0,1.1389834652698781e-06,0.9998938605705818
1308,863,0.0014367816091954023,675.9402595567228,A,0.15,1.4363204682464368,0.00030955182505311137,False,1377,0,1.1373995836752409e-06,0.9998949979701655
1309,5344,0.0014367816091954023,675.9402595567228,A,0.15,1.4355736680563769,0.0003093908767362881,False,1381,0,1.1368082043528396e-06,0.9998961347783698
1310,4826,0.0014367816091954023,675.9402595567228,A,0.15,1.4355736680563769,0.0003093908767362881,False,1398,0,1.1368082043528396e-06,0.9998972715865742
1311,285,0.0014367850425287356,675.9401905083163,A,0.15,1.4319060731344684,0.0003086011842278493,False,1120,0,1.1339066032068098e-06,0.9998984054931773
1312,2371,0.0014367844091954024,675.9402032453886,A,0.15,1.426599510221102,0.00030745739016772145,False,1156,0,1.129703911500578e-06,0.9998995351970889
1313,2180,0.0014367852425287357,675.940186486084,A,0.15,1.4194087838090994,0.0003059078390538862,False,1112,0,1.124010329201532e-06,0.9999006592074181
1314,3310,0.0014367836091954023,675.9402193343301,A,0.15,1.415531567386957,0.00030507188314803855,False,1209,0,1.1209387404647548e-06,0.9999017801461586
1315,732,0.001436783525862069,675.940221010262,A,0.15,1.4139453004426121,0.0003047299971219058,False,1227,0,1.1196825339354572e-06,0.9999028998286925
1316,1458,0.0014367816091954023,675.9402595567228,A,0.15,1.4027216388020103,0.0003023106980176746,False,1388,0,1.1107931991900833e-06,0.9999040106218917
1317,1635,0.001436783275862069,675.9402260380583,A,0.15,1.3927107823002882,0.0003001535340182749,False,1245,0,1.1028670387340258e-06,0.9999051134889304
1318,824,0.006250007316666667,633.3805013194703,A,0.15,0.3181499159864506,0.00029826589540683026,False,970,0,1.0959312070023986e-06,0.9999062094201374
1319,4414,0.0014367865203065134,675.9401607885027,A,0.15,1.3824264617186675,0.00029793775582686146,False,1048,0,1.0947255096314338e-06,0.999907304145647
1320,5225,0.0014367816091954023,675.9402595567228,A,0.15,1.3738744142712311,0.00029609362376535153,False,1404,0,1.0879495358873164e-06,0.9999083920951829
1321,1716,0.0014367836091954023,675.9402193343301,A,0.15,1.3461783875460431,0.0002901250563418876,False,1214,0,1.0660189719133494e-06,0.9999094581141548
1322,5421,0.0014367816091954023,675.9402595567228,A,0.15,1.3365014057303115,0.0002880390960625671,False,1429,0,1.0583544383482343e-06,0.9999105164685931
1323,4911,0.001436784775862069,675.9401958712933,A,0.15,1.3284600582974304,0.0002863066780653877,False,1135,0,1.0519889403951686e-06,0.9999115684575335
1324,1250,0.001436785775862069,675.9401757601343,A,0.15,1.3190470469511186,0.00028427820521283507,False,1087,0,1.0445356353545859e-06,0.9999126129931688
1325,814,0.01740508733002813,603.5031924389191,B,0.15,0.10882383287063872,0.0002841132472052779,False,665,0,1.0439295230530765e-06,0.9999136569226919
1326,1574,0.0014367864091954022,675.9401630230741,A,0.15,1.2957251092081346,0.0002792520340445214,False,1054,0,1.0260677584705145e-06,0.9999146829904503
1327,1581,0.0014367816091954023,675.9402595567228,A,0.15,1.2872796053674784,0.0002774309494326462,False,1442,0,1.0193764689617906e-06,0.9999157023669193
1328,1970,0.0014367839425287357,675.9402126306034,A,0.15,1.2813154520642234,0.0002761460200259736,False,1190,0,1.0146551975819474e-06,0.9999167170221168
1329,3373,0.0014367830091954023,675.9402314010421,A,0.15,1.2760245940241628,0.0002750055684014067,False,1263,0,1.0104647871304451e-06,0.999917727486904
1330,1810,0.001436783998084291,675.9402115133157,A,0.15,1.2725255881109259,0.00027425166032258696,False,1184,0,1.007694670253144e-06,0.9999187351815743
1331,467,0.0014367826091954022,675.9402394455195,A,0.15,1.267401165244439,0.0002731469929645797,False,1298,0,1.0036357434712345e-06,0.9999197388173178
1332,1841,0.0014367859091954022,675.9401730786474,A,0.15,1.2366502629917961,0.0002665202508704102,False,1080,0,9.79286819998603e-07,0.9999207181041377
1333,3391,0.0014367816091954023,675.9402595567228,A,0.15,1.2294309830433356,0.00026496357393175336,False,1430,0,9.735670549749553e-07,0.9999216916711927
1334,899,0.0014367846647509578,675.9401981058675,A,0.15,1.2281883699095837,0.00026469633229673497,False,1137,0,9.725851175421571e-07,0.9999226642563103
1335,190,0.0014367842758620688,675.9402059268782,A,0.15,1.2243080342489723,0.0002638599798630784,False,1166,0,9.695120718261981e-07,0.9999236337683821
1336,2747,0.001436787133004926,675.9401484664406,A,0.15,1.2175454910755579,0.00026240305431382885,False,1020,0,9.641588276226533e-07,0.9999245979272098
1337,3744,0.0014367838425287357,675.9402146417212,A,0.15,1.2151083918218186,0.00026187721564359975,False,1193,0,9.622267159819087e-07,0.9999255601539258
1338,2143,0.0014367816091954023,675.9402595567228,A,0.15,1.2020288126532204,0.00025905793376146993,False,1462,0,9.518677073136592e-07,0.9999265120216331
1339,4042,0.0014367844806239738,675.9402018088764,A,0.15,1.199026173117847,0.00025841132960965153,False,1150,0,9.494918618701547e-07,0.999927461513495
1340,2027,0.0014367824091954023,675.940243467759,A,0.15,1.1772246727868734,0.000253712355229649,False,1306,0,9.322262182171137e-07,0.9999283937397132
1341,2869,0.0014367816091954023,675.9402595567228,A,0.15,1.1761092980675707,0.0002534718314800799,False,1438,0,9.31342451459877e-07,0.9999293250821647
1342,345,0.0014367816091954023,675.9402595567228,A,0.15,1.1758028440474224,0.0002534057853550479,False,1452,0,9.31099775342229e-07,0.9999302561819401
1343,3330,0.001436786637766831,675.9401584262416,A,0.15,1.1665459984883353,0.0002514116554452609,False,1040,0,9.237726580532356e-07,0.9999311799545981
1344,4798,0.0014367816091954023,675.9402595567228,A,0.15,1.1642570230898757,0.000250917461872818,False,1448,0,9.219568213562461e-07,0.9999321019114195
1345,1704,0.0014367853234811166,675.9401848580378,A,0.15,1.1629569647828202,0.00025063792482601525,False,1105,0,9.209297063631405e-07,0.9999330228411258
1346,2711,0.0014367829425287356,675.9402327417881,A,0.15,1.1578715211460455,0.00024954150768336577,False,1273,0,9.169010937023365e-07,0.9999339397422196
1347,2165,0.0014367816091954023,675.9402595567228,A,0.15,1.1562117149389592,0.00024918355925408606,False,1434,0,9.155858683943608e-07,0.9999348553280879
1348,614,0.0014367816091954023,675.9402595567228,A,0.15,1.1525967729907187,0.00024840447693765487,False,1392,0,9.127232527331366e-07,0.9999357680513407
1349,1685,0.0014367821091954022,675.9402495011194,A,0.15,1.1464339573544822,0.0002470763698951507,False,1345,0,9.078433319090186e-07,0.9999366758946726
1350,2200,0.0014367816091954023,675.9402595567228,A,0.15,1.1461943281738263,0.00024702463969263495,False,1410,0,9.076532574011562e-07,0.99993758354793
1351,2393,0.0014367816091954023,675.9402595567228,A,0.15,1.1450210376922938,0.00024677177536471846,False,1378,0,9.06724147126167e-07,0.9999384902720772
1352,4847,0.0014367816091954023,675.9402595567228,A,0.15,1.1418219726351058,0.00024608232168860035,False,1365,0,9.041908578327003e-07,0.999939394462935
1353,1906,0.0014367816091954023,675.9402595567228,A,0.15,1.1363373859907082,0.00024490029870489403,False,1363,0,8.998476999484544e-07,0.9999402943106349
1354,2738,0.001436785275862069,675.9401858157121,A,0.15,1.1331669601027519,0.0002442176405053522,False,1110,0,8.973393795668247e-07,0.9999411916500145
1355,2504,0.0014367882663382594,675.940125673832,A,0.15,1.1064819810430258,0.00023846704909159976,False,988,0,8.76209734219826e-07,0.9999420678597487
1356,2811,0.0014367816091954023,675.9402595567228,A,0.15,1.0945605255464925,0.00023589666498846821,False,1436,0,8.667652613652865e-07,0.99994293462501
1357,1955,0.0014367841171319103,675.9402091191281,A,0.15,1.0811640541810743,0.00023300990115919675,False,1175,0,8.561583008764613e-07,0.999943790783311
1358,4178,0.0014367816091954023,675.9402595567228,A,0.15,1.072969826387197,0.00023124349706620624,False,1361,0,8.496679263499181e-07,0.9999446404512373
1359,4735,0.0014367833425287357,675.9402246973125,A,0.15,1.069841671274844,0.0002305696038646199,False,1240,0,8.471918115772323e-07,0.9999454876430489
1360,2814,0.001436785475862069,675.9401817934805,A,0.15,1.063260666214726,0.00022915162234091183,False,1099,0,8.419816610815987e-07,0.99994632962471
1361,1082,0.0014367816091954023,675.9402595567228,A,0.15,1.0475372680398727,0.00022576234224997257,False,1375,0,8.295282834808312e-07,0.9999471591529935
1362,1603,0.001436782775862069,675.9402360936535,A,0.15,1.0373184321702111,0.00022356018846396078,False,1281,0,8.214368151169509e-07,0.9999479805898086
1363,1734,0.0014367816091954023,675.9402595567228,A,0.15,1.0283849495459663,0.0002216346874021479,False,1359,0,8.143618637555871e-07,0.9999487949516723
1364,4191,0.0014367816091954023,675.9402595567228,A,0.15,1.0182193633254877,0.00021944382830290683,False,1419,0,8.063118959450584e-07,0.9999496012635682
1365,481,0.0014367838091954024,675.9402153120939,A,0.15,1.00347749936796,0.00021626703359756618,False,1196,0,7.946392625349463e-07,0.9999503959028307
1366,1761,0.001436785275862069,675.9401858157121,A,0.15,1.0021949687923128,0.00021599084620557612,False,1111,0,7.936244553225774e-07,0.9999511895272861
1367,137,0.0014367816091954023,675.9402595567228,A,0.15,1.0002147871729659,0.0002155635317183116,False,1456,0,7.920543553245248e-07,0.9999519815816414
1368,1913,0.0014367821091954022,675.9402495011194,A,0.15,0.9904804000641025,0.00021346567774812106,False,1334,0,7.843461202595343e-07,0.9999527659277617
1369,4744,0.0014367837425287356,675.9402166528392,A,0.15,0.9896484507137545,0.00021328662072064096,False,1202,0,7.83688203322766e-07,0.999953549615965
1370,854,0.0014367842187192118,675.9402070760882,A,0.15,0.9868351633180459,0.00021268037836988464,False,1172,0,7.814606609807423e-07,0.999954331076626
1371,2560,0.001436785775862069,675.9401757601343,A,0.15,0.9791561564106854,0.0002110256456817972,False,1088,0,7.75380605499882e-07,0.9999551064572315
1372,894,0.001436787075862069,675.9401496156484,A,0.15,0.96515273222153,0.00020800784578332878,False,1022,0,7.642921735465435e-07,0.9999558707494051
1373,2204,0.0014367828091954023,675.9402354232805,A,0.15,0.9493743592340351,0.00020460671382575428,False,1275,0,7.517952481224855e-07,0.9999566225446532
1374,901,0.001436785275862069,675.9401858157121,A,0.15,0.9295724790560647,0.00020033940761315328,False,1107,0,7.36115701381663e-07,0.9999573586603546
1375,2482,0.0014367816091954023,675.9402595567228,A,0.15,0.9214755539522336,0.00019859386938625724,False,1463,0,7.297019952042883e-07,0.9999580883623498
1376,3389,0.0014367870203065133,675.9401507329335,A,0.15,0.9179487832026276,0.00019783453455175394,False,1023,0,7.269119385651909e-07,0.9999588152742883
1377,2060,0.001436786994909688,675.9401512436925,A,0.15,0.9175369572802471,0.00019774577513538975,False,1025,0,7.265858060243714e-07,0.9999595418600944
1378,609,0.0014367820091954022,675.9402515122399,A,0.15,0.9170963714123954,0.00019765013507155714,False,1351,0,7.262343916246429e-07,0.999960268094486
1379,5321,0.0014367823591954023,675.940244473319,A,0.15,0.9164725617726291,0.00019751574141622984,False,1311,0,7.257405832370114e-07,0.9999609938350692
1380,388,0.0014367821091954022,675.9402495011194,A,0.15,0.9099585003779095,0.0001961118140179887,False,1336,0,7.205820724190062e-07,0.9999617144171417
1381,1636,0.0014367816091954023,675.9402595567228,A,0.15,0.9017008083979906,0.000194332070775429,False,1403,0,7.140426852815247e-07,0.999962428459827
1382,2278,0.0014367872425287355,675.9401462637928,A,0.15,0.8987255827882692,0.0001936916177826582,False,1015,0,7.116894413062516e-07,0.9999631401492682
1383,3110,0.0014367816091954023,675.9402595567228,A,0.15,0.8907560087599304,0.000191973277749985,False,1357,0,7.053756706236213e-07,0.9999638455249389
1384,2982,0.0014367816091954023,675.9402595567228,A,0.15,0.8889593531975716,0.00019158606749947662,False,1408,0,7.03952927347443e-07,0.9999645494778663
1385,3713,0.001436782275862069,675.9402461492524,A,0.15,0.884256601776284,0.00019057263191192827,False,1332,0,7.002292173833315e-07,0.9999652497070837
1386,2766,0.0014367850091954024,675.9401911786883,A,0.15,0.881331769502346,0.00018994264118229426,False,1122,0,6.97914415351452e-07,0.999965947621499
1387,1396,0.0014367816091954023,675.9402595567228,A,0.15,0.8741854369166978,0.00018840203381825384,False,1376,0,6.922536954569208e-07,0.9999666398751945
1388,4721,0.0014367816091954023,675.9402595567228,A,0.15,0.8605546356964725,0.00018546436114148115,False,1409,0,6.81459678400287e-07,0.9999673213348729
1389,379,0.0014367829425287356,675.9402327417881,A,0.15,0.8566616282133969,0.0001846255222403853,False,1265,0,6.783774965500805e-07,0.9999679997123694
1390,4069,0.0014367826091954022,675.9402394455195,A,0.15,0.8471816426731839,0.00018258237765336359,False,1293,0,6.708702825245515e-07,0.9999686705826519
1391,5198,0.0014367821091954022,675.9402495011194,A,0.15,0.8413239201870033,0.00018131987348442402,False,1347,0,6.66231409160152e-07,0.9999693368140611
1392,1981,0.0014367837758620689,675.9402159824665,A,0.15,0.8355500862312841,0.00018007572117258923,False,1197,0,6.616599668135702e-07,0.9999699984740279
1393,5390,0.0014367836091954023,675.9402193343301,A,0.15,0.8324742781313145,0.00017941280968437708,False,1218,0,6.592242026226252e-07,0.9999706576982306
1394,726,0.001436786702846196,675.9401571174214,A,0.15,0.831550892583521,0.00017921418978058325,False,1037,0,6.584944049680775e-07,0.9999713161926356
1395,2976,0.0014367829425287356,675.9402327417881,A,0.15,0.83117296370563,0.00017913227048149574,False,1269,0,6.581934053643403e-07,0.9999719743860409
1396,4917,0.0014367837758620689,675.9402159824665,A,0.15,0.8215407680866991,0.00017705646701943474,False,1200,0,6.505661914296956e-07,0.9999726249522324
1397,2349,0.0014367816091954023,675.9402595567228,A,0.15,0.8214750170651605,0.00017704202953990527,False,1439,0,6.505131431777484e-07,0.9999732754653755
1398,1540,0.001436782275862069,675.9402461492524,A,0.15,0.8183812084874028,0.00017637534228799216,False,1329,0,6.480635055358529e-07,0.999973923528881
1399,3287,0.001436784475862069,675.9402019046438,A,0.15,0.8112935869294061,0.0001748481046599937,False,1153,0,6.424519106374523e-07,0.9999745659807917
1400,3797,0.0014367826091954022,675.9402394455195,A,0.15,0.8007829012800932,0.00017258264194504146,False,1287,0,6.341278235532416e-07,0.9999752001086153
1401,3762,0.0014367833425287357,675.9402246973125,A,0.15,0.7834735007097334,0.00016885225126986309,False,1239,0,6.204210886626756e-07,0.9999758205297039
1402,241,0.0014367839425287357,675.9402126306034,A,0.15,0.7746245544773931,0.00016694521820423912,False,1189,0,6.134139950539609e-07,0.999976433943699
1403,2403,0.0014367860091954023,675.9401710675324,A,0.15,0.7690833518048222,0.0001657512299667411,False,1072,0,6.09026872723119e-07,0.9999770429705717
1404,5191,0.0014367837425287356,675.9402166528392,A,0.15,0.759211130410931,0.00016362333139819342,False,1201,0,6.012082434982581e-07,0.9999776441788152
1405,4363,0.0014367856091954023,675.9401791119932,A,0.15,0.7530543083701912,0.00016229663898133313,False,1094,0,5.963335204939822e-07,0.9999782405123356
1406,830,0.001436783275862069,675.9402260380583,A,0.15,0.7441989265170339,0.00016038788573012686,False,1247,0,5.893201063334025e-07,0.999978829832442
1407,310,0.0014367828091954023,675.9402354232805,A,0.15,0.7434909293369586,0.00016023524790960834,False,1277,0,5.887592626249828e-07,0.9999794185917047
1408,2363,0.0062500074,633.3805009323326,A,0.15,0.16493363308186149,0.00015462546409057785,False,967,0,5.681469926789774e-07,0.9999799867386974
1409,1521,0.0014367816091954023,675.9402595567228,A,0.15,0.7151634069945855,0.00015413004461090204,False,1406,0,5.663266515783195e-07,0.9999805530653489
1410,539,0.0014367852282430214,675.9401867733864,A,0.15,0.7137770062227392,0.00015383163882005382,False,1113,0,5.652302063474802e-07,0.9999811182955552
1411,3998,0.0014367827520525452,675.9402365724916,A,0.15,0.702817052407213,0.000151469312812064,False,1284,0,5.56550210299866e-07,0.9999816748457655
1412,1959,0.0014367876091954024,675.9401388897122,A,0.15,0.7021487015589376,0.0001513257831318783,False,1007,0,5.560228330231845e-07,0.9999822308685985
1413,4897,0.0014367816091954023,675.9402595567228,A,0.15,0.687762345181558,0.0001482246433580944,False,1433,0,5.446281817817797e-07,0.9999827754967803
1414,3465,0.001436785902846196,675.9401732063372,A,0.15,0.661772295025968,0.00014262376565812268,False,1081,0,5.240486359720571e-07,0.9999832995454162
1415,1998,0.0014367843472906405,675.9402044903659,A,0.15,0.6535148588372446,0.00014084398798488082,False,1161,0,5.175091223244394e-07,0.9999838170545385
1416,4516,0.0014367816091954023,675.9402595567228,A,0.15,0.6401086403112746,0.0001379544483429471,False,1421,0,5.0689196254777e-07,0.999984323946501
1417,1291,0.0014367842425287356,675.9402065972506,A,0.15,0.6002652767937682,0.0001293677536551654,False,1168,0,4.753415009688288e-07,0.999984799288002
1418,4533,0.0014367862837985769,675.9401655449477,A,0.15,0.5991076794463911,0.0001291184544520454,False,1060,0,4.744254901852044e-07,0.9999852737134922
1419,980,0.001436783175862069,675.9402280491771,A,0.15,0.5930657702714563,0.00012781603813585607,False,1255,0,4.696399659016651e-07,0.9999857433534581
1420,1389,0.0014367840615763547,675.9402102364156,A,0.15,0.5880695402668625,0.00012673934138309435,False,1182,0,4.656838127175398e-07,0.9999862090372709
1421,1021,0.0014367816091954023,675.9402595567228,A,0.15,0.5802892240203896,0.000125062332763015,False,1364,0,4.5952190782174156e-07,0.9999866685591787
1422,2175,0.001436788275862069,675.9401254822976,A,0.15,0.5796045833737649,0.00012491536050410166,False,987,0,4.5898188132998635e-07,0.99998712754106
1423,2502,0.0014367828091954023,675.9402354232805,A,0.15,0.5721224222920441,0.0001233023491656662,False,1276,0,4.5305512439846077e-07,0.9999875805961844
1424,5035,0.001436782275862069,675.9402461492524,A,0.15,0.5555883686097793,0.00011973892810404793,False,1323,0,4.399618931398539e-07,0.9999880205580776
1425,4646,0.0014367839425287357,675.9402126306034,A,0.15,0.5550172867516735,0.00011961598881460069,False,1187,0,4.395101720213929e-07,0.9999884600682496
1426,1819,0.0014367848576802508,675.9401942258344,A,0.15,0.5499809316364815,0.00011853064118822608,False,1129,0,4.35522232560304e-07,0.9999888955904822
1427,851,0.0014367862925287356,675.9401653693742,A,0.15,0.548096718189497,0.00011812467775119819,False,1059,0,4.340305836443796e-07,0.9999893296210659
1428,3056,0.0014367838091954024,675.9402153120939,A,0.15,0.5348208861586731,0.00011526329850784785,False,1195,0,4.2351689483131814e-07,0.9999897531379607
1429,953,0.0014367816091954023,675.9402595567228,A,0.15,0.5271965319990747,0.00011361994224117988,False,1394,0,4.1747864022494473e-07,0.9999901706166009
1430,2026,0.0014367816091954023,675.9402595567228,A,0.15,0.514640233415366,0.00011091384340848406,False,1384,0,4.0753550490288943e-07,0.9999905781521058
1431,2079,0.0014367832091954022,675.9402273788041,A,0.15,0.5114383144914159,0.00011022389742006958,False,1253,0,4.050004066851794e-07,0.9999909831525124
1432,2075,0.0014367816091954023,675.9402595567228,A,0.15,0.5051830220497127,0.00010887565130381739,False,1454,0,4.000464879962687e-07,0.9999913831990005
1433,5146,0.0014367816091954023,675.9402595567228,A,0.15,0.49936589519808877,0.00010762196017200189,False,1455,0,3.954399967531962e-07,0.9999917786389972
1434,1306,0.0014367830377668307,675.9402308264366,A,0.15,0.4987797049418614,0.00010749573294642167,False,1262,0,3.9497619462959765e-07,0.9999921736151919
1435,4185,0.0014367816091954023,675.9402595567228,A,0.15,0.4785653997682942,0.00010313909477764961,False,1437,0,3.789684116403202e-07,0.9999925525836035
1436,1863,0.001436782275862069,675.9402461492524,A,0.15,0.4758015003654242,0.00010254347438304318,False,1330,0,3.7677989800859597e-07,0.9999929293635016
1437,2593,0.0014367873091954023,675.9401449230508,A,0.15,0.4754177694293538,0.00010246113265231222,False,1011,0,3.764773462461038e-07,0.9999933058408479
1438,1331,0.0014367842758620688,675.9402059268782,A,0.15,0.45895856937187224,9.891366836184847e-05,False,1164,0,3.6344274563800214e-07,0.9999936692835936
1439,2343,0.0014367821091954022,675.9402495011194,A,0.15,0.438929106943361,9.459682320920047e-05,False,1342,0,3.475811758392459e-07,0.9999940168647694
1440,2158,0.001436786633004926,675.940158522009,A,0.15,0.43311727527439764,9.334456674566542e-05,False,1041,0,3.429799560595369e-07,0.9999943598447255
1441,4027,0.001436783275862069,675.9402260380583,A,0.15,0.42908623388462586,9.24755887122106e-05,False,1246,0,3.3978703269911133e-07,0.9999946996317582
1442,1816,0.0014367829425287356,675.9402327417881,A,0.15,0.4100303657355529,8.83686953111492e-05,False,1272,0,3.2469689765059606e-07,0.999995024328656
1443,5021,0.0014367821091954022,675.9402495011194,A,0.15,0.4051329988649966,8.731317669208625e-05,False,1343,0,3.2081856019392724e-07,0.9999953451472161
1444,5090,0.00625000745,633.3805007000498,A,0.15,0.09000923461090188,8.438375803304018e-05,False,966,0,3.1005487122960664e-07,0.9999956552020873
1445,3582,0.0014367816091954023,675.9402595567228,A,0.15,0.38716451901860227,8.344062909883669e-05,False,1360,0,3.065894920255555e-07,0.9999959617915793
1446,4488,0.0014367861091954023,675.9401690564176,A,0.15,0.3846451447449331,8.289792014084621e-05,False,1066,0,3.045953931609493e-07,0.9999962663869725
1447,1750,0.0014367859927451859,675.9401713983652,A,0.15,0.37982871367301735,8.185988631717198e-05,False,1073,0,3.0078130083994516e-07,0.9999965671682733
1448,1329,0.0014367882925287357,675.9401251471123,A,0.15,0.37798878474442194,8.146347909419248e-05,False,984,0,2.9932476473228246e-07,0.9999968664930381
1449,2616,0.0014367851091954022,675.9401891675722,A,0.15,0.36712295592327915,7.912151944715512e-05,False,1117,0,2.9071960168061096e-07,0.9999971572126398
1450,2152,0.001436786625862069,675.94015866566,A,0.15,0.3655165545678479,7.877539457014005e-05,False,1042,0,2.8944782015921617e-07,0.99999744666046
1451,171,0.0014367868187192118,675.9401547870832,A,0.15,0.3384926935601239,7.295127605099212e-05,False,1031,0,2.6804801100668564e-07,0.999997714708471
1452,1314,0.0014367841091954023,675.9402092787406,A,0.15,0.33206738408519754,7.156637109535471e-05,False,1179,0,2.6295939516763666e-07,0.9999979776678661
1453,317,0.0014367816091954023,675.9402595567228,A,0.15,0.30014950211107216,6.468739269635175e-05,False,1449,0,2.3768366899223934e-07,0.9999982153515351
1454,2553,0.0014367816091954023,675.9402595567228,A,0.15,0.29482659359739816,6.354021413737029e-05,False,1411,0,2.334685414763127e-07,0.9999984488200766
1455,3147,0.0014367816091954023,675.9402595567228,A,0.15,0.2942480778870486,6.341553402738116e-05,False,1400,0,2.3301042398606728e-07,0.9999986818305006
1456,2151,0.001436783475862069,675.9402220158212,A,0.15,0.27433424491136155,5.912383649276132e-05,False,1230,0,2.1724125516175445e-07,0.9999988990717558
1457,5815,0.0014367860457033387,675.940170333316,A,0.15,0.25093717457403625,5.4081454616429686e-05,False,1071,1,1.987138145760394e-07,0.9999990977855704
1458,2599,0.0014367841091954023,675.9402092787406,A,0.15,0.24009815632271492,5.174538234773856e-05,False,1180,0,1.9013028377182374e-07,0.9999992879158541
1459,2162,0.0014367859425287357,675.9401724082758,A,0.15,0.2034026692148434,4.383691437010641e-05,False,1078,0,1.6107185976245326e-07,0.9999994489877139
1460,4777,0.0014367855546499478,675.9401802089652,A,0.15,0.20108161814522207,4.3336674638503787e-05,False,1097,0,1.592338074028362e-07,0.9999996082215212
1461,2070,0.0014367835536398467,675.940220451618,A,0.15,0.19290580861511405,4.157458398296876e-05,False,1226,0,1.5275928192504358e-07,0.9999997609808031
1462,4937,0.0014367855925287356,675.940179447179,A,0.15,0.15294781320320666,3.296298216287155e-05,False,1095,0,1.2111730299865552e-07,0.9999998820981061
1463,2161,0.001436783275862069,675.9402260380583,A,0.15,0.1488876114816939,3.2087884523992075e-05,False,1243,0,1.1790189410883254e-07,1.0000000000000002
