start,end,snapshots
2025-04-16T10:31:05.000000+0000,2025-05-19T10:26:32.000000+0000,94730
2026-03-20T01:44:33.000000+0000,2026-03-20T04:26:32.000000+0000,296
2026-04-22T06:34:31.000000+0000,2026-04-22T09:25:00.000000+0000,284
2025-08-26T06:43:31.000000+0000,2025-08-26T08:17:01.000000+0000,171
2025-12-01T12:11:12.000000+0000,2025-12-01T13:14:05.000000+0000,127
2025-05-19T10:28:01.000000+0000,2025-05-19T11:12:02.000000+0000,89
2025-08-26T11:24:32.000000+0000,2025-08-26T12:07:30.000000+0000,86
2025-07-23T07:38:03.000000+0000,2025-07-23T08:10:40.000000+0000,56
2023-09-12T08:34:32.000000+0000,2023-09-12T08:53:31.000000+0000,39
2025-08-29T06:19:01.000000+0000,2025-08-29T06:37:03.000000+0000,37
2024-10-28T16:21:32.000000+0000,2024-10-28T16:35:03.000000+0000,28
2025-02-10T10:11:37.000000+0000,2025-02-10T10:11:46.000000+0000,6
2025-02-10T11:09:18.000000+0000,2025-02-10T11:09:31.000000+0000,6
2025-02-10T10:21:39.000000+0000,2025-02-10T10:21:44.000000+0000,4
2025-02-10T09:55:37.000000+0000,2025-02-10T09:55:44.000000+0000,3
2025-02-10T10:40:36.000000+0000,2025-02-10T10:40:39.000000+0000,3
2025-02-10T09:27:12.000000+0000,2025-02-10T09:27:14.000000+0000,3
2025-02-10T09:37:19.000000+0000,2025-02-10T09:37:24.000000+0000,3
2025-02-10T11:33:25.000000+0000,2025-02-10T11:33:31.000000+0000,3
2025-02-10T09:44:28.000000+0000,2025-02-10T09:44:29.000000+0000,2
2025-02-10T11:13:57.000000+0000,2025-02-10T11:14:00.000000+0000,2
2024-10-28T16:36:31.000000+0000,2024-10-28T16:37:01.000000+0000,2
2025-02-10T11:36:37.000000+0000,2025-02-10T11:36:38.000000+0000,2
2025-02-10T06:34:14.000000+0000,2025-02-10T06:34:15.000000+0000,2
2025-02-10T07:04:25.000000+0000,2025-02-10T07:04:30.000000+0000,2
2025-02-10T10:16:40.000000+0000,2025-02-10T10:16:42.000000+0000,2
2025-02-06T20:41:31.000000+0000,2025-02-06T20:41:31.000000+0000,1
2025-10-04T20:01:01.000000+0000,2025-10-04T20:01:01.000000+0000,1
2025-06-17T08:31:01.000000+0000,2025-06-17T08:31:01.000000+0000,1
2024-02-25T04:09:34.000000+0000,2024-02-25T04:09:34.000000+0000,1
2025-09-04T18:01:01.000000+0000,2025-09-04T18:01:01.000000+0000,1
2025-09-12T10:31:02.000000+0000,2025-09-12T10:31:02.000000+0000,1
2025-02-07T02:45:31.000000+0000,2025-02-07T02:45:31.000000+0000,1
2024-02-23T14:11:11.000000+0000,2024-02-23T14:11:11.000000+0000,1
2025-10-05T16:01:01.000000+0000,2025-10-05T16:01:01.000000+0000,1
2025-09-04T02:01:01.000000+0000,2025-09-04T02:01:01.000000+0000,1
2024-03-05T09:30:39.000000+0000,2024-03-05T09:30:39.000000+0000,1
2025-06-30T15:31:01.000000+0000,2025-06-30T15:31:01.000000+0000,1
2025-03-16T23:07:01.000000+0000,2025-03-16T23:07:01.000000+0000,1
2025-03-21T08:13:01.000000+0000,2025-03-21T08:13:01.000000+0000,1
2025-08-05T09:31:01.000000+0000,2025-08-05T09:31:01.000000+0000,1
2025-10-29T23:01:02.000000+0000,2025-10-29T23:01:02.000000+0000,1
2024-02-22T08:11:39.000000+0000,2024-02-22T08:11:39.000000+0000,1
2024-02-20T21:17:09.000000+0000,2024-02-20T21:17:09.000000+0000,1
2024-02-17T22:50:35.000000+0000,2024-02-17T22:50:35.000000+0000,1
2025-09-03T00:31:01.000000+0000,2025-09-03T00:31:01.000000+0000,1
2025-11-08T14:14:00.000000+0000,2025-11-08T14:14:00.000000+0000,1
2024-03-05T10:46:05.000000+0000,2024-03-05T10:46:05.000000+0000,1
2024-02-18T16:51:03.000000+0000,2024-02-18T16:51:03.000000+0000,1
2024-02-26T20:39:31.000000+0000,2024-02-26T20:39:31.000000+0000,1
2024-03-05T08:31:31.000000+0000,2024-03-05T08:31:31.000000+0000,1
2024-04-12T19:06:33.000000+0000,2024-04-12T19:06:33.000000+0000,1
2024-02-19T07:43:33.000000+0000,2024-02-19T07:43:33.000000+0000,1
2025-09-14T01:31:02.000000+0000,2025-09-14T01:31:02.000000+0000,1
2025-10-04T09:01:01.000000+0000,2025-10-04T09:01:01.000000+0000,1
2025-09-13T16:04:01.000000+0000,2025-09-13T16:04:01.000000+0000,1
2026-05-28T02:41:31.000000+0000,2026-05-28T02:41:31.000000+0000,1
2024-02-18T08:15:18.000000+0000,2024-02-18T08:15:18.000000+0000,1
2025-02-06T22:30:31.000000+0000,2025-02-06T22:30:31.000000+0000,1
2024-03-03T07:08:31.000000+0000,2024-03-03T07:08:31.000000+0000,1
2024-02-22T16:01:36.000000+0000,2024-02-22T16:01:36.000000+0000,1
2024-03-05T07:16:31.000000+0000,2024-03-05T07:16:31.000000+0000,1
2025-02-06T18:36:31.000000+0000,2025-02-06T18:36:31.000000+0000,1
2024-02-17T00:29:41.000000+0000,2024-02-17T00:29:41.000000+0000,1
2024-02-22T02:20:39.000000+0000,2024-02-22T02:20:39.000000+0000,1
2024-02-22T10:35:31.000000+0000,2024-02-22T10:35:31.000000+0000,1
2025-10-01T15:43:01.000000+0000,2025-10-01T15:43:01.000000+0000,1
2024-02-26T07:51:30.000000+0000,2024-02-26T07:51:30.000000+0000,1
2026-05-14T21:26:01.000000+0000,2026-05-14T21:26:01.000000+0000,1
2024-02-17T17:15:32.000000+0000,2024-02-17T17:15:32.000000+0000,1
2025-08-29T15:31:02.000000+0000,2025-08-29T15:31:02.000000+0000,1
2024-04-13T17:05:31.000000+0000,2024-04-13T17:05:31.000000+0000,1
2024-02-17T21:15:06.000000+0000,2024-02-17T21:15:06.000000+0000,1
2024-02-25T18:46:33.000000+0000,2024-02-25T18:46:33.000000+0000,1
2025-02-07T02:13:31.000000+0000,2025-02-07T02:13:31.000000+0000,1
2025-09-19T13:31:02.000000+0000,2025-09-19T13:31:02.000000+0000,1
2025-10-07T10:01:01.000000+0000,2025-10-07T10:01:01.000000+0000,1
2025-11-22T18:27:01.000000+0000,2025-11-22T18:27:01.000000+0000,1
2025-07-11T22:01:02.000000+0000,2025-07-11T22:01:02.000000+0000,1
2024-02-25T02:19:09.000000+0000,2024-02-25T02:19:09.000000+0000,1
2024-04-15T07:25:30.000000+0000,2024-04-15T07:25:30.000000+0000,1
2025-02-15T09:32:31.000000+0000,2025-02-15T09:32:31.000000+0000,1
2024-03-09T06:38:36.000000+0000,2024-03-09T06:38:36.000000+0000,1
2025-03-13T16:31:01.000000+0000,2025-03-13T16:31:01.000000+0000,1
2025-03-24T10:45:00.000000+0000,2025-03-24T10:45:00.000000+0000,1
2024-02-22T22:31:32.000000+0000,2024-02-22T22:31:32.000000+0000,1
2024-02-24T00:51:33.000000+0000,2024-02-24T00:51:33.000000+0000,1
2025-03-29T21:26:01.000000+0000,2025-03-29T21:26:01.000000+0000,1
2024-02-23T12:11:38.000000+0000,2024-02-23T12:11:38.000000+0000,1
2025-03-19T07:21:42.000000+0000,2025-03-19T07:21:42.000000+0000,1
2025-07-29T21:01:03.000000+0000,2025-07-29T21:01:03.000000+0000,1
2024-02-27T00:15:32.000000+0000,2024-02-27T00:15:32.000000+0000,1
2025-02-06T08:05:30.000000+0000,2025-02-06T08:05:30.000000+0000,1
2025-08-02T00:31:01.000000+0000,2025-08-02T00:31:01.000000+0000,1
2024-02-25T15:13:34.000000+0000,2024-02-25T15:13:34.000000+0000,1
2024-02-25T22:21:10.000000+0000,2024-02-25T22:21:10.000000+0000,1
2024-02-24T18:04:39.000000+0000,2024-02-24T18:04:39.000000+0000,1
2025-12-30T00:37:00.000000+0000,2025-12-30T00:37:00.000000+0000,1
2025-07-31T10:31:01.000000+0000,2025-07-31T10:31:01.000000+0000,1
2024-02-19T19:48:10.000000+0000,2024-02-19T19:48:10.000000+0000,1
2024-02-22T05:17:03.000000+0000,2024-02-22T05:17:03.000000+0000,1
2025-10-08T00:01:02.000000+0000,2025-10-08T00:01:02.000000+0000,1
2024-02-21T08:56:31.000000+0000,2024-02-21T08:56:31.000000+0000,1
2025-02-06T23:29:30.000000+0000,2025-02-06T23:29:30.000000+0000,1
2024-02-22T12:46:31.000000+0000,2024-02-22T12:46:31.000000+0000,1
2024-02-20T03:25:31.000000+0000,2024-02-20T03:25:31.000000+0000,1
2024-02-16T08:07:06.000000+0000,2024-02-16T08:07:06.000000+0000,1
2025-10-27T09:31:01.000000+0000,2025-10-27T09:31:01.000000+0000,1
2025-06-23T15:31:01.000000+0000,2025-06-23T15:31:01.000000+0000,1
2024-02-23T20:51:08.000000+0000,2024-02-23T20:51:08.000000+0000,1
2025-06-02T07:47:01.000000+0000,2025-06-02T07:47:01.000000+0000,1
2024-02-20T07:07:04.000000+0000,2024-02-20T07:07:04.000000+0000,1
2025-09-06T14:01:01.000000+0000,2025-09-06T14:01:01.000000+0000,1
2024-02-18T03:59:11.000000+0000,2024-02-18T03:59:11.000000+0000,1
2024-02-26T01:33:07.000000+0000,2024-02-26T01:33:07.000000+0000,1
2026-01-18T20:32:01.000000+0000,2026-01-18T20:32:01.000000+0000,1
2025-10-04T14:01:01.000000+0000,2025-10-04T14:01:01.000000+0000,1
2024-02-17T06:19:37.000000+0000,2024-02-17T06:19:37.000000+0000,1
2025-08-28T17:01:02.000000+0000,2025-08-28T17:01:02.000000+0000,1
2025-10-20T15:01:02.000000+0000,2025-10-20T15:01:02.000000+0000,1
2024-02-22T19:42:38.000000+0000,2024-02-22T19:42:38.000000+0000,1
2025-02-10T10:11:49.000000+0000,2025-02-10T10:11:49.000000+0000,1
2025-09-08T20:01:01.000000+0000,2025-09-08T20:01:01.000000+0000,1
2025-02-06T07:22:16.000000+0000,2025-02-06T07:22:16.000000+0000,1
2024-02-22T01:06:32.000000+0000,2024-02-22T01:06:32.000000+0000,1
2025-09-02T05:01:02.000000+0000,2025-09-02T05:01:02.000000+0000,1
2025-10-27T05:31:02.000000+0000,2025-10-27T05:31:02.000000+0000,1
2024-02-18T18:15:31.000000+0000,2024-02-18T18:15:31.000000+0000,1
2024-02-18T13:12:04.000000+0000,2024-02-18T13:12:04.000000+0000,1
2024-02-18T05:16:39.000000+0000,2024-02-18T05:16:39.000000+0000,1
2025-11-04T21:23:01.000000+0000,2025-11-04T21:23:01.000000+0000,1
2024-02-16T20:12:37.000000+0000,2024-02-16T20:12:37.000000+0000,1
2025-05-30T18:59:00.000000+0000,2025-05-30T18:59:00.000000+0000,1
2025-09-06T01:01:01.000000+0000,2025-09-06T01:01:01.000000+0000,1
2024-02-18T01:40:12.000000+0000,2024-02-18T01:40:12.000000+0000,1
2025-06-07T14:58:40.000000+0000,2025-06-07T14:58:40.000000+0000,1
2025-10-18T01:01:02.000000+0000,2025-10-18T01:01:02.000000+0000,1
2024-02-27T05:45:31.000000+0000,2024-02-27T05:45:31.000000+0000,1
2025-02-07T05:25:30.000000+0000,2025-02-07T05:25:30.000000+0000,1
2025-09-29T11:57:00.000000+0000,2025-09-29T11:57:00.000000+0000,1
2024-02-19T10:00:10.000000+0000,2024-02-19T10:00:10.000000+0000,1
2024-02-22T14:34:33.000000+0000,2024-02-22T14:34:33.000000+0000,1
2025-02-06T17:07:30.000000+0000,2025-02-06T17:07:30.000000+0000,1
2025-03-13T12:31:01.000000+0000,2025-03-13T12:31:01.000000+0000,1
2025-03-16T07:07:02.000000+0000,2025-03-16T07:07:02.000000+0000,1
2025-09-10T17:39:00.000000+0000,2025-09-10T17:39:00.000000+0000,1
2025-10-01T06:27:03.000000+0000,2025-10-01T06:27:03.000000+0000,1
2025-02-06T19:46:31.000000+0000,2025-02-06T19:46:31.000000+0000,1
2025-08-13T00:31:01.000000+0000,2025-08-13T00:31:01.000000+0000,1
2024-02-25T09:11:03.000000+0000,2024-02-25T09:11:03.000000+0000,1
2025-06-29T06:01:02.000000+0000,2025-06-29T06:01:02.000000+0000,1
2024-02-21T01:06:08.000000+0000,2024-02-21T01:06:08.000000+0000,1
2024-04-13T19:36:31.000000+0000,2024-04-13T19:36:31.000000+0000,1
2025-12-22T19:27:01.000000+0000,2025-12-22T19:27:01.000000+0000,1
2025-08-04T12:31:01.000000+0000,2025-08-04T12:31:01.000000+0000,1
2024-02-25T06:09:39.000000+0000,2024-02-25T06:09:39.000000+0000,1
2024-03-09T08:41:31.000000+0000,2024-03-09T08:41:31.000000+0000,1
2025-09-10T06:01:01.000000+0000,2025-09-10T06:01:01.000000+0000,1
2025-02-06T14:55:30.000000+0000,2025-02-06T14:55:30.000000+0000,1
2024-04-13T21:12:33.000000+0000,2024-04-13T21:12:33.000000+0000,1
2024-02-21T07:04:39.000000+0000,2024-02-21T07:04:39.000000+0000,1
2025-07-29T10:31:01.000000+0000,2025-07-29T10:31:01.000000+0000,1
2024-02-18T14:39:35.000000+0000,2024-02-18T14:39:35.000000+0000,1
2025-08-11T15:31:02.000000+0000,2025-08-11T15:31:02.000000+0000,1
2025-03-13T00:31:01.000000+0000,2025-03-13T00:31:01.000000+0000,1
2024-02-20T01:46:07.000000+0000,2024-02-20T01:46:07.000000+0000,1
2024-02-26T08:36:32.000000+0000,2024-02-26T08:36:32.000000+0000,1
2025-07-16T10:01:02.000000+0000,2025-07-16T10:01:02.000000+0000,1
2025-02-10T03:38:31.000000+0000,2025-02-10T03:38:31.000000+0000,1
2024-02-21T23:36:07.000000+0000,2024-02-21T23:36:07.000000+0000,1
2024-02-22T17:26:32.000000+0000,2024-02-22T17:26:32.000000+0000,1
2025-05-30T04:18:01.000000+0000,2025-05-30T04:18:01.000000+0000,1
2025-08-31T04:31:03.000000+0000,2025-08-31T04:31:03.000000+0000,1
2025-10-14T01:01:01.000000+0000,2025-10-14T01:01:01.000000+0000,1
2025-03-14T13:31:01.000000+0000,2025-03-14T13:31:01.000000+0000,1
2025-02-10T12:00:48.000000+0000,2025-02-10T12:00:48.000000+0000,1
2025-02-14T08:31:01.000000+0000,2025-02-14T08:31:01.000000+0000,1
2024-02-21T10:04:36.000000+0000,2024-02-21T10:04:36.000000+0000,1
2025-11-30T12:39:03.000000+0000,2025-11-30T12:39:03.000000+0000,1
2024-02-21T05:42:33.000000+0000,2024-02-21T05:42:33.000000+0000,1
2024-02-26T06:22:06.000000+0000,2024-02-26T06:22:06.000000+0000,1
2025-08-28T09:01:02.000000+0000,2025-08-28T09:01:02.000000+0000,1
2025-10-08T08:01:01.000000+0000,2025-10-08T08:01:01.000000+0000,1
2024-02-24T16:51:29.000000+0000,2024-02-24T16:51:29.000000+0000,1
2024-03-05T15:05:50.000000+0000,2024-03-05T15:05:50.000000+0000,1
2024-03-05T07:45:36.000000+0000,2024-03-05T07:45:36.000000+0000,1
2024-02-19T21:51:04.000000+0000,2024-02-19T21:51:04.000000+0000,1
2025-09-18T04:55:01.000000+0000,2025-09-18T04:55:01.000000+0000,1
2024-02-23T15:54:36.000000+0000,2024-02-23T15:54:36.000000+0000,1
2025-09-04T07:01:01.000000+0000,2025-09-04T07:01:01.000000+0000,1
2024-02-23T23:14:48.000000+0000,2024-02-23T23:14:48.000000+0000,1
2024-02-20T15:11:32.000000+0000,2024-02-20T15:11:32.000000+0000,1
2024-02-19T17:05:09.000000+0000,2024-02-19T17:05:09.000000+0000,1
2025-06-18T15:31:01.000000+0000,2025-06-18T15:31:01.000000+0000,1
2024-02-23T00:52:36.000000+0000,2024-02-23T00:52:36.000000+0000,1
2025-05-29T22:01:17.000000+0000,2025-05-29T22:01:17.000000+0000,1
2025-03-14T06:31:01.000000+0000,2025-03-14T06:31:01.000000+0000,1
2025-12-01T08:39:03.000000+0000,2025-12-01T08:39:03.000000+0000,1
2024-02-22T09:11:32.000000+0000,2024-02-22T09:11:32.000000+0000,1
2024-02-24T03:17:32.000000+0000,2024-02-24T03:17:32.000000+0000,1
2025-06-24T12:31:01.000000+0000,2025-06-24T12:31:01.000000+0000,1
2024-02-18T10:05:37.000000+0000,2024-02-18T10:05:37.000000+0000,1
2025-08-09T06:31:01.000000+0000,2025-08-09T06:31:01.000000+0000,1
2025-02-09T03:02:31.000000+0000,2025-02-09T03:02:31.000000+0000,1
2024-02-24T21:43:32.000000+0000,2024-02-24T21:43:32.000000+0000,1
2025-03-15T23:52:32.000000+0000,2025-03-15T23:52:32.000000+0000,1
2024-02-20T04:23:32.000000+0000,2024-02-20T04:23:32.000000+0000,1
2026-01-10T16:12:00.000000+0000,2026-01-10T16:12:00.000000+0000,1
2025-10-08T04:01:01.000000+0000,2025-10-08T04:01:01.000000+0000,1
2024-02-24T20:51:08.000000+0000,2024-02-24T20:51:08.000000+0000,1
2025-09-07T02:01:01.000000+0000,2025-09-07T02:01:01.000000+0000,1
2025-07-13T00:31:02.000000+0000,2025-07-13T00:31:02.000000+0000,1
2025-05-26T12:31:02.000000+0000,2025-05-26T12:31:02.000000+0000,1
2025-08-27T14:31:01.000000+0000,2025-08-27T14:31:01.000000+0000,1
2025-10-25T06:31:03.000000+0000,2025-10-25T06:31:03.000000+0000,1
2025-09-15T21:31:02.000000+0000,2025-09-15T21:31:02.000000+0000,1
2024-03-03T01:56:37.000000+0000,2024-03-03T01:56:37.000000+0000,1
2024-02-19T11:20:35.000000+0000,2024-02-19T11:20:35.000000+0000,1
2024-02-24T13:39:39.000000+0000,2024-02-24T13:39:39.000000+0000,1
2024-04-13T15:31:01.000000+0000,2024-04-13T15:31:01.000000+0000,1
2025-06-30T07:31:01.000000+0000,2025-06-30T07:31:01.000000+0000,1
2025-09-29T23:31:02.000000+0000,2025-09-29T23:31:02.000000+0000,1
2025-05-22T01:31:01.000000+0000,2025-05-22T01:31:01.000000+0000,1
2024-02-22T07:15:41.000000+0000,2024-02-22T07:15:41.000000+0000,1
2025-10-26T05:31:01.000000+0000,2025-10-26T05:31:01.000000+0000,1
2025-09-20T21:59:30.000000+0000,2025-09-20T21:59:30.000000+0000,1
2025-06-05T12:01:15.000000+0000,2025-06-05T12:01:15.000000+0000,1
2024-02-24T06:29:03.000000+0000,2024-02-24T06:29:03.000000+0000,1
2024-02-25T20:44:41.000000+0000,2024-02-25T20:44:41.000000+0000,1
2025-10-25T04:31:01.000000+0000,2025-10-25T04:31:01.000000+0000,1
2024-02-21T00:21:38.000000+0000,2024-02-21T00:21:38.000000+0000,1
2026-02-16T22:31:30.000000+0000,2026-02-16T22:31:30.000000+0000,1
2025-10-15T12:01:01.000000+0000,2025-10-15T12:01:01.000000+0000,1
2024-02-27T04:16:11.000000+0000,2024-02-27T04:16:11.000000+0000,1
2024-02-27T02:42:07.000000+0000,2024-02-27T02:42:07.000000+0000,1
2025-02-06T15:18:31.000000+0000,2025-02-06T15:18:31.000000+0000,1
2024-02-17T04:11:37.000000+0000,2024-02-17T04:11:37.000000+0000,1
2024-02-26T03:40:07.000000+0000,2024-02-26T03:40:07.000000+0000,1
2024-02-17T01:09:31.000000+0000,2024-02-17T01:09:31.000000+0000,1
2024-02-16T03:12:07.000000+0000,2024-02-16T03:12:07.000000+0000,1
2024-02-19T06:09:12.000000+0000,2024-02-19T06:09:12.000000+0000,1
2024-02-16T19:40:44.000000+0000,2024-02-16T19:40:44.000000+0000,1
2024-02-21T12:27:12.000000+0000,2024-02-21T12:27:12.000000+0000,1
2025-02-06T16:15:31.000000+0000,2025-02-06T16:15:31.000000+0000,1
2025-03-14T01:31:01.000000+0000,2025-03-14T01:31:01.000000+0000,1
2024-04-12T17:55:30.000000+0000,2024-04-12T17:55:30.000000+0000,1
2024-04-12T18:44:32.000000+0000,2024-04-12T18:44:32.000000+0000,1
2025-05-31T08:37:00.000000+0000,2025-05-31T08:37:00.000000+0000,1
2024-02-23T17:13:34.000000+0000,2024-02-23T17:13:34.000000+0000,1
2024-02-24T15:05:39.000000+0000,2024-02-24T15:05:39.000000+0000,1
2024-02-19T12:45:33.000000+0000,2024-02-19T12:45:33.000000+0000,1
2025-03-12T01:31:01.000000+0000,2025-03-12T01:31:01.000000+0000,1
2025-02-10T07:04:10.000000+0000,2025-02-10T07:04:10.000000+0000,1
2024-02-25T23:45:10.000000+0000,2024-02-25T23:45:10.000000+0000,1
2025-02-06T18:06:30.000000+0000,2025-02-06T18:06:30.000000+0000,1
2025-09-14T16:09:01.000000+0000,2025-09-14T16:09:01.000000+0000,1
2024-02-25T00:19:32.000000+0000,2024-02-25T00:19:32.000000+0000,1
2024-02-23T22:12:07.000000+0000,2024-02-23T22:12:07.000000+0000,1
2024-02-16T15:27:41.000000+0000,2024-02-16T15:27:41.000000+0000,1
2025-05-20T07:31:02.000000+0000,2025-05-20T07:31:02.000000+0000,1
2025-07-28T08:31:01.000000+0000,2025-07-28T08:31:01.000000+0000,1
2025-11-20T22:19:00.000000+0000,2025-11-20T22:19:00.000000+0000,1
2025-02-07T00:40:31.000000+0000,2025-02-07T00:40:31.000000+0000,1
2025-10-02T07:37:01.000000+0000,2025-10-02T07:37:01.000000+0000,1
2024-04-11T14:10:30.000000+0000,2024-04-11T14:10:30.000000+0000,1
2024-02-23T18:51:03.000000+0000,2024-02-23T18:51:03.000000+0000,1
2025-07-09T23:01:02.000000+0000,2025-07-09T23:01:02.000000+0000,1
2025-02-06T21:50:31.000000+0000,2025-02-06T21:50:31.000000+0000,1
2025-10-05T03:01:01.000000+0000,2025-10-05T03:01:01.000000+0000,1
2025-06-27T01:01:02.000000+0000,2025-06-27T01:01:02.000000+0000,1
2025-10-07T20:01:01.000000+0000,2025-10-07T20:01:01.000000+0000,1
2025-03-13T21:31:02.000000+0000,2025-03-13T21:31:02.000000+0000,1
2024-02-18T03:16:08.000000+0000,2024-02-18T03:16:08.000000+0000,1
2024-02-25T06:51:33.000000+0000,2024-02-25T06:51:33.000000+0000,1
2024-02-19T13:22:50.000000+0000,2024-02-19T13:22:50.000000+0000,1
2025-12-15T13:49:00.000000+0000,2025-12-15T13:49:00.000000+0000,1
2025-10-19T03:01:01.000000+0000,2025-10-19T03:01:01.000000+0000,1
2025-10-04T00:31:01.000000+0000,2025-10-04T00:31:01.000000+0000,1
2025-10-21T06:31:02.000000+0000,2025-10-21T06:31:02.000000+0000,1
2024-02-16T05:57:32.000000+0000,2024-02-16T05:57:32.000000+0000,1
2024-03-02T22:46:10.000000+0000,2024-03-02T22:46:10.000000+0000,1
2024-02-27T12:57:05.000000+0000,2024-02-27T12:57:05.000000+0000,1
2025-10-06T07:01:01.000000+0000,2025-10-06T07:01:01.000000+0000,1
2024-02-26T19:41:30.000000+0000,2024-02-26T19:41:30.000000+0000,1
2025-08-17T10:01:03.000000+0000,2025-08-17T10:01:03.000000+0000,1
2026-01-03T00:07:00.000000+0000,2026-01-03T00:07:00.000000+0000,1
2024-02-27T01:02:31.000000+0000,2024-02-27T01:02:31.000000+0000,1
2025-10-17T01:01:01.000000+0000,2025-10-17T01:01:01.000000+0000,1
2025-10-08T15:01:01.000000+0000,2025-10-08T15:01:01.000000+0000,1
2024-02-24T04:33:36.000000+0000,2024-02-24T04:33:36.000000+0000,1
2025-10-09T03:01:02.000000+0000,2025-10-09T03:01:02.000000+0000,1
2025-10-26T16:31:01.000000+0000,2025-10-26T16:31:01.000000+0000,1
2024-02-23T18:06:32.000000+0000,2024-02-23T18:06:32.000000+0000,1
2025-09-05T04:01:01.000000+0000,2025-09-05T04:01:01.000000+0000,1
2025-06-08T14:01:16.000000+0000,2025-06-08T14:01:16.000000+0000,1
2024-02-26T22:06:32.000000+0000,2024-02-26T22:06:32.000000+0000,1
2025-02-07T03:23:30.000000+0000,2025-02-07T03:23:30.000000+0000,1
2024-02-17T03:09:37.000000+0000,2024-02-17T03:09:37.000000+0000,1
2025-10-27T18:31:01.000000+0000,2025-10-27T18:31:01.000000+0000,1
2024-02-17T18:47:03.000000+0000,2024-02-17T18:47:03.000000+0000,1
2025-08-13T17:01:03.000000+0000,2025-08-13T17:01:03.000000+0000,1
2025-06-28T02:01:02.000000+0000,2025-06-28T02:01:02.000000+0000,1
2025-10-28T06:31:02.000000+0000,2025-10-28T06:31:02.000000+0000,1
2026-01-07T07:19:01.000000+0000,2026-01-07T07:19:01.000000+0000,1
2025-12-26T08:13:00.000000+0000,2025-12-26T08:13:00.000000+0000,1
2026-01-01T23:07:01.000000+0000,2026-01-01T23:07:01.000000+0000,1
2024-02-25T07:27:32.000000+0000,2024-02-25T07:27:32.000000+0000,1
2025-02-10T03:07:08.000000+0000,2025-02-10T03:07:08.000000+0000,1
2025-09-03T18:01:01.000000+0000,2025-09-03T18:01:01.000000+0000,1
2024-02-16T10:25:33.000000+0000,2024-02-16T10:25:33.000000+0000,1
2025-10-06T00:01:01.000000+0000,2025-10-06T00:01:01.000000+0000,1
2025-05-26T06:31:01.000000+0000,2025-05-26T06:31:01.000000+0000,1
2025-09-28T00:55:02.000000+0000,2025-09-28T00:55:02.000000+0000,1
2025-10-25T12:31:02.000000+0000,2025-10-25T12:31:02.000000+0000,1
2025-08-27T05:01:02.000000+0000,2025-08-27T05:01:02.000000+0000,1
2024-02-20T19:02:03.000000+0000,2024-02-20T19:02:03.000000+0000,1
2024-02-27T10:18:31.000000+0000,2024-02-27T10:18:31.000000+0000,1
2025-09-30T07:53:01.000000+0000,2025-09-30T07:53:01.000000+0000,1
2024-02-24T04:07:37.000000+0000,2024-02-24T04:07:37.000000+0000,1
2024-03-05T13:16:09.000000+0000,2024-03-05T13:16:09.000000+0000,1
2024-03-03T00:50:41.000000+0000,2024-03-03T00:50:41.000000+0000,1
2025-06-09T20:57:00.000000+0000,2025-06-09T20:57:00.000000+0000,1
2025-07-27T09:31:01.000000+0000,2025-07-27T09:31:01.000000+0000,1
2025-10-05T10:01:01.000000+0000,2025-10-05T10:01:01.000000+0000,1
2024-02-24T19:45:32.000000+0000,2024-02-24T19:45:32.000000+0000,1
2024-02-27T06:46:33.000000+0000,2024-02-27T06:46:33.000000+0000,1
2024-02-27T01:55:37.000000+0000,2024-02-27T01:55:37.000000+0000,1
2025-10-07T13:01:01.000000+0000,2025-10-07T13:01:01.000000+0000,1
2024-03-03T03:34:36.000000+0000,2024-03-03T03:34:36.000000+0000,1
2024-02-23T13:01:33.000000+0000,2024-02-23T13:01:33.000000+0000,1
2025-09-20T15:03:37.000000+0000,2025-09-20T15:03:37.000000+0000,1
2024-04-12T08:01:02.000000+0000,2024-04-12T08:01:02.000000+0000,1
2025-06-25T11:31:01.000000+0000,2025-06-25T11:31:01.000000+0000,1
2024-02-21T04:36:09.000000+0000,2024-02-21T04:36:09.000000+0000,1
2025-06-05T19:09:01.000000+0000,2025-06-05T19:09:01.000000+0000,1
2024-02-20T01:01:40.000000+0000,2024-02-20T01:01:40.000000+0000,1
2024-03-03T04:25:38.000000+0000,2024-03-03T04:25:38.000000+0000,1
2024-04-12T17:31:00.000000+0000,2024-04-12T17:31:00.000000+0000,1
2025-09-05T14:01:02.000000+0000,2025-09-05T14:01:02.000000+0000,1
2024-02-21T02:22:16.000000+0000,2024-02-21T02:22:16.000000+0000,1
2024-02-21T16:41:32.000000+0000,2024-02-21T16:41:32.000000+0000,1
2025-12-22T03:42:00.000000+0000,2025-12-22T03:42:00.000000+0000,1
2024-02-17T15:46:03.000000+0000,2024-02-17T15:46:03.000000+0000,1
2025-02-10T06:09:31.000000+0000,2025-02-10T06:09:31.000000+0000,1
2024-03-05T11:44:30.000000+0000,2024-03-05T11:44:30.000000+0000,1
2025-12-23T20:04:00.000000+0000,2025-12-23T20:04:00.000000+0000,1
2024-02-18T11:52:03.000000+0000,2024-02-18T11:52:03.000000+0000,1
2024-02-27T10:56:35.000000+0000,2024-02-27T10:56:35.000000+0000,1
2024-02-20T20:15:35.000000+0000,2024-02-20T20:15:35.000000+0000,1
2025-07-08T10:31:01.000000+0000,2025-07-08T10:31:01.000000+0000,1
2024-02-16T02:07:03.000000+0000,2024-02-16T02:07:03.000000+0000,1
2024-02-21T15:02:33.000000+0000,2024-02-21T15:02:33.000000+0000,1
2025-10-03T06:31:01.000000+0000,2025-10-03T06:31:01.000000+0000,1
2025-09-15T01:09:01.000000+0000,2025-09-15T01:09:01.000000+0000,1
2025-10-12T20:01:01.000000+0000,2025-10-12T20:01:01.000000+0000,1
2024-02-16T16:17:32.000000+0000,2024-02-16T16:17:32.000000+0000,1
2024-02-25T19:41:07.000000+0000,2024-02-25T19:41:07.000000+0000,1
2024-02-26T04:27:12.000000+0000,2024-02-26T04:27:12.000000+0000,1
2025-03-14T09:31:01.000000+0000,2025-03-14T09:31:01.000000+0000,1
2025-03-18T12:13:01.000000+0000,2025-03-18T12:13:01.000000+0000,1
2024-02-22T21:39:09.000000+0000,2024-02-22T21:39:09.000000+0000,1
2024-02-26T10:26:31.000000+0000,2024-02-26T10:26:31.000000+0000,1
2024-02-20T00:05:30.000000+0000,2024-02-20T00:05:30.000000+0000,1
2024-03-02T23:09:31.000000+0000,2024-03-02T23:09:31.000000+0000,1
2024-02-24T23:12:31.000000+0000,2024-02-24T23:12:31.000000+0000,1
2025-10-29T05:31:01.000000+0000,2025-10-29T05:31:01.000000+0000,1
2025-09-09T04:01:01.000000+0000,2025-09-09T04:01:01.000000+0000,1
2024-02-26T06:50:09.000000+0000,2024-02-26T06:50:09.000000+0000,1
2025-10-28T13:31:01.000000+0000,2025-10-28T13:31:01.000000+0000,1
2024-04-13T20:37:30.000000+0000,2024-04-13T20:37:30.000000+0000,1
2024-02-19T20:51:06.000000+0000,2024-02-19T20:51:06.000000+0000,1
2024-02-21T01:41:39.000000+0000,2024-02-21T01:41:39.000000+0000,1
2025-10-28T01:31:01.000000+0000,2025-10-28T01:31:01.000000+0000,1
2024-02-27T08:20:31.000000+0000,2024-02-27T08:20:31.000000+0000,1
2025-09-21T23:31:02.000000+0000,2025-09-21T23:31:02.000000+0000,1
2025-08-19T05:01:02.000000+0000,2025-08-19T05:01:02.000000+0000,1
2025-08-10T10:31:01.000000+0000,2025-08-10T10:31:01.000000+0000,1
2024-02-25T17:16:06.000000+0000,2024-02-25T17:16:06.000000+0000,1
2025-07-18T20:01:01.000000+0000,2025-07-18T20:01:01.000000+0000,1
2026-04-13T00:01:00.000000+0000,2026-04-13T00:01:00.000000+0000,1
2025-02-06T16:22:31.000000+0000,2025-02-06T16:22:31.000000+0000,1
2026-01-31T10:03:00.000000+0000,2026-01-31T10:03:00.000000+0000,1
2025-07-17T13:31:01.000000+0000,2025-07-17T13:31:01.000000+0000,1
2024-02-25T05:35:33.000000+0000,2024-02-25T05:35:33.000000+0000,1
2025-09-16T13:31:02.000000+0000,2025-09-16T13:31:02.000000+0000,1
2025-02-07T09:24:30.000000+0000,2025-02-07T09:24:30.000000+0000,1
2024-04-11T01:31:02.000000+0000,2024-04-11T01:31:02.000000+0000,1
2024-02-27T01:37:31.000000+0000,2024-02-27T01:37:31.000000+0000,1
2024-02-26T05:44:31.000000+0000,2024-02-26T05:44:31.000000+0000,1
2024-02-16T13:21:40.000000+0000,2024-02-16T13:21:40.000000+0000,1
2024-02-24T02:14:33.000000+0000,2024-02-24T02:14:33.000000+0000,1
2024-02-16T10:04:32.000000+0000,2024-02-16T10:04:32.000000+0000,1
2024-02-26T22:51:32.000000+0000,2024-02-26T22:51:32.000000+0000,1
2025-06-05T02:37:00.000000+0000,2025-06-05T02:37:00.000000+0000,1
2025-08-06T12:31:01.000000+0000,2025-08-06T12:31:01.000000+0000,1
2025-10-21T15:31:02.000000+0000,2025-10-21T15:31:02.000000+0000,1
2025-06-14T00:31:01.000000+0000,2025-06-14T00:31:01.000000+0000,1
2025-10-25T11:31:02.000000+0000,2025-10-25T11:31:02.000000+0000,1
2024-04-12T19:01:02.000000+0000,2024-04-12T19:01:02.000000+0000,1
2024-02-25T17:02:32.000000+0000,2024-02-25T17:02:32.000000+0000,1
2024-02-19T04:36:32.000000+0000,2024-02-19T04:36:32.000000+0000,1
2024-03-02T21:13:02.000000+0000,2024-03-02T21:13:02.000000+0000,1
2025-02-06T08:55:30.000000+0000,2025-02-06T08:55:30.000000+0000,1
2024-02-21T00:52:07.000000+0000,2024-02-21T00:52:07.000000+0000,1
2024-03-03T07:10:35.000000+0000,2024-03-03T07:10:35.000000+0000,1
2025-12-30T22:42:01.000000+0000,2025-12-30T22:42:01.000000+0000,1
2024-03-02T23:01:38.000000+0000,2024-03-02T23:01:38.000000+0000,1
2025-08-23T19:01:02.000000+0000,2025-08-23T19:01:02.000000+0000,1
2024-02-16T04:35:30.000000+0000,2024-02-16T04:35:30.000000+0000,1
2025-07-27T07:31:02.000000+0000,2025-07-27T07:31:02.000000+0000,1
2025-08-30T21:01:02.000000+0000,2025-08-30T21:01:02.000000+0000,1
2024-03-03T07:03:38.000000+0000,2024-03-03T07:03:38.000000+0000,1
2024-04-13T18:16:33.000000+0000,2024-04-13T18:16:33.000000+0000,1
2024-02-23T12:44:38.000000+0000,2024-02-23T12:44:38.000000+0000,1
2025-09-22T19:03:31.000000+0000,2025-09-22T19:03:31.000000+0000,1
2024-02-16T19:56:12.000000+0000,2024-02-16T19:56:12.000000+0000,1
2025-06-27T23:01:03.000000+0000,2025-06-27T23:01:03.000000+0000,1
2025-09-12T18:31:02.000000+0000,2025-09-12T18:31:02.000000+0000,1
2024-02-24T13:26:10.000000+0000,2024-02-24T13:26:10.000000+0000,1
2025-09-09T02:01:01.000000+0000,2025-09-09T02:01:01.000000+0000,1
2025-03-14T18:23:02.000000+0000,2025-03-14T18:23:02.000000+0000,1
2024-02-24T16:26:32.000000+0000,2024-02-24T16:26:32.000000+0000,1
2025-06-29T05:01:02.000000+0000,2025-06-29T05:01:02.000000+0000,1
2024-02-16T03:09:32.000000+0000,2024-02-16T03:09:32.000000+0000,1
2024-02-27T05:11:35.000000+0000,2024-02-27T05:11:35.000000+0000,1
2026-04-02T00:01:00.000000+0000,2026-04-02T00:01:00.000000+0000,1
2024-02-23T04:16:37.000000+0000,2024-02-23T04:16:37.000000+0000,1
2024-02-21T05:23:08.000000+0000,2024-02-21T05:23:08.000000+0000,1
2025-12-25T11:33:00.000000+0000,2025-12-25T11:33:00.000000+0000,1
2024-02-20T14:21:31.000000+0000,2024-02-20T14:21:31.000000+0000,1
2024-02-23T13:55:05.000000+0000,2024-02-23T13:55:05.000000+0000,1
2024-02-17T06:46:12.000000+0000,2024-02-17T06:46:12.000000+0000,1
2024-02-25T18:09:32.000000+0000,2024-02-25T18:09:32.000000+0000,1
2025-10-28T16:31:01.000000+0000,2025-10-28T16:31:01.000000+0000,1
2025-11-29T04:09:03.000000+0000,2025-11-29T04:09:03.000000+0000,1
2025-03-11T15:31:03.000000+0000,2025-03-11T15:31:03.000000+0000,1
2024-02-19T20:27:40.000000+0000,2024-02-19T20:27:40.000000+0000,1
2024-02-22T00:52:06.000000+0000,2024-02-22T00:52:06.000000+0000,1
2025-10-01T05:07:01.000000+0000,2025-10-01T05:07:01.000000+0000,1
2024-02-20T21:00:45.000000+0000,2024-02-20T21:00:45.000000+0000,1
2024-03-03T04:04:35.000000+0000,2024-03-03T04:04:35.000000+0000,1
2024-02-27T00:20:36.000000+0000,2024-02-27T00:20:36.000000+0000,1
2025-10-08T07:01:02.000000+0000,2025-10-08T07:01:02.000000+0000,1
2024-02-23T11:42:04.000000+0000,2024-02-23T11:42:04.000000+0000,1
2024-02-25T11:25:31.000000+0000,2024-02-25T11:25:31.000000+0000,1
2025-12-01T03:09:03.000000+0000,2025-12-01T03:09:03.000000+0000,1
2024-02-21T18:18:40.000000+0000,2024-02-21T18:18:40.000000+0000,1
2024-02-25T10:12:33.000000+0000,2024-02-25T10:12:33.000000+0000,1
2024-03-02T19:41:33.000000+0000,2024-03-02T19:41:33.000000+0000,1
2024-02-26T12:32:32.000000+0000,2024-02-26T12:32:32.000000+0000,1
2025-05-29T23:01:15.000000+0000,2025-05-29T23:01:15.000000+0000,1
2025-02-06T18:35:30.000000+0000,2025-02-06T18:35:30.000000+0000,1
2024-02-26T16:00:10.000000+0000,2024-02-26T16:00:10.000000+0000,1
2024-03-02T21:40:31.000000+0000,2024-03-02T21:40:31.000000+0000,1
2024-02-24T20:28:32.000000+0000,2024-02-24T20:28:32.000000+0000,1
2025-02-07T07:14:30.000000+0000,2025-02-07T07:14:30.000000+0000,1
2024-02-21T20:40:11.000000+0000,2024-02-21T20:40:11.000000+0000,1
2025-09-25T04:25:01.000000+0000,2025-09-25T04:25:01.000000+0000,1
2024-02-16T19:33:40.000000+0000,2024-02-16T19:33:40.000000+0000,1
2024-02-26T20:09:04.000000+0000,2024-02-26T20:09:04.000000+0000,1
2024-02-17T08:29:31.000000+0000,2024-02-17T08:29:31.000000+0000,1
2025-05-26T03:31:01.000000+0000,2025-05-26T03:31:01.000000+0000,1
2025-05-30T23:41:02.000000+0000,2025-05-30T23:41:02.000000+0000,1
2025-08-04T19:01:03.000000+0000,2025-08-04T19:01:03.000000+0000,1
2024-02-18T05:46:32.000000+0000,2024-02-18T05:46:32.000000+0000,1
2025-10-13T04:01:01.000000+0000,2025-10-13T04:01:01.000000+0000,1
2024-02-20T16:36:04.000000+0000,2024-02-20T16:36:04.000000+0000,1
2025-10-25T03:31:02.000000+0000,2025-10-25T03:31:02.000000+0000,1
2025-03-01T10:01:02.000000+0000,2025-03-01T10:01:02.000000+0000,1
2024-02-20T12:46:32.000000+0000,2024-02-20T12:46:32.000000+0000,1
2024-02-25T09:36:35.000000+0000,2024-02-25T09:36:35.000000+0000,1
2024-02-23T10:39:31.000000+0000,2024-02-23T10:39:31.000000+0000,1
2025-09-08T18:01:02.000000+0000,2025-09-08T18:01:02.000000+0000,1
2025-10-07T03:01:01.000000+0000,2025-10-07T03:01:01.000000+0000,1
2025-12-15T05:42:01.000000+0000,2025-12-15T05:42:01.000000+0000,1
2024-04-12T19:23:03.000000+0000,2024-04-12T19:23:03.000000+0000,1
2024-02-17T21:11:30.000000+0000,2024-02-17T21:11:30.000000+0000,1
2025-11-27T11:39:03.000000+0000,2025-11-27T11:39:03.000000+0000,1
2025-02-07T09:23:31.000000+0000,2025-02-07T09:23:31.000000+0000,1
2025-12-22T14:09:00.000000+0000,2025-12-22T14:09:00.000000+0000,1
2025-09-14T06:23:01.000000+0000,2025-09-14T06:23:01.000000+0000,1
2025-02-06T10:00:59.000000+0000,2025-02-06T10:00:59.000000+0000,1
2025-02-10T04:02:23.000000+0000,2025-02-10T04:02:23.000000+0000,1
2025-06-15T00:31:01.000000+0000,2025-06-15T00:31:01.000000+0000,1
2025-09-30T06:07:02.000000+0000,2025-09-30T06:07:02.000000+0000,1
2024-02-26T22:33:03.000000+0000,2024-02-26T22:33:03.000000+0000,1
2024-02-22T14:20:36.000000+0000,2024-02-22T14:20:36.000000+0000,1
2024-02-26T05:09:32.000000+0000,2024-02-26T05:09:32.000000+0000,1
2025-02-06T16:57:30.000000+0000,2025-02-06T16:57:30.000000+0000,1
2024-02-19T12:39:35.000000+0000,2024-02-19T12:39:35.000000+0000,1
2024-02-20T09:19:03.000000+0000,2024-02-20T09:19:03.000000+0000,1
2024-02-25T00:10:45.000000+0000,2024-02-25T00:10:45.000000+0000,1
2025-10-12T02:01:01.000000+0000,2025-10-12T02:01:01.000000+0000,1
2024-03-05T08:26:40.000000+0000,2024-03-05T08:26:40.000000+0000,1
2024-02-22T01:46:41.000000+0000,2024-02-22T01:46:41.000000+0000,1
2024-02-26T00:27:08.000000+0000,2024-02-26T00:27:08.000000+0000,1
2025-04-16T08:02:16.000000+0000,2025-04-16T08:02:16.000000+0000,1
2024-02-16T13:09:09.000000+0000,2024-02-16T13:09:09.000000+0000,1
2025-07-22T07:31:01.000000+0000,2025-07-22T07:31:01.000000+0000,1
2026-05-18T23:06:00.000000+0000,2026-05-18T23:06:00.000000+0000,1
2025-06-30T12:31:01.000000+0000,2025-06-30T12:31:01.000000+0000,1
2025-08-22T17:01:02.000000+0000,2025-08-22T17:01:02.000000+0000,1
2024-04-12T17:38:30.000000+0000,2024-04-12T17:38:30.000000+0000,1
2024-02-18T09:10:38.000000+0000,2024-02-18T09:10:38.000000+0000,1
2024-02-20T10:35:10.000000+0000,2024-02-20T10:35:10.000000+0000,1
2025-07-29T20:01:02.000000+0000,2025-07-29T20:01:02.000000+0000,1
2024-02-25T19:31:31.000000+0000,2024-02-25T19:31:31.000000+0000,1
2025-06-21T14:01:02.000000+0000,2025-06-21T14:01:02.000000+0000,1
2025-08-24T23:01:02.000000+0000,2025-08-24T23:01:02.000000+0000,1
2025-02-06T16:20:37.000000+0000,2025-02-06T16:20:37.000000+0000,1
2025-02-07T06:34:30.000000+0000,2025-02-07T06:34:30.000000+0000,1
2024-02-18T03:50:07.000000+0000,2024-02-18T03:50:07.000000+0000,1
2024-03-03T03:31:34.000000+0000,2024-03-03T03:31:34.000000+0000,1
2025-06-25T07:01:02.000000+0000,2025-06-25T07:01:02.000000+0000,1
2024-02-23T06:49:39.000000+0000,2024-02-23T06:49:39.000000+0000,1
2024-02-25T14:38:31.000000+0000,2024-02-25T14:38:31.000000+0000,1
2025-02-24T08:09:31.000000+0000,2025-02-24T08:09:31.000000+0000,1
2024-02-19T01:19:32.000000+0000,2024-02-19T01:19:32.000000+0000,1
2024-02-18T22:46:31.000000+0000,2024-02-18T22:46:31.000000+0000,1
2024-04-10T03:01:04.000000+0000,2024-04-10T03:01:04.000000+0000,1
2025-10-08T18:01:01.000000+0000,2025-10-08T18:01:01.000000+0000,1
2025-03-13T10:31:01.000000+0000,2025-03-13T10:31:01.000000+0000,1
2024-02-20T23:03:33.000000+0000,2024-02-20T23:03:33.000000+0000,1
2024-02-19T07:11:38.000000+0000,2024-02-19T07:11:38.000000+0000,1
2025-09-29T06:49:01.000000+0000,2025-09-29T06:49:01.000000+0000,1
2025-09-15T17:03:32.000000+0000,2025-09-15T17:03:32.000000+0000,1
2024-04-09T16:51:30.000000+0000,2024-04-09T16:51:30.000000+0000,1
2025-10-22T08:31:01.000000+0000,2025-10-22T08:31:01.000000+0000,1
2024-02-17T22:46:08.000000+0000,2024-02-17T22:46:08.000000+0000,1
2024-02-25T20:39:35.000000+0000,2024-02-25T20:39:35.000000+0000,1
2025-02-28T18:01:02.000000+0000,2025-02-28T18:01:02.000000+0000,1
2025-10-04T06:01:01.000000+0000,2025-10-04T06:01:01.000000+0000,1
2025-09-08T12:01:02.000000+0000,2025-09-08T12:01:02.000000+0000,1
2025-07-23T14:31:01.000000+0000,2025-07-23T14:31:01.000000+0000,1
2025-05-20T02:31:01.000000+0000,2025-05-20T02:31:01.000000+0000,1
2024-02-18T01:04:39.000000+0000,2024-02-18T01:04:39.000000+0000,1
2025-02-10T06:46:55.000000+0000,2025-02-10T06:46:55.000000+0000,1
2025-03-14T03:31:02.000000+0000,2025-03-14T03:31:02.000000+0000,1
2025-08-10T03:31:03.000000+0000,2025-08-10T03:31:03.000000+0000,1
2025-09-27T21:31:02.000000+0000,2025-09-27T21:31:02.000000+0000,1
2025-04-15T17:49:01.000000+0000,2025-04-15T17:49:01.000000+0000,1
2024-02-24T17:23:34.000000+0000,2024-02-24T17:23:34.000000+0000,1
2025-10-15T08:01:02.000000+0000,2025-10-15T08:01:02.000000+0000,1
2025-09-24T17:31:01.000000+0000,2025-09-24T17:31:01.000000+0000,1
2025-04-14T00:01:13.000000+0000,2025-04-14T00:01:13.000000+0000,1
2025-10-06T10:01:01.000000+0000,2025-10-06T10:01:01.000000+0000,1
2024-02-20T19:54:16.000000+0000,2024-02-20T19:54:16.000000+0000,1
2024-02-27T01:52:31.000000+0000,2024-02-27T01:52:31.000000+0000,1
2025-05-21T06:31:01.000000+0000,2025-05-21T06:31:01.000000+0000,1
2024-02-23T17:47:10.000000+0000,2024-02-23T17:47:10.000000+0000,1
2024-04-05T12:05:30.000000+0000,2024-04-05T12:05:30.000000+0000,1
2024-02-26T15:21:05.000000+0000,2024-02-26T15:21:05.000000+0000,1
2025-02-10T07:31:44.000000+0000,2025-02-10T07:31:44.000000+0000,1
2025-09-07T16:01:01.000000+0000,2025-09-07T16:01:01.000000+0000,1
2026-03-27T00:01:00.000000+0000,2026-03-27T00:01:00.000000+0000,1
2025-06-13T09:31:01.000000+0000,2025-06-13T09:31:01.000000+0000,1
2024-02-19T00:11:13.000000+0000,2024-02-19T00:11:13.000000+0000,1
2024-02-17T15:12:12.000000+0000,2024-02-17T15:12:12.000000+0000,1
2024-02-21T06:44:33.000000+0000,2024-02-21T06:44:33.000000+0000,1
2024-02-16T16:12:34.000000+0000,2024-02-16T16:12:34.000000+0000,1
2025-02-06T22:19:30.000000+0000,2025-02-06T22:19:30.000000+0000,1
2025-06-01T18:01:15.000000+0000,2025-06-01T18:01:15.000000+0000,1
2024-02-23T18:30:16.000000+0000,2024-02-23T18:30:16.000000+0000,1
2024-03-02T22:18:36.000000+0000,2024-03-02T22:18:36.000000+0000,1
2025-02-10T03:36:35.000000+0000,2025-02-10T03:36:35.000000+0000,1
2025-08-26T13:31:02.000000+0000,2025-08-26T13:31:02.000000+0000,1
2025-08-27T13:31:02.000000+0000,2025-08-27T13:31:02.000000+0000,1
2025-02-07T08:13:30.000000+0000,2025-02-07T08:13:30.000000+0000,1
2025-03-12T00:31:01.000000+0000,2025-03-12T00:31:01.000000+0000,1
2024-02-16T07:05:31.000000+0000,2024-02-16T07:05:31.000000+0000,1
2024-02-17T18:35:34.000000+0000,2024-02-17T18:35:34.000000+0000,1
2024-02-18T20:26:11.000000+0000,2024-02-18T20:26:11.000000+0000,1
2024-02-25T02:59:13.000000+0000,2024-02-25T02:59:13.000000+0000,1
2025-06-26T19:01:02.000000+0000,2025-06-26T19:01:02.000000+0000,1
2024-02-17T16:52:03.000000+0000,2024-02-17T16:52:03.000000+0000,1
2024-02-24T21:36:32.000000+0000,2024-02-24T21:36:32.000000+0000,1
2025-08-28T02:31:01.000000+0000,2025-08-28T02:31:01.000000+0000,1
2024-02-23T22:26:35.000000+0000,2024-02-23T22:26:35.000000+0000,1
2024-02-17T07:42:38.000000+0000,2024-02-17T07:42:38.000000+0000,1
2024-02-19T11:02:03.000000+0000,2024-02-19T11:02:03.000000+0000,1
2024-02-24T07:10:11.000000+0000,2024-02-24T07:10:11.000000+0000,1
2025-09-14T19:56:31.000000+0000,2025-09-14T19:56:31.000000+0000,1
2024-02-23T07:56:35.000000+0000,2024-02-23T07:56:35.000000+0000,1
2025-03-14T08:31:01.000000+0000,2025-03-14T08:31:01.000000+0000,1
2025-10-07T18:01:01.000000+0000,2025-10-07T18:01:01.000000+0000,1
2024-04-12T18:33:31.000000+0000,2024-04-12T18:33:31.000000+0000,1
2025-02-10T02:58:31.000000+0000,2025-02-10T02:58:31.000000+0000,1
2024-02-24T11:54:06.000000+0000,2024-02-24T11:54:06.000000+0000,1
2025-03-12T12:31:02.000000+0000,2025-03-12T12:31:02.000000+0000,1
2025-09-11T12:31:02.000000+0000,2025-09-11T12:31:02.000000+0000,1
2024-02-18T05:11:09.000000+0000,2024-02-18T05:11:09.000000+0000,1
2025-12-28T16:42:00.000000+0000,2025-12-28T16:42:00.000000+0000,1
2024-02-26T18:56:32.000000+0000,2024-02-26T18:56:32.000000+0000,1
2025-10-07T22:01:01.000000+0000,2025-10-07T22:01:01.000000+0000,1
2025-10-27T13:31:01.000000+0000,2025-10-27T13:31:01.000000+0000,1
2025-02-06T20:24:31.000000+0000,2025-02-06T20:24:31.000000+0000,1
2025-06-12T03:38:01.000000+0000,2025-06-12T03:38:01.000000+0000,1
2025-10-07T00:01:02.000000+0000,2025-10-07T00:01:02.000000+0000,1
2025-05-28T05:31:02.000000+0000,2025-05-28T05:31:02.000000+0000,1
2024-02-17T13:03:32.000000+0000,2024-02-17T13:03:32.000000+0000,1
2024-02-24T00:04:07.000000+0000,2024-02-24T00:04:07.000000+0000,1
2024-02-19T07:59:38.000000+0000,2024-02-19T07:59:38.000000+0000,1
2024-03-11T21:51:32.000000+0000,2024-03-11T21:51:32.000000+0000,1
2025-07-04T10:31:01.000000+0000,2025-07-04T10:31:01.000000+0000,1
2025-11-25T18:39:03.000000+0000,2025-11-25T18:39:03.000000+0000,1
2024-02-17T14:19:36.000000+0000,2024-02-17T14:19:36.000000+0000,1
2025-02-06T16:01:16.000000+0000,2025-02-06T16:01:16.000000+0000,1
2025-09-02T22:01:02.000000+0000,2025-09-02T22:01:02.000000+0000,1
2025-11-30T09:39:03.000000+0000,2025-11-30T09:39:03.000000+0000,1
2024-02-25T01:13:31.000000+0000,2024-02-25T01:13:31.000000+0000,1
2025-12-23T02:49:00.000000+0000,2025-12-23T02:49:00.000000+0000,1
2025-02-10T09:51:19.000000+0000,2025-02-10T09:51:19.000000+0000,1
2025-04-10T08:17:00.000000+0000,2025-04-10T08:17:00.000000+0000,1
2024-02-21T21:35:52.000000+0000,2024-02-21T21:35:52.000000+0000,1
2024-02-21T03:42:36.000000+0000,2024-02-21T03:42:36.000000+0000,1
2024-02-25T23:02:31.000000+0000,2024-02-25T23:02:31.000000+0000,1
2024-04-13T17:03:36.000000+0000,2024-04-13T17:03:36.000000+0000,1
2024-02-23T15:31:32.000000+0000,2024-02-23T15:31:32.000000+0000,1
2024-02-25T14:53:34.000000+0000,2024-02-25T14:53:34.000000+0000,1
2024-02-27T01:08:37.000000+0000,2024-02-27T01:08:37.000000+0000,1
2025-08-31T19:01:02.000000+0000,2025-08-31T19:01:02.000000+0000,1
2024-02-16T09:45:14.000000+0000,2024-02-16T09:45:14.000000+0000,1
2025-09-16T03:31:02.000000+0000,2025-09-16T03:31:02.000000+0000,1
2025-10-08T02:01:01.000000+0000,2025-10-08T02:01:01.000000+0000,1
2025-10-26T01:16:35.000000+0000,2025-10-26T01:16:35.000000+0000,1
2025-10-26T11:31:01.000000+0000,2025-10-26T11:31:01.000000+0000,1
2025-10-27T23:31:01.000000+0000,2025-10-27T23:31:01.000000+0000,1
2025-10-06T18:01:01.000000+0000,2025-10-06T18:01:01.000000+0000,1
2025-09-29T17:37:01.000000+0000,2025-09-29T17:37:01.000000+0000,1
2025-02-06T13:15:31.000000+0000,2025-02-06T13:15:31.000000+0000,1
2025-10-06T14:01:03.000000+0000,2025-10-06T14:01:03.000000+0000,1
2024-02-22T15:13:37.000000+0000,2024-02-22T15:13:37.000000+0000,1
2024-02-21T01:56:34.000000+0000,2024-02-21T01:56:34.000000+0000,1
2025-09-08T01:01:02.000000+0000,2025-09-08T01:01:02.000000+0000,1
2025-10-25T05:31:01.000000+0000,2025-10-25T05:31:01.000000+0000,1
2024-02-22T07:04:33.000000+0000,2024-02-22T07:04:33.000000+0000,1
2025-10-27T08:31:01.000000+0000,2025-10-27T08:31:01.000000+0000,1
2024-02-23T20:33:31.000000+0000,2024-02-23T20:33:31.000000+0000,1
2025-02-06T13:48:30.000000+0000,2025-02-06T13:48:30.000000+0000,1
2025-02-07T08:30:49.000000+0000,2025-02-07T08:30:49.000000+0000,1
2025-02-07T09:05:30.000000+0000,2025-02-07T09:05:30.000000+0000,1
2024-02-19T16:20:35.000000+0000,2024-02-19T16:20:35.000000+0000,1
2025-02-06T21:21:31.000000+0000,2025-02-06T21:21:31.000000+0000,1
2025-10-28T11:31:02.000000+0000,2025-10-28T11:31:02.000000+0000,1
2025-02-28T22:01:01.000000+0000,2025-02-28T22:01:01.000000+0000,1
2024-02-24T09:04:34.000000+0000,2024-02-24T09:04:34.000000+0000,1
2024-02-27T15:01:04.000000+0000,2024-02-27T15:01:04.000000+0000,1
2025-02-06T14:34:31.000000+0000,2025-02-06T14:34:31.000000+0000,1
2025-04-05T09:06:01.000000+0000,2025-04-05T09:06:01.000000+0000,1
2024-02-21T19:45:35.000000+0000,2024-02-21T19:45:35.000000+0000,1
2025-04-06T02:56:00.000000+0000,2025-04-06T02:56:00.000000+0000,1
2025-02-06T15:12:30.000000+0000,2025-02-06T15:12:30.000000+0000,1
2025-08-28T13:31:01.000000+0000,2025-08-28T13:31:01.000000+0000,1
2025-09-08T06:01:01.000000+0000,2025-09-08T06:01:01.000000+0000,1
2025-09-04T06:01:01.000000+0000,2025-09-04T06:01:01.000000+0000,1
2024-03-11T22:31:03.000000+0000,2024-03-11T22:31:03.000000+0000,1
2024-02-26T03:55:31.000000+0000,2024-02-26T03:55:31.000000+0000,1
2025-09-04T01:01:01.000000+0000,2025-09-04T01:01:01.000000+0000,1
2024-02-27T02:16:31.000000+0000,2024-02-27T02:16:31.000000+0000,1
2025-09-10T04:01:01.000000+0000,2025-09-10T04:01:01.000000+0000,1
2025-08-27T04:31:01.000000+0000,2025-08-27T04:31:01.000000+0000,1
2024-02-20T14:31:33.000000+0000,2024-02-20T14:31:33.000000+0000,1
2024-02-26T03:27:39.000000+0000,2024-02-26T03:27:39.000000+0000,1
2024-02-18T21:57:41.000000+0000,2024-02-18T21:57:41.000000+0000,1
2025-05-26T10:32:42.000000+0000,2025-05-26T10:32:42.000000+0000,1
2024-02-24T14:09:31.000000+0000,2024-02-24T14:09:31.000000+0000,1
2024-04-12T00:01:04.000000+0000,2024-04-12T00:01:04.000000+0000,1
2025-07-31T00:31:03.000000+0000,2025-07-31T00:31:03.000000+0000,1
2024-02-26T23:56:36.000000+0000,2024-02-26T23:56:36.000000+0000,1
2025-03-14T12:31:01.000000+0000,2025-03-14T12:31:01.000000+0000,1
2024-02-16T15:09:33.000000+0000,2024-02-16T15:09:33.000000+0000,1
2024-02-26T21:21:38.000000+0000,2024-02-26T21:21:38.000000+0000,1
2024-03-03T01:53:04.000000+0000,2024-03-03T01:53:04.000000+0000,1
2026-04-10T00:01:00.000000+0000,2026-04-10T00:01:00.000000+0000,1
2025-07-21T06:31:01.000000+0000,2025-07-21T06:31:01.000000+0000,1
2024-02-26T11:54:32.000000+0000,2024-02-26T11:54:32.000000+0000,1
2024-02-25T21:20:36.000000+0000,2024-02-25T21:20:36.000000+0000,1
2024-02-24T22:36:32.000000+0000,2024-02-24T22:36:32.000000+0000,1
2025-10-04T12:01:01.000000+0000,2025-10-04T12:01:01.000000+0000,1
2024-04-13T20:15:31.000000+0000,2024-04-13T20:15:31.000000+0000,1
2025-09-26T19:31:02.000000+0000,2025-09-26T19:31:02.000000+0000,1
2024-02-21T17:30:10.000000+0000,2024-02-21T17:30:10.000000+0000,1
2025-09-14T00:33:01.000000+0000,2025-09-14T00:33:01.000000+0000,1
2024-02-24T09:55:32.000000+0000,2024-02-24T09:55:32.000000+0000,1
2025-10-24T05:03:00.000000+0000,2025-10-24T05:03:00.000000+0000,1
2026-03-24T00:01:00.000000+0000,2026-03-24T00:01:00.000000+0000,1
2024-02-21T01:35:11.000000+0000,2024-02-21T01:35:11.000000+0000,1
2025-10-04T16:01:02.000000+0000,2025-10-04T16:01:02.000000+0000,1
2025-10-28T03:31:01.000000+0000,2025-10-28T03:31:01.000000+0000,1
2025-08-08T10:31:01.000000+0000,2025-08-08T10:31:01.000000+0000,1
2024-04-10T19:36:31.000000+0000,2024-04-10T19:36:31.000000+0000,1
2025-10-23T04:31:02.000000+0000,2025-10-23T04:31:02.000000+0000,1
2024-03-03T00:36:03.000000+0000,2024-03-03T00:36:03.000000+0000,1
2024-02-18T02:37:05.000000+0000,2024-02-18T02:37:05.000000+0000,1
2024-02-22T04:26:41.000000+0000,2024-02-22T04:26:41.000000+0000,1
2024-02-21T18:56:05.000000+0000,2024-02-21T18:56:05.000000+0000,1
2024-04-11T13:45:30.000000+0000,2024-04-11T13:45:30.000000+0000,1
2025-03-13T20:31:01.000000+0000,2025-03-13T20:31:01.000000+0000,1
2024-02-23T17:06:40.000000+0000,2024-02-23T17:06:40.000000+0000,1
2025-07-28T05:31:01.000000+0000,2025-07-28T05:31:01.000000+0000,1
2025-03-14T00:31:01.000000+0000,2025-03-14T00:31:01.000000+0000,1
2025-08-01T11:31:01.000000+0000,2025-08-01T11:31:01.000000+0000,1
2024-02-27T03:57:31.000000+0000,2024-02-27T03:57:31.000000+0000,1
2024-03-05T07:25:32.000000+0000,2024-03-05T07:25:32.000000+0000,1
2025-11-24T14:29:01.000000+0000,2025-11-24T14:29:01.000000+0000,1
2024-02-20T15:07:32.000000+0000,2024-02-20T15:07:32.000000+0000,1
2026-01-02T15:07:01.000000+0000,2026-01-02T15:07:01.000000+0000,1
2025-07-26T15:31:01.000000+0000,2025-07-26T15:31:01.000000+0000,1
2024-02-19T21:36:39.000000+0000,2024-02-19T21:36:39.000000+0000,1
2025-10-23T16:31:02.000000+0000,2025-10-23T16:31:02.000000+0000,1
2024-02-23T22:03:04.000000+0000,2024-02-23T22:03:04.000000+0000,1
2025-02-06T19:13:31.000000+0000,2025-02-06T19:13:31.000000+0000,1
2025-10-03T20:31:02.000000+0000,2025-10-03T20:31:02.000000+0000,1
2025-06-11T00:11:02.000000+0000,2025-06-11T00:11:02.000000+0000,1
2024-02-26T17:01:31.000000+0000,2024-02-26T17:01:31.000000+0000,1
2024-02-19T23:21:08.000000+0000,2024-02-19T23:21:08.000000+0000,1
2024-02-22T08:01:30.000000+0000,2024-02-22T08:01:30.000000+0000,1
2024-02-24T12:37:11.000000+0000,2024-02-24T12:37:11.000000+0000,1
2024-02-23T01:52:31.000000+0000,2024-02-23T01:52:31.000000+0000,1
2025-09-07T09:01:01.000000+0000,2025-09-07T09:01:01.000000+0000,1
2025-10-08T10:01:02.000000+0000,2025-10-08T10:01:02.000000+0000,1
2025-10-01T08:39:01.000000+0000,2025-10-01T08:39:01.000000+0000,1
2025-10-07T12:01:01.000000+0000,2025-10-07T12:01:01.000000+0000,1
2025-08-04T06:31:02.000000+0000,2025-08-04T06:31:02.000000+0000,1
2024-02-24T19:44:30.000000+0000,2024-02-24T19:44:30.000000+0000,1
2024-02-16T10:21:19.000000+0000,2024-02-16T10:21:19.000000+0000,1
2024-02-19T12:57:34.000000+0000,2024-02-19T12:57:34.000000+0000,1
2025-06-16T23:01:02.000000+0000,2025-06-16T23:01:02.000000+0000,1
2024-02-27T14:00:39.000000+0000,2024-02-27T14:00:39.000000+0000,1
2025-09-03T16:01:01.000000+0000,2025-09-03T16:01:01.000000+0000,1
2025-03-13T15:31:01.000000+0000,2025-03-13T15:31:01.000000+0000,1
2025-10-07T09:01:01.000000+0000,2025-10-07T09:01:01.000000+0000,1
2024-02-21T23:23:31.000000+0000,2024-02-21T23:23:31.000000+0000,1
2024-02-19T04:01:40.000000+0000,2024-02-19T04:01:40.000000+0000,1
2025-05-30T18:08:39.000000+0000,2025-05-30T18:08:39.000000+0000,1
2024-02-19T19:35:12.000000+0000,2024-02-19T19:35:12.000000+0000,1
2024-04-12T14:01:06.000000+0000,2024-04-12T14:01:06.000000+0000,1
2025-12-01T11:39:03.000000+0000,2025-12-01T11:39:03.000000+0000,1
2025-02-06T17:40:31.000000+0000,2025-02-06T17:40:31.000000+0000,1
2025-10-03T05:31:01.000000+0000,2025-10-03T05:31:01.000000+0000,1
2024-02-22T09:08:05.000000+0000,2024-02-22T09:08:05.000000+0000,1
2024-03-05T09:07:03.000000+0000,2024-03-05T09:07:03.000000+0000,1
2025-02-09T00:02:31.000000+0000,2025-02-09T00:02:31.000000+0000,1
2025-07-29T09:31:01.000000+0000,2025-07-29T09:31:01.000000+0000,1
2025-10-02T03:57:01.000000+0000,2025-10-02T03:57:01.000000+0000,1
2025-12-21T13:12:00.000000+0000,2025-12-21T13:12:00.000000+0000,1
2024-02-24T10:49:31.000000+0000,2024-02-24T10:49:31.000000+0000,1
2025-06-03T14:29:00.000000+0000,2025-06-03T14:29:00.000000+0000,1
2025-10-27T02:31:01.000000+0000,2025-10-27T02:31:01.000000+0000,1
2024-02-25T13:18:04.000000+0000,2024-02-25T13:18:04.000000+0000,1
2025-06-30T04:31:01.000000+0000,2025-06-30T04:31:01.000000+0000,1
2025-03-16T03:47:01.000000+0000,2025-03-16T03:47:01.000000+0000,1
2025-06-17T23:01:02.000000+0000,2025-06-17T23:01:02.000000+0000,1
2025-11-26T16:09:03.000000+0000,2025-11-26T16:09:03.000000+0000,1
2024-02-22T10:01:13.000000+0000,2024-02-22T10:01:13.000000+0000,1
2024-02-22T11:25:32.000000+0000,2024-02-22T11:25:32.000000+0000,1
2025-06-24T07:31:01.000000+0000,2025-06-24T07:31:01.000000+0000,1
2025-07-25T11:31:01.000000+0000,2025-07-25T11:31:01.000000+0000,1
2025-02-06T11:57:31.000000+0000,2025-02-06T11:57:31.000000+0000,1
2025-09-26T09:31:03.000000+0000,2025-09-26T09:31:03.000000+0000,1
2026-03-08T00:01:00.000000+0000,2026-03-08T00:01:00.000000+0000,1
2024-02-26T13:14:39.000000+0000,2024-02-26T13:14:39.000000+0000,1
2025-09-10T14:31:02.000000+0000,2025-09-10T14:31:02.000000+0000,1
2024-02-16T01:26:08.000000+0000,2024-02-16T01:26:08.000000+0000,1
2025-08-06T03:31:01.000000+0000,2025-08-06T03:31:01.000000+0000,1
2024-03-02T19:30:32.000000+0000,2024-03-02T19:30:32.000000+0000,1
2025-09-26T15:31:02.000000+0000,2025-09-26T15:31:02.000000+0000,1
2024-02-27T09:31:52.000000+0000,2024-02-27T09:31:52.000000+0000,1
2024-04-14T17:51:30.000000+0000,2024-04-14T17:51:30.000000+0000,1
2025-10-21T02:01:02.000000+0000,2025-10-21T02:01:02.000000+0000,1
2026-05-15T17:37:00.000000+0000,2026-05-15T17:37:00.000000+0000,1
2025-08-12T23:01:03.000000+0000,2025-08-12T23:01:03.000000+0000,1
2024-02-24T09:42:12.000000+0000,2024-02-24T09:42:12.000000+0000,1
2024-02-20T06:14:31.000000+0000,2024-02-20T06:14:31.000000+0000,1
2024-02-17T13:24:38.000000+0000,2024-02-17T13:24:38.000000+0000,1
2024-02-21T00:29:38.000000+0000,2024-02-21T00:29:38.000000+0000,1
2024-02-26T21:01:38.000000+0000,2024-02-26T21:01:38.000000+0000,1
2024-03-11T22:12:39.000000+0000,2024-03-11T22:12:39.000000+0000,1
2025-09-21T19:31:03.000000+0000,2025-09-21T19:31:03.000000+0000,1
2024-02-24T01:56:37.000000+0000,2024-02-24T01:56:37.000000+0000,1
2024-02-25T04:33:03.000000+0000,2024-02-25T04:33:03.000000+0000,1
2024-02-26T20:00:42.000000+0000,2024-02-26T20:00:42.000000+0000,1
2024-02-21T17:15:32.000000+0000,2024-02-21T17:15:32.000000+0000,1
2024-02-24T13:01:35.000000+0000,2024-02-24T13:01:35.000000+0000,1
2025-10-06T22:01:01.000000+0000,2025-10-06T22:01:01.000000+0000,1
2025-09-30T16:17:01.000000+0000,2025-09-30T16:17:01.000000+0000,1
2024-02-18T14:25:31.000000+0000,2024-02-18T14:25:31.000000+0000,1
2024-02-19T07:09:11.000000+0000,2024-02-19T07:09:11.000000+0000,1
2025-06-07T17:34:01.000000+0000,2025-06-07T17:34:01.000000+0000,1
2026-04-01T00:01:00.000000+0000,2026-04-01T00:01:00.000000+0000,1
2024-02-17T03:56:10.000000+0000,2024-02-17T03:56:10.000000+0000,1
2024-02-21T08:35:32.000000+0000,2024-02-21T08:35:32.000000+0000,1
2024-02-17T08:26:03.000000+0000,2024-02-17T08:26:03.000000+0000,1
2025-10-05T09:01:02.000000+0000,2025-10-05T09:01:02.000000+0000,1
2025-11-29T16:59:00.000000+0000,2025-11-29T16:59:00.000000+0000,1
2024-02-23T09:46:04.000000+0000,2024-02-23T09:46:04.000000+0000,1
2025-02-10T03:21:46.000000+0000,2025-02-10T03:21:46.000000+0000,1
2025-05-27T22:31:01.000000+0000,2025-05-27T22:31:01.000000+0000,1
2025-09-06T08:01:02.000000+0000,2025-09-06T08:01:02.000000+0000,1
2024-02-24T18:46:40.000000+0000,2024-02-24T18:46:40.000000+0000,1
2025-10-07T02:01:01.000000+0000,2025-10-07T02:01:01.000000+0000,1
2024-02-22T07:36:37.000000+0000,2024-02-22T07:36:37.000000+0000,1
2025-10-01T07:39:01.000000+0000,2025-10-01T07:39:01.000000+0000,1
2025-02-06T08:29:30.000000+0000,2025-02-06T08:29:30.000000+0000,1
2024-02-20T14:24:32.000000+0000,2024-02-20T14:24:32.000000+0000,1
2024-04-12T13:42:34.000000+0000,2024-04-12T13:42:34.000000+0000,1
2026-03-26T00:01:00.000000+0000,2026-03-26T00:01:00.000000+0000,1
2025-07-28T11:31:01.000000+0000,2025-07-28T11:31:01.000000+0000,1
2024-02-23T11:01:31.000000+0000,2024-02-23T11:01:31.000000+0000,1
2025-02-06T15:30:31.000000+0000,2025-02-06T15:30:31.000000+0000,1
2024-02-24T11:24:38.000000+0000,2024-02-24T11:24:38.000000+0000,1
2024-03-05T11:39:34.000000+0000,2024-03-05T11:39:34.000000+0000,1
2024-02-17T10:06:39.000000+0000,2024-02-17T10:06:39.000000+0000,1
2024-02-26T07:31:03.000000+0000,2024-02-26T07:31:03.000000+0000,1
2025-10-07T16:01:02.000000+0000,2025-10-07T16:01:02.000000+0000,1
2025-11-02T16:53:01.000000+0000,2025-11-02T16:53:01.000000+0000,1
2024-02-25T17:31:03.000000+0000,2024-02-25T17:31:03.000000+0000,1
2024-02-17T19:44:39.000000+0000,2024-02-17T19:44:39.000000+0000,1
2024-02-26T22:16:03.000000+0000,2024-02-26T22:16:03.000000+0000,1
2025-02-10T02:33:21.000000+0000,2025-02-10T02:33:21.000000+0000,1
2025-02-08T22:21:01.000000+0000,2025-02-08T22:21:01.000000+0000,1
2024-02-25T09:50:11.000000+0000,2024-02-25T09:50:11.000000+0000,1
2024-02-21T21:21:10.000000+0000,2024-02-21T21:21:10.000000+0000,1
2025-02-06T16:19:30.000000+0000,2025-02-06T16:19:30.000000+0000,1
2024-04-11T13:41:37.000000+0000,2024-04-11T13:41:37.000000+0000,1
2024-02-23T12:24:35.000000+0000,2024-02-23T12:24:35.000000+0000,1
2025-09-29T15:23:01.000000+0000,2025-09-29T15:23:01.000000+0000,1
2024-03-03T01:18:33.000000+0000,2024-03-03T01:18:33.000000+0000,1
2024-03-11T21:27:35.000000+0000,2024-03-11T21:27:35.000000+0000,1
2025-06-24T23:01:02.000000+0000,2025-06-24T23:01:02.000000+0000,1
2025-09-11T01:27:01.000000+0000,2025-09-11T01:27:01.000000+0000,1
2024-02-24T10:35:37.000000+0000,2024-02-24T10:35:37.000000+0000,1
2025-02-06T07:48:12.000000+0000,2025-02-06T07:48:12.000000+0000,1
2025-02-10T11:55:31.000000+0000,2025-02-10T11:55:31.000000+0000,1
2025-10-21T11:31:02.000000+0000,2025-10-21T11:31:02.000000+0000,1
2025-10-25T05:16:35.000000+0000,2025-10-25T05:16:35.000000+0000,1
2024-02-26T11:36:03.000000+0000,2024-02-26T11:36:03.000000+0000,1
2025-02-07T06:24:31.000000+0000,2025-02-07T06:24:31.000000+0000,1
2024-02-22T01:40:12.000000+0000,2024-02-22T01:40:12.000000+0000,1
2025-06-05T16:09:00.000000+0000,2025-06-05T16:09:00.000000+0000,1
2024-02-27T06:32:37.000000+0000,2024-02-27T06:32:37.000000+0000,1
2026-02-27T00:01:00.000000+0000,2026-02-27T00:01:00.000000+0000,1
2024-02-27T13:19:31.000000+0000,2024-02-27T13:19:31.000000+0000,1
2025-06-10T21:59:01.000000+0000,2025-06-10T21:59:01.000000+0000,1
2025-06-23T17:01:02.000000+0000,2025-06-23T17:01:02.000000+0000,1
2024-02-23T07:43:34.000000+0000,2024-02-23T07:43:34.000000+0000,1
2025-02-13T08:02:31.000000+0000,2025-02-13T08:02:31.000000+0000,1
2025-02-07T08:49:31.000000+0000,2025-02-07T08:49:31.000000+0000,1
2025-10-20T13:01:02.000000+0000,2025-10-20T13:01:02.000000+0000,1
2024-02-20T14:03:05.000000+0000,2024-02-20T14:03:05.000000+0000,1
2024-02-25T07:24:08.000000+0000,2024-02-25T07:24:08.000000+0000,1
2025-02-06T16:26:30.000000+0000,2025-02-06T16:26:30.000000+0000,1
2025-10-08T01:01:01.000000+0000,2025-10-08T01:01:01.000000+0000,1
2024-02-18T12:46:34.000000+0000,2024-02-18T12:46:34.000000+0000,1
2024-02-21T11:52:31.000000+0000,2024-02-21T11:52:31.000000+0000,1
2025-11-21T07:59:01.000000+0000,2025-11-21T07:59:01.000000+0000,1
2025-12-22T06:42:01.000000+0000,2025-12-22T06:42:01.000000+0000,1
2025-09-26T04:31:03.000000+0000,2025-09-26T04:31:03.000000+0000,1
2024-02-18T16:26:03.000000+0000,2024-02-18T16:26:03.000000+0000,1
2025-02-06T15:06:30.000000+0000,2025-02-06T15:06:30.000000+0000,1
2025-11-08T13:53:01.000000+0000,2025-11-08T13:53:01.000000+0000,1
2024-02-20T15:49:39.000000+0000,2024-02-20T15:49:39.000000+0000,1
2024-02-23T13:06:05.000000+0000,2024-02-23T13:06:05.000000+0000,1
2025-09-18T21:31:02.000000+0000,2025-09-18T21:31:02.000000+0000,1
2025-11-30T19:29:02.000000+0000,2025-11-30T19:29:02.000000+0000,1
2025-09-20T12:31:02.000000+0000,2025-09-20T12:31:02.000000+0000,1
2025-02-19T15:41:30.000000+0000,2025-02-19T15:41:30.000000+0000,1
2025-06-07T11:04:01.000000+0000,2025-06-07T11:04:01.000000+0000,1
2024-03-09T08:06:30.000000+0000,2024-03-09T08:06:30.000000+0000,1
2025-08-29T00:31:02.000000+0000,2025-08-29T00:31:02.000000+0000,1
2025-12-08T14:23:01.000000+0000,2025-12-08T14:23:01.000000+0000,1
2024-02-19T02:41:37.000000+0000,2024-02-19T02:41:37.000000+0000,1
2024-02-20T12:15:33.000000+0000,2024-02-20T12:15:33.000000+0000,1
2025-02-06T13:37:30.000000+0000,2025-02-06T13:37:30.000000+0000,1
2025-06-09T19:24:00.000000+0000,2025-06-09T19:24:00.000000+0000,1
2025-09-28T15:53:02.000000+0000,2025-09-28T15:53:02.000000+0000,1
2026-01-09T02:17:00.000000+0000,2026-01-09T02:17:00.000000+0000,1
2024-02-26T12:23:32.000000+0000,2024-02-26T12:23:32.000000+0000,1
2025-09-24T15:31:02.000000+0000,2025-09-24T15:31:02.000000+0000,1
2024-02-24T19:50:07.000000+0000,2024-02-24T19:50:07.000000+0000,1
2026-04-14T00:01:00.000000+0000,2026-04-14T00:01:00.000000+0000,1
2024-02-24T05:21:12.000000+0000,2024-02-24T05:21:12.000000+0000,1
2024-02-27T14:39:07.000000+0000,2024-02-27T14:39:07.000000+0000,1
2025-09-22T15:31:02.000000+0000,2025-09-22T15:31:02.000000+0000,1
2024-02-23T16:04:06.000000+0000,2024-02-23T16:04:06.000000+0000,1
2024-02-23T17:41:03.000000+0000,2024-02-23T17:41:03.000000+0000,1
2025-10-25T21:52:00.000000+0000,2025-10-25T21:52:00.000000+0000,1
2024-02-20T02:46:40.000000+0000,2024-02-20T02:46:40.000000+0000,1
2024-02-26T06:06:40.000000+0000,2024-02-26T06:06:40.000000+0000,1
2024-02-24T17:09:12.000000+0000,2024-02-24T17:09:12.000000+0000,1
2024-02-16T09:15:33.000000+0000,2024-02-16T09:15:33.000000+0000,1
2024-02-24T06:38:08.000000+0000,2024-02-24T06:38:08.000000+0000,1
2025-03-13T13:31:01.000000+0000,2025-03-13T13:31:01.000000+0000,1
2024-02-25T14:46:07.000000+0000,2024-02-25T14:46:07.000000+0000,1
2025-08-28T12:31:03.000000+0000,2025-08-28T12:31:03.000000+0000,1
2025-04-10T01:31:01.000000+0000,2025-04-10T01:31:01.000000+0000,1
2025-08-11T06:31:01.000000+0000,2025-08-11T06:31:01.000000+0000,1
2024-02-20T00:14:40.000000+0000,2024-02-20T00:14:40.000000+0000,1
2025-10-27T01:31:01.000000+0000,2025-10-27T01:31:01.000000+0000,1
2025-10-23T03:31:01.000000+0000,2025-10-23T03:31:01.000000+0000,1
2025-09-05T12:01:02.000000+0000,2025-09-05T12:01:02.000000+0000,1
2025-02-15T09:31:02.000000+0000,2025-02-15T09:31:02.000000+0000,1
2024-02-21T14:45:08.000000+0000,2024-02-21T14:45:08.000000+0000,1
2025-02-06T06:31:29.000000+0000,2025-02-06T06:31:29.000000+0000,1
2024-02-20T01:23:33.000000+0000,2024-02-20T01:23:33.000000+0000,1
2024-02-22T05:41:37.000000+0000,2024-02-22T05:41:37.000000+0000,1
2024-02-26T15:54:31.000000+0000,2024-02-26T15:54:31.000000+0000,1
2025-02-28T21:01:01.000000+0000,2025-02-28T21:01:01.000000+0000,1
2025-08-22T05:01:02.000000+0000,2025-08-22T05:01:02.000000+0000,1
2025-06-12T02:01:15.000000+0000,2025-06-12T02:01:15.000000+0000,1
2026-01-06T04:53:01.000000+0000,2026-01-06T04:53:01.000000+0000,1
2024-02-17T16:12:07.000000+0000,2024-02-17T16:12:07.000000+0000,1
2024-02-26T23:11:32.000000+0000,2024-02-26T23:11:32.000000+0000,1
2024-04-11T16:04:30.000000+0000,2024-04-11T16:04:30.000000+0000,1
2025-02-06T23:02:31.000000+0000,2025-02-06T23:02:31.000000+0000,1
2025-02-07T02:05:31.000000+0000,2025-02-07T02:05:31.000000+0000,1
2025-02-10T04:02:16.000000+0000,2025-02-10T04:02:16.000000+0000,1
2025-10-26T09:31:01.000000+0000,2025-10-26T09:31:01.000000+0000,1
2024-02-16T03:04:42.000000+0000,2024-02-16T03:04:42.000000+0000,1
2025-03-13T18:31:01.000000+0000,2025-03-13T18:31:01.000000+0000,1
2025-03-21T03:01:15.000000+0000,2025-03-21T03:01:15.000000+0000,1
2024-02-17T02:06:39.000000+0000,2024-02-17T02:06:39.000000+0000,1
2024-02-24T04:24:31.000000+0000,2024-02-24T04:24:31.000000+0000,1
2024-02-19T00:51:04.000000+0000,2024-02-19T00:51:04.000000+0000,1
2025-09-30T05:04:03.000000+0000,2025-09-30T05:04:03.000000+0000,1
2024-02-22T23:03:07.000000+0000,2024-02-22T23:03:07.000000+0000,1
2024-02-16T03:29:05.000000+0000,2024-02-16T03:29:05.000000+0000,1
2024-02-20T07:56:08.000000+0000,2024-02-20T07:56:08.000000+0000,1
2024-02-21T17:51:03.000000+0000,2024-02-21T17:51:03.000000+0000,1
2025-09-10T09:01:01.000000+0000,2025-09-10T09:01:01.000000+0000,1
2025-08-27T19:01:02.000000+0000,2025-08-27T19:01:02.000000+0000,1
2024-03-02T21:36:31.000000+0000,2024-03-02T21:36:31.000000+0000,1
2025-09-09T06:01:01.000000+0000,2025-09-09T06:01:01.000000+0000,1
2025-03-11T11:31:02.000000+0000,2025-03-11T11:31:02.000000+0000,1
2025-10-06T09:01:01.000000+0000,2025-10-06T09:01:01.000000+0000,1
2026-01-17T23:56:00.000000+0000,2026-01-17T23:56:00.000000+0000,1
2025-09-05T22:01:01.000000+0000,2025-09-05T22:01:01.000000+0000,1
2025-11-25T12:09:03.000000+0000,2025-11-25T12:09:03.000000+0000,1
2025-11-26T12:29:00.000000+0000,2025-11-26T12:29:00.000000+0000,1
2025-07-15T02:31:01.000000+0000,2025-07-15T02:31:01.000000+0000,1
2025-10-06T13:01:03.000000+0000,2025-10-06T13:01:03.000000+0000,1
2024-02-26T16:31:03.000000+0000,2024-02-26T16:31:03.000000+0000,1
2025-09-08T04:01:01.000000+0000,2025-09-08T04:01:01.000000+0000,1
2025-07-29T17:01:02.000000+0000,2025-07-29T17:01:02.000000+0000,1
2025-10-29T08:31:01.000000+0000,2025-10-29T08:31:01.000000+0000,1
2024-02-19T10:39:37.000000+0000,2024-02-19T10:39:37.000000+0000,1
2024-02-24T03:31:34.000000+0000,2024-02-24T03:31:34.000000+0000,1
2025-03-28T23:56:01.000000+0000,2025-03-28T23:56:01.000000+0000,1
2024-02-17T00:45:34.000000+0000,2024-02-17T00:45:34.000000+0000,1
2026-08-27T07:26:01.000000+0000,2026-08-27T07:26:01.000000+0000,1
2024-02-25T21:16:03.000000+0000,2024-02-25T21:16:03.000000+0000,1
2025-10-17T20:01:01.000000+0000,2025-10-17T20:01:01.000000+0000,1
2025-07-12T07:31:01.000000+0000,2025-07-12T07:31:01.000000+0000,1
2024-02-25T13:03:31.000000+0000,2024-02-25T13:03:31.000000+0000,1
2024-02-25T18:53:32.000000+0000,2024-02-25T18:53:32.000000+0000,1
2025-03-18T22:51:01.000000+0000,2025-03-18T22:51:01.000000+0000,1
2025-07-18T12:31:01.000000+0000,2025-07-18T12:31:01.000000+0000,1
2025-02-07T08:24:31.000000+0000,2025-02-07T08:24:31.000000+0000,1
2024-04-12T17:56:32.000000+0000,2024-04-12T17:56:32.000000+0000,1
2024-02-17T06:41:37.000000+0000,2024-02-17T06:41:37.000000+0000,1
2025-04-15T09:34:06.000000+0000,2025-04-15T09:34:06.000000+0000,1
2025-10-08T06:01:02.000000+0000,2025-10-08T06:01:02.000000+0000,1
2024-02-20T19:49:31.000000+0000,2024-02-20T19:49:31.000000+0000,1
2024-02-27T08:06:39.000000+0000,2024-02-27T08:06:39.000000+0000,1
2025-08-18T06:31:02.000000+0000,2025-08-18T06:31:02.000000+0000,1
2024-02-20T10:28:33.000000+0000,2024-02-20T10:28:33.000000+0000,1
2025-11-26T23:59:01.000000+0000,2025-11-26T23:59:01.000000+0000,1
2025-06-05T09:09:01.000000+0000,2025-06-05T09:09:01.000000+0000,1
2024-02-20T04:06:38.000000+0000,2024-02-20T04:06:38.000000+0000,1
2024-02-21T19:12:05.000000+0000,2024-02-21T19:12:05.000000+0000,1
2025-05-22T14:31:02.000000+0000,2025-05-22T14:31:02.000000+0000,1
2024-02-25T08:06:38.000000+0000,2024-02-25T08:06:38.000000+0000,1
2025-03-24T04:52:05.000000+0000,2025-03-24T04:52:05.000000+0000,1
2024-03-02T20:16:09.000000+0000,2024-03-02T20:16:09.000000+0000,1
2024-02-18T11:46:12.000000+0000,2024-02-18T11:46:12.000000+0000,1
2025-07-17T00:31:01.000000+0000,2025-07-17T00:31:01.000000+0000,1
2024-02-17T22:22:32.000000+0000,2024-02-17T22:22:32.000000+0000,1
2025-08-26T12:31:01.000000+0000,2025-08-26T12:31:01.000000+0000,1
2024-02-26T09:58:31.000000+0000,2024-02-26T09:58:31.000000+0000,1
2024-02-25T06:40:08.000000+0000,2024-02-25T06:40:08.000000+0000,1
2025-10-06T16:01:01.000000+0000,2025-10-06T16:01:01.000000+0000,1
2024-02-26T06:47:32.000000+0000,2024-02-26T06:47:32.000000+0000,1
2025-10-07T07:01:01.000000+0000,2025-10-07T07:01:01.000000+0000,1
2025-08-13T08:31:01.000000+0000,2025-08-13T08:31:01.000000+0000,1
2024-02-25T13:30:09.000000+0000,2024-02-25T13:30:09.000000+0000,1
2024-04-12T17:36:37.000000+0000,2024-04-12T17:36:37.000000+0000,1
2024-03-05T09:55:40.000000+0000,2024-03-05T09:55:40.000000+0000,1
2024-02-16T22:51:31.000000+0000,2024-02-16T22:51:31.000000+0000,1
2026-01-27T13:26:30.000000+0000,2026-01-27T13:26:30.000000+0000,1
2025-08-01T10:31:01.000000+0000,2025-08-01T10:31:01.000000+0000,1
2024-02-26T13:05:35.000000+0000,2024-02-26T13:05:35.000000+0000,1
2024-03-02T23:35:07.000000+0000,2024-03-02T23:35:07.000000+0000,1
2024-02-26T18:01:30.000000+0000,2024-02-26T18:01:30.000000+0000,1
2024-02-23T03:04:04.000000+0000,2024-02-23T03:04:04.000000+0000,1
2024-03-02T22:49:34.000000+0000,2024-03-02T22:49:34.000000+0000,1
2025-10-25T10:31:01.000000+0000,2025-10-25T10:31:01.000000+0000,1
2024-02-24T12:33:04.000000+0000,2024-02-24T12:33:04.000000+0000,1
2025-08-25T13:31:01.000000+0000,2025-08-25T13:31:01.000000+0000,1
2024-02-22T22:15:40.000000+0000,2024-02-22T22:15:40.000000+0000,1
2025-02-07T02:54:30.000000+0000,2025-02-07T02:54:30.000000+0000,1
2025-09-08T16:01:01.000000+0000,2025-09-08T16:01:01.000000+0000,1
2025-05-20T12:31:01.000000+0000,2025-05-20T12:31:01.000000+0000,1
2025-03-13T23:31:01.000000+0000,2025-03-13T23:31:01.000000+0000,1
2025-09-08T08:01:02.000000+0000,2025-09-08T08:01:02.000000+0000,1
2025-06-17T19:01:03.000000+0000,2025-06-17T19:01:03.000000+0000,1
2024-02-25T09:25:31.000000+0000,2024-02-25T09:25:31.000000+0000,1
2024-02-24T15:21:04.000000+0000,2024-02-24T15:21:04.000000+0000,1
2025-10-06T03:01:01.000000+0000,2025-10-06T03:01:01.000000+0000,1
2025-06-13T19:01:02.000000+0000,2025-06-13T19:01:02.000000+0000,1
2025-07-30T09:31:01.000000+0000,2025-07-30T09:31:01.000000+0000,1
2025-04-05T22:56:01.000000+0000,2025-04-05T22:56:01.000000+0000,1
2025-09-12T11:03:36.000000+0000,2025-09-12T11:03:36.000000+0000,1
2025-05-26T07:31:01.000000+0000,2025-05-26T07:31:01.000000+0000,1
2025-02-07T07:12:31.000000+0000,2025-02-07T07:12:31.000000+0000,1
2024-02-20T21:19:32.000000+0000,2024-02-20T21:19:32.000000+0000,1
2024-04-09T13:51:32.000000+0000,2024-04-09T13:51:32.000000+0000,1
2025-06-19T22:01:02.000000+0000,2025-06-19T22:01:02.000000+0000,1
2024-02-22T04:01:11.000000+0000,2024-02-22T04:01:11.000000+0000,1
2024-02-22T18:04:34.000000+0000,2024-02-22T18:04:34.000000+0000,1
2025-06-15T21:01:02.000000+0000,2025-06-15T21:01:02.000000+0000,1
2025-09-07T14:01:00.000000+0000,2025-09-07T14:01:00.000000+0000,1
2025-09-25T01:49:00.000000+0000,2025-09-25T01:49:00.000000+0000,1
2024-02-22T17:01:31.000000+0000,2024-02-22T17:01:31.000000+0000,1
2025-07-08T23:01:02.000000+0000,2025-07-08T23:01:02.000000+0000,1
2025-08-27T08:31:01.000000+0000,2025-08-27T08:31:01.000000+0000,1
2025-06-25T14:31:01.000000+0000,2025-06-25T14:31:01.000000+0000,1
2025-11-23T04:59:00.000000+0000,2025-11-23T04:59:00.000000+0000,1
2024-03-03T02:51:31.000000+0000,2024-03-03T02:51:31.000000+0000,1
2025-11-17T23:23:01.000000+0000,2025-11-17T23:23:01.000000+0000,1
2025-04-16T01:25:12.000000+0000,2025-04-16T01:25:12.000000+0000,1
2025-12-01T09:54:01.000000+0000,2025-12-01T09:54:01.000000+0000,1
2024-02-18T17:52:37.000000+0000,2024-02-18T17:52:37.000000+0000,1
2024-03-09T06:19:31.000000+0000,2024-03-09T06:19:31.000000+0000,1
2025-02-07T00:35:31.000000+0000,2025-02-07T00:35:31.000000+0000,1
2025-02-07T02:35:30.000000+0000,2025-02-07T02:35:30.000000+0000,1
2024-02-20T14:54:31.000000+0000,2024-02-20T14:54:31.000000+0000,1
2025-08-27T03:31:01.000000+0000,2025-08-27T03:31:01.000000+0000,1
2024-02-20T20:45:36.000000+0000,2024-02-20T20:45:36.000000+0000,1
2024-03-05T13:47:34.000000+0000,2024-03-05T13:47:34.000000+0000,1
2024-02-26T08:24:31.000000+0000,2024-02-26T08:24:31.000000+0000,1
2024-02-17T14:59:32.000000+0000,2024-02-17T14:59:32.000000+0000,1
2025-10-05T22:01:02.000000+0000,2025-10-05T22:01:02.000000+0000,1
2025-03-13T09:31:02.000000+0000,2025-03-13T09:31:02.000000+0000,1
2025-07-26T09:31:01.000000+0000,2025-07-26T09:31:01.000000+0000,1
2024-02-25T06:05:31.000000+0000,2024-02-25T06:05:31.000000+0000,1
2025-09-09T01:01:01.000000+0000,2025-09-09T01:01:01.000000+0000,1
2025-07-21T22:01:02.000000+0000,2025-07-21T22:01:02.000000+0000,1
2025-02-07T09:20:37.000000+0000,2025-02-07T09:20:37.000000+0000,1
2025-06-12T21:01:02.000000+0000,2025-06-12T21:01:02.000000+0000,1
2025-07-20T14:31:01.000000+0000,2025-07-20T14:31:01.000000+0000,1
2024-02-25T16:04:37.000000+0000,2024-02-25T16:04:37.000000+0000,1
2025-07-27T05:01:02.000000+0000,2025-07-27T05:01:02.000000+0000,1
2024-02-21T22:06:32.000000+0000,2024-02-21T22:06:32.000000+0000,1
2025-02-06T09:35:30.000000+0000,2025-02-06T09:35:30.000000+0000,1
2025-08-30T07:07:30.000000+0000,2025-08-30T07:07:30.000000+0000,1
2024-02-21T23:39:38.000000+0000,2024-02-21T23:39:38.000000+0000,1
2025-10-16T20:01:01.000000+0000,2025-10-16T20:01:01.000000+0000,1
2024-02-21T20:35:30.000000+0000,2024-02-21T20:35:30.000000+0000,1
2025-10-05T02:01:01.000000+0000,2025-10-05T02:01:01.000000+0000,1
2024-02-17T07:17:03.000000+0000,2024-02-17T07:17:03.000000+0000,1
2025-08-14T19:01:02.000000+0000,2025-08-14T19:01:02.000000+0000,1
2025-10-18T20:01:03.000000+0000,2025-10-18T20:01:03.000000+0000,1
2026-02-13T00:01:00.000000+0000,2026-02-13T00:01:00.000000+0000,1
2025-10-05T14:01:01.000000+0000,2025-10-05T14:01:01.000000+0000,1
2025-10-24T03:31:01.000000+0000,2025-10-24T03:31:01.000000+0000,1
2024-02-19T07:49:41.000000+0000,2024-02-19T07:49:41.000000+0000,1
2024-02-19T04:25:31.000000+0000,2024-02-19T04:25:31.000000+0000,1
2025-12-17T23:23:00.000000+0000,2025-12-17T23:23:00.000000+0000,1
2024-02-18T21:39:31.000000+0000,2024-02-18T21:39:31.000000+0000,1
2024-02-21T16:11:31.000000+0000,2024-02-21T16:11:31.000000+0000,1
2024-02-26T14:15:36.000000+0000,2024-02-26T14:15:36.000000+0000,1
2025-09-20T21:31:01.000000+0000,2025-09-20T21:31:01.000000+0000,1
2025-10-07T11:01:02.000000+0000,2025-10-07T11:01:02.000000+0000,1
2025-09-07T01:01:01.000000+0000,2025-09-07T01:01:01.000000+0000,1
2024-02-27T11:55:38.000000+0000,2024-02-27T11:55:38.000000+0000,1
2025-10-22T02:31:01.000000+0000,2025-10-22T02:31:01.000000+0000,1
2025-03-01T09:01:02.000000+0000,2025-03-01T09:01:02.000000+0000,1
2025-03-12T06:31:02.000000+0000,2025-03-12T06:31:02.000000+0000,1
2025-10-25T01:31:01.000000+0000,2025-10-25T01:31:01.000000+0000,1
2024-02-18T00:32:36.000000+0000,2024-02-18T00:32:36.000000+0000,1
2025-07-11T00:31:01.000000+0000,2025-07-11T00:31:01.000000+0000,1
2025-04-05T04:31:01.000000+0000,2025-04-05T04:31:01.000000+0000,1
2025-07-27T13:01:02.000000+0000,2025-07-27T13:01:02.000000+0000,1
2025-09-05T03:01:01.000000+0000,2025-09-05T03:01:01.000000+0000,1
2024-04-10T17:05:31.000000+0000,2024-04-10T17:05:31.000000+0000,1
2025-02-06T14:27:31.000000+0000,2025-02-06T14:27:31.000000+0000,1
2024-02-18T22:21:40.000000+0000,2024-02-18T22:21:40.000000+0000,1
2024-02-24T13:46:36.000000+0000,2024-02-24T13:46:36.000000+0000,1
2024-02-27T10:46:09.000000+0000,2024-02-27T10:46:09.000000+0000,1
2024-04-02T02:41:31.000000+0000,2024-04-02T02:41:31.000000+0000,1
2025-02-06T13:10:31.000000+0000,2025-02-06T13:10:31.000000+0000,1
2025-06-14T21:01:02.000000+0000,2025-06-14T21:01:02.000000+0000,1
2024-03-03T03:45:36.000000+0000,2024-03-03T03:45:36.000000+0000,1
2025-10-23T10:31:02.000000+0000,2025-10-23T10:31:02.000000+0000,1
2024-02-19T12:51:31.000000+0000,2024-02-19T12:51:31.000000+0000,1
2024-02-25T11:19:30.000000+0000,2024-02-25T11:19:30.000000+0000,1
2024-02-18T20:14:34.000000+0000,2024-02-18T20:14:34.000000+0000,1
2024-03-05T13:00:41.000000+0000,2024-03-05T13:00:41.000000+0000,1
2024-02-17T05:31:34.000000+0000,2024-02-17T05:31:34.000000+0000,1
2025-07-24T07:31:01.000000+0000,2025-07-24T07:31:01.000000+0000,1
2024-02-21T18:49:33.000000+0000,2024-02-21T18:49:33.000000+0000,1
2026-03-18T13:01:00.000000+0000,2026-03-18T13:01:00.000000+0000,1
2024-02-23T06:26:47.000000+0000,2024-02-23T06:26:47.000000+0000,1
2025-02-06T17:10:31.000000+0000,2025-02-06T17:10:31.000000+0000,1
2024-02-19T12:11:03.000000+0000,2024-02-19T12:11:03.000000+0000,1
2024-02-24T03:05:12.000000+0000,2024-02-24T03:05:12.000000+0000,1
2025-02-07T07:50:31.000000+0000,2025-02-07T07:50:31.000000+0000,1
2024-03-02T22:07:03.000000+0000,2024-03-02T22:07:03.000000+0000,1
2025-08-24T19:01:02.000000+0000,2025-08-24T19:01:02.000000+0000,1
2025-09-07T06:01:02.000000+0000,2025-09-07T06:01:02.000000+0000,1
2025-03-11T23:31:01.000000+0000,2025-03-11T23:31:01.000000+0000,1
2024-02-22T20:46:37.000000+0000,2024-02-22T20:46:37.000000+0000,1
2024-02-17T17:24:32.000000+0000,2024-02-17T17:24:32.000000+0000,1
2024-02-23T15:11:09.000000+0000,2024-02-23T15:11:09.000000+0000,1
2024-02-25T20:21:15.000000+0000,2024-02-25T20:21:15.000000+0000,1
2025-02-07T05:09:30.000000+0000,2025-02-07T05:09:30.000000+0000,1
2024-02-16T06:20:36.000000+0000,2024-02-16T06:20:36.000000+0000,1
2025-09-04T12:01:01.000000+0000,2025-09-04T12:01:01.000000+0000,1
2024-02-23T01:49:09.000000+0000,2024-02-23T01:49:09.000000+0000,1
2024-04-09T17:15:31.000000+0000,2024-04-09T17:15:31.000000+0000,1
2025-03-17T10:33:00.000000+0000,2025-03-17T10:33:00.000000+0000,1
2026-03-23T00:01:00.000000+0000,2026-03-23T00:01:00.000000+0000,1
2024-02-21T09:36:08.000000+0000,2024-02-21T09:36:08.000000+0000,1
2026-04-07T00:01:00.000000+0000,2026-04-07T00:01:00.000000+0000,1
2025-09-16T19:56:39.000000+0000,2025-09-16T19:56:39.000000+0000,1
2024-02-16T10:15:33.000000+0000,2024-02-16T10:15:33.000000+0000,1
2024-02-24T08:39:40.000000+0000,2024-02-24T08:39:40.000000+0000,1
2024-04-13T20:59:31.000000+0000,2024-04-13T20:59:31.000000+0000,1
2025-08-23T00:31:01.000000+0000,2025-08-23T00:31:01.000000+0000,1
2025-02-06T11:50:31.000000+0000,2025-02-06T11:50:31.000000+0000,1
2025-03-16T14:07:01.000000+0000,2025-03-16T14:07:01.000000+0000,1
2025-04-13T06:31:02.000000+0000,2025-04-13T06:31:02.000000+0000,1
2025-09-27T18:54:01.000000+0000,2025-09-27T18:54:01.000000+0000,1
2024-02-27T00:16:31.000000+0000,2024-02-27T00:16:31.000000+0000,1
2025-02-27T05:01:01.000000+0000,2025-02-27T05:01:01.000000+0000,1
2025-09-07T20:01:01.000000+0000,2025-09-07T20:01:01.000000+0000,1
2025-11-27T20:23:33.000000+0000,2025-11-27T20:23:33.000000+0000,1
2024-02-18T23:49:31.000000+0000,2024-02-18T23:49:31.000000+0000,1
2025-10-07T21:01:01.000000+0000,2025-10-07T21:01:01.000000+0000,1
2025-03-11T20:31:02.000000+0000,2025-03-11T20:31:02.000000+0000,1
2025-11-21T05:59:01.000000+0000,2025-11-21T05:59:01.000000+0000,1
2025-10-08T09:01:01.000000+0000,2025-10-08T09:01:01.000000+0000,1
2025-11-29T12:37:00.000000+0000,2025-11-29T12:37:00.000000+0000,1
2025-02-07T09:06:30.000000+0000,2025-02-07T09:06:30.000000+0000,1
2025-02-06T08:10:31.000000+0000,2025-02-06T08:10:31.000000+0000,1
2024-02-24T03:25:11.000000+0000,2024-02-24T03:25:11.000000+0000,1
2025-09-04T04:01:01.000000+0000,2025-09-04T04:01:01.000000+0000,1
2025-03-05T03:01:01.000000+0000,2025-03-05T03:01:01.000000+0000,1
2025-09-18T05:37:02.000000+0000,2025-09-18T05:37:02.000000+0000,1
2025-03-16T13:08:02.000000+0000,2025-03-16T13:08:02.000000+0000,1
2024-02-17T14:25:38.000000+0000,2024-02-17T14:25:38.000000+0000,1
2025-06-10T07:01:15.000000+0000,2025-06-10T07:01:15.000000+0000,1
2025-10-17T02:01:02.000000+0000,2025-10-17T02:01:02.000000+0000,1
2025-08-24T05:01:02.000000+0000,2025-08-24T05:01:02.000000+0000,1
2024-02-23T23:37:35.000000+0000,2024-02-23T23:37:35.000000+0000,1
2025-04-07T05:31:01.000000+0000,2025-04-07T05:31:01.000000+0000,1
2024-02-27T04:33:30.000000+0000,2024-02-27T04:33:30.000000+0000,1
2024-02-25T14:41:48.000000+0000,2024-02-25T14:41:48.000000+0000,1
2025-11-27T12:39:03.000000+0000,2025-11-27T12:39:03.000000+0000,1
2024-02-20T09:59:33.000000+0000,2024-02-20T09:59:33.000000+0000,1
2025-02-06T12:01:30.000000+0000,2025-02-06T12:01:30.000000+0000,1
2025-02-10T10:00:30.000000+0000,2025-02-10T10:00:30.000000+0000,1
2025-10-04T22:01:01.000000+0000,2025-10-04T22:01:01.000000+0000,1
2025-10-18T03:01:01.000000+0000,2025-10-18T03:01:01.000000+0000,1
2025-10-29T07:31:02.000000+0000,2025-10-29T07:31:02.000000+0000,1
2025-10-19T08:01:01.000000+0000,2025-10-19T08:01:01.000000+0000,1
2025-02-07T05:50:31.000000+0000,2025-02-07T05:50:31.000000+0000,1
2026-01-02T03:26:45.000000+0000,2026-01-02T03:26:45.000000+0000,1
2024-02-24T04:51:32.000000+0000,2024-02-24T04:51:32.000000+0000,1
2026-01-20T02:02:00.000000+0000,2026-01-20T02:02:00.000000+0000,1
2025-10-04T15:01:01.000000+0000,2025-10-04T15:01:01.000000+0000,1
2024-02-26T06:57:31.000000+0000,2024-02-26T06:57:31.000000+0000,1
2025-09-04T22:01:01.000000+0000,2025-09-04T22:01:01.000000+0000,1
2025-04-05T11:31:02.000000+0000,2025-04-05T11:31:02.000000+0000,1
2024-02-17T01:52:04.000000+0000,2024-02-17T01:52:04.000000+0000,1
2025-03-14T07:31:01.000000+0000,2025-03-14T07:31:01.000000+0000,1
2025-10-14T18:01:01.000000+0000,2025-10-14T18:01:01.000000+0000,1
2024-02-18T04:36:34.000000+0000,2024-02-18T04:36:34.000000+0000,1
2025-09-19T22:31:02.000000+0000,2025-09-19T22:31:02.000000+0000,1
2024-02-18T05:26:41.000000+0000,2024-02-18T05:26:41.000000+0000,1
2024-02-22T09:01:31.000000+0000,2024-02-22T09:01:31.000000+0000,1
2025-08-25T08:31:02.000000+0000,2025-08-25T08:31:02.000000+0000,1
2025-09-07T04:01:01.000000+0000,2025-09-07T04:01:01.000000+0000,1
2024-02-21T21:10:34.000000+0000,2024-02-21T21:10:34.000000+0000,1
2024-02-20T14:22:31.000000+0000,2024-02-20T14:22:31.000000+0000,1
2024-02-26T16:23:04.000000+0000,2024-02-26T16:23:04.000000+0000,1
2024-02-27T10:26:36.000000+0000,2024-02-27T10:26:36.000000+0000,1
2024-02-23T02:35:04.000000+0000,2024-02-23T02:35:04.000000+0000,1
2024-02-19T20:11:08.000000+0000,2024-02-19T20:11:08.000000+0000,1
2024-02-18T02:25:31.000000+0000,2024-02-18T02:25:31.000000+0000,1
2024-02-25T07:14:05.000000+0000,2024-02-25T07:14:05.000000+0000,1
2025-05-30T17:57:00.000000+0000,2025-05-30T17:57:00.000000+0000,1
2025-10-24T05:33:00.000000+0000,2025-10-24T05:33:00.000000+0000,1
2025-07-16T18:31:02.000000+0000,2025-07-16T18:31:02.000000+0000,1
2024-02-18T22:07:31.000000+0000,2024-02-18T22:07:31.000000+0000,1
2025-02-10T09:37:15.000000+0000,2025-02-10T09:37:15.000000+0000,1
2026-01-03T00:27:00.000000+0000,2026-01-03T00:27:00.000000+0000,1
2024-02-18T23:21:11.000000+0000,2024-02-18T23:21:11.000000+0000,1
2024-03-09T07:43:03.000000+0000,2024-03-09T07:43:03.000000+0000,1
2025-04-05T03:26:01.000000+0000,2025-04-05T03:26:01.000000+0000,1
2025-11-25T06:39:03.000000+0000,2025-11-25T06:39:03.000000+0000,1
2025-02-06T23:31:30.000000+0000,2025-02-06T23:31:30.000000+0000,1
2025-09-16T15:31:02.000000+0000,2025-09-16T15:31:02.000000+0000,1
2024-02-16T18:50:11.000000+0000,2024-02-16T18:50:11.000000+0000,1
2025-10-12T22:01:01.000000+0000,2025-10-12T22:01:01.000000+0000,1
2025-07-21T12:31:01.000000+0000,2025-07-21T12:31:01.000000+0000,1
2024-02-26T08:11:36.000000+0000,2024-02-26T08:11:36.000000+0000,1
2024-02-22T17:35:34.000000+0000,2024-02-22T17:35:34.000000+0000,1
2024-04-12T19:17:32.000000+0000,2024-04-12T19:17:32.000000+0000,1
2025-03-18T15:38:00.000000+0000,2025-03-18T15:38:00.000000+0000,1
2025-10-28T08:31:01.000000+0000,2025-10-28T08:31:01.000000+0000,1
2025-06-05T06:09:01.000000+0000,2025-06-05T06:09:01.000000+0000,1
2025-06-06T18:01:15.000000+0000,2025-06-06T18:01:15.000000+0000,1
2025-08-31T10:31:01.000000+0000,2025-08-31T10:31:01.000000+0000,1
2024-02-21T11:31:40.000000+0000,2024-02-21T11:31:40.000000+0000,1
2026-03-22T00:01:00.000000+0000,2026-03-22T00:01:00.000000+0000,1
2025-10-22T01:31:01.000000+0000,2025-10-22T01:31:01.000000+0000,1
2024-02-17T06:29:41.000000+0000,2024-02-17T06:29:41.000000+0000,1
2024-02-18T15:01:40.000000+0000,2024-02-18T15:01:40.000000+0000,1
2024-02-21T18:41:11.000000+0000,2024-02-21T18:41:11.000000+0000,1
2025-06-30T08:31:01.000000+0000,2025-06-30T08:31:01.000000+0000,1
2024-02-23T20:55:31.000000+0000,2024-02-23T20:55:31.000000+0000,1
2024-02-21T06:28:03.000000+0000,2024-02-21T06:28:03.000000+0000,1
2024-02-26T06:04:08.000000+0000,2024-02-26T06:04:08.000000+0000,1
2024-02-22T22:58:32.000000+0000,2024-02-22T22:58:32.000000+0000,1
2025-10-21T08:31:02.000000+0000,2025-10-21T08:31:02.000000+0000,1
2025-09-08T02:01:01.000000+0000,2025-09-08T02:01:01.000000+0000,1
2024-02-25T13:25:37.000000+0000,2024-02-25T13:25:37.000000+0000,1
2026-03-18T00:01:00.000000+0000,2026-03-18T00:01:00.000000+0000,1
2024-02-16T15:35:32.000000+0000,2024-02-16T15:35:32.000000+0000,1
2025-02-07T01:10:30.000000+0000,2025-02-07T01:10:30.000000+0000,1
2025-02-07T02:24:30.000000+0000,2025-02-07T02:24:30.000000+0000,1
2025-02-06T11:24:30.000000+0000,2025-02-06T11:24:30.000000+0000,1
2025-02-07T02:47:30.000000+0000,2025-02-07T02:47:30.000000+0000,1
2024-02-26T13:33:31.000000+0000,2024-02-26T13:33:31.000000+0000,1
2025-02-14T11:01:01.000000+0000,2025-02-14T11:01:01.000000+0000,1
2025-09-07T18:01:01.000000+0000,2025-09-07T18:01:01.000000+0000,1
2024-02-24T22:21:33.000000+0000,2024-02-24T22:21:33.000000+0000,1
2024-02-22T13:56:33.000000+0000,2024-02-22T13:56:33.000000+0000,1
2025-09-27T14:31:02.000000+0000,2025-09-27T14:31:02.000000+0000,1
2024-02-27T06:15:33.000000+0000,2024-02-27T06:15:33.000000+0000,1
2024-02-27T01:05:32.000000+0000,2024-02-27T01:05:32.000000+0000,1
2025-09-25T13:52:01.000000+0000,2025-09-25T13:52:01.000000+0000,1
2025-02-06T18:33:31.000000+0000,2025-02-06T18:33:31.000000+0000,1
2025-06-27T07:01:02.000000+0000,2025-06-27T07:01:02.000000+0000,1
2024-03-05T09:46:30.000000+0000,2024-03-05T09:46:30.000000+0000,1
2025-02-07T08:16:41.000000+0000,2025-02-07T08:16:41.000000+0000,1
2024-02-19T15:57:42.000000+0000,2024-02-19T15:57:42.000000+0000,1
2024-02-24T08:24:26.000000+0000,2024-02-24T08:24:26.000000+0000,1
2024-02-26T15:39:31.000000+0000,2024-02-26T15:39:31.000000+0000,1
2025-09-06T03:01:01.000000+0000,2025-09-06T03:01:01.000000+0000,1
2024-02-21T21:41:10.000000+0000,2024-02-21T21:41:10.000000+0000,1
2024-02-21T01:10:14.000000+0000,2024-02-21T01:10:14.000000+0000,1
2024-02-25T10:56:31.000000+0000,2024-02-25T10:56:31.000000+0000,1
2024-02-21T04:46:35.000000+0000,2024-02-21T04:46:35.000000+0000,1
2024-02-19T00:12:39.000000+0000,2024-02-19T00:12:39.000000+0000,1
2025-11-26T21:59:00.000000+0000,2025-11-26T21:59:00.000000+0000,1
2025-10-06T08:01:01.000000+0000,2025-10-06T08:01:01.000000+0000,1
2025-02-15T15:22:31.000000+0000,2025-02-15T15:22:31.000000+0000,1
2025-03-23T20:09:00.000000+0000,2025-03-23T20:09:00.000000+0000,1
2025-03-14T02:31:01.000000+0000,2025-03-14T02:31:01.000000+0000,1
2024-02-24T10:14:32.000000+0000,2024-02-24T10:14:32.000000+0000,1
2024-02-21T17:10:44.000000+0000,2024-02-21T17:10:44.000000+0000,1
2025-10-24T02:31:02.000000+0000,2025-10-24T02:31:02.000000+0000,1
2024-02-23T07:36:05.000000+0000,2024-02-23T07:36:05.000000+0000,1
2024-04-15T12:55:39.000000+0000,2024-04-15T12:55:39.000000+0000,1
2025-03-01T03:01:01.000000+0000,2025-03-01T03:01:01.000000+0000,1
2024-03-05T07:46:38.000000+0000,2024-03-05T07:46:38.000000+0000,1
2024-03-11T23:11:31.000000+0000,2024-03-11T23:11:31.000000+0000,1
2024-02-27T13:05:40.000000+0000,2024-02-27T13:05:40.000000+0000,1
2025-05-29T22:09:01.000000+0000,2025-05-29T22:09:01.000000+0000,1
2024-02-27T02:10:31.000000+0000,2024-02-27T02:10:31.000000+0000,1
2025-08-10T00:31:02.000000+0000,2025-08-10T00:31:02.000000+0000,1
2026-02-21T00:31:31.000000+0000,2026-02-21T00:31:31.000000+0000,1
2024-02-19T21:16:12.000000+0000,2024-02-19T21:16:12.000000+0000,1
2025-07-14T01:31:01.000000+0000,2025-07-14T01:31:01.000000+0000,1
2026-02-08T00:01:00.000000+0000,2026-02-08T00:01:00.000000+0000,1
2024-02-18T16:56:04.000000+0000,2024-02-18T16:56:04.000000+0000,1
2024-02-23T09:05:35.000000+0000,2024-02-23T09:05:35.000000+0000,1
2024-02-18T08:18:32.000000+0000,2024-02-18T08:18:32.000000+0000,1
2025-06-05T15:01:15.000000+0000,2025-06-05T15:01:15.000000+0000,1
2024-02-25T05:41:05.000000+0000,2024-02-25T05:41:05.000000+0000,1
2024-02-26T06:40:35.000000+0000,2024-02-26T06:40:35.000000+0000,1
2025-02-06T20:05:31.000000+0000,2025-02-06T20:05:31.000000+0000,1
2025-07-25T22:01:02.000000+0000,2025-07-25T22:01:02.000000+0000,1
2025-10-20T23:01:01.000000+0000,2025-10-20T23:01:01.000000+0000,1
2025-02-06T14:07:30.000000+0000,2025-02-06T14:07:30.000000+0000,1
2025-08-04T17:31:02.000000+0000,2025-08-04T17:31:02.000000+0000,1
2025-07-08T15:02:00.000000+0000,2025-07-08T15:02:00.000000+0000,1
2024-04-13T16:56:05.000000+0000,2024-04-13T16:56:05.000000+0000,1
2024-02-25T01:05:35.000000+0000,2024-02-25T01:05:35.000000+0000,1
2025-03-16T01:27:01.000000+0000,2025-03-16T01:27:01.000000+0000,1
2025-10-06T15:01:01.000000+0000,2025-10-06T15:01:01.000000+0000,1
2025-10-07T01:01:01.000000+0000,2025-10-07T01:01:01.000000+0000,1
2024-02-16T13:51:40.000000+0000,2024-02-16T13:51:40.000000+0000,1
2024-02-20T00:11:06.000000+0000,2024-02-20T00:11:06.000000+0000,1
2025-06-07T17:01:15.000000+0000,2025-06-07T17:01:15.000000+0000,1
2025-08-04T00:31:01.000000+0000,2025-08-04T00:31:01.000000+0000,1
2024-04-13T20:04:32.000000+0000,2024-04-13T20:04:32.000000+0000,1
2024-02-27T07:24:39.000000+0000,2024-02-27T07:24:39.000000+0000,1
2024-02-27T14:04:39.000000+0000,2024-02-27T14:04:39.000000+0000,1
2024-04-14T17:34:31.000000+0000,2024-04-14T17:34:31.000000+0000,1
2024-02-24T09:27:08.000000+0000,2024-02-24T09:27:08.000000+0000,1
2025-09-05T16:01:01.000000+0000,2025-09-05T16:01:01.000000+0000,1
2024-02-25T06:16:38.000000+0000,2024-02-25T06:16:38.000000+0000,1
2025-10-28T02:31:01.000000+0000,2025-10-28T02:31:01.000000+0000,1
2024-02-24T11:09:35.000000+0000,2024-02-24T11:09:35.000000+0000,1
2025-08-14T02:31:01.000000+0000,2025-08-14T02:31:01.000000+0000,1
2025-09-21T09:04:36.000000+0000,2025-09-21T09:04:36.000000+0000,1
2025-07-03T08:31:01.000000+0000,2025-07-03T08:31:01.000000+0000,1
2025-08-17T21:01:02.000000+0000,2025-08-17T21:01:02.000000+0000,1
2024-02-26T02:11:04.000000+0000,2024-02-26T02:11:04.000000+0000,1
2024-02-21T07:46:05.000000+0000,2024-02-21T07:46:05.000000+0000,1
2025-10-27T07:31:01.000000+0000,2025-10-27T07:31:01.000000+0000,1
2025-02-06T20:50:31.000000+0000,2025-02-06T20:50:31.000000+0000,1
2024-02-17T00:34:39.000000+0000,2024-02-17T00:34:39.000000+0000,1
2025-02-28T20:01:02.000000+0000,2025-02-28T20:01:02.000000+0000,1
2025-03-19T10:43:05.000000+0000,2025-03-19T10:43:05.000000+0000,1
2024-03-02T19:19:07.000000+0000,2024-03-02T19:19:07.000000+0000,1
2025-02-10T09:44:34.000000+0000,2025-02-10T09:44:34.000000+0000,1
2024-02-26T10:37:03.000000+0000,2024-02-26T10:37:03.000000+0000,1
2025-07-22T12:31:01.000000+0000,2025-07-22T12:31:01.000000+0000,1
2025-03-14T14:37:02.000000+0000,2025-03-14T14:37:02.000000+0000,1
2024-02-17T05:12:30.000000+0000,2024-02-17T05:12:30.000000+0000,1
2025-08-22T19:01:02.000000+0000,2025-08-22T19:01:02.000000+0000,1
2025-09-22T08:31:02.000000+0000,2025-09-22T08:31:02.000000+0000,1
2024-02-24T04:12:03.000000+0000,2024-02-24T04:12:03.000000+0000,1
2024-03-09T09:01:03.000000+0000,2024-03-09T09:01:03.000000+0000,1
2025-06-08T21:01:15.000000+0000,2025-06-08T21:01:15.000000+0000,1
2025-11-07T09:59:00.000000+0000,2025-11-07T09:59:00.000000+0000,1
2024-04-08T08:55:31.000000+0000,2024-04-08T08:55:31.000000+0000,1
2025-06-29T15:01:02.000000+0000,2025-06-29T15:01:02.000000+0000,1
2025-02-10T11:41:42.000000+0000,2025-02-10T11:41:42.000000+0000,1
2024-04-09T17:01:03.000000+0000,2024-04-09T17:01:03.000000+0000,1
2025-02-10T11:20:53.000000+0000,2025-02-10T11:20:53.000000+0000,1
2026-04-06T00:01:00.000000+0000,2026-04-06T00:01:00.000000+0000,1
2024-02-23T22:15:33.000000+0000,2024-02-23T22:15:33.000000+0000,1
2024-02-18T12:21:33.000000+0000,2024-02-18T12:21:33.000000+0000,1
2024-02-18T10:41:34.000000+0000,2024-02-18T10:41:34.000000+0000,1
2026-03-31T00:01:00.000000+0000,2026-03-31T00:01:00.000000+0000,1
2025-02-06T22:40:30.000000+0000,2025-02-06T22:40:30.000000+0000,1
2024-02-27T09:28:10.000000+0000,2024-02-27T09:28:10.000000+0000,1
2025-09-08T15:01:01.000000+0000,2025-09-08T15:01:01.000000+0000,1
2024-02-20T07:38:32.000000+0000,2024-02-20T07:38:32.000000+0000,1
2025-07-10T08:31:01.000000+0000,2025-07-10T08:31:01.000000+0000,1
2025-08-26T19:31:02.000000+0000,2025-08-26T19:31:02.000000+0000,1
2024-02-26T09:47:03.000000+0000,2024-02-26T09:47:03.000000+0000,1
2024-02-23T19:11:32.000000+0000,2024-02-23T19:11:32.000000+0000,1
2025-11-14T16:57:01.000000+0000,2025-11-14T16:57:01.000000+0000,1
2025-09-02T05:31:01.000000+0000,2025-09-02T05:31:01.000000+0000,1
2025-08-13T07:46:37.000000+0000,2025-08-13T07:46:37.000000+0000,1
2025-02-10T10:51:35.000000+0000,2025-02-10T10:51:35.000000+0000,1
2024-02-26T03:44:38.000000+0000,2024-02-26T03:44:38.000000+0000,1
2025-02-06T06:27:14.000000+0000,2025-02-06T06:27:14.000000+0000,1
2024-02-17T06:56:12.000000+0000,2024-02-17T06:56:12.000000+0000,1
2025-06-15T19:01:02.000000+0000,2025-06-15T19:01:02.000000+0000,1
2025-10-16T08:01:01.000000+0000,2025-10-16T08:01:01.000000+0000,1
2024-02-26T17:34:39.000000+0000,2024-02-26T17:34:39.000000+0000,1
2025-06-12T14:31:01.000000+0000,2025-06-12T14:31:01.000000+0000,1
2026-03-25T00:01:00.000000+0000,2026-03-25T00:01:00.000000+0000,1
2024-03-05T12:35:36.000000+0000,2024-03-05T12:35:36.000000+0000,1
2025-07-12T03:01:01.000000+0000,2025-07-12T03:01:01.000000+0000,1
2025-09-15T23:31:02.000000+0000,2025-09-15T23:31:02.000000+0000,1
2024-02-20T01:16:39.000000+0000,2024-02-20T01:16:39.000000+0000,1
2025-10-06T21:01:01.000000+0000,2025-10-06T21:01:01.000000+0000,1
2024-02-16T12:59:34.000000+0000,2024-02-16T12:59:34.000000+0000,1
2024-02-20T04:58:31.000000+0000,2024-02-20T04:58:31.000000+0000,1
2025-04-14T03:34:00.000000+0000,2025-04-14T03:34:00.000000+0000,1
2025-10-05T12:01:01.000000+0000,2025-10-05T12:01:01.000000+0000,1
2025-09-04T10:01:01.000000+0000,2025-09-04T10:01:01.000000+0000,1
2025-10-04T03:01:01.000000+0000,2025-10-04T03:01:01.000000+0000,1
2024-02-21T20:29:31.000000+0000,2024-02-21T20:29:31.000000+0000,1
2024-02-17T09:35:32.000000+0000,2024-02-17T09:35:32.000000+0000,1
2024-02-24T23:49:35.000000+0000,2024-02-24T23:49:35.000000+0000,1
2025-06-11T12:44:01.000000+0000,2025-06-11T12:44:01.000000+0000,1
2025-06-14T17:01:02.000000+0000,2025-06-14T17:01:02.000000+0000,1
2024-02-18T21:17:31.000000+0000,2024-02-18T21:17:31.000000+0000,1
2024-02-22T22:00:12.000000+0000,2024-02-22T22:00:12.000000+0000,1
2025-07-24T03:31:01.000000+0000,2025-07-24T03:31:01.000000+0000,1
2024-02-21T01:53:07.000000+0000,2024-02-21T01:53:07.000000+0000,1
2025-12-23T22:42:00.000000+0000,2025-12-23T22:42:00.000000+0000,1
2025-08-21T15:01:03.000000+0000,2025-08-21T15:01:03.000000+0000,1
2025-12-23T01:27:44.000000+0000,2025-12-23T01:27:44.000000+0000,1
2024-02-17T03:39:35.000000+0000,2024-02-17T03:39:35.000000+0000,1
2025-09-05T08:01:01.000000+0000,2025-09-05T08:01:01.000000+0000,1
2024-03-05T13:46:32.000000+0000,2024-03-05T13:46:32.000000+0000,1
2024-02-25T23:51:39.000000+0000,2024-02-25T23:51:39.000000+0000,1
2025-02-07T08:48:31.000000+0000,2025-02-07T08:48:31.000000+0000,1
2024-04-13T20:52:10.000000+0000,2024-04-13T20:52:10.000000+0000,1
2025-06-02T08:09:01.000000+0000,2025-06-02T08:09:01.000000+0000,1
2025-02-06T13:34:30.000000+0000,2025-02-06T13:34:30.000000+0000,1
2025-09-06T16:01:01.000000+0000,2025-09-06T16:01:01.000000+0000,1
2024-02-20T14:34:31.000000+0000,2024-02-20T14:34:31.000000+0000,1
2024-04-13T17:47:31.000000+0000,2024-04-13T17:47:31.000000+0000,1
2024-02-22T09:50:07.000000+0000,2024-02-22T09:50:07.000000+0000,1
2024-03-02T21:24:40.000000+0000,2024-03-02T21:24:40.000000+0000,1
2025-06-01T17:47:44.000000+0000,2025-06-01T17:47:44.000000+0000,1
2025-07-17T14:31:01.000000+0000,2025-07-17T14:31:01.000000+0000,1
2025-10-05T04:01:01.000000+0000,2025-10-05T04:01:01.000000+0000,1
2025-10-03T08:31:01.000000+0000,2025-10-03T08:31:01.000000+0000,1
2025-04-15T23:59:01.000000+0000,2025-04-15T23:59:01.000000+0000,1
2024-02-22T20:11:39.000000+0000,2024-02-22T20:11:39.000000+0000,1
2025-10-02T21:01:03.000000+0000,2025-10-02T21:01:03.000000+0000,1
2024-02-25T22:31:07.000000+0000,2024-02-25T22:31:07.000000+0000,1
2025-06-13T15:22:31.000000+0000,2025-06-13T15:22:31.000000+0000,1
2024-02-20T03:35:31.000000+0000,2024-02-20T03:35:31.000000+0000,1
2025-09-13T17:31:03.000000+0000,2025-09-13T17:31:03.000000+0000,1
2025-10-06T11:01:01.000000+0000,2025-10-06T11:01:01.000000+0000,1
2025-09-04T00:01:02.000000+0000,2025-09-04T00:01:02.000000+0000,1
2025-11-25T23:09:01.000000+0000,2025-11-25T23:09:01.000000+0000,1
2024-03-03T06:29:33.000000+0000,2024-03-03T06:29:33.000000+0000,1
2024-02-19T23:15:32.000000+0000,2024-02-19T23:15:32.000000+0000,1
2025-10-05T20:01:03.000000+0000,2025-10-05T20:01:03.000000+0000,1
2024-02-24T06:35:46.000000+0000,2024-02-24T06:35:46.000000+0000,1
2024-02-27T11:29:32.000000+0000,2024-02-27T11:29:32.000000+0000,1
2024-02-23T10:46:31.000000+0000,2024-02-23T10:46:31.000000+0000,1
2024-02-26T12:15:08.000000+0000,2024-02-26T12:15:08.000000+0000,1
2025-02-06T09:05:31.000000+0000,2025-02-06T09:05:31.000000+0000,1
2025-12-30T11:22:00.000000+0000,2025-12-30T11:22:00.000000+0000,1
2025-06-28T20:01:02.000000+0000,2025-06-28T20:01:02.000000+0000,1
2024-03-02T20:01:03.000000+0000,2024-03-02T20:01:03.000000+0000,1
2024-02-26T12:45:31.000000+0000,2024-02-26T12:45:31.000000+0000,1
2024-02-25T12:07:02.000000+0000,2024-02-25T12:07:02.000000+0000,1
2025-09-26T10:34:32.000000+0000,2025-09-26T10:34:32.000000+0000,1
2025-02-06T22:16:31.000000+0000,2025-02-06T22:16:31.000000+0000,1
2025-05-30T19:09:01.000000+0000,2025-05-30T19:09:01.000000+0000,1
2024-02-18T03:36:12.000000+0000,2024-02-18T03:36:12.000000+0000,1
2025-08-08T02:31:02.000000+0000,2025-08-08T02:31:02.000000+0000,1
2025-09-23T18:39:01.000000+0000,2025-09-23T18:39:01.000000+0000,1
2024-03-11T21:55:36.000000+0000,2024-03-11T21:55:36.000000+0000,1
2024-02-21T19:04:38.000000+0000,2024-02-21T19:04:38.000000+0000,1
2024-02-22T10:42:04.000000+0000,2024-02-22T10:42:04.000000+0000,1
2024-02-18T14:16:39.000000+0000,2024-02-18T14:16:39.000000+0000,1
2024-04-12T18:55:31.000000+0000,2024-04-12T18:55:31.000000+0000,1
2025-02-07T07:15:30.000000+0000,2025-02-07T07:15:30.000000+0000,1
2025-10-08T16:01:01.000000+0000,2025-10-08T16:01:01.000000+0000,1
2025-03-17T00:01:16.000000+0000,2025-03-17T00:01:16.000000+0000,1
2025-10-09T09:01:01.000000+0000,2025-10-09T09:01:01.000000+0000,1
2025-09-14T01:37:01.000000+0000,2025-09-14T01:37:01.000000+0000,1
2024-02-25T09:41:10.000000+0000,2024-02-25T09:41:10.000000+0000,1
2024-03-05T08:58:30.000000+0000,2024-03-05T08:58:30.000000+0000,1
2025-08-11T05:31:01.000000+0000,2025-08-11T05:31:01.000000+0000,1
2024-03-05T11:28:34.000000+0000,2024-03-05T11:28:34.000000+0000,1
2025-10-06T01:01:01.000000+0000,2025-10-06T01:01:01.000000+0000,1
2024-02-24T01:42:34.000000+0000,2024-02-24T01:42:34.000000+0000,1
2024-02-21T09:16:34.000000+0000,2024-02-21T09:16:34.000000+0000,1
2024-02-22T16:41:04.000000+0000,2024-02-22T16:41:04.000000+0000,1
2024-03-03T07:09:30.000000+0000,2024-03-03T07:09:30.000000+0000,1
2024-02-25T02:54:35.000000+0000,2024-02-25T02:54:35.000000+0000,1
2024-03-09T06:12:33.000000+0000,2024-03-09T06:12:33.000000+0000,1
2024-02-27T01:45:30.000000+0000,2024-02-27T01:45:30.000000+0000,1
2024-02-19T04:12:04.000000+0000,2024-02-19T04:12:04.000000+0000,1
2024-02-23T01:12:31.000000+0000,2024-02-23T01:12:31.000000+0000,1
2024-02-22T14:52:08.000000+0000,2024-02-22T14:52:08.000000+0000,1
2024-02-20T11:35:14.000000+0000,2024-02-20T11:35:14.000000+0000,1
2025-08-05T13:31:01.000000+0000,2025-08-05T13:31:01.000000+0000,1
2026-01-11T14:12:01.000000+0000,2026-01-11T14:12:01.000000+0000,1
2024-02-18T18:51:07.000000+0000,2024-02-18T18:51:07.000000+0000,1
2025-10-23T09:31:01.000000+0000,2025-10-23T09:31:01.000000+0000,1
2025-02-07T03:50:30.000000+0000,2025-02-07T03:50:30.000000+0000,1
2025-07-27T00:31:01.000000+0000,2025-07-27T00:31:01.000000+0000,1
2025-02-06T19:05:30.000000+0000,2025-02-06T19:05:30.000000+0000,1
2024-02-26T05:08:10.000000+0000,2024-02-26T05:08:10.000000+0000,1
2024-02-24T12:21:47.000000+0000,2024-02-24T12:21:47.000000+0000,1
2024-02-16T19:42:04.000000+0000,2024-02-16T19:42:04.000000+0000,1
2025-09-15T13:31:03.000000+0000,2025-09-15T13:31:03.000000+0000,1
2025-09-20T17:31:02.000000+0000,2025-09-20T17:31:02.000000+0000,1
2024-02-27T03:51:30.000000+0000,2024-02-27T03:51:30.000000+0000,1
2024-02-21T03:19:32.000000+0000,2024-02-21T03:19:32.000000+0000,1
2025-02-10T16:01:01.000000+0000,2025-02-10T16:01:01.000000+0000,1
2025-08-12T06:31:01.000000+0000,2025-08-12T06:31:01.000000+0000,1
2026-01-08T10:53:00.000000+0000,2026-01-08T10:53:00.000000+0000,1
2025-02-06T07:31:30.000000+0000,2025-02-06T07:31:30.000000+0000,1
2024-02-25T07:56:33.000000+0000,2024-02-25T07:56:33.000000+0000,1
2025-07-19T08:01:02.000000+0000,2025-07-19T08:01:02.000000+0000,1
2025-10-28T15:31:01.000000+0000,2025-10-28T15:31:01.000000+0000,1
2024-02-21T17:38:03.000000+0000,2024-02-21T17:38:03.000000+0000,1
2024-02-24T02:24:31.000000+0000,2024-02-24T02:24:31.000000+0000,1
2024-02-17T13:11:30.000000+0000,2024-02-17T13:11:30.000000+0000,1
2025-09-03T04:31:02.000000+0000,2025-09-03T04:31:02.000000+0000,1
2025-10-07T06:01:01.000000+0000,2025-10-07T06:01:01.000000+0000,1
2024-02-21T16:01:14.000000+0000,2024-02-21T16:01:14.000000+0000,1
2024-03-05T07:22:33.000000+0000,2024-03-05T07:22:33.000000+0000,1
2025-12-27T22:42:00.000000+0000,2025-12-27T22:42:00.000000+0000,1
2024-02-25T04:25:06.000000+0000,2024-02-25T04:25:06.000000+0000,1
2024-02-19T01:44:37.000000+0000,2024-02-19T01:44:37.000000+0000,1
2025-09-14T18:31:02.000000+0000,2025-09-14T18:31:02.000000+0000,1
2025-10-04T10:01:01.000000+0000,2025-10-04T10:01:01.000000+0000,1
2024-02-23T18:16:32.000000+0000,2024-02-23T18:16:32.000000+0000,1
2024-02-21T14:20:07.000000+0000,2024-02-21T14:20:07.000000+0000,1
2024-02-25T09:13:32.000000+0000,2024-02-25T09:13:32.000000+0000,1
2025-04-11T05:31:01.000000+0000,2025-04-11T05:31:01.000000+0000,1
2024-02-20T13:46:06.000000+0000,2024-02-20T13:46:06.000000+0000,1
2025-10-27T12:31:02.000000+0000,2025-10-27T12:31:02.000000+0000,1
2025-11-01T05:11:03.000000+0000,2025-11-01T05:11:03.000000+0000,1
2025-03-24T19:17:01.000000+0000,2025-03-24T19:17:01.000000+0000,1
2024-02-19T19:12:40.000000+0000,2024-02-19T19:12:40.000000+0000,1
2024-02-24T12:51:33.000000+0000,2024-02-24T12:51:33.000000+0000,1
2024-03-02T22:03:33.000000+0000,2024-03-02T22:03:33.000000+0000,1
2025-11-22T20:29:01.000000+0000,2025-11-22T20:29:01.000000+0000,1
2025-02-24T17:01:01.000000+0000,2025-02-24T17:01:01.000000+0000,1
2025-10-27T22:31:01.000000+0000,2025-10-27T22:31:01.000000+0000,1
2024-02-16T22:31:31.000000+0000,2024-02-16T22:31:31.000000+0000,1
2024-02-23T04:52:32.000000+0000,2024-02-23T04:52:32.000000+0000,1
2025-09-07T12:01:02.000000+0000,2025-09-07T12:01:02.000000+0000,1
2025-03-14T10:31:01.000000+0000,2025-03-14T10:31:01.000000+0000,1
2024-02-24T21:16:41.000000+0000,2024-02-24T21:16:41.000000+0000,1
2025-02-07T06:55:31.000000+0000,2025-02-07T06:55:31.000000+0000,1
2024-04-10T12:48:30.000000+0000,2024-04-10T12:48:30.000000+0000,1
2025-10-22T09:31:02.000000+0000,2025-10-22T09:31:02.000000+0000,1
2024-02-17T08:03:07.000000+0000,2024-02-17T08:03:07.000000+0000,1
2025-10-01T21:31:02.000000+0000,2025-10-01T21:31:02.000000+0000,1
2025-09-08T07:01:01.000000+0000,2025-09-08T07:01:01.000000+0000,1
2025-09-24T19:31:02.000000+0000,2025-09-24T19:31:02.000000+0000,1
2024-02-20T02:15:30.000000+0000,2024-02-20T02:15:30.000000+0000,1
