ts,prev,gap_s
2024-06-12T23:59:01.000000+0000,2024-06-11T23:59:31.000000+0000,86370
2023-03-18T00:06:31.000000+0000,2023-03-17T07:49:31.000000+0000,58620
2023-06-01T07:03:02.000000+0000,2023-05-31T23:57:03.000000+0000,25559
2023-03-17T04:53:03.000000+0000,2023-03-16T23:57:03.000000+0000,17760
2023-03-24T07:53:02.000000+0000,2023-03-24T04:59:03.000000+0000,10439
2025-07-23T07:36:03.000000+0000,2025-07-23T06:06:32.000000+0000,5371
2023-05-14T00:39:03.000000+0000,2023-05-13T23:56:31.000000+0000,2552
2023-06-06T00:37:31.000000+0000,2023-06-05T23:55:05.000000+0000,2546
2023-05-16T00:25:31.000000+0000,2023-05-15T23:53:32.000000+0000,1919
2025-10-09T03:57:01.000000+0000,2025-10-09T03:33:33.000000+0000,1408
2023-05-19T00:11:30.000000+0000,2023-05-18T23:49:31.000000+0000,1319
2023-03-02T00:20:08.000000+0000,2023-03-01T23:58:31.000000+0000,1297
2023-04-15T00:18:05.000000+0000,2023-04-14T23:56:31.000000+0000,1294
2023-05-18T00:12:04.000000+0000,2023-05-17T23:50:31.000000+0000,1293
2023-03-20T00:14:03.000000+0000,2023-03-19T23:52:31.000000+0000,1292
2023-04-09T00:16:32.000000+0000,2023-04-08T23:55:05.000000+0000,1287
2023-04-20T00:18:30.000000+0000,2023-04-19T23:57:03.000000+0000,1287
2023-05-10T00:13:31.000000+0000,2023-05-09T23:52:04.000000+0000,1287
2023-05-30T00:16:31.000000+0000,2023-05-29T23:55:06.000000+0000,1285
2023-05-08T00:16:32.000000+0000,2023-05-07T23:55:30.000000+0000,1262
2023-05-04T00:11:31.000000+0000,2023-05-03T23:50:31.000000+0000,1260
2023-05-11T00:11:31.000000+0000,2023-05-10T23:50:31.000000+0000,1260
2023-05-02T00:14:05.000000+0000,2023-05-01T23:53:31.000000+0000,1234
2023-03-06T00:12:31.000000+0000,2023-03-05T23:52:30.000000+0000,1201
2023-03-14T00:10:31.000000+0000,2023-03-13T23:51:03.000000+0000,1168
2023-04-11T00:11:03.000000+0000,2023-04-10T23:52:04.000000+0000,1139
2023-04-18T00:11:04.000000+0000,2023-04-17T23:52:05.000000+0000,1139
2023-05-26T10:27:03.000000+0000,2023-05-26T10:08:04.000000+0000,1139
2025-04-15T07:58:33.000000+0000,2025-04-15T07:40:07.000000+0000,1106
2024-04-15T10:41:00.000000+0000,2024-04-15T10:23:00.000000+0000,1080
2024-04-15T11:27:03.000000+0000,2024-04-15T11:09:30.000000+0000,1053
2023-05-24T00:11:03.000000+0000,2023-05-23T23:53:31.000000+0000,1052
2025-03-17T07:56:03.000000+0000,2025-03-17T07:38:31.000000+0000,1052
2023-04-13T06:36:31.000000+0000,2023-04-13T06:19:03.000000+0000,1048
2025-03-17T09:07:33.000000+0000,2025-03-17T08:50:07.000000+0000,1046
2024-03-14T07:37:31.000000+0000,2024-03-14T07:20:31.000000+0000,1020
2023-03-22T00:11:03.000000+0000,2023-03-21T23:54:04.000000+0000,1019
2023-06-12T00:12:30.000000+0000,2023-06-11T23:55:31.000000+0000,1019
2025-10-29T22:00:01.000000+0000,2025-10-29T21:43:03.000000+0000,1018
2024-01-30T10:06:04.000000+0000,2024-01-30T09:49:32.000000+0000,992
2024-03-13T07:15:32.000000+0000,2024-03-13T06:59:00.000000+0000,992
2023-05-29T00:13:03.000000+0000,2023-05-28T23:56:32.000000+0000,991
2023-04-24T00:12:32.000000+0000,2023-04-23T23:56:04.000000+0000,988
2024-02-15T06:18:31.000000+0000,2024-02-15T06:02:03.000000+0000,988
2023-04-25T00:10:32.000000+0000,2023-04-24T23:54:31.000000+0000,961
2023-05-27T00:10:32.000000+0000,2023-05-26T23:54:32.000000+0000,960
2023-06-05T00:12:31.000000+0000,2023-06-04T23:56:31.000000+0000,960
2024-10-21T02:19:02.000000+0000,2024-10-21T02:03:30.000000+0000,932
2024-12-18T06:48:03.000000+0000,2024-12-18T06:32:32.000000+0000,931
2025-01-07T05:27:02.000000+0000,2025-01-07T05:11:32.000000+0000,930
2024-02-02T07:27:32.000000+0000,2024-02-02T07:12:03.000000+0000,929
2024-09-30T07:56:30.000000+0000,2024-09-30T07:41:01.000000+0000,929
2025-01-07T06:18:00.000000+0000,2025-01-07T06:02:32.000000+0000,928
2023-05-20T00:10:32.000000+0000,2023-05-19T23:55:30.000000+0000,902
2023-05-26T00:12:04.000000+0000,2023-05-25T23:57:03.000000+0000,901
2023-05-25T00:13:31.000000+0000,2023-05-24T23:58:31.000000+0000,900
2023-10-13T07:38:31.000000+0000,2023-10-13T07:23:31.000000+0000,900
2023-11-27T02:24:31.000000+0000,2023-11-27T02:09:31.000000+0000,900
2024-09-12T05:44:31.000000+0000,2024-09-12T05:29:31.000000+0000,900
2023-06-30T00:11:02.000000+0000,2023-06-29T23:56:31.000000+0000,871
2023-09-21T11:17:33.000000+0000,2023-09-21T11:03:03.000000+0000,870
2024-09-12T06:31:01.000000+0000,2024-09-12T06:16:32.000000+0000,869
2023-10-13T02:01:05.000000+0000,2023-10-13T01:46:42.000000+0000,863
2024-01-30T04:15:06.000000+0000,2024-01-30T04:00:46.000000+0000,860
2023-11-29T07:10:06.000000+0000,2023-11-29T06:56:03.000000+0000,843
2024-01-08T08:10:07.000000+0000,2024-01-08T07:56:04.000000+0000,843
2024-08-19T04:23:01.000000+0000,2024-08-19T04:09:00.000000+0000,841
2023-03-25T00:10:31.000000+0000,2023-03-24T23:56:31.000000+0000,840
2023-04-19T00:12:04.000000+0000,2023-04-18T23:58:04.000000+0000,840
2023-08-30T10:16:03.000000+0000,2023-08-30T10:02:03.000000+0000,840
2024-08-16T04:08:00.000000+0000,2024-08-16T03:54:00.000000+0000,840
2023-10-27T10:59:02.000000+0000,2023-10-27T10:45:05.000000+0000,837
2025-02-06T07:47:02.000000+0000,2025-02-06T07:33:31.000000+0000,811
2024-05-16T02:32:31.000000+0000,2024-05-16T02:19:01.000000+0000,810
2024-07-05T08:31:00.000000+0000,2024-07-05T08:17:30.000000+0000,810
2024-07-24T02:28:01.000000+0000,2024-07-24T02:14:31.000000+0000,810
2023-10-13T09:02:31.000000+0000,2023-10-13T08:49:03.000000+0000,808
2024-04-19T07:57:02.000000+0000,2024-04-19T07:44:02.000000+0000,780
2024-05-21T06:48:30.000000+0000,2024-05-21T06:35:30.000000+0000,780
2024-05-16T05:58:01.000000+0000,2024-05-16T05:45:04.000000+0000,777
2023-03-15T00:11:03.000000+0000,2023-03-14T23:58:31.000000+0000,752
2024-05-02T02:06:02.000000+0000,2024-05-02T01:53:30.000000+0000,752
2025-02-10T09:12:01.000000+0000,2025-02-10T08:59:31.000000+0000,750
2024-05-03T03:36:31.000000+0000,2024-05-03T03:24:02.000000+0000,749
2024-04-15T13:14:02.000000+0000,2024-04-15T13:01:37.000000+0000,745
2023-06-23T00:05:05.000000+0000,2023-06-22T23:53:30.000000+0000,695
2023-04-05T00:02:04.000000+0000,2023-04-04T23:50:31.000000+0000,693
2023-04-13T00:08:04.000000+0000,2023-04-12T23:56:31.000000+0000,693
2023-03-04T00:07:03.000000+0000,2023-03-03T23:55:31.000000+0000,692
2023-06-17T00:04:03.000000+0000,2023-06-16T23:52:32.000000+0000,691
2023-03-30T00:10:31.000000+0000,2023-03-29T23:59:03.000000+0000,688
2023-04-06T00:10:31.000000+0000,2023-04-05T23:59:03.000000+0000,688
2023-05-05T00:10:31.000000+0000,2023-05-04T23:59:03.000000+0000,688
2023-03-26T00:09:31.000000+0000,2023-03-25T23:58:04.000000+0000,687
2023-06-16T00:06:31.000000+0000,2023-06-15T23:55:05.000000+0000,686
2023-04-22T00:10:08.000000+0000,2023-04-21T23:59:03.000000+0000,665
2023-04-28T00:10:08.000000+0000,2023-04-27T23:59:03.000000+0000,665
2023-05-12T00:10:08.000000+0000,2023-05-11T23:59:03.000000+0000,665
2023-05-31T00:10:08.000000+0000,2023-05-30T23:59:03.000000+0000,665
2023-03-05T00:05:06.000000+0000,2023-03-04T23:54:04.000000+0000,662
2023-03-12T00:05:06.000000+0000,2023-03-11T23:54:04.000000+0000,662
2023-03-19T00:05:06.000000+0000,2023-03-18T23:54:04.000000+0000,662
2023-06-13T00:05:05.000000+0000,2023-06-12T23:54:03.000000+0000,662
2023-06-28T00:04:02.000000+0000,2023-06-27T23:53:00.000000+0000,662
2023-03-11T00:06:31.000000+0000,2023-03-10T23:55:30.000000+0000,661
2023-03-27T00:05:05.000000+0000,2023-03-26T23:54:04.000000+0000,661
2023-03-28T00:03:04.000000+0000,2023-03-27T23:52:03.000000+0000,661
2023-03-29T00:01:31.000000+0000,2023-03-28T23:50:30.000000+0000,661
2023-04-03T00:04:32.000000+0000,2023-04-02T23:53:31.000000+0000,661
2023-04-17T00:04:32.000000+0000,2023-04-16T23:53:31.000000+0000,661
2023-04-26T00:04:04.000000+0000,2023-04-25T23:53:03.000000+0000,661
2023-06-07T00:09:31.000000+0000,2023-06-06T23:58:30.000000+0000,661
2023-06-08T00:08:03.000000+0000,2023-06-07T23:57:02.000000+0000,661
2023-06-25T00:08:03.000000+0000,2023-06-24T23:57:02.000000+0000,661
2023-03-03T00:08:03.000000+0000,2023-03-02T23:57:03.000000+0000,660
2023-03-07T00:02:03.000000+0000,2023-03-06T23:51:03.000000+0000,660
2023-03-08T00:09:31.000000+0000,2023-03-07T23:58:31.000000+0000,660
2023-03-09T00:09:31.000000+0000,2023-03-08T23:58:31.000000+0000,660
2023-03-10T00:08:03.000000+0000,2023-03-09T23:57:03.000000+0000,660
2023-03-13T00:03:31.000000+0000,2023-03-12T23:52:31.000000+0000,660
2023-03-16T00:09:31.000000+0000,2023-03-15T23:58:31.000000+0000,660
2023-03-21T00:02:03.000000+0000,2023-03-20T23:51:03.000000+0000,660
2023-03-23T00:09:31.000000+0000,2023-03-22T23:58:31.000000+0000,660
2023-03-31T00:09:03.000000+0000,2023-03-30T23:58:03.000000+0000,660
2023-04-07T00:09:03.000000+0000,2023-04-06T23:58:03.000000+0000,660
2023-04-08T00:07:31.000000+0000,2023-04-07T23:56:31.000000+0000,660
2023-04-10T00:04:32.000000+0000,2023-04-09T23:53:32.000000+0000,660
2023-04-21T00:06:31.000000+0000,2023-04-20T23:55:31.000000+0000,660
2023-04-29T00:09:03.000000+0000,2023-04-28T23:58:03.000000+0000,660
2023-04-30T00:07:31.000000+0000,2023-04-29T23:56:31.000000+0000,660
2023-05-03T00:03:03.000000+0000,2023-05-02T23:52:03.000000+0000,660
2023-05-07T00:07:31.000000+0000,2023-05-06T23:56:31.000000+0000,660
2023-05-09T00:04:31.000000+0000,2023-05-08T23:53:31.000000+0000,660
2023-05-13T00:09:04.000000+0000,2023-05-12T23:58:04.000000+0000,660
2023-06-02T00:07:03.000000+0000,2023-06-01T23:56:03.000000+0000,660
2023-06-19T00:07:31.000000+0000,2023-06-18T23:56:31.000000+0000,660
2023-07-02T00:08:02.000000+0000,2023-07-01T23:57:02.000000+0000,660
2023-07-05T00:10:31.000000+0000,2023-07-04T23:59:31.000000+0000,660
2023-04-01T00:07:31.000000+0000,2023-03-31T23:56:32.000000+0000,659
2023-04-04T00:03:03.000000+0000,2023-04-03T23:52:04.000000+0000,659
2023-04-14T00:09:03.000000+0000,2023-04-13T23:58:04.000000+0000,659
2023-04-23T00:08:31.000000+0000,2023-04-22T23:57:32.000000+0000,659
2023-04-27T00:01:31.000000+0000,2023-04-26T23:50:32.000000+0000,659
2023-05-01T00:06:04.000000+0000,2023-04-30T23:55:05.000000+0000,659
2023-05-17T00:03:03.000000+0000,2023-05-16T23:52:04.000000+0000,659
2023-05-21T00:09:03.000000+0000,2023-05-20T23:58:04.000000+0000,659
2023-05-22T00:07:31.000000+0000,2023-05-21T23:56:32.000000+0000,659
2023-05-28T00:09:03.000000+0000,2023-05-27T23:58:04.000000+0000,659
2023-04-02T00:06:04.000000+0000,2023-04-01T23:55:06.000000+0000,658
2023-04-16T00:06:05.000000+0000,2023-04-15T23:55:07.000000+0000,658
2023-05-06T00:09:03.000000+0000,2023-05-05T23:58:05.000000+0000,658
2023-05-15T00:06:04.000000+0000,2023-05-14T23:55:06.000000+0000,658
2023-05-23T00:06:04.000000+0000,2023-05-22T23:55:06.000000+0000,658
2025-02-10T11:08:52.000000+0000,2025-02-10T10:59:30.000000+0000,562
2023-07-01T00:06:03.000000+0000,2023-06-30T23:58:30.000000+0000,453
2023-06-20T00:06:02.000000+0000,2023-06-19T23:58:30.000000+0000,452
2023-07-03T00:03:02.000000+0000,2023-07-02T23:55:30.000000+0000,452
2023-06-22T00:03:02.000000+0000,2023-06-21T23:55:31.000000+0000,451
2023-06-21T00:04:31.000000+0000,2023-06-20T23:57:02.000000+0000,449
2026-04-08T02:38:32.000000+0000,2026-04-08T02:31:32.000000+0000,420
2025-02-10T10:11:23.000000+0000,2025-02-10T10:04:32.000000+0000,411
2023-06-10T00:05:04.000000+0000,2023-06-09T23:58:30.000000+0000,394
2023-06-27T00:05:03.000000+0000,2023-06-26T23:58:30.000000+0000,393
2023-06-04T00:04:04.000000+0000,2023-06-03T23:58:03.000000+0000,361
2026-04-22T07:21:33.000000+0000,2026-04-22T07:15:32.000000+0000,361
2023-06-11T00:03:30.000000+0000,2023-06-10T23:57:30.000000+0000,360
2026-03-27T02:28:02.000000+0000,2026-03-27T02:22:02.000000+0000,360
2025-11-18T11:27:01.000000+0000,2025-11-18T11:21:08.000000+0000,353
2026-04-16T07:36:33.000000+0000,2026-04-16T07:30:43.000000+0000,350
2023-06-03T00:00:12.000000+0000,2023-06-02T23:54:30.000000+0000,342
2026-04-24T09:30:41.000000+0000,2026-04-24T09:25:00.000000+0000,341
2026-04-02T01:30:39.000000+0000,2026-04-02T01:25:01.000000+0000,338
2023-07-04T00:05:03.000000+0000,2023-07-03T23:59:31.000000+0000,332
2024-07-30T09:18:03.000000+0000,2024-07-30T09:12:31.000000+0000,332
2026-02-23T06:28:01.000000+0000,2026-02-23T06:22:32.000000+0000,329
2026-04-07T06:35:30.000000+0000,2026-04-07T06:30:05.000000+0000,325
2025-02-10T11:19:45.000000+0000,2025-02-10T11:14:32.000000+0000,313
2023-06-09T00:00:33.000000+0000,2023-06-08T23:55:30.000000+0000,303
2023-06-15T00:02:05.000000+0000,2023-06-14T23:57:02.000000+0000,303
2023-06-14T00:03:31.000000+0000,2023-06-13T23:58:30.000000+0000,301
2023-03-24T00:02:03.000000+0000,2023-03-23T23:57:03.000000+0000,300
2025-05-21T11:36:32.000000+0000,2025-05-21T11:31:32.000000+0000,300
2026-03-19T06:41:01.000000+0000,2026-03-19T06:36:01.000000+0000,300
2026-03-24T06:23:00.000000+0000,2026-03-24T06:18:00.000000+0000,300
2023-06-24T00:03:30.000000+0000,2023-06-23T23:58:31.000000+0000,299
2026-04-07T07:35:04.000000+0000,2026-04-07T07:30:05.000000+0000,299
2025-02-10T09:44:27.000000+0000,2025-02-10T09:39:31.000000+0000,296
2025-12-23T06:58:50.000000+0000,2025-12-23T06:54:01.000000+0000,289
2023-06-26T00:00:08.000000+0000,2023-06-25T23:55:30.000000+0000,278
2025-02-10T09:27:10.000000+0000,2025-02-10T09:22:32.000000+0000,278
2025-02-10T09:37:09.000000+0000,2025-02-10T09:32:31.000000+0000,278
2026-04-16T06:50:05.000000+0000,2026-04-16T06:45:33.000000+0000,272
2026-04-16T07:20:05.000000+0000,2026-04-16T07:15:33.000000+0000,272
2023-04-12T00:03:03.000000+0000,2023-04-11T23:58:32.000000+0000,271
2026-03-06T09:33:03.000000+0000,2026-03-06T09:28:32.000000+0000,271
2026-03-06T09:19:00.000000+0000,2026-03-06T09:14:30.000000+0000,270
2026-01-28T09:04:33.000000+0000,2026-01-28T09:00:07.000000+0000,266
2025-06-16T13:00:51.000000+0000,2025-06-16T12:56:32.000000+0000,259
2025-02-10T11:45:50.000000+0000,2025-02-10T11:41:42.000000+0000,248
2026-04-23T04:25:37.000000+0000,2026-04-23T04:21:32.000000+0000,245
2026-05-06T07:20:36.000000+0000,2026-05-06T07:16:31.000000+0000,245
2026-04-13T04:20:04.000000+0000,2026-04-13T04:16:00.000000+0000,244
2026-05-22T04:50:36.000000+0000,2026-05-22T04:46:32.000000+0000,244
2026-05-23T05:20:05.000000+0000,2026-05-23T05:16:01.000000+0000,244
2025-11-27T10:01:07.000000+0000,2025-11-27T09:57:04.000000+0000,243
2025-12-01T19:01:07.000000+0000,2025-12-01T18:57:04.000000+0000,243
2026-03-22T21:45:04.000000+0000,2026-03-22T21:41:01.000000+0000,243
2026-05-26T17:10:04.000000+0000,2026-05-26T17:06:01.000000+0000,243
2026-05-30T18:15:34.000000+0000,2026-05-30T18:11:31.000000+0000,243
2026-02-21T14:59:32.000000+0000,2026-02-21T14:55:30.000000+0000,242
2026-02-28T08:52:02.000000+0000,2026-02-28T08:48:00.000000+0000,242
2026-04-07T03:37:02.000000+0000,2026-04-07T03:33:00.000000+0000,242
2025-11-14T00:40:06.000000+0000,2025-11-14T00:36:05.000000+0000,241
2026-02-23T08:17:33.000000+0000,2026-02-23T08:13:32.000000+0000,241
2026-02-27T01:22:01.000000+0000,2026-02-27T01:18:00.000000+0000,241
2026-02-27T04:20:33.000000+0000,2026-02-27T04:16:32.000000+0000,241
2026-03-16T11:23:33.000000+0000,2026-03-16T11:19:32.000000+0000,241
2026-03-16T14:33:01.000000+0000,2026-03-16T14:29:00.000000+0000,241
2026-03-23T16:49:33.000000+0000,2026-03-23T16:45:32.000000+0000,241
2026-03-29T15:28:32.000000+0000,2026-03-29T15:24:31.000000+0000,241
2026-03-30T09:08:33.000000+0000,2026-03-30T09:04:32.000000+0000,241
2026-03-30T19:28:01.000000+0000,2026-03-30T19:24:00.000000+0000,241
2026-04-06T05:13:01.000000+0000,2026-04-06T05:09:00.000000+0000,241
2026-04-08T00:37:01.000000+0000,2026-04-08T00:33:00.000000+0000,241
2026-04-10T13:09:33.000000+0000,2026-04-10T13:05:32.000000+0000,241
2026-04-17T09:29:01.000000+0000,2026-04-17T09:25:00.000000+0000,241
2026-04-29T06:17:32.000000+0000,2026-04-29T06:13:31.000000+0000,241
2026-05-02T13:02:32.000000+0000,2026-05-02T12:58:31.000000+0000,241
2026-05-09T11:17:33.000000+0000,2026-05-09T11:13:32.000000+0000,241
2026-05-15T01:09:32.000000+0000,2026-05-15T01:05:31.000000+0000,241
2026-05-19T13:29:01.000000+0000,2026-05-19T13:25:00.000000+0000,241
2026-05-20T03:39:33.000000+0000,2026-05-20T03:35:32.000000+0000,241
2026-05-25T02:29:01.000000+0000,2026-05-25T02:25:00.000000+0000,241
2026-05-28T17:59:01.000000+0000,2026-05-28T17:55:00.000000+0000,241
2023-06-29T00:02:03.000000+0000,2023-06-28T23:58:03.000000+0000,240
2025-06-16T12:46:32.000000+0000,2025-06-16T12:42:32.000000+0000,240
2025-11-15T13:25:05.000000+0000,2025-11-15T13:21:05.000000+0000,240
2025-11-23T07:40:07.000000+0000,2025-11-23T07:36:07.000000+0000,240
2025-12-15T13:25:05.000000+0000,2025-12-15T13:21:05.000000+0000,240
2025-12-31T00:25:05.000000+0000,2025-12-31T00:21:05.000000+0000,240
2026-02-05T09:16:00.000000+0000,2026-02-05T09:12:00.000000+0000,240
2026-02-14T20:14:33.000000+0000,2026-02-14T20:10:33.000000+0000,240
2026-02-28T19:11:32.000000+0000,2026-02-28T19:07:32.000000+0000,240
2026-03-10T01:23:33.000000+0000,2026-03-10T01:19:33.000000+0000,240
2026-03-11T12:23:32.000000+0000,2026-03-11T12:19:32.000000+0000,240
2026-03-13T18:38:32.000000+0000,2026-03-13T18:34:32.000000+0000,240
2026-03-20T17:14:33.000000+0000,2026-03-20T17:10:33.000000+0000,240
2026-03-20T22:08:33.000000+0000,2026-03-20T22:04:33.000000+0000,240
2026-03-22T05:38:32.000000+0000,2026-03-22T05:34:32.000000+0000,240
2026-03-22T09:08:31.000000+0000,2026-03-22T09:04:31.000000+0000,240
2026-03-23T00:53:33.000000+0000,2026-03-23T00:49:33.000000+0000,240
2026-03-24T01:23:32.000000+0000,2026-03-24T01:19:32.000000+0000,240
2026-03-28T21:27:01.000000+0000,2026-03-28T21:23:01.000000+0000,240
2026-03-30T01:27:01.000000+0000,2026-03-30T01:23:01.000000+0000,240
2026-04-03T14:33:32.000000+0000,2026-04-03T14:29:32.000000+0000,240
2026-04-05T22:33:33.000000+0000,2026-04-05T22:29:33.000000+0000,240
2026-04-06T08:32:32.000000+0000,2026-04-06T08:28:32.000000+0000,240
2026-04-09T08:59:01.000000+0000,2026-04-09T08:55:01.000000+0000,240
2026-04-10T02:29:01.000000+0000,2026-04-10T02:25:01.000000+0000,240
2026-04-12T12:24:33.000000+0000,2026-04-12T12:20:33.000000+0000,240
2026-04-12T18:21:32.000000+0000,2026-04-12T18:17:32.000000+0000,240
2026-04-13T23:13:32.000000+0000,2026-04-13T23:09:32.000000+0000,240
2026-04-16T12:18:02.000000+0000,2026-04-16T12:14:02.000000+0000,240
2026-04-16T15:48:01.000000+0000,2026-04-16T15:44:01.000000+0000,240
2026-04-18T01:13:32.000000+0000,2026-04-18T01:09:32.000000+0000,240
2026-04-20T14:18:03.000000+0000,2026-04-20T14:14:03.000000+0000,240
2026-04-21T11:18:02.000000+0000,2026-04-21T11:14:02.000000+0000,240
2026-04-26T00:03:32.000000+0000,2026-04-25T23:59:32.000000+0000,240
2026-04-27T05:17:32.000000+0000,2026-04-27T05:13:32.000000+0000,240
2026-04-29T15:33:33.000000+0000,2026-04-29T15:29:33.000000+0000,240
2026-05-01T15:41:32.000000+0000,2026-05-01T15:37:32.000000+0000,240
2026-05-06T12:25:00.000000+0000,2026-05-06T12:21:00.000000+0000,240
2026-05-06T13:59:32.000000+0000,2026-05-06T13:55:32.000000+0000,240
2026-05-10T06:32:31.000000+0000,2026-05-10T06:28:31.000000+0000,240
2026-05-19T00:11:31.000000+0000,2026-05-19T00:07:31.000000+0000,240
2026-05-20T14:41:32.000000+0000,2026-05-20T14:37:32.000000+0000,240
2026-05-23T11:38:00.000000+0000,2026-05-23T11:34:00.000000+0000,240
2026-06-01T04:02:00.000000+0000,2026-06-01T03:58:00.000000+0000,240
2025-02-10T10:21:30.000000+0000,2025-02-10T10:17:31.000000+0000,239
2025-05-21T11:21:31.000000+0000,2025-05-21T11:17:32.000000+0000,239
2025-11-02T17:25:05.000000+0000,2025-11-02T17:21:06.000000+0000,239
2025-12-23T10:25:05.000000+0000,2025-12-23T10:21:06.000000+0000,239
2025-12-23T13:55:05.000000+0000,2025-12-23T13:51:06.000000+0000,239
2025-12-23T17:25:05.000000+0000,2025-12-23T17:21:06.000000+0000,239
2025-12-26T22:25:05.000000+0000,2025-12-26T22:21:06.000000+0000,239
2026-02-18T11:44:33.000000+0000,2026-02-18T11:40:34.000000+0000,239
2026-02-19T05:14:32.000000+0000,2026-02-19T05:10:33.000000+0000,239
2026-02-20T16:14:32.000000+0000,2026-02-20T16:10:33.000000+0000,239
2026-03-05T06:17:31.000000+0000,2026-03-05T06:13:32.000000+0000,239
2026-03-18T19:13:00.000000+0000,2026-03-18T19:09:01.000000+0000,239
2026-03-25T06:43:01.000000+0000,2026-03-25T06:39:02.000000+0000,239
2026-03-28T04:28:31.000000+0000,2026-03-28T04:24:32.000000+0000,239
2026-03-30T03:12:00.000000+0000,2026-03-30T03:08:01.000000+0000,239
2026-03-30T04:57:00.000000+0000,2026-03-30T04:53:01.000000+0000,239
2026-03-30T10:43:30.000000+0000,2026-03-30T10:39:31.000000+0000,239
2026-04-08T17:24:03.000000+0000,2026-04-08T17:20:04.000000+0000,239
2026-04-09T00:24:03.000000+0000,2026-04-09T00:20:04.000000+0000,239
2026-04-11T18:01:31.000000+0000,2026-04-11T17:57:32.000000+0000,239
2026-04-12T00:51:32.000000+0000,2026-04-12T00:47:33.000000+0000,239
2026-04-17T16:18:02.000000+0000,2026-04-17T16:14:03.000000+0000,239
2026-04-20T02:13:31.000000+0000,2026-04-20T02:09:32.000000+0000,239
2026-04-22T17:13:32.000000+0000,2026-04-22T17:09:33.000000+0000,239
2026-05-03T07:25:00.000000+0000,2026-05-03T07:21:01.000000+0000,239
2026-05-16T18:38:31.000000+0000,2026-05-16T18:34:32.000000+0000,239
2026-05-20T07:52:01.000000+0000,2026-05-20T07:48:02.000000+0000,239
2026-05-26T20:29:32.000000+0000,2026-05-26T20:25:33.000000+0000,239
2026-05-29T00:38:31.000000+0000,2026-05-29T00:34:32.000000+0000,239
2026-05-30T10:13:01.000000+0000,2026-05-30T10:09:02.000000+0000,239
2026-05-30T20:53:01.000000+0000,2026-05-30T20:49:02.000000+0000,239
2026-02-10T18:14:31.000000+0000,2026-02-10T18:10:33.000000+0000,238
2026-02-16T17:44:32.000000+0000,2026-02-16T17:40:34.000000+0000,238
2026-03-05T12:14:31.000000+0000,2026-03-05T12:10:33.000000+0000,238
2026-03-06T01:53:31.000000+0000,2026-03-06T01:49:33.000000+0000,238
2026-03-08T14:55:30.000000+0000,2026-03-08T14:51:32.000000+0000,238
2026-03-13T07:37:31.000000+0000,2026-03-13T07:33:33.000000+0000,238
2026-03-27T18:09:02.000000+0000,2026-03-27T18:05:04.000000+0000,238
2026-03-30T14:44:31.000000+0000,2026-03-30T14:40:33.000000+0000,238
2026-04-03T05:28:00.000000+0000,2026-04-03T05:24:02.000000+0000,238
2026-04-06T11:52:01.000000+0000,2026-04-06T11:48:03.000000+0000,238
2026-04-08T06:54:02.000000+0000,2026-04-08T06:50:04.000000+0000,238
2026-04-08T21:25:31.000000+0000,2026-04-08T21:21:33.000000+0000,238
2026-04-09T07:24:31.000000+0000,2026-04-09T07:20:33.000000+0000,238
2026-04-13T09:24:32.000000+0000,2026-04-13T09:20:34.000000+0000,238
2026-04-14T11:18:31.000000+0000,2026-04-14T11:14:33.000000+0000,238
2026-04-19T22:54:03.000000+0000,2026-04-19T22:50:05.000000+0000,238
2026-04-23T00:13:31.000000+0000,2026-04-23T00:09:33.000000+0000,238
2026-05-01T01:51:30.000000+0000,2026-05-01T01:47:32.000000+0000,238
2026-05-17T14:14:03.000000+0000,2026-05-17T14:10:05.000000+0000,238
2026-05-20T16:16:00.000000+0000,2026-05-20T16:12:02.000000+0000,238
2026-05-23T23:32:30.000000+0000,2026-05-23T23:28:32.000000+0000,238
2026-05-25T09:39:31.000000+0000,2026-05-25T09:35:33.000000+0000,238
2026-06-03T02:03:32.000000+0000,2026-06-03T01:59:34.000000+0000,238
2025-11-20T23:40:07.000000+0000,2025-11-20T23:36:10.000000+0000,237
2026-02-14T09:44:30.000000+0000,2026-02-14T09:40:33.000000+0000,237
2026-02-15T06:44:31.000000+0000,2026-02-15T06:40:34.000000+0000,237
2026-03-04T11:44:31.000000+0000,2026-03-04T11:40:34.000000+0000,237
2026-03-10T17:09:01.000000+0000,2026-03-10T17:05:04.000000+0000,237
2026-03-12T18:09:01.000000+0000,2026-03-12T18:05:04.000000+0000,237
2026-03-13T22:09:01.000000+0000,2026-03-13T22:05:04.000000+0000,237
2026-03-14T19:09:01.000000+0000,2026-03-14T19:05:04.000000+0000,237
2026-03-18T21:09:01.000000+0000,2026-03-18T21:05:04.000000+0000,237
2026-03-19T02:34:02.000000+0000,2026-03-19T02:30:05.000000+0000,237
2026-04-08T10:24:02.000000+0000,2026-04-08T10:20:05.000000+0000,237
2026-04-17T18:24:02.000000+0000,2026-04-17T18:20:05.000000+0000,237
2026-04-21T06:24:02.000000+0000,2026-04-21T06:20:05.000000+0000,237
2026-04-21T13:24:02.000000+0000,2026-04-21T13:20:05.000000+0000,237
2026-04-29T19:14:02.000000+0000,2026-04-29T19:10:05.000000+0000,237
2026-05-01T19:22:00.000000+0000,2026-05-01T19:18:03.000000+0000,237
2026-05-02T03:14:33.000000+0000,2026-05-02T03:10:36.000000+0000,237
2026-05-13T19:14:02.000000+0000,2026-05-13T19:10:05.000000+0000,237
2026-05-19T15:14:02.000000+0000,2026-05-19T15:10:05.000000+0000,237
2026-03-04T08:04:02.000000+0000,2026-03-04T08:00:06.000000+0000,236
2026-03-06T20:24:00.000000+0000,2026-03-06T20:20:04.000000+0000,236
2026-03-06T23:54:00.000000+0000,2026-03-06T23:50:04.000000+0000,236
2026-03-08T07:24:00.000000+0000,2026-03-08T07:20:04.000000+0000,236
2026-03-09T08:04:02.000000+0000,2026-03-09T08:00:06.000000+0000,236
2026-03-11T16:04:02.000000+0000,2026-03-11T16:00:06.000000+0000,236
2026-03-18T22:54:00.000000+0000,2026-03-18T22:50:04.000000+0000,236
2026-03-22T12:49:00.000000+0000,2026-03-22T12:45:04.000000+0000,236
2026-04-09T14:24:30.000000+0000,2026-04-09T14:20:34.000000+0000,236
2026-04-27T00:44:01.000000+0000,2026-04-27T00:40:05.000000+0000,236
2026-04-27T14:44:01.000000+0000,2026-04-27T14:40:05.000000+0000,236
2026-05-03T00:14:01.000000+0000,2026-05-03T00:10:05.000000+0000,236
2026-05-03T10:44:32.000000+0000,2026-05-03T10:40:36.000000+0000,236
2026-05-08T02:44:32.000000+0000,2026-05-08T02:40:36.000000+0000,236
2026-05-18T14:44:01.000000+0000,2026-05-18T14:40:05.000000+0000,236
2026-05-19T08:14:33.000000+0000,2026-05-19T08:10:37.000000+0000,236
2026-05-24T19:19:00.000000+0000,2026-05-24T19:15:04.000000+0000,236
2025-02-10T09:55:29.000000+0000,2025-02-10T09:51:34.000000+0000,235
2025-12-11T03:00:57.000000+0000,2025-12-11T02:57:02.000000+0000,235
2026-03-02T21:04:01.000000+0000,2026-03-02T21:00:06.000000+0000,235
2026-03-07T17:34:32.000000+0000,2026-03-07T17:30:37.000000+0000,235
2026-03-09T11:24:00.000000+0000,2026-03-09T11:20:05.000000+0000,235
2026-03-10T15:24:00.000000+0000,2026-03-10T15:20:05.000000+0000,235
2026-04-24T16:44:00.000000+0000,2026-04-24T16:40:05.000000+0000,235
2026-04-24T23:44:00.000000+0000,2026-04-24T23:40:05.000000+0000,235
2026-04-27T07:44:00.000000+0000,2026-04-27T07:40:05.000000+0000,235
2026-04-28T04:44:00.000000+0000,2026-04-28T04:40:05.000000+0000,235
2026-05-01T09:54:31.000000+0000,2026-05-01T09:50:36.000000+0000,235
2026-05-12T11:44:31.000000+0000,2026-05-12T11:40:36.000000+0000,235
2026-05-13T01:44:32.000000+0000,2026-05-13T01:40:37.000000+0000,235
2026-05-19T22:24:32.000000+0000,2026-05-19T22:20:37.000000+0000,235
2026-05-24T22:07:00.000000+0000,2026-05-24T22:03:05.000000+0000,235
2026-05-28T05:34:00.000000+0000,2026-05-28T05:30:05.000000+0000,235
2025-11-10T22:59:31.000000+0000,2025-11-10T22:55:37.000000+0000,234
2025-11-20T07:34:01.000000+0000,2025-11-20T07:30:07.000000+0000,234
2026-01-09T01:25:00.000000+0000,2026-01-09T01:21:06.000000+0000,234
2026-05-28T19:34:00.000000+0000,2026-05-28T19:30:06.000000+0000,234
2026-06-02T01:34:00.000000+0000,2026-06-02T01:30:06.000000+0000,234
2025-10-20T17:44:33.000000+0000,2025-10-20T17:40:40.000000+0000,233
2025-11-07T16:56:32.000000+0000,2025-11-07T16:52:39.000000+0000,233
2026-01-24T09:54:31.000000+0000,2026-01-24T09:50:38.000000+0000,233
2026-01-29T22:44:32.000000+0000,2026-01-29T22:40:39.000000+0000,233
2026-05-30T14:04:00.000000+0000,2026-05-30T14:00:07.000000+0000,233
2026-05-31T11:04:00.000000+0000,2026-05-31T11:00:07.000000+0000,233
2026-06-01T08:04:00.000000+0000,2026-06-01T08:00:07.000000+0000,233
2026-01-27T11:24:31.000000+0000,2026-01-27T11:20:39.000000+0000,232
2026-03-09T18:34:31.000000+0000,2026-03-09T18:30:39.000000+0000,232
2026-05-17T03:44:32.000000+0000,2026-05-17T03:40:40.000000+0000,232
2026-05-24T07:24:30.000000+0000,2026-05-24T07:20:38.000000+0000,232
2025-12-25T08:26:31.000000+0000,2025-12-25T08:22:40.000000+0000,231
2026-05-15T02:44:31.000000+0000,2026-05-15T02:40:40.000000+0000,231
2026-05-15T16:44:32.000000+0000,2026-05-15T16:40:41.000000+0000,231
2025-10-20T10:44:30.000000+0000,2025-10-20T10:40:40.000000+0000,230
2025-10-25T23:44:31.000000+0000,2025-10-25T23:40:41.000000+0000,230
2026-01-06T20:44:32.000000+0000,2026-01-06T20:40:42.000000+0000,230
2026-04-22T07:34:31.000000+0000,2026-04-22T07:30:41.000000+0000,230
2025-12-21T19:44:33.000000+0000,2025-12-21T19:40:44.000000+0000,229
2025-12-13T22:44:32.000000+0000,2025-12-13T22:40:44.000000+0000,228
2026-03-07T07:04:31.000000+0000,2026-03-07T07:00:43.000000+0000,228
2025-10-09T04:00:48.000000+0000,2025-10-09T03:57:01.000000+0000,227
2025-11-01T16:44:32.000000+0000,2025-11-01T16:40:46.000000+0000,226
2025-11-07T19:44:32.000000+0000,2025-11-07T19:40:46.000000+0000,226
2025-12-02T16:10:53.000000+0000,2025-12-02T16:07:07.000000+0000,226
2025-12-22T09:44:32.000000+0000,2025-12-22T09:40:46.000000+0000,226
2025-11-08T02:44:32.000000+0000,2025-11-08T02:40:47.000000+0000,225
2025-11-13T01:44:31.000000+0000,2025-11-13T01:40:46.000000+0000,225
2025-11-05T04:44:31.000000+0000,2025-11-05T04:40:47.000000+0000,224
2025-11-25T03:24:38.000000+0000,2025-11-25T03:20:54.000000+0000,224
2026-04-23T11:04:32.000000+0000,2026-04-23T11:00:48.000000+0000,224
2025-11-29T14:51:49.000000+0000,2025-11-29T14:48:06.000000+0000,223
2025-12-01T06:24:36.000000+0000,2025-12-01T06:20:53.000000+0000,223
2025-11-26T09:51:44.000000+0000,2025-11-26T09:48:02.000000+0000,222
2026-01-02T21:10:41.000000+0000,2026-01-02T21:07:01.000000+0000,220
2025-09-24T22:24:43.000000+0000,2025-09-24T22:21:04.000000+0000,219
2025-11-12T02:58:44.000000+0000,2025-11-12T02:55:05.000000+0000,219
2026-01-22T21:40:39.000000+0000,2026-01-22T21:37:00.000000+0000,219
2025-11-30T13:36:43.000000+0000,2025-11-30T13:33:06.000000+0000,217
2026-05-19T10:20:37.000000+0000,2026-05-19T10:17:00.000000+0000,217
2026-05-23T02:00:07.000000+0000,2026-05-23T01:56:30.000000+0000,217
2026-05-24T13:10:37.000000+0000,2026-05-24T13:07:00.000000+0000,217
2025-11-20T04:45:41.000000+0000,2025-11-20T04:42:05.000000+0000,216
2025-12-01T17:15:44.000000+0000,2025-12-01T17:12:08.000000+0000,216
2026-05-02T05:20:36.000000+0000,2026-05-02T05:17:00.000000+0000,216
2025-11-15T06:55:38.000000+0000,2025-11-15T06:52:03.000000+0000,215
2026-01-07T09:20:06.000000+0000,2026-01-07T09:16:31.000000+0000,215
2026-01-11T04:20:06.000000+0000,2026-01-11T04:16:31.000000+0000,215
2026-04-24T12:00:07.000000+0000,2026-04-24T11:56:32.000000+0000,215
2026-04-25T16:00:06.000000+0000,2026-04-25T15:56:31.000000+0000,215
2026-05-18T20:20:06.000000+0000,2026-05-18T20:16:31.000000+0000,215
2023-06-08T07:02:04.000000+0000,2023-06-08T06:58:30.000000+0000,214
2025-09-30T00:54:35.000000+0000,2025-09-30T00:51:01.000000+0000,214
2025-11-21T11:43:41.000000+0000,2025-11-21T11:40:07.000000+0000,214
2025-12-24T09:51:34.000000+0000,2025-12-24T09:48:00.000000+0000,214
2026-01-05T11:40:06.000000+0000,2026-01-05T11:36:32.000000+0000,214
2026-01-24T19:21:04.000000+0000,2026-01-24T19:17:30.000000+0000,214
2026-01-26T21:35:05.000000+0000,2026-01-26T21:31:31.000000+0000,214
2026-03-29T02:40:04.000000+0000,2026-03-29T02:36:30.000000+0000,214
2026-04-17T03:10:05.000000+0000,2026-04-17T03:06:31.000000+0000,214
2026-04-19T21:20:05.000000+0000,2026-04-19T21:16:31.000000+0000,214
2026-04-28T10:40:05.000000+0000,2026-04-28T10:36:31.000000+0000,214
2026-05-04T16:50:05.000000+0000,2026-05-04T16:46:31.000000+0000,214
2026-05-11T03:00:06.000000+0000,2026-05-11T02:56:32.000000+0000,214
2026-05-15T06:45:05.000000+0000,2026-05-15T06:41:31.000000+0000,214
2026-05-23T03:45:04.000000+0000,2026-05-23T03:41:30.000000+0000,214
2026-06-02T03:50:04.000000+0000,2026-06-02T03:46:30.000000+0000,214
2023-06-18T00:02:03.000000+0000,2023-06-17T23:58:30.000000+0000,213
2025-09-10T13:39:33.000000+0000,2025-09-10T13:36:00.000000+0000,213
2025-11-04T04:13:39.000000+0000,2025-11-04T04:10:06.000000+0000,213
2025-11-11T14:33:03.000000+0000,2025-11-11T14:29:30.000000+0000,213
2025-11-20T09:40:06.000000+0000,2025-11-20T09:36:33.000000+0000,213
2025-11-25T16:00:08.000000+0000,2025-11-25T15:56:35.000000+0000,213
2025-12-13T16:15:05.000000+0000,2025-12-13T16:11:32.000000+0000,213
2025-12-15T02:33:03.000000+0000,2025-12-15T02:29:30.000000+0000,213
2025-12-17T11:15:05.000000+0000,2025-12-17T11:11:32.000000+0000,213
2025-12-30T07:26:33.000000+0000,2025-12-30T07:23:00.000000+0000,213
2026-01-02T05:26:36.000000+0000,2026-01-02T05:23:03.000000+0000,213
2026-01-05T04:40:05.000000+0000,2026-01-05T04:36:32.000000+0000,213
2026-01-20T18:35:05.000000+0000,2026-01-20T18:31:32.000000+0000,213
2026-01-28T18:32:33.000000+0000,2026-01-28T18:29:00.000000+0000,213
2026-01-31T03:15:05.000000+0000,2026-01-31T03:11:32.000000+0000,213
2026-02-11T20:40:05.000000+0000,2026-02-11T20:36:32.000000+0000,213
2026-02-13T21:17:33.000000+0000,2026-02-13T21:14:00.000000+0000,213
2026-02-28T13:35:04.000000+0000,2026-02-28T13:31:31.000000+0000,213
2026-03-14T15:27:33.000000+0000,2026-03-14T15:24:00.000000+0000,213
2026-03-18T10:27:33.000000+0000,2026-03-18T10:24:00.000000+0000,213
2026-03-28T08:30:05.000000+0000,2026-03-28T08:26:32.000000+0000,213
2026-04-02T02:20:33.000000+0000,2026-04-02T02:17:00.000000+0000,213
2026-04-03T16:29:33.000000+0000,2026-04-03T16:26:00.000000+0000,213
2026-04-05T08:44:33.000000+0000,2026-04-05T08:41:00.000000+0000,213
2026-04-06T21:40:04.000000+0000,2026-04-06T21:36:31.000000+0000,213
2026-04-09T02:30:05.000000+0000,2026-04-09T02:26:32.000000+0000,213
2026-04-13T06:14:33.000000+0000,2026-04-13T06:11:00.000000+0000,213
2026-04-15T08:16:33.000000+0000,2026-04-15T08:13:00.000000+0000,213
2026-04-27T02:49:33.000000+0000,2026-04-27T02:46:00.000000+0000,213
2026-04-29T21:29:33.000000+0000,2026-04-29T21:26:00.000000+0000,213
2026-05-01T03:47:33.000000+0000,2026-05-01T03:44:00.000000+0000,213
2026-05-02T18:06:03.000000+0000,2026-05-02T18:02:30.000000+0000,213
2026-05-06T00:29:33.000000+0000,2026-05-06T00:26:00.000000+0000,213
2026-05-20T11:32:33.000000+0000,2026-05-20T11:29:00.000000+0000,213
2026-05-23T19:40:04.000000+0000,2026-05-23T19:36:31.000000+0000,213
2026-05-24T09:19:34.000000+0000,2026-05-24T09:16:01.000000+0000,213
2026-05-26T04:02:05.000000+0000,2026-05-26T03:58:32.000000+0000,213
2025-07-08T05:07:04.000000+0000,2025-07-08T05:03:32.000000+0000,212
2025-08-17T06:55:02.000000+0000,2025-08-17T06:51:30.000000+0000,212
2025-08-24T20:54:33.000000+0000,2025-08-24T20:51:01.000000+0000,212
2025-10-24T16:03:04.000000+0000,2025-10-24T15:59:32.000000+0000,212
2025-10-29T22:03:33.000000+0000,2025-10-29T22:00:01.000000+0000,212
2025-11-05T06:40:06.000000+0000,2025-11-05T06:36:34.000000+0000,212
2025-11-13T03:50:06.000000+0000,2025-11-13T03:46:34.000000+0000,212
2025-11-17T17:33:02.000000+0000,2025-11-17T17:29:30.000000+0000,212
2025-11-19T21:45:05.000000+0000,2025-11-19T21:41:33.000000+0000,212
2025-11-20T00:33:03.000000+0000,2025-11-20T00:29:31.000000+0000,212
2025-12-20T19:35:35.000000+0000,2025-12-20T19:32:03.000000+0000,212
2026-01-04T14:50:06.000000+0000,2026-01-04T14:46:34.000000+0000,212
2026-01-05T07:58:32.000000+0000,2026-01-05T07:55:00.000000+0000,212
2026-01-10T07:20:06.000000+0000,2026-01-10T07:16:34.000000+0000,212
2026-02-05T14:20:04.000000+0000,2026-02-05T14:16:32.000000+0000,212
2026-02-11T04:44:32.000000+0000,2026-02-11T04:41:00.000000+0000,212
2026-02-11T11:02:32.000000+0000,2026-02-11T10:59:00.000000+0000,212
2026-02-14T23:44:32.000000+0000,2026-02-14T23:41:00.000000+0000,212
2026-02-19T08:33:02.000000+0000,2026-02-19T08:29:30.000000+0000,212
2026-02-24T13:51:32.000000+0000,2026-02-24T13:48:00.000000+0000,212
2026-03-01T20:44:32.000000+0000,2026-03-01T20:41:00.000000+0000,212
2026-03-02T17:33:02.000000+0000,2026-03-02T17:29:30.000000+0000,212
2026-03-04T22:45:04.000000+0000,2026-03-04T22:41:32.000000+0000,212
2026-03-05T18:52:32.000000+0000,2026-03-05T18:49:00.000000+0000,212
2026-03-06T18:27:33.000000+0000,2026-03-06T18:24:01.000000+0000,212
2026-03-07T15:27:32.000000+0000,2026-03-07T15:24:00.000000+0000,212
2026-03-08T01:57:32.000000+0000,2026-03-08T01:54:00.000000+0000,212
2026-03-09T13:09:02.000000+0000,2026-03-09T13:05:30.000000+0000,212
2026-03-10T13:27:32.000000+0000,2026-03-10T13:24:00.000000+0000,212
2026-03-17T09:57:32.000000+0000,2026-03-17T09:54:00.000000+0000,212
2026-03-19T04:08:02.000000+0000,2026-03-19T04:04:30.000000+0000,212
2026-03-20T03:04:32.000000+0000,2026-03-20T03:01:00.000000+0000,212
2026-03-21T01:27:33.000000+0000,2026-03-21T01:24:01.000000+0000,212
2026-03-21T08:38:03.000000+0000,2026-03-21T08:34:31.000000+0000,212
2026-03-21T20:52:32.000000+0000,2026-03-21T20:49:00.000000+0000,212
2026-03-21T22:27:33.000000+0000,2026-03-21T22:24:01.000000+0000,212
2026-03-22T17:42:33.000000+0000,2026-03-22T17:39:01.000000+0000,212
2026-03-22T23:29:02.000000+0000,2026-03-22T23:25:30.000000+0000,212
2026-03-24T14:57:32.000000+0000,2026-03-24T14:54:00.000000+0000,212
2026-03-25T15:27:32.000000+0000,2026-03-25T15:24:00.000000+0000,212
2026-03-26T03:42:33.000000+0000,2026-03-26T03:39:01.000000+0000,212
2026-03-26T22:57:32.000000+0000,2026-03-26T22:54:00.000000+0000,212
2026-03-27T03:05:04.000000+0000,2026-03-27T03:01:32.000000+0000,212
2026-03-27T21:27:32.000000+0000,2026-03-27T21:24:00.000000+0000,212
2026-03-28T19:51:32.000000+0000,2026-03-28T19:48:00.000000+0000,212
2026-03-30T07:12:33.000000+0000,2026-03-30T07:09:01.000000+0000,212
2026-03-31T00:42:33.000000+0000,2026-03-31T00:39:01.000000+0000,212
2026-03-31T02:27:32.000000+0000,2026-03-31T02:24:00.000000+0000,212
2026-04-01T08:12:32.000000+0000,2026-04-01T08:09:00.000000+0000,212
2026-04-03T08:26:32.000000+0000,2026-04-03T08:23:00.000000+0000,212
2026-04-03T21:44:33.000000+0000,2026-04-03T21:41:01.000000+0000,212
2026-04-05T01:44:33.000000+0000,2026-04-05T01:41:01.000000+0000,212
2026-04-06T00:07:33.000000+0000,2026-04-06T00:04:01.000000+0000,212
2026-04-09T15:47:33.000000+0000,2026-04-09T15:44:01.000000+0000,212
2026-04-13T00:17:33.000000+0000,2026-04-13T00:14:01.000000+0000,212
2026-04-13T07:49:32.000000+0000,2026-04-13T07:46:00.000000+0000,212
2026-04-13T21:28:32.000000+0000,2026-04-13T21:25:00.000000+0000,212
2026-04-14T08:30:05.000000+0000,2026-04-14T08:26:33.000000+0000,212
2026-04-16T02:09:03.000000+0000,2026-04-16T02:05:31.000000+0000,212
2026-04-20T08:10:05.000000+0000,2026-04-20T08:06:33.000000+0000,212
2026-04-21T02:12:02.000000+0000,2026-04-21T02:08:30.000000+0000,212
2026-04-22T03:24:32.000000+0000,2026-04-22T03:21:00.000000+0000,212
2026-04-25T01:38:32.000000+0000,2026-04-25T01:35:00.000000+0000,212
2026-04-25T03:02:32.000000+0000,2026-04-25T02:59:00.000000+0000,212
2026-04-26T02:19:32.000000+0000,2026-04-26T02:16:00.000000+0000,212
2026-04-26T19:29:33.000000+0000,2026-04-26T19:26:01.000000+0000,212
2026-04-28T15:35:32.000000+0000,2026-04-28T15:32:00.000000+0000,212
2026-04-28T20:07:33.000000+0000,2026-04-28T20:04:01.000000+0000,212
2026-04-30T10:48:03.000000+0000,2026-04-30T10:44:31.000000+0000,212
2026-05-02T08:38:32.000000+0000,2026-05-02T08:35:00.000000+0000,212
2026-05-03T18:25:32.000000+0000,2026-05-03T18:22:00.000000+0000,212
2026-05-08T23:32:32.000000+0000,2026-05-08T23:29:00.000000+0000,212
2026-05-09T13:32:32.000000+0000,2026-05-09T13:29:00.000000+0000,212
2026-05-10T17:44:32.000000+0000,2026-05-10T17:41:00.000000+0000,212
2026-05-14T04:51:04.000000+0000,2026-05-14T04:47:32.000000+0000,212
2026-05-21T09:24:32.000000+0000,2026-05-21T09:21:00.000000+0000,212
2026-05-26T08:35:32.000000+0000,2026-05-26T08:32:00.000000+0000,212
2026-05-27T21:20:04.000000+0000,2026-05-27T21:16:32.000000+0000,212
2026-06-02T20:58:32.000000+0000,2026-06-02T20:55:00.000000+0000,212
2025-07-15T00:55:04.000000+0000,2025-07-15T00:51:33.000000+0000,211
2025-08-28T08:44:32.000000+0000,2025-08-28T08:41:01.000000+0000,211
2025-08-31T20:55:03.000000+0000,2025-08-31T20:51:32.000000+0000,211
2025-09-18T22:44:34.000000+0000,2025-09-18T22:41:03.000000+0000,211
2025-09-30T04:24:33.000000+0000,2025-09-30T04:21:02.000000+0000,211
2025-10-02T22:54:33.000000+0000,2025-10-02T22:51:02.000000+0000,211
2025-11-01T09:33:03.000000+0000,2025-11-01T09:29:32.000000+0000,211
2025-11-13T17:17:31.000000+0000,2025-11-13T17:14:00.000000+0000,211
2025-11-16T22:17:32.000000+0000,2025-11-16T22:14:01.000000+0000,211
2025-11-19T10:33:01.000000+0000,2025-11-19T10:29:30.000000+0000,211
2025-11-19T17:33:01.000000+0000,2025-11-19T17:29:30.000000+0000,211
2025-11-27T05:47:36.000000+0000,2025-11-27T05:44:05.000000+0000,211
2025-11-27T12:47:36.000000+0000,2025-11-27T12:44:05.000000+0000,211
2025-12-03T01:17:06.000000+0000,2025-12-03T01:13:35.000000+0000,211
2025-12-17T03:33:03.000000+0000,2025-12-17T03:29:32.000000+0000,211
2025-12-20T08:33:02.000000+0000,2025-12-20T08:29:31.000000+0000,211
2025-12-21T05:55:05.000000+0000,2025-12-21T05:51:34.000000+0000,211
2025-12-21T12:33:03.000000+0000,2025-12-21T12:29:32.000000+0000,211
2025-12-22T16:33:02.000000+0000,2025-12-22T16:29:31.000000+0000,211
2025-12-22T23:33:02.000000+0000,2025-12-22T23:29:31.000000+0000,211
2025-12-25T11:25:05.000000+0000,2025-12-25T11:21:34.000000+0000,211
2025-12-30T15:39:31.000000+0000,2025-12-30T15:36:00.000000+0000,211
2025-12-31T03:33:02.000000+0000,2025-12-31T03:29:31.000000+0000,211
2025-12-31T05:50:06.000000+0000,2025-12-31T05:46:35.000000+0000,211
2026-01-02T00:21:32.000000+0000,2026-01-02T00:18:01.000000+0000,211
2026-01-05T15:20:05.000000+0000,2026-01-05T15:16:34.000000+0000,211
2026-01-06T01:50:06.000000+0000,2026-01-06T01:46:35.000000+0000,211
2026-01-09T10:51:33.000000+0000,2026-01-09T10:48:02.000000+0000,211
2026-01-09T23:58:32.000000+0000,2026-01-09T23:55:01.000000+0000,211
2026-01-11T13:26:31.000000+0000,2026-01-11T13:23:00.000000+0000,211
2026-01-21T22:03:03.000000+0000,2026-01-21T21:59:32.000000+0000,211
2026-01-22T08:33:02.000000+0000,2026-01-22T08:29:31.000000+0000,211
2026-01-22T14:29:32.000000+0000,2026-01-22T14:26:01.000000+0000,211
2026-01-23T13:14:31.000000+0000,2026-01-23T13:11:00.000000+0000,211
2026-01-26T07:03:02.000000+0000,2026-01-26T06:59:31.000000+0000,211
2026-01-26T08:27:03.000000+0000,2026-01-26T08:23:32.000000+0000,211
2026-01-27T14:44:32.000000+0000,2026-01-27T14:41:01.000000+0000,211
2026-01-29T08:33:02.000000+0000,2026-01-29T08:29:31.000000+0000,211
2026-01-30T02:25:01.000000+0000,2026-01-30T02:21:30.000000+0000,211
2026-02-12T22:33:01.000000+0000,2026-02-12T22:29:30.000000+0000,211
2026-02-18T18:33:02.000000+0000,2026-02-18T18:29:31.000000+0000,211
2026-02-21T02:33:02.000000+0000,2026-02-21T02:29:31.000000+0000,211
2026-02-24T21:44:32.000000+0000,2026-02-24T21:41:01.000000+0000,211
2026-03-06T22:08:02.000000+0000,2026-03-06T22:04:31.000000+0000,211
2026-03-07T22:27:31.000000+0000,2026-03-07T22:24:00.000000+0000,211
2026-03-08T17:42:32.000000+0000,2026-03-08T17:39:01.000000+0000,211
2026-03-08T21:23:01.000000+0000,2026-03-08T21:19:30.000000+0000,211
2026-03-09T02:27:31.000000+0000,2026-03-09T02:24:00.000000+0000,211
2026-03-09T04:23:01.000000+0000,2026-03-09T04:19:30.000000+0000,211
2026-03-09T16:27:32.000000+0000,2026-03-09T16:24:01.000000+0000,211
2026-03-09T23:27:32.000000+0000,2026-03-09T23:24:01.000000+0000,211
2026-03-12T04:08:03.000000+0000,2026-03-12T04:04:32.000000+0000,211
2026-03-12T12:52:32.000000+0000,2026-03-12T12:49:01.000000+0000,211
2026-03-13T10:25:32.000000+0000,2026-03-13T10:22:01.000000+0000,211
2026-03-13T15:08:02.000000+0000,2026-03-13T15:04:31.000000+0000,211
2026-03-14T06:01:04.000000+0000,2026-03-14T05:57:33.000000+0000,211
2026-03-14T08:38:03.000000+0000,2026-03-14T08:34:32.000000+0000,211
2026-03-14T10:12:32.000000+0000,2026-03-14T10:09:01.000000+0000,211
2026-03-15T03:42:32.000000+0000,2026-03-15T03:39:01.000000+0000,211
2026-03-15T17:42:32.000000+0000,2026-03-15T17:39:01.000000+0000,211
2026-03-15T23:09:02.000000+0000,2026-03-15T23:05:31.000000+0000,211
2026-03-16T00:42:33.000000+0000,2026-03-16T00:39:02.000000+0000,211
2026-03-16T19:37:02.000000+0000,2026-03-16T19:33:31.000000+0000,211
2026-03-16T23:38:02.000000+0000,2026-03-16T23:34:31.000000+0000,211
2026-03-17T06:38:02.000000+0000,2026-03-17T06:34:31.000000+0000,211
2026-03-17T18:42:32.000000+0000,2026-03-17T18:39:01.000000+0000,211
2026-03-19T23:12:32.000000+0000,2026-03-19T23:09:01.000000+0000,211
2026-03-21T10:12:32.000000+0000,2026-03-21T10:09:01.000000+0000,211
2026-03-24T09:53:01.000000+0000,2026-03-24T09:49:30.000000+0000,211
2026-03-24T16:42:32.000000+0000,2026-03-24T16:39:01.000000+0000,211
2026-03-24T18:38:03.000000+0000,2026-03-24T18:34:32.000000+0000,211
2026-03-25T18:57:32.000000+0000,2026-03-25T18:54:01.000000+0000,211
2026-03-26T05:38:01.000000+0000,2026-03-26T05:34:30.000000+0000,211
2026-03-26T10:42:32.000000+0000,2026-03-26T10:39:01.000000+0000,211
2026-03-26T14:12:32.000000+0000,2026-03-26T14:09:01.000000+0000,211
2026-03-26T17:42:32.000000+0000,2026-03-26T17:39:01.000000+0000,211
2026-03-27T07:38:31.000000+0000,2026-03-27T07:35:00.000000+0000,211
2026-03-27T13:25:32.000000+0000,2026-03-27T13:22:01.000000+0000,211
2026-03-28T00:57:32.000000+0000,2026-03-28T00:54:01.000000+0000,211
2026-03-28T11:27:31.000000+0000,2026-03-28T11:24:00.000000+0000,211
2026-03-29T01:27:32.000000+0000,2026-03-29T01:24:01.000000+0000,211
2026-03-29T08:27:32.000000+0000,2026-03-29T08:24:01.000000+0000,211
2026-03-29T10:12:32.000000+0000,2026-03-29T10:09:01.000000+0000,211
2026-03-30T16:08:02.000000+0000,2026-03-30T16:04:31.000000+0000,211
2026-03-31T06:08:02.000000+0000,2026-03-31T06:04:31.000000+0000,211
2026-03-31T08:56:32.000000+0000,2026-03-31T08:53:01.000000+0000,211
2026-04-01T09:57:33.000000+0000,2026-04-01T09:54:02.000000+0000,211
2026-04-02T18:15:04.000000+0000,2026-04-02T18:11:33.000000+0000,211
2026-04-03T03:31:32.000000+0000,2026-04-03T03:28:01.000000+0000,211
2026-04-03T06:52:01.000000+0000,2026-04-03T06:48:30.000000+0000,211
2026-04-03T10:11:32.000000+0000,2026-04-03T10:08:01.000000+0000,211
2026-04-04T07:31:31.000000+0000,2026-04-04T07:28:00.000000+0000,211
2026-04-04T17:41:32.000000+0000,2026-04-04T17:38:01.000000+0000,211
2026-04-05T03:17:33.000000+0000,2026-04-05T03:14:02.000000+0000,211
2026-04-07T05:52:31.000000+0000,2026-04-07T05:49:00.000000+0000,211
2026-04-07T19:11:32.000000+0000,2026-04-07T19:08:01.000000+0000,211
2026-04-07T20:45:04.000000+0000,2026-04-07T20:41:33.000000+0000,211
2026-04-08T02:21:32.000000+0000,2026-04-08T02:18:01.000000+0000,211
2026-04-08T02:52:01.000000+0000,2026-04-08T02:48:30.000000+0000,211
2026-04-10T16:17:33.000000+0000,2026-04-10T16:14:02.000000+0000,211
2026-04-10T23:17:33.000000+0000,2026-04-10T23:14:02.000000+0000,211
2026-04-12T16:45:04.000000+0000,2026-04-12T16:41:33.000000+0000,211
2026-04-14T20:35:03.000000+0000,2026-04-14T20:31:32.000000+0000,211
2026-04-15T12:09:32.000000+0000,2026-04-15T12:06:01.000000+0000,211
2026-04-16T06:42:02.000000+0000,2026-04-16T06:38:31.000000+0000,211
2026-04-16T19:27:33.000000+0000,2026-04-16T19:24:02.000000+0000,211
2026-04-16T23:09:32.000000+0000,2026-04-16T23:06:01.000000+0000,211
2026-04-17T23:17:33.000000+0000,2026-04-17T23:14:02.000000+0000,211
2026-04-18T14:42:31.000000+0000,2026-04-18T14:39:00.000000+0000,211
2026-04-20T00:17:33.000000+0000,2026-04-20T00:14:02.000000+0000,211
2026-04-20T23:13:01.000000+0000,2026-04-20T23:09:30.000000+0000,211
2026-04-21T09:01:03.000000+0000,2026-04-21T08:57:32.000000+0000,211
2026-04-21T14:47:32.000000+0000,2026-04-21T14:44:01.000000+0000,211
2026-04-26T21:02:32.000000+0000,2026-04-26T20:59:01.000000+0000,211
2026-04-27T13:09:33.000000+0000,2026-04-27T13:06:02.000000+0000,211
2026-04-27T18:56:32.000000+0000,2026-04-27T18:53:01.000000+0000,211
2026-04-29T13:48:03.000000+0000,2026-04-29T13:44:32.000000+0000,211
2026-04-30T03:59:33.000000+0000,2026-04-30T03:56:02.000000+0000,211
2026-05-01T21:38:31.000000+0000,2026-05-01T21:35:00.000000+0000,211
2026-05-02T16:21:33.000000+0000,2026-05-02T16:18:02.000000+0000,211
2026-05-03T02:29:31.000000+0000,2026-05-03T02:26:00.000000+0000,211
2026-05-04T15:05:31.000000+0000,2026-05-04T15:02:00.000000+0000,211
2026-05-04T18:24:32.000000+0000,2026-05-04T18:21:01.000000+0000,211
2026-05-11T12:27:32.000000+0000,2026-05-11T12:24:01.000000+0000,211
2026-05-12T05:05:01.000000+0000,2026-05-12T05:01:30.000000+0000,211
2026-05-13T05:24:32.000000+0000,2026-05-13T05:21:01.000000+0000,211
2026-05-17T05:17:33.000000+0000,2026-05-17T05:14:02.000000+0000,211
2026-05-18T17:42:03.000000+0000,2026-05-18T17:38:32.000000+0000,211
2026-05-19T16:48:02.000000+0000,2026-05-19T16:44:31.000000+0000,211
2026-05-21T17:48:02.000000+0000,2026-05-21T17:44:31.000000+0000,211
2026-05-24T05:59:32.000000+0000,2026-05-24T05:56:01.000000+0000,211
2026-05-25T18:02:32.000000+0000,2026-05-25T17:59:01.000000+0000,211
2026-05-26T11:32:32.000000+0000,2026-05-26T11:29:01.000000+0000,211
2026-05-27T11:31:02.000000+0000,2026-05-27T11:27:31.000000+0000,211
2026-05-29T07:05:31.000000+0000,2026-05-29T07:02:00.000000+0000,211
2026-05-29T08:18:05.000000+0000,2026-05-29T08:14:34.000000+0000,211
2026-05-29T17:13:02.000000+0000,2026-05-29T17:09:31.000000+0000,211
2026-06-01T09:27:31.000000+0000,2026-06-01T09:24:00.000000+0000,211
2026-06-02T06:06:32.000000+0000,2026-06-02T06:03:01.000000+0000,211
2026-06-02T08:22:02.000000+0000,2026-06-02T08:18:31.000000+0000,211
2025-05-30T03:20:07.000000+0000,2025-05-30T03:16:37.000000+0000,210
2025-07-02T11:55:01.000000+0000,2025-07-02T11:51:31.000000+0000,210
2025-07-12T23:55:03.000000+0000,2025-07-12T23:51:33.000000+0000,210
2025-07-23T11:44:31.000000+0000,2025-07-23T11:41:01.000000+0000,210
2025-07-25T19:55:01.000000+0000,2025-07-25T19:51:31.000000+0000,210
2025-07-27T06:44:31.000000+0000,2025-07-27T06:41:01.000000+0000,210
2025-07-28T10:55:03.000000+0000,2025-07-28T10:51:33.000000+0000,210
2025-08-07T01:44:31.000000+0000,2025-08-07T01:41:01.000000+0000,210
2025-08-15T05:55:02.000000+0000,2025-08-15T05:51:32.000000+0000,210
2025-08-22T12:44:31.000000+0000,2025-08-22T12:41:01.000000+0000,210
2025-08-30T02:44:31.000000+0000,2025-08-30T02:41:01.000000+0000,210
2025-09-24T15:24:33.000000+0000,2025-09-24T15:21:03.000000+0000,210
2025-10-12T13:33:01.000000+0000,2025-10-12T13:29:31.000000+0000,210
2025-10-13T17:33:01.000000+0000,2025-10-13T17:29:31.000000+0000,210
2025-10-17T05:33:00.000000+0000,2025-10-17T05:29:30.000000+0000,210
2025-10-24T12:44:31.000000+0000,2025-10-24T12:41:01.000000+0000,210
2025-10-25T02:33:01.000000+0000,2025-10-25T02:29:31.000000+0000,210
2025-10-25T09:33:02.000000+0000,2025-10-25T09:29:32.000000+0000,210
2025-10-27T03:33:02.000000+0000,2025-10-27T03:29:32.000000+0000,210
2025-11-03T05:50:06.000000+0000,2025-11-03T05:46:36.000000+0000,210
2025-11-06T01:33:03.000000+0000,2025-11-06T01:29:33.000000+0000,210
2025-11-11T09:17:32.000000+0000,2025-11-11T09:14:02.000000+0000,210
2025-11-12T18:33:03.000000+0000,2025-11-12T18:29:33.000000+0000,210
2025-11-14T07:17:32.000000+0000,2025-11-14T07:14:02.000000+0000,210
2025-11-16T10:24:35.000000+0000,2025-11-16T10:21:05.000000+0000,210
2025-11-16T20:33:02.000000+0000,2025-11-16T20:29:32.000000+0000,210
2025-11-17T19:39:33.000000+0000,2025-11-17T19:36:03.000000+0000,210
2025-11-18T22:39:31.000000+0000,2025-11-18T22:36:01.000000+0000,210
2025-11-22T01:43:38.000000+0000,2025-11-22T01:40:08.000000+0000,210
2025-11-24T18:28:36.000000+0000,2025-11-24T18:25:06.000000+0000,210
2025-11-29T17:50:06.000000+0000,2025-11-29T17:46:36.000000+0000,210
2025-12-03T17:43:37.000000+0000,2025-12-03T17:40:07.000000+0000,210
2025-12-06T02:37:02.000000+0000,2025-12-06T02:33:32.000000+0000,210
2025-12-14T00:50:06.000000+0000,2025-12-14T00:46:36.000000+0000,210
2025-12-22T18:50:06.000000+0000,2025-12-22T18:46:36.000000+0000,210
2025-12-24T17:55:05.000000+0000,2025-12-24T17:51:35.000000+0000,210
2025-12-26T19:26:31.000000+0000,2025-12-26T19:23:01.000000+0000,210
2025-12-27T08:33:00.000000+0000,2025-12-27T08:29:30.000000+0000,210
2025-12-31T12:50:06.000000+0000,2025-12-31T12:46:36.000000+0000,210
2026-01-03T15:33:01.000000+0000,2026-01-03T15:29:31.000000+0000,210
2026-01-23T19:33:02.000000+0000,2026-01-23T19:29:32.000000+0000,210
2026-01-29T19:03:02.000000+0000,2026-01-29T18:59:32.000000+0000,210
2026-02-03T09:49:33.000000+0000,2026-02-03T09:46:03.000000+0000,210
2026-02-04T22:03:02.000000+0000,2026-02-04T21:59:32.000000+0000,210
2026-02-08T23:32:01.000000+0000,2026-02-08T23:28:31.000000+0000,210
2026-02-09T17:33:02.000000+0000,2026-02-09T17:29:32.000000+0000,210
2026-02-10T07:33:01.000000+0000,2026-02-10T07:29:31.000000+0000,210
2026-02-11T18:33:02.000000+0000,2026-02-11T18:29:32.000000+0000,210
2026-02-12T15:01:31.000000+0000,2026-02-12T14:58:01.000000+0000,210
2026-02-18T16:16:31.000000+0000,2026-02-18T16:13:01.000000+0000,210
2026-02-19T01:33:02.000000+0000,2026-02-19T01:29:32.000000+0000,210
2026-02-20T19:33:01.000000+0000,2026-02-20T19:29:31.000000+0000,210
2026-02-23T06:41:32.000000+0000,2026-02-23T06:38:02.000000+0000,210
2026-02-23T21:56:01.000000+0000,2026-02-23T21:52:31.000000+0000,210
2026-02-24T07:33:01.000000+0000,2026-02-24T07:29:31.000000+0000,210
2026-02-26T03:18:01.000000+0000,2026-02-26T03:14:31.000000+0000,210
2026-02-26T15:33:01.000000+0000,2026-02-26T15:29:31.000000+0000,210
2026-02-26T18:52:31.000000+0000,2026-02-26T18:49:01.000000+0000,210
2026-03-01T14:25:32.000000+0000,2026-03-01T14:22:02.000000+0000,210
2026-03-04T04:44:32.000000+0000,2026-03-04T04:41:02.000000+0000,210
2026-03-05T00:51:30.000000+0000,2026-03-05T00:48:00.000000+0000,210
2026-03-05T23:16:01.000000+0000,2026-03-05T23:12:31.000000+0000,210
2026-03-06T11:38:03.000000+0000,2026-03-06T11:34:33.000000+0000,210
2026-03-07T12:08:01.000000+0000,2026-03-07T12:04:31.000000+0000,210
2026-03-07T19:08:01.000000+0000,2026-03-07T19:04:31.000000+0000,210
2026-03-08T03:42:31.000000+0000,2026-03-08T03:39:01.000000+0000,210
2026-03-09T09:27:30.000000+0000,2026-03-09T09:24:00.000000+0000,210
2026-03-09T20:08:01.000000+0000,2026-03-09T20:04:31.000000+0000,210
2026-03-09T21:53:00.000000+0000,2026-03-09T21:49:30.000000+0000,210
2026-03-11T21:08:02.000000+0000,2026-03-11T21:04:32.000000+0000,210
2026-03-12T11:08:02.000000+0000,2026-03-12T11:04:32.000000+0000,210
2026-03-12T14:48:01.000000+0000,2026-03-12T14:44:31.000000+0000,210
2026-03-12T16:22:31.000000+0000,2026-03-12T16:19:01.000000+0000,210
2026-03-12T23:12:32.000000+0000,2026-03-12T23:09:02.000000+0000,210
2026-03-16T06:08:02.000000+0000,2026-03-16T06:04:32.000000+0000,210
2026-03-17T05:03:02.000000+0000,2026-03-17T04:59:32.000000+0000,210
2026-03-17T13:27:30.000000+0000,2026-03-17T13:24:00.000000+0000,210
2026-03-18T07:08:02.000000+0000,2026-03-18T07:04:32.000000+0000,210
2026-03-19T18:08:01.000000+0000,2026-03-19T18:04:31.000000+0000,210
2026-03-20T23:42:30.000000+0000,2026-03-20T23:39:00.000000+0000,210
2026-03-21T06:32:01.000000+0000,2026-03-21T06:28:31.000000+0000,210
2026-03-22T03:42:01.000000+0000,2026-03-22T03:38:31.000000+0000,210
2026-03-22T19:38:00.000000+0000,2026-03-22T19:34:30.000000+0000,210
2026-03-23T06:08:02.000000+0000,2026-03-23T06:04:32.000000+0000,210
2026-03-24T20:12:31.000000+0000,2026-03-24T20:09:01.000000+0000,210
2026-03-24T22:09:02.000000+0000,2026-03-24T22:05:32.000000+0000,210
2026-03-25T10:12:32.000000+0000,2026-03-25T10:09:02.000000+0000,210
2026-03-25T12:08:03.000000+0000,2026-03-25T12:04:33.000000+0000,210
2026-03-25T17:12:32.000000+0000,2026-03-25T17:09:02.000000+0000,210
2026-03-26T00:12:31.000000+0000,2026-03-26T00:09:01.000000+0000,210
2026-03-26T16:08:01.000000+0000,2026-03-26T16:04:31.000000+0000,210
2026-03-26T19:27:31.000000+0000,2026-03-26T19:24:01.000000+0000,210
2026-03-26T21:12:32.000000+0000,2026-03-26T21:09:02.000000+0000,210
2026-03-27T00:32:02.000000+0000,2026-03-27T00:28:32.000000+0000,210
2026-03-27T05:42:32.000000+0000,2026-03-27T05:39:02.000000+0000,210
2026-03-29T04:57:30.000000+0000,2026-03-29T04:54:00.000000+0000,210
2026-03-29T17:03:01.000000+0000,2026-03-29T16:59:31.000000+0000,210
2026-03-30T23:09:02.000000+0000,2026-03-30T23:05:32.000000+0000,210
2026-03-31T16:38:02.000000+0000,2026-03-31T16:34:32.000000+0000,210
2026-03-31T23:27:31.000000+0000,2026-03-31T23:24:01.000000+0000,210
2026-04-01T06:27:32.000000+0000,2026-04-01T06:24:02.000000+0000,210
2026-04-01T11:42:30.000000+0000,2026-04-01T11:39:00.000000+0000,210
2026-04-01T15:12:02.000000+0000,2026-04-01T15:08:32.000000+0000,210
2026-04-01T16:57:33.000000+0000,2026-04-01T16:54:03.000000+0000,210
2026-04-01T22:12:31.000000+0000,2026-04-01T22:09:01.000000+0000,210
2026-04-02T00:09:01.000000+0000,2026-04-02T00:05:31.000000+0000,210
2026-04-03T01:25:31.000000+0000,2026-04-03T01:22:01.000000+0000,210
2026-04-04T19:25:30.000000+0000,2026-04-04T19:22:00.000000+0000,210
2026-04-04T23:59:33.000000+0000,2026-04-04T23:56:03.000000+0000,210
2026-04-05T10:29:01.000000+0000,2026-04-05T10:25:31.000000+0000,210
2026-04-08T11:58:31.000000+0000,2026-04-08T11:55:01.000000+0000,210
2026-04-08T19:39:33.000000+0000,2026-04-08T19:36:03.000000+0000,210
2026-04-09T12:17:33.000000+0000,2026-04-09T12:14:03.000000+0000,210
2026-04-09T21:14:02.000000+0000,2026-04-09T21:10:32.000000+0000,210
2026-04-10T09:29:01.000000+0000,2026-04-10T09:25:31.000000+0000,210
2026-04-11T08:12:30.000000+0000,2026-04-11T08:09:00.000000+0000,210
2026-04-13T10:59:01.000000+0000,2026-04-13T10:55:31.000000+0000,210
2026-04-14T04:29:00.000000+0000,2026-04-14T04:25:30.000000+0000,210
2026-04-14T06:13:01.000000+0000,2026-04-14T06:09:31.000000+0000,210
2026-04-14T18:39:01.000000+0000,2026-04-14T18:35:31.000000+0000,210
2026-04-15T01:29:01.000000+0000,2026-04-15T01:25:31.000000+0000,210
2026-04-17T20:19:01.000000+0000,2026-04-17T20:15:31.000000+0000,210
2026-04-18T05:26:01.000000+0000,2026-04-18T05:22:31.000000+0000,210
2026-04-19T10:17:32.000000+0000,2026-04-19T10:14:02.000000+0000,210
2026-04-20T06:14:31.000000+0000,2026-04-20T06:11:01.000000+0000,210
2026-04-20T11:18:02.000000+0000,2026-04-20T11:14:32.000000+0000,210
2026-04-21T03:56:31.000000+0000,2026-04-21T03:53:01.000000+0000,210
2026-04-24T21:59:33.000000+0000,2026-04-24T21:56:03.000000+0000,210
2026-04-25T06:01:31.000000+0000,2026-04-25T05:58:01.000000+0000,210
2026-04-26T13:11:32.000000+0000,2026-04-26T13:08:02.000000+0000,210
2026-04-26T16:19:32.000000+0000,2026-04-26T16:16:02.000000+0000,210
2026-04-30T15:32:31.000000+0000,2026-04-30T15:29:01.000000+0000,210
2026-05-03T08:48:02.000000+0000,2026-05-03T08:44:32.000000+0000,210
2026-05-07T09:46:02.000000+0000,2026-05-07T09:42:32.000000+0000,210
2026-05-09T01:49:32.000000+0000,2026-05-09T01:46:02.000000+0000,210
2026-05-13T15:33:01.000000+0000,2026-05-13T15:29:31.000000+0000,210
2026-05-16T03:46:01.000000+0000,2026-05-16T03:42:31.000000+0000,210
2026-05-19T11:44:31.000000+0000,2026-05-19T11:41:01.000000+0000,210
2026-05-21T04:52:01.000000+0000,2026-05-21T04:48:31.000000+0000,210
2026-05-22T21:58:01.000000+0000,2026-05-22T21:54:31.000000+0000,210
2026-05-23T00:16:00.000000+0000,2026-05-23T00:12:30.000000+0000,210
2026-05-25T23:19:02.000000+0000,2026-05-25T23:15:32.000000+0000,210
2026-05-26T05:57:32.000000+0000,2026-05-26T05:54:02.000000+0000,210
2026-05-28T09:25:00.000000+0000,2026-05-28T09:21:30.000000+0000,210
2026-05-29T13:33:01.000000+0000,2026-05-29T13:29:31.000000+0000,210
2026-05-29T15:17:32.000000+0000,2026-05-29T15:14:02.000000+0000,210
2026-05-30T01:58:01.000000+0000,2026-05-30T01:54:31.000000+0000,210
2026-05-30T12:39:02.000000+0000,2026-05-30T12:35:32.000000+0000,210
2026-05-31T00:43:34.000000+0000,2026-05-31T00:40:04.000000+0000,210
2026-05-31T23:39:01.000000+0000,2026-05-31T23:35:31.000000+0000,210
2026-06-01T01:35:31.000000+0000,2026-06-01T01:32:01.000000+0000,210
2026-06-01T05:35:31.000000+0000,2026-06-01T05:32:01.000000+0000,210
2026-06-01T13:28:00.000000+0000,2026-06-01T13:24:30.000000+0000,210
2026-06-01T17:09:01.000000+0000,2026-06-01T17:05:31.000000+0000,210
2026-06-01T18:32:31.000000+0000,2026-06-01T18:29:01.000000+0000,210
2026-06-01T20:49:02.000000+0000,2026-06-01T20:45:32.000000+0000,210
2026-06-02T19:34:32.000000+0000,2026-06-02T19:31:02.000000+0000,210
2026-06-03T00:17:02.000000+0000,2026-06-03T00:13:32.000000+0000,210
2025-05-27T07:05:02.000000+0000,2025-05-27T07:01:33.000000+0000,209
2025-07-03T15:55:01.000000+0000,2025-07-03T15:51:32.000000+0000,209
2025-07-06T06:55:01.000000+0000,2025-07-06T06:51:32.000000+0000,209
2025-07-09T07:11:32.000000+0000,2025-07-09T07:08:03.000000+0000,209
2025-07-15T21:55:02.000000+0000,2025-07-15T21:51:33.000000+0000,209
2025-08-14T08:55:01.000000+0000,2025-08-14T08:51:32.000000+0000,209
2025-08-17T20:55:00.000000+0000,2025-08-17T20:51:31.000000+0000,209
2025-09-02T14:44:31.000000+0000,2025-09-02T14:41:02.000000+0000,209
2025-09-11T19:24:32.000000+0000,2025-09-11T19:21:03.000000+0000,209
2025-09-12T09:24:32.000000+0000,2025-09-12T09:21:03.000000+0000,209
2025-09-13T14:27:30.000000+0000,2025-09-13T14:24:01.000000+0000,209
2025-09-18T19:24:32.000000+0000,2025-09-18T19:21:03.000000+0000,209
2025-09-21T03:24:33.000000+0000,2025-09-21T03:21:04.000000+0000,209
2025-09-25T19:24:33.000000+0000,2025-09-25T19:21:04.000000+0000,209
2025-10-12T00:05:01.000000+0000,2025-10-12T00:01:32.000000+0000,209
2025-10-21T21:44:31.000000+0000,2025-10-21T21:41:02.000000+0000,209
2025-10-27T17:44:32.000000+0000,2025-10-27T17:41:03.000000+0000,209
2025-11-01T02:33:01.000000+0000,2025-11-01T02:29:32.000000+0000,209
2025-11-08T09:33:02.000000+0000,2025-11-08T09:29:33.000000+0000,209
2025-11-16T06:33:00.000000+0000,2025-11-16T06:29:31.000000+0000,209
2025-11-18T00:33:01.000000+0000,2025-11-18T00:29:32.000000+0000,209
2025-11-18T13:33:00.000000+0000,2025-11-18T13:29:31.000000+0000,209
2025-11-23T16:13:36.000000+0000,2025-11-23T16:10:07.000000+0000,209
2025-11-23T19:43:36.000000+0000,2025-11-23T19:40:07.000000+0000,209
2025-11-26T17:43:36.000000+0000,2025-11-26T17:40:07.000000+0000,209
2025-12-02T02:00:10.000000+0000,2025-12-02T01:56:41.000000+0000,209
2025-12-02T18:27:34.000000+0000,2025-12-02T18:24:05.000000+0000,209
2025-12-02T22:38:35.000000+0000,2025-12-02T22:35:06.000000+0000,209
2025-12-18T07:33:00.000000+0000,2025-12-18T07:29:31.000000+0000,209
2025-12-19T08:45:06.000000+0000,2025-12-19T08:41:37.000000+0000,209
2025-12-20T03:50:06.000000+0000,2025-12-20T03:46:37.000000+0000,209
2025-12-21T23:56:01.000000+0000,2025-12-21T23:52:32.000000+0000,209
2025-12-31T21:56:00.000000+0000,2025-12-31T21:52:31.000000+0000,209
2026-01-01T00:33:00.000000+0000,2026-01-01T00:29:31.000000+0000,209
2026-01-06T17:35:34.000000+0000,2026-01-06T17:32:05.000000+0000,209
2026-01-16T06:16:01.000000+0000,2026-01-16T06:12:32.000000+0000,209
2026-01-22T19:03:01.000000+0000,2026-01-22T18:59:32.000000+0000,209
2026-01-25T17:03:02.000000+0000,2026-01-25T16:59:33.000000+0000,209
2026-01-27T21:33:00.000000+0000,2026-01-27T21:29:31.000000+0000,209
2026-01-28T22:03:00.000000+0000,2026-01-28T21:59:31.000000+0000,209
2026-01-30T05:33:01.000000+0000,2026-01-30T05:29:32.000000+0000,209
2026-01-30T12:33:02.000000+0000,2026-01-30T12:29:33.000000+0000,209
2026-02-06T05:53:33.000000+0000,2026-02-06T05:50:04.000000+0000,209
2026-02-10T11:35:31.000000+0000,2026-02-10T11:32:02.000000+0000,209
2026-02-10T21:33:02.000000+0000,2026-02-10T21:29:33.000000+0000,209
2026-02-11T22:03:01.000000+0000,2026-02-11T21:59:32.000000+0000,209
2026-02-12T08:33:01.000000+0000,2026-02-12T08:29:32.000000+0000,209
2026-02-13T06:05:31.000000+0000,2026-02-13T06:02:02.000000+0000,209
2026-02-13T09:13:00.000000+0000,2026-02-13T09:09:31.000000+0000,209
2026-02-13T19:33:02.000000+0000,2026-02-13T19:29:33.000000+0000,209
2026-02-14T02:33:01.000000+0000,2026-02-14T02:29:32.000000+0000,209
2026-02-16T14:13:00.000000+0000,2026-02-16T14:09:31.000000+0000,209
2026-02-17T14:33:01.000000+0000,2026-02-17T14:29:32.000000+0000,209
2026-02-18T01:13:33.000000+0000,2026-02-18T01:10:04.000000+0000,209
2026-02-18T09:38:33.000000+0000,2026-02-18T09:35:04.000000+0000,209
2026-02-20T12:44:02.000000+0000,2026-02-20T12:40:33.000000+0000,209
2026-02-21T06:03:01.000000+0000,2026-02-21T05:59:32.000000+0000,209
2026-02-22T06:43:33.000000+0000,2026-02-22T06:40:04.000000+0000,209
2026-02-25T05:57:01.000000+0000,2026-02-25T05:53:32.000000+0000,209
2026-02-25T08:03:02.000000+0000,2026-02-25T07:59:33.000000+0000,209
2026-02-26T01:33:01.000000+0000,2026-02-26T01:29:32.000000+0000,209
2026-02-27T09:25:00.000000+0000,2026-02-27T09:21:31.000000+0000,209
2026-02-28T06:03:01.000000+0000,2026-02-28T05:59:32.000000+0000,209
2026-03-01T06:44:02.000000+0000,2026-03-01T06:40:33.000000+0000,209
2026-03-03T07:33:01.000000+0000,2026-03-03T07:29:32.000000+0000,209
2026-03-06T08:32:01.000000+0000,2026-03-06T08:28:32.000000+0000,209
2026-03-07T05:08:01.000000+0000,2026-03-07T05:04:32.000000+0000,209
2026-03-07T08:38:02.000000+0000,2026-03-07T08:34:33.000000+0000,209
2026-03-08T12:38:01.000000+0000,2026-03-08T12:34:32.000000+0000,209
2026-03-10T18:42:01.000000+0000,2026-03-10T18:38:32.000000+0000,209
2026-03-11T08:53:01.000000+0000,2026-03-11T08:49:32.000000+0000,209
2026-03-12T00:48:01.000000+0000,2026-03-12T00:44:32.000000+0000,209
2026-03-12T02:23:01.000000+0000,2026-03-12T02:19:32.000000+0000,209
2026-03-12T05:53:33.000000+0000,2026-03-12T05:50:04.000000+0000,209
2026-03-12T21:27:01.000000+0000,2026-03-12T21:23:32.000000+0000,209
2026-03-13T03:24:31.000000+0000,2026-03-13T03:21:02.000000+0000,209
2026-03-14T12:08:02.000000+0000,2026-03-14T12:04:33.000000+0000,209
2026-03-15T00:55:30.000000+0000,2026-03-15T00:52:01.000000+0000,209
2026-03-15T05:38:02.000000+0000,2026-03-15T05:34:33.000000+0000,209
2026-03-15T12:38:33.000000+0000,2026-03-15T12:35:04.000000+0000,209
2026-03-15T19:38:02.000000+0000,2026-03-15T19:34:33.000000+0000,209
2026-03-16T09:59:00.000000+0000,2026-03-16T09:55:31.000000+0000,209
2026-03-17T22:55:30.000000+0000,2026-03-17T22:52:01.000000+0000,209
2026-03-18T14:08:01.000000+0000,2026-03-18T14:04:32.000000+0000,209
2026-03-19T00:48:33.000000+0000,2026-03-19T00:45:04.000000+0000,209
2026-03-19T08:31:30.000000+0000,2026-03-19T08:28:01.000000+0000,209
2026-03-19T16:23:01.000000+0000,2026-03-19T16:19:32.000000+0000,209
2026-03-21T12:08:33.000000+0000,2026-03-21T12:05:04.000000+0000,209
2026-03-22T02:08:01.000000+0000,2026-03-22T02:04:32.000000+0000,209
2026-03-22T14:34:31.000000+0000,2026-03-22T14:31:02.000000+0000,209
2026-03-23T02:38:01.000000+0000,2026-03-23T02:34:32.000000+0000,209
2026-03-23T18:44:02.000000+0000,2026-03-23T18:40:33.000000+0000,209
2026-03-24T13:12:30.000000+0000,2026-03-24T13:09:01.000000+0000,209
2026-03-25T22:38:01.000000+0000,2026-03-25T22:34:32.000000+0000,209
2026-03-26T02:08:01.000000+0000,2026-03-26T02:04:32.000000+0000,209
2026-03-26T07:23:01.000000+0000,2026-03-26T07:19:32.000000+0000,209
2026-03-26T12:38:02.000000+0000,2026-03-26T12:34:33.000000+0000,209
2026-03-27T11:09:01.000000+0000,2026-03-27T11:05:32.000000+0000,209
2026-03-27T16:12:00.000000+0000,2026-03-27T16:08:31.000000+0000,209
2026-03-28T02:42:31.000000+0000,2026-03-28T02:39:02.000000+0000,209
2026-03-28T16:42:31.000000+0000,2026-03-28T16:39:02.000000+0000,209
2026-03-28T23:42:30.000000+0000,2026-03-28T23:39:01.000000+0000,209
2026-03-29T12:08:33.000000+0000,2026-03-29T12:05:04.000000+0000,209
2026-03-29T13:43:33.000000+0000,2026-03-29T13:40:04.000000+0000,209
2026-03-29T19:08:01.000000+0000,2026-03-29T19:04:32.000000+0000,209
2026-03-29T20:42:31.000000+0000,2026-03-29T20:39:02.000000+0000,209
2026-03-31T12:57:30.000000+0000,2026-03-31T12:54:01.000000+0000,209
2026-04-01T01:12:31.000000+0000,2026-04-01T01:09:02.000000+0000,209
2026-04-07T01:52:00.000000+0000,2026-04-07T01:48:31.000000+0000,209
2026-04-07T22:52:00.000000+0000,2026-04-07T22:48:31.000000+0000,209
2026-04-08T04:37:01.000000+0000,2026-04-08T04:33:32.000000+0000,209
2026-04-08T08:29:00.000000+0000,2026-04-08T08:25:31.000000+0000,209
2026-04-08T13:53:33.000000+0000,2026-04-08T13:50:04.000000+0000,209
2026-04-09T10:43:01.000000+0000,2026-04-09T10:39:32.000000+0000,209
2026-04-10T00:54:02.000000+0000,2026-04-10T00:50:33.000000+0000,209
2026-04-10T18:13:01.000000+0000,2026-04-10T18:09:32.000000+0000,209
2026-04-10T19:59:00.000000+0000,2026-04-10T19:55:31.000000+0000,209
2026-04-13T02:13:01.000000+0000,2026-04-13T02:09:32.000000+0000,209
2026-04-13T16:14:02.000000+0000,2026-04-13T16:10:33.000000+0000,209
2026-04-16T08:16:01.000000+0000,2026-04-16T08:12:32.000000+0000,209
2026-04-16T21:13:00.000000+0000,2026-04-16T21:09:31.000000+0000,209
2026-04-17T14:12:01.000000+0000,2026-04-17T14:08:32.000000+0000,209
2026-04-18T08:13:01.000000+0000,2026-04-18T08:09:32.000000+0000,209
2026-04-19T03:17:32.000000+0000,2026-04-19T03:14:03.000000+0000,209
2026-04-19T05:13:00.000000+0000,2026-04-19T05:09:31.000000+0000,209
2026-04-19T14:19:00.000000+0000,2026-04-19T14:15:31.000000+0000,209
2026-04-20T04:19:00.000000+0000,2026-04-20T04:15:31.000000+0000,209
2026-04-20T18:09:31.000000+0000,2026-04-20T18:06:02.000000+0000,209
2026-04-21T16:54:31.000000+0000,2026-04-21T16:51:02.000000+0000,209
2026-04-22T09:53:01.000000+0000,2026-04-22T09:49:32.000000+0000,209
2026-04-22T15:49:01.000000+0000,2026-04-22T15:45:32.000000+0000,209
2026-04-25T20:43:00.000000+0000,2026-04-25T20:39:31.000000+0000,209
2026-04-26T07:03:01.000000+0000,2026-04-26T06:59:32.000000+0000,209
2026-04-27T16:49:30.000000+0000,2026-04-27T16:46:01.000000+0000,209
2026-04-28T22:03:00.000000+0000,2026-04-28T21:59:31.000000+0000,209
2026-05-01T06:03:01.000000+0000,2026-05-01T05:59:32.000000+0000,209
2026-05-04T20:09:01.000000+0000,2026-05-04T20:05:32.000000+0000,209
2026-05-08T13:24:30.000000+0000,2026-05-08T13:21:01.000000+0000,209
2026-05-10T03:33:01.000000+0000,2026-05-10T03:29:32.000000+0000,209
2026-05-10T21:45:31.000000+0000,2026-05-10T21:42:02.000000+0000,209
2026-05-15T08:09:01.000000+0000,2026-05-15T08:05:32.000000+0000,209
2026-05-15T18:27:31.000000+0000,2026-05-15T18:24:02.000000+0000,209
2026-05-16T22:27:31.000000+0000,2026-05-16T22:24:02.000000+0000,209
2026-05-18T12:57:32.000000+0000,2026-05-18T12:54:03.000000+0000,209
2026-05-22T18:49:30.000000+0000,2026-05-22T18:46:01.000000+0000,209
2026-05-23T08:59:31.000000+0000,2026-05-23T08:56:02.000000+0000,209
2026-05-24T03:54:05.000000+0000,2026-05-24T03:50:36.000000+0000,209
2026-05-25T16:08:00.000000+0000,2026-05-25T16:04:31.000000+0000,209
2026-05-26T02:26:01.000000+0000,2026-05-26T02:22:32.000000+0000,209
2026-05-26T18:33:34.000000+0000,2026-05-26T18:30:05.000000+0000,209
2026-05-27T05:24:31.000000+0000,2026-05-27T05:21:02.000000+0000,209
2026-05-27T19:25:01.000000+0000,2026-05-27T19:21:32.000000+0000,209
2026-05-29T19:51:31.000000+0000,2026-05-29T19:48:02.000000+0000,209
2026-05-30T03:33:34.000000+0000,2026-05-30T03:30:05.000000+0000,209
2026-06-02T12:02:31.000000+0000,2026-06-02T11:59:02.000000+0000,209
2025-02-10T11:32:59.000000+0000,2025-02-10T11:29:31.000000+0000,208
2025-05-27T14:05:03.000000+0000,2025-05-27T14:01:35.000000+0000,208
2025-06-13T16:06:32.000000+0000,2025-06-13T16:03:04.000000+0000,208
2025-06-26T01:55:01.000000+0000,2025-06-26T01:51:33.000000+0000,208
2025-07-14T10:55:01.000000+0000,2025-07-14T10:51:33.000000+0000,208
2025-07-23T08:14:31.000000+0000,2025-07-23T08:11:03.000000+0000,208
2025-07-25T12:55:01.000000+0000,2025-07-25T12:51:33.000000+0000,208
2025-07-29T14:44:31.000000+0000,2025-07-29T14:41:03.000000+0000,208
2025-08-06T04:44:30.000000+0000,2025-08-06T04:41:02.000000+0000,208
2025-08-15T12:44:31.000000+0000,2025-08-15T12:41:03.000000+0000,208
2025-08-30T09:44:30.000000+0000,2025-08-30T09:41:02.000000+0000,208
2025-09-13T16:44:32.000000+0000,2025-09-13T16:41:04.000000+0000,208
2025-09-14T17:24:32.000000+0000,2025-09-14T17:21:04.000000+0000,208
2025-09-22T17:54:32.000000+0000,2025-09-22T17:51:04.000000+0000,208
2025-09-24T04:55:00.000000+0000,2025-09-24T04:51:32.000000+0000,208
2025-09-24T18:54:32.000000+0000,2025-09-24T18:51:04.000000+0000,208
2025-09-28T17:24:33.000000+0000,2025-09-28T17:21:05.000000+0000,208
2025-10-12T20:55:01.000000+0000,2025-10-12T20:51:33.000000+0000,208
2025-10-21T00:33:01.000000+0000,2025-10-21T00:29:33.000000+0000,208
2025-10-24T19:44:31.000000+0000,2025-10-24T19:41:03.000000+0000,208
2025-10-30T15:33:00.000000+0000,2025-10-30T15:29:32.000000+0000,208
2025-11-05T18:33:00.000000+0000,2025-11-05T18:29:32.000000+0000,208
2025-11-07T12:44:33.000000+0000,2025-11-07T12:41:05.000000+0000,208
2025-11-15T23:33:00.000000+0000,2025-11-15T23:29:32.000000+0000,208
2025-11-22T14:30:10.000000+0000,2025-11-22T14:26:42.000000+0000,208
2025-11-24T06:13:35.000000+0000,2025-11-24T06:10:07.000000+0000,208
2025-11-25T10:13:35.000000+0000,2025-11-25T10:10:07.000000+0000,208
2025-11-26T05:28:35.000000+0000,2025-11-26T05:25:07.000000+0000,208
2025-11-30T16:13:35.000000+0000,2025-11-30T16:10:07.000000+0000,208
2025-12-01T14:37:33.000000+0000,2025-12-01T14:34:05.000000+0000,208
2025-12-12T10:19:33.000000+0000,2025-12-12T10:16:05.000000+0000,208
2025-12-12T18:33:01.000000+0000,2025-12-12T18:29:33.000000+0000,208
2025-12-13T08:33:00.000000+0000,2025-12-13T08:29:32.000000+0000,208
2025-12-15T09:33:01.000000+0000,2025-12-15T09:29:33.000000+0000,208
2025-12-18T14:33:00.000000+0000,2025-12-18T14:29:32.000000+0000,208
2025-12-28T12:33:01.000000+0000,2025-12-28T12:29:33.000000+0000,208
2026-01-01T18:24:31.000000+0000,2026-01-01T18:21:03.000000+0000,208
2026-01-05T23:44:33.000000+0000,2026-01-05T23:41:05.000000+0000,208
2026-01-10T01:33:00.000000+0000,2026-01-10T01:29:32.000000+0000,208
2026-01-10T05:24:31.000000+0000,2026-01-10T05:21:03.000000+0000,208
2026-01-14T10:43:00.000000+0000,2026-01-14T10:39:32.000000+0000,208
2026-01-20T14:43:33.000000+0000,2026-01-20T14:40:05.000000+0000,208
2026-01-21T15:13:33.000000+0000,2026-01-21T15:10:05.000000+0000,208
2026-01-22T12:46:00.000000+0000,2026-01-22T12:42:32.000000+0000,208
2026-01-28T04:33:01.000000+0000,2026-01-28T04:29:33.000000+0000,208
2026-01-29T12:13:33.000000+0000,2026-01-29T12:10:05.000000+0000,208
2026-01-30T19:33:01.000000+0000,2026-01-30T19:29:33.000000+0000,208
2026-01-31T13:24:32.000000+0000,2026-01-31T13:21:04.000000+0000,208
2026-02-06T09:13:32.000000+0000,2026-02-06T09:10:04.000000+0000,208
2026-02-08T18:49:00.000000+0000,2026-02-08T18:45:32.000000+0000,208
2026-02-09T15:49:00.000000+0000,2026-02-09T15:45:32.000000+0000,208
2026-02-11T01:13:32.000000+0000,2026-02-11T01:10:04.000000+0000,208
2026-02-19T15:33:01.000000+0000,2026-02-19T15:29:33.000000+0000,208
2026-02-21T13:13:32.000000+0000,2026-02-21T13:10:04.000000+0000,208
2026-02-21T20:14:01.000000+0000,2026-02-21T20:10:33.000000+0000,208
2026-02-22T01:18:01.000000+0000,2026-02-22T01:14:33.000000+0000,208
2026-02-23T03:55:01.000000+0000,2026-02-23T03:51:33.000000+0000,208
2026-02-26T12:13:32.000000+0000,2026-02-26T12:10:04.000000+0000,208
2026-02-28T23:43:32.000000+0000,2026-02-28T23:40:04.000000+0000,208
2026-03-01T10:24:01.000000+0000,2026-03-01T10:20:33.000000+0000,208
2026-03-06T13:12:00.000000+0000,2026-03-06T13:08:32.000000+0000,208
2026-03-07T20:42:00.000000+0000,2026-03-07T20:38:32.000000+0000,208
2026-03-11T22:42:00.000000+0000,2026-03-11T22:38:32.000000+0000,208
2026-03-13T01:08:32.000000+0000,2026-03-13T01:05:04.000000+0000,208
2026-03-13T04:59:00.000000+0000,2026-03-13T04:55:32.000000+0000,208
2026-03-13T13:12:00.000000+0000,2026-03-13T13:08:32.000000+0000,208
2026-03-13T20:24:01.000000+0000,2026-03-13T20:20:33.000000+0000,208
2026-03-14T01:27:00.000000+0000,2026-03-14T01:23:32.000000+0000,208
2026-03-14T13:54:01.000000+0000,2026-03-14T13:50:33.000000+0000,208
2026-03-15T09:09:01.000000+0000,2026-03-15T09:05:33.000000+0000,208
2026-03-16T02:38:01.000000+0000,2026-03-16T02:34:33.000000+0000,208
2026-03-16T04:23:32.000000+0000,2026-03-16T04:20:04.000000+0000,208
2026-03-17T15:23:32.000000+0000,2026-03-17T15:20:04.000000+0000,208
2026-03-18T03:39:01.000000+0000,2026-03-18T03:35:33.000000+0000,208
2026-03-19T12:53:00.000000+0000,2026-03-19T12:49:32.000000+0000,208
2026-03-22T00:23:32.000000+0000,2026-03-22T00:20:04.000000+0000,208
2026-03-24T23:53:01.000000+0000,2026-03-24T23:49:33.000000+0000,208
2026-03-25T04:27:01.000000+0000,2026-03-25T04:23:33.000000+0000,208
2026-03-25T20:54:00.000000+0000,2026-03-25T20:50:32.000000+0000,208
2026-03-28T13:23:32.000000+0000,2026-03-28T13:20:04.000000+0000,208
2026-03-30T12:38:01.000000+0000,2026-03-30T12:34:33.000000+0000,208
2026-03-30T21:12:00.000000+0000,2026-03-30T21:08:32.000000+0000,208
2026-03-31T11:23:00.000000+0000,2026-03-31T11:19:32.000000+0000,208
2026-03-31T18:12:30.000000+0000,2026-03-31T18:09:02.000000+0000,208
2026-04-01T04:53:01.000000+0000,2026-04-01T04:49:33.000000+0000,208
2026-04-01T13:38:00.000000+0000,2026-04-01T13:34:32.000000+0000,208
2026-04-02T16:52:01.000000+0000,2026-04-02T16:48:33.000000+0000,208
2026-04-04T05:57:01.000000+0000,2026-04-04T05:53:33.000000+0000,208
2026-04-04T12:16:00.000000+0000,2026-04-04T12:12:32.000000+0000,208
2026-04-06T13:57:00.000000+0000,2026-04-06T13:53:32.000000+0000,208
2026-04-07T14:27:00.000000+0000,2026-04-07T14:23:32.000000+0000,208
2026-04-08T15:29:00.000000+0000,2026-04-08T15:25:32.000000+0000,208
2026-04-09T19:27:00.000000+0000,2026-04-09T19:23:32.000000+0000,208
2026-04-09T23:09:31.000000+0000,2026-04-09T23:06:03.000000+0000,208
2026-04-10T07:53:32.000000+0000,2026-04-10T07:50:04.000000+0000,208
2026-04-11T09:48:01.000000+0000,2026-04-11T09:44:33.000000+0000,208
2026-04-11T16:37:00.000000+0000,2026-04-11T16:33:32.000000+0000,208
2026-04-12T05:13:01.000000+0000,2026-04-12T05:09:33.000000+0000,208
2026-04-12T10:08:01.000000+0000,2026-04-12T10:04:33.000000+0000,208
2026-04-12T14:19:00.000000+0000,2026-04-12T14:15:32.000000+0000,208
2026-04-14T16:43:00.000000+0000,2026-04-14T16:39:32.000000+0000,208
2026-04-15T03:23:33.000000+0000,2026-04-15T03:20:05.000000+0000,208
2026-04-15T15:38:00.000000+0000,2026-04-15T15:34:32.000000+0000,208
2026-04-17T21:43:01.000000+0000,2026-04-17T21:39:33.000000+0000,208
2026-04-18T03:19:00.000000+0000,2026-04-18T03:15:32.000000+0000,208
2026-04-18T12:47:00.000000+0000,2026-04-18T12:43:32.000000+0000,208
2026-04-19T01:43:00.000000+0000,2026-04-19T01:39:32.000000+0000,208
2026-04-19T17:17:00.000000+0000,2026-04-19T17:13:32.000000+0000,208
2026-04-20T12:43:00.000000+0000,2026-04-20T12:39:32.000000+0000,208
2026-04-20T20:04:32.000000+0000,2026-04-20T20:01:04.000000+0000,208
2026-04-21T20:23:33.000000+0000,2026-04-21T20:20:05.000000+0000,208
2026-04-22T11:48:33.000000+0000,2026-04-22T11:45:05.000000+0000,208
2026-04-22T20:11:00.000000+0000,2026-04-22T20:07:32.000000+0000,208
2026-04-23T12:49:00.000000+0000,2026-04-23T12:45:32.000000+0000,208
2026-04-23T16:19:00.000000+0000,2026-04-23T16:15:32.000000+0000,208
2026-04-23T19:29:00.000000+0000,2026-04-23T19:25:32.000000+0000,208
2026-04-23T23:19:00.000000+0000,2026-04-23T23:15:32.000000+0000,208
2026-04-24T00:43:01.000000+0000,2026-04-24T00:39:33.000000+0000,208
2026-04-24T04:13:00.000000+0000,2026-04-24T04:09:32.000000+0000,208
2026-04-25T04:27:00.000000+0000,2026-04-25T04:23:32.000000+0000,208
2026-04-25T13:53:33.000000+0000,2026-04-25T13:50:05.000000+0000,208
2026-04-26T08:27:00.000000+0000,2026-04-26T08:23:32.000000+0000,208
2026-04-26T09:52:00.000000+0000,2026-04-26T09:48:32.000000+0000,208
2026-04-27T21:33:00.000000+0000,2026-04-27T21:29:32.000000+0000,208
2026-04-28T17:51:00.000000+0000,2026-04-28T17:47:32.000000+0000,208
2026-04-29T02:57:00.000000+0000,2026-04-29T02:53:32.000000+0000,208
2026-04-29T04:22:00.000000+0000,2026-04-29T04:18:32.000000+0000,208
2026-04-29T09:37:00.000000+0000,2026-04-29T09:33:32.000000+0000,208
2026-04-30T02:03:00.000000+0000,2026-04-30T01:59:32.000000+0000,208
2026-04-30T19:43:00.000000+0000,2026-04-30T19:39:32.000000+0000,208
2026-05-01T13:23:33.000000+0000,2026-05-01T13:20:05.000000+0000,208
2026-05-01T16:53:33.000000+0000,2026-05-01T16:50:05.000000+0000,208
2026-05-03T11:57:00.000000+0000,2026-05-03T11:53:32.000000+0000,208
2026-05-03T16:19:00.000000+0000,2026-05-03T16:15:32.000000+0000,208
2026-05-04T04:13:00.000000+0000,2026-05-04T04:09:32.000000+0000,208
2026-05-04T13:09:00.000000+0000,2026-05-04T13:05:32.000000+0000,208
2026-05-04T21:33:00.000000+0000,2026-05-04T21:29:32.000000+0000,208
2026-05-05T03:19:00.000000+0000,2026-05-05T03:15:32.000000+0000,208
2026-05-05T05:37:01.000000+0000,2026-05-05T05:33:33.000000+0000,208
2026-05-06T15:33:00.000000+0000,2026-05-06T15:29:32.000000+0000,208
2026-05-06T19:13:33.000000+0000,2026-05-06T19:10:05.000000+0000,208
2026-05-10T00:13:33.000000+0000,2026-05-10T00:10:05.000000+0000,208
2026-05-10T10:44:31.000000+0000,2026-05-10T10:41:03.000000+0000,208
2026-05-12T01:24:30.000000+0000,2026-05-12T01:21:02.000000+0000,208
2026-05-12T18:33:00.000000+0000,2026-05-12T18:29:32.000000+0000,208
2026-05-14T16:13:00.000000+0000,2026-05-14T16:09:32.000000+0000,208
2026-05-14T21:39:00.000000+0000,2026-05-14T21:35:32.000000+0000,208
2026-05-15T04:17:30.000000+0000,2026-05-15T04:14:02.000000+0000,208
2026-05-15T09:44:31.000000+0000,2026-05-15T09:41:03.000000+0000,208
2026-05-16T20:23:00.000000+0000,2026-05-16T20:19:32.000000+0000,208
2026-05-17T21:24:32.000000+0000,2026-05-17T21:21:04.000000+0000,208
2026-05-18T07:54:31.000000+0000,2026-05-18T07:51:03.000000+0000,208
2026-05-19T18:33:01.000000+0000,2026-05-19T18:29:33.000000+0000,208
2026-05-21T07:19:00.000000+0000,2026-05-21T07:15:32.000000+0000,208
2026-05-24T23:51:32.000000+0000,2026-05-24T23:48:04.000000+0000,208
2026-05-25T07:53:32.000000+0000,2026-05-25T07:50:04.000000+0000,208
2026-05-28T07:19:01.000000+0000,2026-05-28T07:15:33.000000+0000,208
2026-05-28T15:22:00.000000+0000,2026-05-28T15:18:32.000000+0000,208
2026-05-30T05:19:01.000000+0000,2026-05-30T05:15:33.000000+0000,208
2026-05-30T07:23:32.000000+0000,2026-05-30T07:20:04.000000+0000,208
2025-06-27T02:25:00.000000+0000,2025-06-27T02:21:33.000000+0000,207
2025-08-14T01:43:33.000000+0000,2025-08-14T01:40:06.000000+0000,207
2025-09-12T02:24:32.000000+0000,2025-09-12T02:21:05.000000+0000,207
2025-09-16T11:24:33.000000+0000,2025-09-16T11:21:06.000000+0000,207
2025-09-17T01:24:33.000000+0000,2025-09-17T01:21:06.000000+0000,207
2025-09-27T16:43:34.000000+0000,2025-09-27T16:40:07.000000+0000,207
2025-09-28T13:44:32.000000+0000,2025-09-28T13:41:05.000000+0000,207
2025-09-29T03:54:32.000000+0000,2025-09-29T03:51:05.000000+0000,207
2025-09-29T12:39:32.000000+0000,2025-09-29T12:36:05.000000+0000,207
2025-09-29T14:35:06.000000+0000,2025-09-29T14:31:39.000000+0000,207
2025-10-23T19:13:33.000000+0000,2025-10-23T19:10:06.000000+0000,207
2025-10-24T02:13:33.000000+0000,2025-10-24T02:10:06.000000+0000,207
2025-10-30T12:13:32.000000+0000,2025-10-30T12:10:05.000000+0000,207
2025-10-31T04:08:32.000000+0000,2025-10-31T04:05:05.000000+0000,207
2025-10-31T09:24:33.000000+0000,2025-10-31T09:21:06.000000+0000,207
2025-11-01T20:13:33.000000+0000,2025-11-01T20:10:06.000000+0000,207
2025-11-05T11:43:33.000000+0000,2025-11-05T11:40:06.000000+0000,207
2025-11-05T15:13:33.000000+0000,2025-11-05T15:10:06.000000+0000,207
2025-11-08T16:44:32.000000+0000,2025-11-08T16:41:05.000000+0000,207
2025-11-09T12:08:32.000000+0000,2025-11-09T12:05:05.000000+0000,207
2025-11-11T21:44:32.000000+0000,2025-11-11T21:41:05.000000+0000,207
2025-11-12T11:44:32.000000+0000,2025-11-12T11:41:05.000000+0000,207
2025-11-13T08:53:33.000000+0000,2025-11-13T08:50:06.000000+0000,207
2025-11-14T05:44:32.000000+0000,2025-11-14T05:41:05.000000+0000,207
2025-11-15T20:24:33.000000+0000,2025-11-15T20:21:06.000000+0000,207
2025-11-19T05:28:32.000000+0000,2025-11-19T05:25:05.000000+0000,207
2025-11-27T02:38:32.000000+0000,2025-11-27T02:35:05.000000+0000,207
2025-11-27T14:53:33.000000+0000,2025-11-27T14:50:06.000000+0000,207
2025-11-30T10:59:32.000000+0000,2025-11-30T10:56:05.000000+0000,207
2025-12-02T20:43:33.000000+0000,2025-12-02T20:40:06.000000+0000,207
2025-12-11T23:28:32.000000+0000,2025-12-11T23:25:05.000000+0000,207
2025-12-12T06:49:32.000000+0000,2025-12-12T06:46:05.000000+0000,207
2025-12-13T19:24:32.000000+0000,2025-12-13T19:21:05.000000+0000,207
2025-12-18T18:24:32.000000+0000,2025-12-18T18:21:05.000000+0000,207
2025-12-22T02:54:31.000000+0000,2025-12-22T02:51:04.000000+0000,207
2025-12-22T15:08:32.000000+0000,2025-12-22T15:05:05.000000+0000,207
2025-12-27T23:14:31.000000+0000,2025-12-27T23:11:04.000000+0000,207
2025-12-28T16:13:33.000000+0000,2025-12-28T16:10:06.000000+0000,207
2025-12-29T14:38:32.000000+0000,2025-12-29T14:35:05.000000+0000,207
2026-01-01T12:58:32.000000+0000,2026-01-01T12:55:05.000000+0000,207
2026-01-01T16:39:30.000000+0000,2026-01-01T16:36:03.000000+0000,207
2026-01-01T21:44:32.000000+0000,2026-01-01T21:41:05.000000+0000,207
2026-01-03T13:58:32.000000+0000,2026-01-03T13:55:05.000000+0000,207
2026-01-04T04:09:31.000000+0000,2026-01-04T04:06:04.000000+0000,207
2026-01-04T11:08:32.000000+0000,2026-01-04T11:05:05.000000+0000,207
2026-01-05T01:08:32.000000+0000,2026-01-05T01:05:05.000000+0000,207
2026-01-05T02:43:33.000000+0000,2026-01-05T02:40:06.000000+0000,207
2026-01-06T06:55:01.000000+0000,2026-01-06T06:51:34.000000+0000,207
2026-01-07T07:24:32.000000+0000,2026-01-07T07:21:05.000000+0000,207
2026-01-07T19:28:32.000000+0000,2026-01-07T19:25:05.000000+0000,207
2026-01-10T03:28:32.000000+0000,2026-01-10T03:25:05.000000+0000,207
2026-01-10T10:28:32.000000+0000,2026-01-10T10:25:05.000000+0000,207
2026-01-20T07:43:32.000000+0000,2026-01-20T07:40:05.000000+0000,207
2026-01-24T13:23:32.000000+0000,2026-01-24T13:20:05.000000+0000,207
2026-01-24T23:54:31.000000+0000,2026-01-24T23:51:04.000000+0000,207
2026-01-25T06:53:32.000000+0000,2026-01-25T06:50:05.000000+0000,207
2026-01-25T13:53:32.000000+0000,2026-01-25T13:50:05.000000+0000,207
2026-01-27T00:43:32.000000+0000,2026-01-27T00:40:05.000000+0000,207
2026-01-27T04:13:32.000000+0000,2026-01-27T04:10:05.000000+0000,207
2026-01-29T05:13:32.000000+0000,2026-01-29T05:10:05.000000+0000,207
2026-01-30T09:03:00.000000+0000,2026-01-30T08:59:33.000000+0000,207
2026-01-31T20:24:30.000000+0000,2026-01-31T20:21:03.000000+0000,207
2026-02-01T10:23:32.000000+0000,2026-02-01T10:20:05.000000+0000,207
2026-02-05T19:13:31.000000+0000,2026-02-05T19:10:04.000000+0000,207
2026-02-06T02:25:00.000000+0000,2026-02-06T02:21:33.000000+0000,207
2026-02-16T10:43:32.000000+0000,2026-02-16T10:40:05.000000+0000,207
2026-03-08T10:53:00.000000+0000,2026-03-08T10:49:33.000000+0000,207
2026-03-09T00:42:00.000000+0000,2026-03-09T00:38:33.000000+0000,207
2026-03-12T09:24:00.000000+0000,2026-03-12T09:20:33.000000+0000,207
2026-03-16T21:54:00.000000+0000,2026-03-16T21:50:33.000000+0000,207
2026-03-18T05:24:01.000000+0000,2026-03-18T05:20:34.000000+0000,207
2026-03-18T08:54:01.000000+0000,2026-03-18T08:50:34.000000+0000,207
2026-03-20T13:33:32.000000+0000,2026-03-20T13:30:05.000000+0000,207
2026-03-21T17:24:00.000000+0000,2026-03-21T17:20:33.000000+0000,207
2026-03-23T04:24:00.000000+0000,2026-03-23T04:20:33.000000+0000,207
2026-03-23T11:43:31.000000+0000,2026-03-23T11:40:04.000000+0000,207
2026-03-23T20:38:31.000000+0000,2026-03-23T20:35:04.000000+0000,207
2026-03-23T23:38:31.000000+0000,2026-03-23T23:35:04.000000+0000,207
2026-03-25T13:53:00.000000+0000,2026-03-25T13:49:33.000000+0000,207
2026-03-27T19:53:00.000000+0000,2026-03-27T19:49:33.000000+0000,207
2026-04-05T06:27:00.000000+0000,2026-04-05T06:23:33.000000+0000,207
2026-04-05T16:16:00.000000+0000,2026-04-05T16:12:33.000000+0000,207
2026-04-06T17:27:00.000000+0000,2026-04-06T17:23:33.000000+0000,207
2026-04-06T19:44:01.000000+0000,2026-04-06T19:40:34.000000+0000,207
2026-04-10T14:43:00.000000+0000,2026-04-10T14:39:33.000000+0000,207
2026-04-10T21:44:00.000000+0000,2026-04-10T21:40:33.000000+0000,207
2026-04-11T01:13:00.000000+0000,2026-04-11T01:09:33.000000+0000,207
2026-04-11T04:43:00.000000+0000,2026-04-11T04:39:33.000000+0000,207
2026-04-12T22:43:00.000000+0000,2026-04-12T22:39:33.000000+0000,207
2026-04-14T02:11:00.000000+0000,2026-04-14T02:07:33.000000+0000,207
2026-04-14T13:13:00.000000+0000,2026-04-14T13:09:33.000000+0000,207
2026-04-18T06:48:32.000000+0000,2026-04-18T06:45:05.000000+0000,207
2026-04-19T08:43:00.000000+0000,2026-04-19T08:39:33.000000+0000,207
2026-04-19T19:13:00.000000+0000,2026-04-19T19:09:33.000000+0000,207
2026-04-21T23:43:00.000000+0000,2026-04-21T23:39:33.000000+0000,207
2026-04-22T14:14:03.000000+0000,2026-04-22T14:10:36.000000+0000,207
2026-04-24T13:23:32.000000+0000,2026-04-24T13:20:05.000000+0000,207
2026-04-26T04:37:00.000000+0000,2026-04-26T04:33:33.000000+0000,207
2026-04-27T11:13:32.000000+0000,2026-04-27T11:10:05.000000+0000,207
2026-04-28T01:23:32.000000+0000,2026-04-28T01:20:05.000000+0000,207
2026-04-30T09:23:32.000000+0000,2026-04-30T09:20:05.000000+0000,207
2026-04-30T12:33:00.000000+0000,2026-04-30T12:29:33.000000+0000,207
2026-04-30T17:27:00.000000+0000,2026-04-30T17:23:33.000000+0000,207
2026-05-03T05:17:00.000000+0000,2026-05-03T05:13:33.000000+0000,207
2026-05-05T18:33:00.000000+0000,2026-05-05T18:29:33.000000+0000,207
2026-05-06T05:23:32.000000+0000,2026-05-06T05:20:05.000000+0000,207
2026-05-09T17:24:03.000000+0000,2026-05-09T17:20:36.000000+0000,207
2026-05-11T07:53:32.000000+0000,2026-05-11T07:50:05.000000+0000,207
2026-05-12T22:24:03.000000+0000,2026-05-12T22:20:36.000000+0000,207
2026-05-15T13:23:32.000000+0000,2026-05-15T13:20:05.000000+0000,207
2026-05-15T15:08:32.000000+0000,2026-05-15T15:05:05.000000+0000,207
2026-05-19T06:39:30.000000+0000,2026-05-19T06:36:03.000000+0000,207
2026-05-20T05:23:32.000000+0000,2026-05-20T05:20:05.000000+0000,207
2026-05-20T19:23:32.000000+0000,2026-05-20T19:20:05.000000+0000,207
2026-05-24T01:49:00.000000+0000,2026-05-24T01:45:33.000000+0000,207
2026-05-31T02:17:01.000000+0000,2026-05-31T02:13:34.000000+0000,207
2025-06-02T06:24:33.000000+0000,2025-06-02T06:21:07.000000+0000,206
2025-09-18T15:43:33.000000+0000,2025-09-18T15:40:07.000000+0000,206
2025-09-21T20:43:33.000000+0000,2025-09-21T20:40:07.000000+0000,206
2025-09-30T18:13:33.000000+0000,2025-09-30T18:10:07.000000+0000,206
2025-10-28T21:43:33.000000+0000,2025-10-28T21:40:07.000000+0000,206
2025-10-31T23:13:32.000000+0000,2025-10-31T23:10:06.000000+0000,206
2025-11-01T13:13:32.000000+0000,2025-11-01T13:10:06.000000+0000,206
2025-11-02T03:13:32.000000+0000,2025-11-02T03:10:06.000000+0000,206
2025-11-02T12:08:31.000000+0000,2025-11-02T12:05:05.000000+0000,206
2025-11-02T13:43:32.000000+0000,2025-11-02T13:40:06.000000+0000,206
2025-11-03T00:23:33.000000+0000,2025-11-03T00:20:07.000000+0000,206
2025-11-03T03:54:32.000000+0000,2025-11-03T03:51:06.000000+0000,206
2025-11-03T14:24:32.000000+0000,2025-11-03T14:21:06.000000+0000,206
2025-11-03T21:13:32.000000+0000,2025-11-03T21:10:06.000000+0000,206
2025-11-04T00:44:32.000000+0000,2025-11-04T00:41:06.000000+0000,206
2025-11-04T11:13:32.000000+0000,2025-11-04T11:10:06.000000+0000,206
2025-11-04T21:43:32.000000+0000,2025-11-04T21:40:06.000000+0000,206
2025-11-04T23:28:31.000000+0000,2025-11-04T23:25:05.000000+0000,206
2025-11-05T01:13:32.000000+0000,2025-11-05T01:10:06.000000+0000,206
2025-11-06T10:28:31.000000+0000,2025-11-06T10:25:05.000000+0000,206
2025-11-06T19:13:32.000000+0000,2025-11-06T19:10:06.000000+0000,206
2025-11-12T08:13:32.000000+0000,2025-11-12T08:10:06.000000+0000,206
2025-11-14T23:24:32.000000+0000,2025-11-14T23:21:06.000000+0000,206
2025-11-15T02:43:32.000000+0000,2025-11-15T02:40:06.000000+0000,206
2025-11-17T02:08:31.000000+0000,2025-11-17T02:05:05.000000+0000,206
2025-11-17T03:44:31.000000+0000,2025-11-17T03:41:05.000000+0000,206
2025-11-17T10:44:31.000000+0000,2025-11-17T10:41:05.000000+0000,206
2025-11-18T15:28:31.000000+0000,2025-11-18T15:25:05.000000+0000,206
2025-11-18T20:43:32.000000+0000,2025-11-18T20:40:06.000000+0000,206
2025-11-19T12:38:31.000000+0000,2025-11-19T12:35:05.000000+0000,206
2025-11-21T03:08:34.000000+0000,2025-11-21T03:05:08.000000+0000,206
2025-11-25T12:20:07.000000+0000,2025-11-25T12:16:41.000000+0000,206
2025-12-03T05:39:33.000000+0000,2025-12-03T05:36:07.000000+0000,206
2025-12-11T20:09:31.000000+0000,2025-12-11T20:06:05.000000+0000,206
2025-12-12T12:14:31.000000+0000,2025-12-12T12:11:05.000000+0000,206
2025-12-12T23:58:31.000000+0000,2025-12-12T23:55:05.000000+0000,206
2025-12-13T05:24:31.000000+0000,2025-12-13T05:21:05.000000+0000,206
2025-12-14T16:23:32.000000+0000,2025-12-14T16:20:06.000000+0000,206
2025-12-15T14:58:31.000000+0000,2025-12-15T14:55:05.000000+0000,206
2025-12-15T20:24:32.000000+0000,2025-12-15T20:21:06.000000+0000,206
2025-12-18T11:24:31.000000+0000,2025-12-18T11:21:05.000000+0000,206
2025-12-19T23:58:31.000000+0000,2025-12-19T23:55:05.000000+0000,206
2025-12-20T15:44:32.000000+0000,2025-12-20T15:41:06.000000+0000,206
2025-12-24T00:13:32.000000+0000,2025-12-24T00:10:06.000000+0000,206
2025-12-24T05:28:31.000000+0000,2025-12-24T05:25:05.000000+0000,206
2025-12-27T05:23:32.000000+0000,2025-12-27T05:20:06.000000+0000,206
2025-12-30T03:13:32.000000+0000,2025-12-30T03:10:06.000000+0000,206
2025-12-31T01:58:31.000000+0000,2025-12-31T01:55:05.000000+0000,206
2026-01-01T07:44:31.000000+0000,2026-01-01T07:41:05.000000+0000,206
2026-01-02T03:19:31.000000+0000,2026-01-02T03:16:05.000000+0000,206
2026-01-02T18:44:32.000000+0000,2026-01-02T18:41:06.000000+0000,206
2026-01-03T08:43:32.000000+0000,2026-01-03T08:40:06.000000+0000,206
2026-01-04T19:43:31.000000+0000,2026-01-04T19:40:05.000000+0000,206
2026-01-05T13:24:32.000000+0000,2026-01-05T13:21:06.000000+0000,206
2026-01-06T08:38:31.000000+0000,2026-01-06T08:35:05.000000+0000,206
2026-01-06T13:53:32.000000+0000,2026-01-06T13:50:06.000000+0000,206
2026-01-07T03:43:32.000000+0000,2026-01-07T03:40:06.000000+0000,206
2026-01-07T14:24:31.000000+0000,2026-01-07T14:21:05.000000+0000,206
2026-01-08T00:43:32.000000+0000,2026-01-08T00:40:06.000000+0000,206
2026-01-08T14:43:32.000000+0000,2026-01-08T14:40:06.000000+0000,206
2026-01-09T22:24:32.000000+0000,2026-01-09T22:21:06.000000+0000,206
2026-01-10T22:43:32.000000+0000,2026-01-10T22:40:06.000000+0000,206
2026-01-11T21:28:31.000000+0000,2026-01-11T21:25:05.000000+0000,206
2026-01-12T02:53:31.000000+0000,2026-01-12T02:50:05.000000+0000,206
2026-01-12T13:24:32.000000+0000,2026-01-12T13:21:06.000000+0000,206
2026-01-12T17:14:31.000000+0000,2026-01-12T17:11:05.000000+0000,206
2026-01-21T11:43:31.000000+0000,2026-01-21T11:40:05.000000+0000,206
2026-01-25T20:43:31.000000+0000,2026-01-25T20:40:05.000000+0000,206
2026-01-28T11:43:31.000000+0000,2026-01-28T11:40:05.000000+0000,206
2026-01-31T09:53:31.000000+0000,2026-01-31T09:50:05.000000+0000,206
2026-02-02T04:04:31.000000+0000,2026-02-02T04:01:05.000000+0000,206
2026-02-13T12:43:31.000000+0000,2026-02-13T12:40:05.000000+0000,206
2026-03-04T01:03:32.000000+0000,2026-03-04T01:00:06.000000+0000,206
2026-03-24T05:03:32.000000+0000,2026-03-24T05:00:06.000000+0000,206
2026-04-10T11:33:31.000000+0000,2026-04-10T11:30:05.000000+0000,206
2026-04-21T22:18:31.000000+0000,2026-04-21T22:15:05.000000+0000,206
2026-04-22T05:18:31.000000+0000,2026-04-22T05:15:05.000000+0000,206
2026-04-27T09:38:30.000000+0000,2026-04-27T09:35:04.000000+0000,206
2026-04-28T08:23:31.000000+0000,2026-04-28T08:20:05.000000+0000,206
2026-04-28T13:38:30.000000+0000,2026-04-28T13:35:04.000000+0000,206
2026-04-30T05:33:32.000000+0000,2026-04-30T05:30:06.000000+0000,206
2026-05-03T20:53:31.000000+0000,2026-05-03T20:50:05.000000+0000,206
2026-05-05T01:24:02.000000+0000,2026-05-05T01:20:36.000000+0000,206
2026-05-16T01:18:31.000000+0000,2026-05-16T01:15:05.000000+0000,206
2026-05-16T05:08:31.000000+0000,2026-05-16T05:05:05.000000+0000,206
2026-05-17T00:25:00.000000+0000,2026-05-17T00:21:34.000000+0000,206
2026-05-18T06:08:31.000000+0000,2026-05-18T06:05:05.000000+0000,206
2026-05-23T13:33:00.000000+0000,2026-05-23T13:29:34.000000+0000,206
2026-05-28T11:51:31.000000+0000,2026-05-28T11:48:05.000000+0000,206
2026-05-31T14:33:32.000000+0000,2026-05-31T14:30:06.000000+0000,206
2026-06-01T11:33:32.000000+0000,2026-06-01T11:30:06.000000+0000,206
2025-08-24T03:14:02.000000+0000,2025-08-24T03:10:37.000000+0000,205
2025-09-13T20:13:32.000000+0000,2025-09-13T20:10:07.000000+0000,205
2025-09-16T14:44:31.000000+0000,2025-09-16T14:41:06.000000+0000,205
2025-09-25T01:43:32.000000+0000,2025-09-25T01:40:07.000000+0000,205
2025-09-25T08:43:31.000000+0000,2025-09-25T08:40:06.000000+0000,205
2025-09-26T12:43:32.000000+0000,2025-09-26T12:40:07.000000+0000,205
2025-09-29T00:13:32.000000+0000,2025-09-29T00:10:07.000000+0000,205
2025-10-01T08:24:33.000000+0000,2025-10-01T08:21:08.000000+0000,205
2025-10-15T04:44:02.000000+0000,2025-10-15T04:40:37.000000+0000,205
2025-10-17T19:43:31.000000+0000,2025-10-17T19:40:06.000000+0000,205
2025-10-27T07:13:31.000000+0000,2025-10-27T07:10:06.000000+0000,205
2025-10-30T19:13:31.000000+0000,2025-10-30T19:10:06.000000+0000,205
2025-10-31T02:13:31.000000+0000,2025-10-31T02:10:06.000000+0000,205
2025-11-03T10:43:31.000000+0000,2025-11-03T10:40:06.000000+0000,205
2025-11-04T07:43:31.000000+0000,2025-11-04T07:40:06.000000+0000,205
2025-11-04T18:13:32.000000+0000,2025-11-04T18:10:07.000000+0000,205
2025-11-05T08:13:31.000000+0000,2025-11-05T08:10:06.000000+0000,205
2025-11-09T13:53:31.000000+0000,2025-11-09T13:50:06.000000+0000,205
2025-11-11T07:43:31.000000+0000,2025-11-11T07:40:06.000000+0000,205
2025-11-20T20:10:07.000000+0000,2025-11-20T20:06:42.000000+0000,205
2025-11-21T20:49:34.000000+0000,2025-11-21T20:46:09.000000+0000,205
2025-11-22T19:13:32.000000+0000,2025-11-22T19:10:07.000000+0000,205
2025-11-29T21:09:32.000000+0000,2025-11-29T21:06:07.000000+0000,205
2025-11-29T23:58:02.000000+0000,2025-11-29T23:54:37.000000+0000,205
2025-12-04T06:19:30.000000+0000,2025-12-04T06:16:05.000000+0000,205
2025-12-12T04:43:31.000000+0000,2025-12-12T04:40:06.000000+0000,205
2025-12-12T22:13:31.000000+0000,2025-12-12T22:10:06.000000+0000,205
2025-12-14T23:24:31.000000+0000,2025-12-14T23:21:06.000000+0000,205
2025-12-16T17:13:31.000000+0000,2025-12-16T17:10:06.000000+0000,205
2025-12-16T20:53:31.000000+0000,2025-12-16T20:50:06.000000+0000,205
2025-12-17T17:54:31.000000+0000,2025-12-17T17:51:06.000000+0000,205
2025-12-19T01:35:05.000000+0000,2025-12-19T01:31:40.000000+0000,205
2025-12-20T12:24:31.000000+0000,2025-12-20T12:21:06.000000+0000,205
2025-12-20T22:43:31.000000+0000,2025-12-20T22:40:06.000000+0000,205
2025-12-28T02:13:30.000000+0000,2025-12-28T02:10:05.000000+0000,205
2026-01-04T12:43:31.000000+0000,2026-01-04T12:40:06.000000+0000,205
2026-01-05T09:43:31.000000+0000,2026-01-05T09:40:06.000000+0000,205
2026-01-05T20:13:31.000000+0000,2026-01-05T20:10:06.000000+0000,205
2026-01-11T16:13:31.000000+0000,2026-01-11T16:10:06.000000+0000,205
2026-01-11T19:43:31.000000+0000,2026-01-11T19:40:06.000000+0000,205
2026-01-12T11:38:31.000000+0000,2026-01-12T11:35:06.000000+0000,205
2026-01-12T23:43:31.000000+0000,2026-01-12T23:40:06.000000+0000,205
2026-01-22T05:13:30.000000+0000,2026-01-22T05:10:05.000000+0000,205
2026-01-28T01:13:30.000000+0000,2026-01-28T01:10:05.000000+0000,205
2026-01-28T15:23:30.000000+0000,2026-01-28T15:20:05.000000+0000,205
2026-02-12T12:03:31.000000+0000,2026-02-12T12:00:06.000000+0000,205
2026-03-22T11:03:31.000000+0000,2026-03-22T11:00:06.000000+0000,205
2026-04-19T07:18:30.000000+0000,2026-04-19T07:15:05.000000+0000,205
2026-04-24T09:44:01.000000+0000,2026-04-24T09:40:36.000000+0000,205
2026-05-13T21:19:00.000000+0000,2026-05-13T21:15:35.000000+0000,205
2026-05-14T14:39:00.000000+0000,2026-05-14T14:35:35.000000+0000,205
2026-05-18T04:23:31.000000+0000,2026-05-18T04:20:06.000000+0000,205
2026-05-21T21:08:30.000000+0000,2026-05-21T21:05:05.000000+0000,205
2026-05-27T02:03:32.000000+0000,2026-05-27T02:00:07.000000+0000,205
2026-05-27T22:54:02.000000+0000,2026-05-27T22:50:37.000000+0000,205
2026-05-28T02:14:04.000000+0000,2026-05-28T02:10:39.000000+0000,205
2025-06-26T15:44:04.000000+0000,2025-06-26T15:40:40.000000+0000,204
2025-07-02T18:44:04.000000+0000,2025-07-02T18:40:40.000000+0000,204
2025-07-13T20:44:04.000000+0000,2025-07-13T20:40:40.000000+0000,204
2025-07-17T01:44:04.000000+0000,2025-07-17T01:40:40.000000+0000,204
2025-07-20T13:44:04.000000+0000,2025-07-20T13:40:40.000000+0000,204
2025-07-22T14:44:04.000000+0000,2025-07-22T14:40:40.000000+0000,204
2025-07-24T08:44:04.000000+0000,2025-07-24T08:40:40.000000+0000,204
2025-08-11T03:44:04.000000+0000,2025-08-11T03:40:40.000000+0000,204
2025-08-12T21:44:04.000000+0000,2025-08-12T21:40:40.000000+0000,204
2025-08-13T11:44:04.000000+0000,2025-08-13T11:40:40.000000+0000,204
2025-08-16T02:44:04.000000+0000,2025-08-16T02:40:40.000000+0000,204
2025-08-28T15:44:04.000000+0000,2025-08-28T15:40:40.000000+0000,204
2025-09-11T22:43:31.000000+0000,2025-09-11T22:40:07.000000+0000,204
2025-09-12T05:44:32.000000+0000,2025-09-12T05:41:08.000000+0000,204
2025-09-13T06:13:31.000000+0000,2025-09-13T06:10:07.000000+0000,204
2025-09-17T08:13:30.000000+0000,2025-09-17T08:10:06.000000+0000,204
2025-09-20T02:43:31.000000+0000,2025-09-20T02:40:07.000000+0000,204
2025-09-22T07:24:32.000000+0000,2025-09-22T07:21:08.000000+0000,204
2025-09-28T06:43:31.000000+0000,2025-09-28T06:40:07.000000+0000,204
2025-10-02T01:43:31.000000+0000,2025-10-02T01:40:07.000000+0000,204
2025-10-31T16:13:30.000000+0000,2025-10-31T16:10:06.000000+0000,204
2025-11-02T10:13:30.000000+0000,2025-11-02T10:10:06.000000+0000,204
2025-11-06T08:54:31.000000+0000,2025-11-06T08:51:07.000000+0000,204
2025-11-10T21:13:30.000000+0000,2025-11-10T21:10:06.000000+0000,204
2025-11-17T07:13:30.000000+0000,2025-11-17T07:10:06.000000+0000,204
2025-11-21T22:45:06.000000+0000,2025-11-21T22:41:42.000000+0000,204
2025-12-12T15:13:30.000000+0000,2025-12-12T15:10:06.000000+0000,204
2025-12-13T12:13:30.000000+0000,2025-12-13T12:10:06.000000+0000,204
2025-12-16T03:13:30.000000+0000,2025-12-16T03:10:06.000000+0000,204
2025-12-28T09:24:30.000000+0000,2025-12-28T09:21:06.000000+0000,204
2026-01-01T14:43:30.000000+0000,2026-01-01T14:40:06.000000+0000,204
2026-01-03T19:24:31.000000+0000,2026-01-03T19:21:07.000000+0000,204
2026-01-03T22:44:33.000000+0000,2026-01-03T22:41:09.000000+0000,204
2026-01-08T02:19:00.000000+0000,2026-01-08T02:15:36.000000+0000,204
2026-01-09T15:13:30.000000+0000,2026-01-09T15:10:06.000000+0000,204
2026-01-09T18:43:30.000000+0000,2026-01-09T18:40:06.000000+0000,204
2026-01-28T08:24:03.000000+0000,2026-01-28T08:20:39.000000+0000,204
2026-02-01T20:44:02.000000+0000,2026-02-01T20:40:38.000000+0000,204
2026-05-22T20:24:01.000000+0000,2026-05-22T20:20:37.000000+0000,204
2026-05-24T17:54:02.000000+0000,2026-05-24T17:50:38.000000+0000,204
2026-05-31T18:03:31.000000+0000,2026-05-31T18:00:07.000000+0000,204
2025-06-20T12:44:03.000000+0000,2025-06-20T12:40:40.000000+0000,203
2025-06-21T16:44:02.000000+0000,2025-06-21T16:40:39.000000+0000,203
2025-06-23T10:44:03.000000+0000,2025-06-23T10:40:40.000000+0000,203
2025-06-24T07:44:03.000000+0000,2025-06-24T07:40:40.000000+0000,203
2025-07-05T02:44:03.000000+0000,2025-07-05T02:40:40.000000+0000,203
2025-07-06T20:44:03.000000+0000,2025-07-06T20:40:40.000000+0000,203
2025-07-11T12:44:03.000000+0000,2025-07-11T12:40:40.000000+0000,203
2025-07-13T13:44:03.000000+0000,2025-07-13T13:40:40.000000+0000,203
2025-07-26T16:44:03.000000+0000,2025-07-26T16:40:40.000000+0000,203
2025-07-30T18:44:03.000000+0000,2025-07-30T18:40:40.000000+0000,203
2025-08-01T05:44:03.000000+0000,2025-08-01T05:40:40.000000+0000,203
2025-08-02T02:44:03.000000+0000,2025-08-02T02:40:40.000000+0000,203
2025-08-02T09:44:03.000000+0000,2025-08-02T09:40:40.000000+0000,203
2025-08-05T07:44:04.000000+0000,2025-08-05T07:40:41.000000+0000,203
2025-08-05T14:44:03.000000+0000,2025-08-05T14:40:40.000000+0000,203
2025-08-06T18:44:03.000000+0000,2025-08-06T18:40:40.000000+0000,203
2025-08-11T17:44:03.000000+0000,2025-08-11T17:40:40.000000+0000,203
2025-08-13T04:44:03.000000+0000,2025-08-13T04:40:40.000000+0000,203
2025-08-14T22:44:03.000000+0000,2025-08-14T22:40:40.000000+0000,203
2025-08-19T14:44:03.000000+0000,2025-08-19T14:40:40.000000+0000,203
2025-08-21T01:44:03.000000+0000,2025-08-21T01:40:40.000000+0000,203
2025-08-24T13:44:03.000000+0000,2025-08-24T13:40:40.000000+0000,203
2025-08-26T21:44:03.000000+0000,2025-08-26T21:40:40.000000+0000,203
2025-08-27T04:44:04.000000+0000,2025-08-27T04:40:41.000000+0000,203
2025-08-27T18:44:03.000000+0000,2025-08-27T18:40:40.000000+0000,203
2025-08-28T22:44:03.000000+0000,2025-08-28T22:40:40.000000+0000,203
2025-09-03T04:44:03.000000+0000,2025-09-03T04:40:40.000000+0000,203
2025-09-19T19:55:00.000000+0000,2025-09-19T19:51:37.000000+0000,203
2025-09-23T00:43:30.000000+0000,2025-09-23T00:40:07.000000+0000,203
2025-09-26T09:24:04.000000+0000,2025-09-26T09:20:41.000000+0000,203
2025-09-27T09:43:30.000000+0000,2025-09-27T09:40:07.000000+0000,203
2025-09-27T23:43:30.000000+0000,2025-09-27T23:40:07.000000+0000,203
2025-09-29T21:13:30.000000+0000,2025-09-29T21:10:07.000000+0000,203
2025-10-16T01:44:01.000000+0000,2025-10-16T01:40:38.000000+0000,203
2025-11-18T06:09:02.000000+0000,2025-11-18T06:05:39.000000+0000,203
2025-11-20T11:13:01.000000+0000,2025-11-20T11:09:38.000000+0000,203
2025-11-24T23:54:39.000000+0000,2025-11-24T23:51:16.000000+0000,203
2025-11-26T07:24:40.000000+0000,2025-11-26T07:21:17.000000+0000,203
2025-11-26T23:30:56.000000+0000,2025-11-26T23:27:33.000000+0000,203
2025-12-01T02:54:35.000000+0000,2025-12-01T02:51:12.000000+0000,203
2026-01-17T16:44:02.000000+0000,2026-01-17T16:40:39.000000+0000,203
2026-01-17T23:54:00.000000+0000,2026-01-17T23:50:37.000000+0000,203
2026-04-07T16:34:00.000000+0000,2026-04-07T16:30:37.000000+0000,203
2026-05-31T21:44:00.000000+0000,2026-05-31T21:40:37.000000+0000,203
2025-06-23T17:44:02.000000+0000,2025-06-23T17:40:40.000000+0000,202
2025-07-01T14:44:02.000000+0000,2025-07-01T14:40:40.000000+0000,202
2025-07-29T21:44:02.000000+0000,2025-07-29T21:40:40.000000+0000,202
2025-08-07T15:44:02.000000+0000,2025-08-07T15:40:40.000000+0000,202
2025-08-08T05:44:02.000000+0000,2025-08-08T05:40:40.000000+0000,202
2025-08-10T13:44:03.000000+0000,2025-08-10T13:40:41.000000+0000,202
2025-09-02T00:44:03.000000+0000,2025-09-02T00:40:41.000000+0000,202
2025-10-23T22:44:03.000000+0000,2025-10-23T22:40:41.000000+0000,202
2025-11-25T19:20:07.000000+0000,2025-11-25T19:16:45.000000+0000,202
2025-11-27T16:39:33.000000+0000,2025-11-27T16:36:11.000000+0000,202
2026-01-11T07:49:01.000000+0000,2026-01-11T07:45:39.000000+0000,202
2026-01-21T08:24:00.000000+0000,2026-01-21T08:20:38.000000+0000,202
2026-01-22T01:44:01.000000+0000,2026-01-22T01:40:39.000000+0000,202
2026-01-23T02:24:01.000000+0000,2026-01-23T02:20:39.000000+0000,202
2026-01-24T06:24:01.000000+0000,2026-01-24T06:20:39.000000+0000,202
2026-01-27T18:14:00.000000+0000,2026-01-27T18:10:38.000000+0000,202
2026-05-29T02:44:00.000000+0000,2026-05-29T02:40:38.000000+0000,202
2025-07-08T00:44:01.000000+0000,2025-07-08T00:40:40.000000+0000,201
2025-08-25T10:44:02.000000+0000,2025-08-25T10:40:41.000000+0000,201
2025-11-23T09:45:06.000000+0000,2025-11-23T09:41:45.000000+0000,201
2025-11-23T12:54:39.000000+0000,2025-11-23T12:51:18.000000+0000,201
2025-11-26T00:45:07.000000+0000,2025-11-26T00:41:46.000000+0000,201
2026-01-08T07:44:03.000000+0000,2026-01-08T07:40:42.000000+0000,201
2026-01-13T13:54:00.000000+0000,2026-01-13T13:50:39.000000+0000,201
2026-01-23T16:24:01.000000+0000,2026-01-23T16:20:40.000000+0000,201
2026-05-18T11:24:02.000000+0000,2026-05-18T11:20:41.000000+0000,201
2025-07-08T14:44:00.000000+0000,2025-07-08T14:40:40.000000+0000,200
2025-09-18T12:24:04.000000+0000,2025-09-18T12:20:44.000000+0000,200
2025-09-19T23:14:03.000000+0000,2025-09-19T23:10:43.000000+0000,200
2025-10-28T00:44:01.000000+0000,2025-10-28T00:40:41.000000+0000,200
2025-11-22T11:21:55.000000+0000,2025-11-22T11:18:35.000000+0000,200
2025-12-19T04:44:02.000000+0000,2025-12-19T04:40:42.000000+0000,200
2025-12-25T18:24:01.000000+0000,2025-12-25T18:20:41.000000+0000,200
2026-05-27T15:44:01.000000+0000,2026-05-27T15:40:41.000000+0000,200
2025-08-25T17:44:00.000000+0000,2025-08-25T17:40:41.000000+0000,199
2025-09-16T21:44:03.000000+0000,2025-09-16T21:40:44.000000+0000,199
2025-09-18T01:44:02.000000+0000,2025-09-18T01:40:43.000000+0000,199
2025-10-28T07:44:00.000000+0000,2025-10-28T07:40:41.000000+0000,199
2025-11-27T07:54:06.000000+0000,2025-11-27T07:50:47.000000+0000,199
2025-11-28T01:24:35.000000+0000,2025-11-28T01:21:16.000000+0000,199
2025-11-28T17:50:53.000000+0000,2025-11-28T17:47:34.000000+0000,199
2025-11-30T19:54:32.000000+0000,2025-11-30T19:51:13.000000+0000,199
2025-12-14T05:54:00.000000+0000,2025-12-14T05:50:41.000000+0000,199
2026-01-01T11:24:03.000000+0000,2026-01-01T11:20:44.000000+0000,199
2026-02-02T21:04:02.000000+0000,2026-02-02T21:00:43.000000+0000,199
2026-03-16T08:04:03.000000+0000,2026-03-16T08:00:44.000000+0000,199
2025-09-10T18:44:02.000000+0000,2025-09-10T18:40:44.000000+0000,198
2025-09-11T08:44:02.000000+0000,2025-09-11T08:40:44.000000+0000,198
2025-09-14T06:44:02.000000+0000,2025-09-14T06:40:44.000000+0000,198
2025-09-21T13:44:02.000000+0000,2025-09-21T13:40:44.000000+0000,198
2025-10-02T12:24:04.000000+0000,2025-10-02T12:20:46.000000+0000,198
2025-11-16T13:54:01.000000+0000,2025-11-16T13:50:43.000000+0000,198
2025-11-23T02:24:36.000000+0000,2025-11-23T02:21:18.000000+0000,198
2025-12-28T19:44:02.000000+0000,2025-12-28T19:40:44.000000+0000,198
2025-12-31T10:44:02.000000+0000,2025-12-31T10:40:44.000000+0000,198
2026-01-26T00:34:03.000000+0000,2026-01-26T00:30:45.000000+0000,198
2026-02-13T23:04:01.000000+0000,2026-02-13T23:00:43.000000+0000,198
2026-02-14T06:04:02.000000+0000,2026-02-14T06:00:44.000000+0000,198
2026-02-15T17:04:02.000000+0000,2026-02-15T17:00:44.000000+0000,198
2026-03-03T04:04:02.000000+0000,2026-03-03T04:00:44.000000+0000,198
2025-09-11T12:24:02.000000+0000,2025-09-11T12:20:45.000000+0000,197
2025-09-11T15:44:02.000000+0000,2025-09-11T15:40:45.000000+0000,197
2025-09-12T16:24:01.000000+0000,2025-09-12T16:20:44.000000+0000,197
2025-09-16T00:44:02.000000+0000,2025-09-16T00:40:45.000000+0000,197
2025-09-22T03:44:02.000000+0000,2025-09-22T03:40:45.000000+0000,197
2025-09-23T21:44:01.000000+0000,2025-09-23T21:40:44.000000+0000,197
2025-09-27T02:44:02.000000+0000,2025-09-27T02:40:45.000000+0000,197
2025-09-28T20:44:02.000000+0000,2025-09-28T20:40:45.000000+0000,197
2025-11-10T00:24:03.000000+0000,2025-11-10T00:20:46.000000+0000,197
2025-11-18T07:44:03.000000+0000,2025-11-18T07:40:46.000000+0000,197
2025-11-21T14:20:53.000000+0000,2025-11-21T14:17:36.000000+0000,197
2025-12-03T13:21:54.000000+0000,2025-12-03T13:18:37.000000+0000,197
2025-12-16T13:44:01.000000+0000,2025-12-16T13:40:44.000000+0000,197
2025-12-17T14:24:01.000000+0000,2025-12-17T14:20:44.000000+0000,197
2025-12-20T01:44:02.000000+0000,2025-12-20T01:40:45.000000+0000,197
2025-12-22T13:24:02.000000+0000,2025-12-22T13:20:45.000000+0000,197
2025-12-30T15:26:48.000000+0000,2025-12-30T15:23:31.000000+0000,197
2026-01-12T09:44:01.000000+0000,2026-01-12T09:40:44.000000+0000,197
2026-04-05T19:04:00.000000+0000,2026-04-05T19:00:43.000000+0000,197
2026-04-06T16:04:01.000000+0000,2026-04-06T16:00:44.000000+0000,197
2026-04-13T20:04:01.000000+0000,2026-04-13T20:00:44.000000+0000,197
2026-04-20T16:00:48.000000+0000,2026-04-20T15:57:31.000000+0000,197
2025-09-13T09:44:00.000000+0000,2025-09-13T09:40:44.000000+0000,196
2025-10-24T05:32:48.000000+0000,2025-10-24T05:29:32.000000+0000,196
2025-11-06T05:24:02.000000+0000,2025-11-06T05:20:46.000000+0000,196
2025-11-22T22:44:05.000000+0000,2025-11-22T22:40:49.000000+0000,196
2025-12-14T09:24:01.000000+0000,2025-12-14T09:20:45.000000+0000,196
2026-01-25T03:34:01.000000+0000,2026-01-25T03:30:45.000000+0000,196
2026-05-31T07:00:47.000000+0000,2026-05-31T06:57:31.000000+0000,196
2025-10-02T15:44:01.000000+0000,2025-10-02T15:40:46.000000+0000,195
2025-11-29T01:44:05.000000+0000,2025-11-29T01:40:50.000000+0000,195
2025-11-29T09:14:05.000000+0000,2025-11-29T09:10:50.000000+0000,195
2025-12-21T09:24:00.000000+0000,2025-12-21T09:20:45.000000+0000,195
2026-01-13T05:20:47.000000+0000,2026-01-13T05:17:32.000000+0000,195
2026-02-01T17:34:01.000000+0000,2026-02-01T17:30:46.000000+0000,195
2026-04-24T19:00:46.000000+0000,2026-04-24T18:57:31.000000+0000,195
2026-04-30T08:00:47.000000+0000,2026-04-30T07:57:32.000000+0000,195
2025-06-02T20:24:01.000000+0000,2025-06-02T20:20:47.000000+0000,194
2025-09-13T12:20:45.000000+0000,2025-09-13T12:17:31.000000+0000,194
2025-09-25T04:20:45.000000+0000,2025-09-25T04:17:31.000000+0000,194
2025-10-30T22:44:02.000000+0000,2025-10-30T22:40:48.000000+0000,194
2025-11-08T06:24:00.000000+0000,2025-11-08T06:20:46.000000+0000,194
2025-11-10T10:44:00.000000+0000,2025-11-10T10:40:46.000000+0000,194
2025-11-16T03:24:00.000000+0000,2025-11-16T03:20:46.000000+0000,194
2025-11-16T17:44:00.000000+0000,2025-11-16T17:40:46.000000+0000,194
2025-11-18T04:24:00.000000+0000,2025-11-18T04:20:46.000000+0000,194
2025-11-20T14:11:21.000000+0000,2025-11-20T14:08:07.000000+0000,194
2025-11-23T23:24:01.000000+0000,2025-11-23T23:20:47.000000+0000,194
2025-12-24T14:24:00.000000+0000,2025-12-24T14:20:46.000000+0000,194
2026-05-18T00:34:02.000000+0000,2026-05-18T00:30:48.000000+0000,194
2025-09-14T10:34:03.000000+0000,2025-09-14T10:30:50.000000+0000,193
2025-11-17T00:24:00.000000+0000,2025-11-17T00:20:47.000000+0000,193
2025-11-24T09:32:14.000000+0000,2025-11-24T09:29:01.000000+0000,193
2025-12-27T19:24:00.000000+0000,2025-12-27T19:20:47.000000+0000,193
2026-04-29T00:30:43.000000+0000,2026-04-29T00:27:30.000000+0000,193
2026-05-24T11:04:00.000000+0000,2026-05-24T11:00:47.000000+0000,193
2025-06-05T01:05:01.000000+0000,2025-06-05T01:01:49.000000+0000,192
2025-07-23T08:04:04.000000+0000,2025-07-23T08:00:52.000000+0000,192
2025-12-22T06:34:02.000000+0000,2025-12-22T06:30:50.000000+0000,192
2025-08-28T12:04:03.000000+0000,2025-08-28T12:00:52.000000+0000,191
2025-11-19T00:34:05.000000+0000,2025-11-19T00:30:54.000000+0000,191
2025-11-29T05:35:05.000000+0000,2025-11-29T05:31:54.000000+0000,191
2026-04-09T21:00:43.000000+0000,2026-04-09T20:57:32.000000+0000,191
2026-04-13T16:00:44.000000+0000,2026-04-13T15:57:33.000000+0000,191
2026-06-02T14:30:43.000000+0000,2026-06-02T14:27:32.000000+0000,191
2025-11-22T04:21:45.000000+0000,2025-11-22T04:18:35.000000+0000,190
2025-12-04T00:42:43.000000+0000,2025-12-04T00:39:33.000000+0000,190
2025-11-28T09:26:41.000000+0000,2025-11-28T09:23:32.000000+0000,189
2026-04-20T11:30:41.000000+0000,2026-04-20T11:27:32.000000+0000,189
2026-05-29T12:20:40.000000+0000,2026-05-29T12:17:31.000000+0000,189
2025-10-31T19:32:38.000000+0000,2025-10-31T19:29:30.000000+0000,188
2025-11-06T15:32:38.000000+0000,2025-11-06T15:29:30.000000+0000,188
2025-11-12T14:31:09.000000+0000,2025-11-12T14:28:01.000000+0000,188
2025-11-13T15:32:38.000000+0000,2025-11-13T15:29:30.000000+0000,188
2025-11-13T22:32:38.000000+0000,2025-11-13T22:29:30.000000+0000,188
2026-05-05T07:30:41.000000+0000,2026-05-05T07:27:33.000000+0000,188
2026-05-23T16:20:39.000000+0000,2026-05-23T16:17:31.000000+0000,188
2025-11-04T14:32:39.000000+0000,2025-11-04T14:29:32.000000+0000,187
2025-11-30T02:34:05.000000+0000,2025-11-30T02:30:58.000000+0000,187
2025-12-14T12:32:38.000000+0000,2025-12-14T12:29:31.000000+0000,187
2026-03-31T07:30:39.000000+0000,2026-03-31T07:27:32.000000+0000,187
2026-04-20T02:00:07.000000+0000,2026-04-20T01:57:00.000000+0000,187
2025-02-10T10:32:39.000000+0000,2025-02-10T10:29:33.000000+0000,186
2025-11-09T20:02:07.000000+0000,2025-11-09T19:59:01.000000+0000,186
2025-11-14T12:32:37.000000+0000,2025-11-14T12:29:31.000000+0000,186
2025-11-15T09:32:37.000000+0000,2025-11-15T09:29:31.000000+0000,186
2025-11-17T14:02:38.000000+0000,2025-11-17T13:59:32.000000+0000,186
2026-03-30T17:30:39.000000+0000,2026-03-30T17:27:33.000000+0000,186
2026-04-12T05:00:06.000000+0000,2026-04-12T04:57:00.000000+0000,186
2025-05-22T18:45:37.000000+0000,2025-05-22T18:42:32.000000+0000,185
2025-05-23T15:45:37.000000+0000,2025-05-23T15:42:32.000000+0000,185
2025-05-26T03:15:36.000000+0000,2025-05-26T03:12:31.000000+0000,185
2025-09-17T11:31:37.000000+0000,2025-09-17T11:28:32.000000+0000,185
2025-11-03T17:32:35.000000+0000,2025-11-03T17:29:30.000000+0000,185
2025-11-07T06:04:05.000000+0000,2025-11-07T06:01:00.000000+0000,185
2025-11-08T20:12:05.000000+0000,2025-11-08T20:09:00.000000+0000,185
2025-11-09T06:32:37.000000+0000,2025-11-09T06:29:32.000000+0000,185
2025-11-10T17:32:38.000000+0000,2025-11-10T17:29:33.000000+0000,185
2025-11-11T05:06:36.000000+0000,2025-11-11T05:03:31.000000+0000,185
2025-11-19T14:25:05.000000+0000,2025-11-19T14:22:00.000000+0000,185
2025-11-23T12:41:45.000000+0000,2025-11-23T12:38:40.000000+0000,185
2025-12-03T11:04:12.000000+0000,2025-12-03T11:01:07.000000+0000,185
2025-12-10T20:11:05.000000+0000,2025-12-10T20:08:00.000000+0000,185
2025-12-18T00:32:35.000000+0000,2025-12-18T00:29:30.000000+0000,185
2025-12-23T20:02:36.000000+0000,2025-12-23T19:59:31.000000+0000,185
2025-12-25T14:32:35.000000+0000,2025-12-25T14:29:30.000000+0000,185
2026-04-10T21:30:37.000000+0000,2026-04-10T21:27:32.000000+0000,185
2026-04-22T09:40:05.000000+0000,2026-04-22T09:37:00.000000+0000,185
2026-05-07T14:50:37.000000+0000,2026-05-07T14:47:32.000000+0000,185
2026-05-16T22:40:05.000000+0000,2026-05-16T22:37:00.000000+0000,185
2026-05-21T15:20:05.000000+0000,2026-05-21T15:17:00.000000+0000,185
2026-05-31T14:20:37.000000+0000,2026-05-31T14:17:32.000000+0000,185
2025-05-23T19:15:36.000000+0000,2025-05-23T19:12:32.000000+0000,184
2025-05-29T15:04:04.000000+0000,2025-05-29T15:01:00.000000+0000,184
2025-06-03T05:40:08.000000+0000,2025-06-03T05:37:04.000000+0000,184
2025-07-12T02:54:04.000000+0000,2025-07-12T02:51:00.000000+0000,184
2025-09-11T01:31:34.000000+0000,2025-09-11T01:28:30.000000+0000,184
2025-09-12T12:31:37.000000+0000,2025-09-12T12:28:33.000000+0000,184
2025-09-13T23:32:05.000000+0000,2025-09-13T23:29:01.000000+0000,184
2025-09-15T21:35:36.000000+0000,2025-09-15T21:32:32.000000+0000,184
2025-09-16T04:35:36.000000+0000,2025-09-16T04:32:32.000000+0000,184
2025-10-31T05:32:06.000000+0000,2025-10-31T05:29:02.000000+0000,184
2025-11-01T06:12:36.000000+0000,2025-11-01T06:09:32.000000+0000,184
2025-11-02T06:32:05.000000+0000,2025-11-02T06:29:01.000000+0000,184
2025-11-14T02:45:38.000000+0000,2025-11-14T02:42:34.000000+0000,184
2025-11-25T08:40:07.000000+0000,2025-11-25T08:37:03.000000+0000,184
2025-12-01T08:20:07.000000+0000,2025-12-01T08:17:03.000000+0000,184
2025-12-28T23:45:36.000000+0000,2025-12-28T23:42:32.000000+0000,184
2026-01-08T04:25:05.000000+0000,2026-01-08T04:22:01.000000+0000,184
2026-03-13T17:15:04.000000+0000,2026-03-13T17:12:00.000000+0000,184
2026-03-17T08:45:04.000000+0000,2026-03-17T08:42:00.000000+0000,184
2026-03-24T01:10:04.000000+0000,2026-03-24T01:07:00.000000+0000,184
2026-03-29T13:30:05.000000+0000,2026-03-29T13:27:01.000000+0000,184
2026-03-29T23:30:05.000000+0000,2026-03-29T23:27:01.000000+0000,184
2026-04-16T04:02:04.000000+0000,2026-04-16T03:59:00.000000+0000,184
2026-04-17T11:35:05.000000+0000,2026-04-17T11:32:01.000000+0000,184
2026-05-18T13:10:05.000000+0000,2026-05-18T13:07:01.000000+0000,184
2026-05-28T09:11:34.000000+0000,2026-05-28T09:08:30.000000+0000,184
2026-05-30T03:20:05.000000+0000,2026-05-30T03:17:01.000000+0000,184
2026-06-02T01:20:05.000000+0000,2026-06-02T01:17:01.000000+0000,184
2024-04-23T06:50:04.000000+0000,2024-04-23T06:47:01.000000+0000,183
2025-05-22T22:05:04.000000+0000,2025-05-22T22:02:01.000000+0000,183
2025-05-23T05:05:04.000000+0000,2025-05-23T05:02:01.000000+0000,183
2025-05-25T13:15:36.000000+0000,2025-05-25T13:12:33.000000+0000,183
2025-07-19T23:55:04.000000+0000,2025-07-19T23:52:01.000000+0000,183
2025-07-24T22:44:04.000000+0000,2025-07-24T22:41:01.000000+0000,183
2025-08-03T06:44:04.000000+0000,2025-08-03T06:41:01.000000+0000,183
2025-08-04T03:44:04.000000+0000,2025-08-04T03:41:01.000000+0000,183
2025-08-06T11:44:04.000000+0000,2025-08-06T11:41:01.000000+0000,183
2025-08-09T23:44:04.000000+0000,2025-08-09T23:41:01.000000+0000,183
2025-08-18T17:44:04.000000+0000,2025-08-18T17:41:01.000000+0000,183
2025-08-23T16:44:04.000000+0000,2025-08-23T16:41:01.000000+0000,183
2025-08-28T01:44:04.000000+0000,2025-08-28T01:41:01.000000+0000,183
2025-08-31T13:44:04.000000+0000,2025-08-31T13:41:01.000000+0000,183
2025-09-01T10:44:04.000000+0000,2025-09-01T10:41:01.000000+0000,183
2025-09-10T22:22:34.000000+0000,2025-09-10T22:19:31.000000+0000,183
2025-09-16T07:31:36.000000+0000,2025-09-16T07:28:33.000000+0000,183
2025-09-30T21:32:03.000000+0000,2025-09-30T21:29:00.000000+0000,183
2025-10-01T01:12:34.000000+0000,2025-10-01T01:09:31.000000+0000,183
2025-10-03T12:55:03.000000+0000,2025-10-03T12:52:00.000000+0000,183
2025-10-14T21:32:04.000000+0000,2025-10-14T21:29:01.000000+0000,183
2025-10-24T23:12:33.000000+0000,2025-10-24T23:09:30.000000+0000,183
2025-10-30T08:32:06.000000+0000,2025-10-30T08:29:03.000000+0000,183
2025-11-05T22:56:35.000000+0000,2025-11-05T22:53:32.000000+0000,183
2025-11-11T00:32:35.000000+0000,2025-11-11T00:29:32.000000+0000,183
2025-11-13T19:56:35.000000+0000,2025-11-13T19:53:32.000000+0000,183
2025-11-14T16:12:35.000000+0000,2025-11-14T16:09:32.000000+0000,183
2025-11-15T20:11:35.000000+0000,2025-11-15T20:08:32.000000+0000,183
2025-12-11T14:32:34.000000+0000,2025-12-11T14:29:31.000000+0000,183
2025-12-13T01:32:03.000000+0000,2025-12-13T01:29:00.000000+0000,183
2025-12-15T23:32:35.000000+0000,2025-12-15T23:29:32.000000+0000,183
2025-12-19T18:32:34.000000+0000,2025-12-19T18:29:31.000000+0000,183
2025-12-25T20:20:06.000000+0000,2025-12-25T20:17:03.000000+0000,183
2026-01-03T01:32:34.000000+0000,2026-01-03T01:29:31.000000+0000,183
2026-01-21T18:32:33.000000+0000,2026-01-21T18:29:30.000000+0000,183
2026-02-01T03:35:05.000000+0000,2026-02-01T03:32:02.000000+0000,183
2026-02-02T20:51:03.000000+0000,2026-02-02T20:48:00.000000+0000,183
2026-02-06T06:35:04.000000+0000,2026-02-06T06:32:01.000000+0000,183
2026-02-22T03:02:03.000000+0000,2026-02-22T02:59:00.000000+0000,183
2026-03-12T09:10:33.000000+0000,2026-03-12T09:07:30.000000+0000,183
2026-03-13T20:10:33.000000+0000,2026-03-13T20:07:30.000000+0000,183
2026-03-14T03:32:03.000000+0000,2026-03-14T03:29:00.000000+0000,183
2026-03-14T03:45:04.000000+0000,2026-03-14T03:42:01.000000+0000,183
2026-03-14T13:40:34.000000+0000,2026-03-14T13:37:31.000000+0000,183
2026-03-25T20:40:33.000000+0000,2026-03-25T20:37:30.000000+0000,183
2026-04-02T23:10:04.000000+0000,2026-04-02T23:07:01.000000+0000,183
2026-04-05T16:02:33.000000+0000,2026-04-05T15:59:30.000000+0000,183
2026-04-09T12:04:33.000000+0000,2026-04-09T12:01:30.000000+0000,183
2026-04-14T04:15:36.000000+0000,2026-04-14T04:12:33.000000+0000,183
2026-04-16T22:56:03.000000+0000,2026-04-16T22:53:00.000000+0000,183
2026-04-17T00:42:03.000000+0000,2026-04-17T00:39:00.000000+0000,183
2026-04-18T10:07:33.000000+0000,2026-04-18T10:04:30.000000+0000,183
2026-04-24T09:15:05.000000+0000,2026-04-24T09:12:02.000000+0000,183
2026-04-30T05:20:05.000000+0000,2026-04-30T05:17:02.000000+0000,183
2026-05-04T00:42:03.000000+0000,2026-05-04T00:39:00.000000+0000,183
2026-05-05T22:12:03.000000+0000,2026-05-05T22:09:00.000000+0000,183
2026-05-08T20:14:33.000000+0000,2026-05-08T20:11:30.000000+0000,183
2026-05-16T06:32:34.000000+0000,2026-05-16T06:29:31.000000+0000,183
2026-05-20T09:14:03.000000+0000,2026-05-20T09:11:00.000000+0000,183
2026-05-26T18:20:04.000000+0000,2026-05-26T18:17:01.000000+0000,183
2026-05-26T20:15:35.000000+0000,2026-05-26T20:12:32.000000+0000,183
2026-05-26T22:14:05.000000+0000,2026-05-26T22:11:02.000000+0000,183
2026-05-28T05:20:04.000000+0000,2026-05-28T05:17:01.000000+0000,183
2026-05-29T09:50:04.000000+0000,2026-05-29T09:47:01.000000+0000,183
2026-05-31T17:50:35.000000+0000,2026-05-31T17:47:32.000000+0000,183
2026-06-01T07:50:04.000000+0000,2026-06-01T07:47:01.000000+0000,183
2026-06-01T11:20:04.000000+0000,2026-06-01T11:17:01.000000+0000,183
2025-02-10T10:40:35.000000+0000,2025-02-10T10:37:33.000000+0000,182
2025-05-11T08:55:02.000000+0000,2025-05-11T08:52:00.000000+0000,182
2025-05-16T15:05:33.000000+0000,2025-05-16T15:02:31.000000+0000,182
2025-05-21T21:56:02.000000+0000,2025-05-21T21:53:00.000000+0000,182
2025-05-25T02:44:03.000000+0000,2025-05-25T02:41:01.000000+0000,182
2025-05-25T23:56:02.000000+0000,2025-05-25T23:53:00.000000+0000,182
2025-06-02T10:25:39.000000+0000,2025-06-02T10:22:37.000000+0000,182
2025-06-10T10:55:35.000000+0000,2025-06-10T10:52:33.000000+0000,182
2025-06-12T12:06:03.000000+0000,2025-06-12T12:03:01.000000+0000,182
2025-06-14T20:06:03.000000+0000,2025-06-14T20:03:01.000000+0000,182
2025-07-23T18:44:03.000000+0000,2025-07-23T18:41:01.000000+0000,182
2025-07-31T15:44:03.000000+0000,2025-07-31T15:41:01.000000+0000,182
2025-08-05T21:44:03.000000+0000,2025-08-05T21:41:01.000000+0000,182
2025-08-08T19:54:33.000000+0000,2025-08-08T19:51:31.000000+0000,182
2025-08-10T06:44:03.000000+0000,2025-08-10T06:41:01.000000+0000,182
2025-08-16T09:44:03.000000+0000,2025-08-16T09:41:01.000000+0000,182
2025-08-18T03:44:03.000000+0000,2025-08-18T03:41:01.000000+0000,182
2025-08-20T04:44:03.000000+0000,2025-08-20T04:41:01.000000+0000,182
2025-08-21T22:44:03.000000+0000,2025-08-21T22:41:01.000000+0000,182
2025-08-26T00:44:03.000000+0000,2025-08-26T00:41:01.000000+0000,182
2025-08-26T09:07:32.000000+0000,2025-08-26T09:04:30.000000+0000,182
2025-08-29T12:44:03.000000+0000,2025-08-29T12:41:01.000000+0000,182
2025-08-30T16:44:04.000000+0000,2025-08-30T16:41:02.000000+0000,182
2025-09-01T03:44:03.000000+0000,2025-09-01T03:41:01.000000+0000,182
2025-09-03T11:44:04.000000+0000,2025-09-03T11:41:02.000000+0000,182
2025-09-16T14:31:33.000000+0000,2025-09-16T14:28:31.000000+0000,182
2025-09-17T21:11:04.000000+0000,2025-09-17T21:08:02.000000+0000,182
2025-09-19T19:42:03.000000+0000,2025-09-19T19:39:01.000000+0000,182
2025-09-23T11:22:32.000000+0000,2025-09-23T11:19:30.000000+0000,182
2025-10-13T03:42:02.000000+0000,2025-10-13T03:39:00.000000+0000,182
2025-10-14T15:05:33.000000+0000,2025-10-14T15:02:31.000000+0000,182
2025-10-18T16:32:02.000000+0000,2025-10-18T16:29:00.000000+0000,182
2025-10-22T11:32:33.000000+0000,2025-10-22T11:29:31.000000+0000,182
2025-10-23T15:32:33.000000+0000,2025-10-23T15:29:31.000000+0000,182
2025-10-25T20:14:33.000000+0000,2025-10-25T20:11:31.000000+0000,182
2025-10-28T14:44:03.000000+0000,2025-10-28T14:41:01.000000+0000,182
2025-11-02T20:12:03.000000+0000,2025-11-02T20:09:01.000000+0000,182
2025-11-03T07:56:33.000000+0000,2025-11-03T07:53:31.000000+0000,182
2025-11-08T20:25:05.000000+0000,2025-11-08T20:22:03.000000+0000,182
2025-11-09T03:56:32.000000+0000,2025-11-09T03:53:30.000000+0000,182
2025-11-17T12:17:02.000000+0000,2025-11-17T12:14:00.000000+0000,182
2025-11-19T07:55:34.000000+0000,2025-11-19T07:52:32.000000+0000,182
2025-11-22T08:43:09.000000+0000,2025-11-22T08:40:07.000000+0000,182
2025-11-26T15:26:06.000000+0000,2025-11-26T15:23:04.000000+0000,182
2025-11-26T19:17:05.000000+0000,2025-11-26T19:14:03.000000+0000,182
2025-11-30T17:58:03.000000+0000,2025-11-30T17:55:01.000000+0000,182
2025-12-15T16:32:32.000000+0000,2025-12-15T16:29:30.000000+0000,182
2025-12-16T07:26:32.000000+0000,2025-12-16T07:23:30.000000+0000,182
2025-12-17T00:12:32.000000+0000,2025-12-17T00:09:30.000000+0000,182
2025-12-30T10:22:32.000000+0000,2025-12-30T10:19:30.000000+0000,182
2026-01-01T04:35:36.000000+0000,2026-01-01T04:32:34.000000+0000,182
2026-01-04T05:32:34.000000+0000,2026-01-04T05:29:32.000000+0000,182
2026-01-05T06:25:05.000000+0000,2026-01-05T06:22:03.000000+0000,182
2026-01-05T21:58:03.000000+0000,2026-01-05T21:55:01.000000+0000,182
2026-01-07T00:25:05.000000+0000,2026-01-07T00:22:03.000000+0000,182
2026-01-13T05:07:33.000000+0000,2026-01-13T05:04:31.000000+0000,182
2026-01-20T18:22:02.000000+0000,2026-01-20T18:19:00.000000+0000,182
2026-01-29T01:44:33.000000+0000,2026-01-29T01:41:31.000000+0000,182
2026-01-29T15:32:02.000000+0000,2026-01-29T15:29:00.000000+0000,182
2026-01-30T16:25:03.000000+0000,2026-01-30T16:22:01.000000+0000,182
2026-02-01T06:54:33.000000+0000,2026-02-01T06:51:31.000000+0000,182
2026-02-09T10:32:33.000000+0000,2026-02-09T10:29:31.000000+0000,182
2026-03-07T01:26:02.000000+0000,2026-03-07T01:23:00.000000+0000,182
2026-03-07T10:11:32.000000+0000,2026-03-07T10:08:30.000000+0000,182
2026-03-08T22:56:33.000000+0000,2026-03-08T22:53:31.000000+0000,182
2026-03-09T09:14:32.000000+0000,2026-03-09T09:11:30.000000+0000,182
2026-03-10T20:26:02.000000+0000,2026-03-10T20:23:00.000000+0000,182
2026-03-10T20:39:02.000000+0000,2026-03-10T20:36:00.000000+0000,182
2026-03-12T20:04:33.000000+0000,2026-03-12T20:01:31.000000+0000,182
2026-03-14T22:39:02.000000+0000,2026-03-14T22:36:00.000000+0000,182
2026-03-19T06:44:03.000000+0000,2026-03-19T06:41:01.000000+0000,182
2026-03-21T15:47:32.000000+0000,2026-03-21T15:44:30.000000+0000,182
2026-03-21T19:09:03.000000+0000,2026-03-21T19:06:01.000000+0000,182
2026-03-23T22:02:32.000000+0000,2026-03-23T21:59:30.000000+0000,182
2026-03-28T04:14:33.000000+0000,2026-03-28T04:11:31.000000+0000,182
2026-04-02T10:42:03.000000+0000,2026-04-02T10:39:01.000000+0000,182
2026-04-03T06:38:33.000000+0000,2026-04-03T06:35:31.000000+0000,182
2026-04-07T16:20:34.000000+0000,2026-04-07T16:17:32.000000+0000,182
2026-04-09T19:39:33.000000+0000,2026-04-09T19:36:31.000000+0000,182
2026-04-10T12:56:02.000000+0000,2026-04-10T12:53:00.000000+0000,182
2026-04-11T12:57:33.000000+0000,2026-04-11T12:54:31.000000+0000,182
2026-04-13T21:15:04.000000+0000,2026-04-13T21:12:02.000000+0000,182
2026-04-14T23:42:02.000000+0000,2026-04-14T23:39:00.000000+0000,182
2026-04-15T06:54:03.000000+0000,2026-04-15T06:51:01.000000+0000,182
2026-04-15T22:16:02.000000+0000,2026-04-15T22:13:00.000000+0000,182
2026-04-16T04:15:05.000000+0000,2026-04-16T04:12:03.000000+0000,182
2026-04-16T14:12:02.000000+0000,2026-04-16T14:09:00.000000+0000,182
2026-04-17T09:15:05.000000+0000,2026-04-17T09:12:03.000000+0000,182
2026-04-18T18:42:02.000000+0000,2026-04-18T18:39:00.000000+0000,182
2026-04-19T12:12:02.000000+0000,2026-04-19T12:09:00.000000+0000,182
2026-04-20T17:56:02.000000+0000,2026-04-20T17:53:00.000000+0000,182
2026-04-22T08:37:33.000000+0000,2026-04-22T08:34:31.000000+0000,182
2026-04-22T22:16:02.000000+0000,2026-04-22T22:13:00.000000+0000,182
2026-04-23T14:56:02.000000+0000,2026-04-23T14:53:00.000000+0000,182
2026-04-27T12:56:32.000000+0000,2026-04-27T12:53:30.000000+0000,182
2026-04-29T23:55:33.000000+0000,2026-04-29T23:52:31.000000+0000,182
2026-04-30T00:08:33.000000+0000,2026-04-30T00:05:31.000000+0000,182
2026-05-02T10:12:02.000000+0000,2026-05-02T10:09:00.000000+0000,182
2026-05-03T23:41:33.000000+0000,2026-05-03T23:38:31.000000+0000,182
2026-05-05T15:35:32.000000+0000,2026-05-05T15:32:30.000000+0000,182
2026-05-06T02:56:03.000000+0000,2026-05-06T02:53:01.000000+0000,182
2026-05-06T09:24:02.000000+0000,2026-05-06T09:21:00.000000+0000,182
2026-05-07T02:12:02.000000+0000,2026-05-07T02:09:00.000000+0000,182
2026-05-07T05:32:02.000000+0000,2026-05-07T05:29:00.000000+0000,182
2026-05-07T12:32:32.000000+0000,2026-05-07T12:29:30.000000+0000,182
2026-05-07T23:12:02.000000+0000,2026-05-07T23:09:00.000000+0000,182
2026-05-15T20:12:03.000000+0000,2026-05-15T20:09:01.000000+0000,182
2026-05-16T10:12:03.000000+0000,2026-05-16T10:09:01.000000+0000,182
2026-05-20T11:19:33.000000+0000,2026-05-20T11:16:31.000000+0000,182
2026-05-24T01:35:36.000000+0000,2026-05-24T01:32:34.000000+0000,182
2026-05-26T15:14:04.000000+0000,2026-05-26T15:11:02.000000+0000,182
2026-05-28T19:20:04.000000+0000,2026-05-28T19:17:02.000000+0000,182
2026-05-31T10:50:04.000000+0000,2026-05-31T10:47:02.000000+0000,182
2026-06-01T09:14:04.000000+0000,2026-06-01T09:11:02.000000+0000,182
2026-06-02T14:17:32.000000+0000,2026-06-02T14:14:30.000000+0000,182
2025-05-18T15:54:33.000000+0000,2025-05-18T15:51:32.000000+0000,181
2025-05-19T12:02:04.000000+0000,2025-05-19T11:59:03.000000+0000,181
2025-05-21T14:45:03.000000+0000,2025-05-21T14:42:02.000000+0000,181
2025-05-25T20:05:04.000000+0000,2025-05-25T20:02:03.000000+0000,181
2025-05-26T17:05:02.000000+0000,2025-05-26T17:02:01.000000+0000,181
2025-05-27T17:34:33.000000+0000,2025-05-27T17:31:32.000000+0000,181
2025-06-01T16:45:07.000000+0000,2025-06-01T16:42:06.000000+0000,181
2025-06-09T13:35:04.000000+0000,2025-06-09T13:32:03.000000+0000,181
2025-06-14T06:06:03.000000+0000,2025-06-14T06:03:02.000000+0000,181
2025-06-15T10:05:33.000000+0000,2025-06-15T10:02:32.000000+0000,181
2025-06-30T10:44:02.000000+0000,2025-06-30T10:41:01.000000+0000,181
2025-07-07T07:34:32.000000+0000,2025-07-07T07:31:31.000000+0000,181
2025-07-07T17:42:33.000000+0000,2025-07-07T17:39:32.000000+0000,181
2025-07-09T04:42:33.000000+0000,2025-07-09T04:39:32.000000+0000,181
2025-07-09T12:36:04.000000+0000,2025-07-09T12:33:03.000000+0000,181
2025-07-12T09:42:33.000000+0000,2025-07-12T09:39:32.000000+0000,181
2025-07-13T06:55:01.000000+0000,2025-07-13T06:52:00.000000+0000,181
2025-07-18T05:44:03.000000+0000,2025-07-18T05:41:02.000000+0000,181
2025-07-21T01:27:03.000000+0000,2025-07-21T01:24:02.000000+0000,181
2025-07-25T05:44:03.000000+0000,2025-07-25T05:41:02.000000+0000,181
2025-07-29T07:44:03.000000+0000,2025-07-29T07:41:02.000000+0000,181
2025-07-30T11:44:03.000000+0000,2025-07-30T11:41:02.000000+0000,181
2025-07-31T22:44:03.000000+0000,2025-07-31T22:41:02.000000+0000,181
2025-08-01T12:55:01.000000+0000,2025-08-01T12:52:00.000000+0000,181
2025-08-01T19:55:02.000000+0000,2025-08-01T19:52:01.000000+0000,181
2025-08-09T09:44:02.000000+0000,2025-08-09T09:41:01.000000+0000,181
2025-08-11T10:54:33.000000+0000,2025-08-11T10:51:32.000000+0000,181
2025-08-12T07:44:02.000000+0000,2025-08-12T07:41:01.000000+0000,181
2025-08-14T15:44:03.000000+0000,2025-08-14T15:41:02.000000+0000,181
2025-08-16T23:44:04.000000+0000,2025-08-16T23:41:03.000000+0000,181
2025-08-17T13:44:03.000000+0000,2025-08-17T13:41:02.000000+0000,181
2025-08-20T11:44:04.000000+0000,2025-08-20T11:41:03.000000+0000,181
2025-08-20T18:44:03.000000+0000,2025-08-20T18:41:02.000000+0000,181
2025-08-23T02:44:03.000000+0000,2025-08-23T02:41:02.000000+0000,181
2025-08-26T07:44:04.000000+0000,2025-08-26T07:41:03.000000+0000,181
2025-08-27T11:44:03.000000+0000,2025-08-27T11:41:02.000000+0000,181
2025-08-28T06:27:33.000000+0000,2025-08-28T06:24:32.000000+0000,181
2025-08-30T23:44:03.000000+0000,2025-08-30T23:41:02.000000+0000,181
2025-09-01T10:31:32.000000+0000,2025-09-01T10:28:31.000000+0000,181
2025-09-01T17:44:03.000000+0000,2025-09-01T17:41:02.000000+0000,181
2025-09-10T22:35:34.000000+0000,2025-09-10T22:32:33.000000+0000,181
2025-09-14T20:32:33.000000+0000,2025-09-14T20:29:32.000000+0000,181
2025-09-15T14:22:32.000000+0000,2025-09-15T14:19:31.000000+0000,181
2025-09-15T14:35:33.000000+0000,2025-09-15T14:32:32.000000+0000,181
2025-09-15T21:22:33.000000+0000,2025-09-15T21:19:32.000000+0000,181
2025-09-17T04:32:03.000000+0000,2025-09-17T04:29:02.000000+0000,181
2025-09-25T15:42:32.000000+0000,2025-09-25T15:39:31.000000+0000,181
2025-09-26T16:12:32.000000+0000,2025-09-26T16:09:31.000000+0000,181
2025-10-03T12:42:02.000000+0000,2025-10-03T12:39:01.000000+0000,181
2025-10-11T16:32:33.000000+0000,2025-10-11T16:29:32.000000+0000,181
2025-10-12T06:32:32.000000+0000,2025-10-12T06:29:31.000000+0000,181
2025-10-14T14:52:33.000000+0000,2025-10-14T14:49:32.000000+0000,181
2025-10-15T13:27:31.000000+0000,2025-10-15T13:24:30.000000+0000,181
2025-10-16T15:31:32.000000+0000,2025-10-16T15:28:31.000000+0000,181
2025-10-16T22:32:02.000000+0000,2025-10-16T22:29:01.000000+0000,181
2025-10-22T18:44:02.000000+0000,2025-10-22T18:41:01.000000+0000,181
2025-10-25T16:32:33.000000+0000,2025-10-25T16:29:32.000000+0000,181
2025-10-25T20:01:34.000000+0000,2025-10-25T19:58:33.000000+0000,181
2025-10-26T20:44:02.000000+0000,2025-10-26T20:41:01.000000+0000,181
2025-10-30T01:32:32.000000+0000,2025-10-30T01:29:31.000000+0000,181
2025-11-04T09:17:01.000000+0000,2025-11-04T09:14:00.000000+0000,181
2025-11-12T01:12:33.000000+0000,2025-11-12T01:09:32.000000+0000,181
2025-11-14T21:17:01.000000+0000,2025-11-14T21:14:00.000000+0000,181
2025-11-15T16:32:33.000000+0000,2025-11-15T16:29:32.000000+0000,181
2025-11-23T04:20:08.000000+0000,2025-11-23T04:17:07.000000+0000,181
2025-11-23T07:26:37.000000+0000,2025-11-23T07:23:36.000000+0000,181
2025-11-28T16:06:39.000000+0000,2025-11-28T16:03:38.000000+0000,181
2025-11-29T12:13:08.000000+0000,2025-11-29T12:10:07.000000+0000,181
2025-12-11T03:32:32.000000+0000,2025-12-11T03:29:31.000000+0000,181
2025-12-14T19:32:31.000000+0000,2025-12-14T19:29:30.000000+0000,181
2025-12-16T01:17:32.000000+0000,2025-12-16T01:14:31.000000+0000,181
2025-12-19T13:59:32.000000+0000,2025-12-19T13:56:31.000000+0000,181
2025-12-24T03:32:33.000000+0000,2025-12-24T03:29:32.000000+0000,181
2025-12-24T11:26:32.000000+0000,2025-12-24T11:23:31.000000+0000,181
2025-12-29T02:42:32.000000+0000,2025-12-29T02:39:31.000000+0000,181
2025-12-30T10:35:35.000000+0000,2025-12-30T10:32:34.000000+0000,181
2026-01-02T15:25:05.000000+0000,2026-01-02T15:22:04.000000+0000,181
2026-01-04T09:24:34.000000+0000,2026-01-04T09:21:33.000000+0000,181
2026-01-07T00:12:01.000000+0000,2026-01-07T00:09:00.000000+0000,181
2026-01-13T01:37:33.000000+0000,2026-01-13T01:34:32.000000+0000,181
2026-01-16T06:02:32.000000+0000,2026-01-16T05:59:31.000000+0000,181
2026-01-17T01:09:32.000000+0000,2026-01-17T01:06:31.000000+0000,181
2026-01-24T16:32:02.000000+0000,2026-01-24T16:29:01.000000+0000,181
2026-01-24T16:44:31.000000+0000,2026-01-24T16:41:30.000000+0000,181
2026-01-26T14:35:32.000000+0000,2026-01-26T14:32:31.000000+0000,181
2026-01-26T17:32:32.000000+0000,2026-01-26T17:29:31.000000+0000,181
2026-02-01T13:55:01.000000+0000,2026-02-01T13:52:00.000000+0000,181
2026-02-05T02:14:01.000000+0000,2026-02-05T02:11:00.000000+0000,181
2026-02-13T05:52:02.000000+0000,2026-02-13T05:49:01.000000+0000,181
2026-02-13T22:50:33.000000+0000,2026-02-13T22:47:32.000000+0000,181
2026-02-14T05:50:33.000000+0000,2026-02-14T05:47:32.000000+0000,181
2026-02-14T17:05:31.000000+0000,2026-02-14T17:02:30.000000+0000,181
2026-02-15T03:12:32.000000+0000,2026-02-15T03:09:31.000000+0000,181
2026-02-15T16:50:33.000000+0000,2026-02-15T16:47:32.000000+0000,181
2026-02-16T00:02:32.000000+0000,2026-02-15T23:59:31.000000+0000,181
2026-02-21T23:44:32.000000+0000,2026-02-21T23:41:31.000000+0000,181
2026-02-23T17:32:01.000000+0000,2026-02-23T17:29:00.000000+0000,181
2026-02-24T21:31:02.000000+0000,2026-02-24T21:28:01.000000+0000,181
2026-02-25T01:46:01.000000+0000,2026-02-25T01:43:00.000000+0000,181
2026-02-25T11:32:02.000000+0000,2026-02-25T11:29:01.000000+0000,181
2026-02-27T09:11:33.000000+0000,2026-02-27T09:08:32.000000+0000,181
2026-03-02T07:35:32.000000+0000,2026-03-02T07:32:31.000000+0000,181
2026-03-05T23:02:31.000000+0000,2026-03-05T22:59:30.000000+0000,181
2026-03-07T01:39:01.000000+0000,2026-03-07T01:36:00.000000+0000,181
2026-03-08T03:29:33.000000+0000,2026-03-08T03:26:32.000000+0000,181
2026-03-08T19:27:01.000000+0000,2026-03-08T19:24:00.000000+0000,181
2026-03-10T06:39:02.000000+0000,2026-03-10T06:36:01.000000+0000,181
2026-03-11T05:22:02.000000+0000,2026-03-11T05:19:01.000000+0000,181
2026-03-13T17:02:02.000000+0000,2026-03-13T16:59:01.000000+0000,181
2026-03-14T20:52:01.000000+0000,2026-03-14T20:49:00.000000+0000,181
2026-03-14T22:26:02.000000+0000,2026-03-14T22:23:01.000000+0000,181
2026-03-15T07:10:33.000000+0000,2026-03-15T07:07:32.000000+0000,181
2026-03-17T03:19:32.000000+0000,2026-03-17T03:16:31.000000+0000,181
2026-03-17T08:32:01.000000+0000,2026-03-17T08:29:00.000000+0000,181
2026-03-18T00:48:33.000000+0000,2026-03-18T00:45:32.000000+0000,181
2026-03-18T03:25:32.000000+0000,2026-03-18T03:22:31.000000+0000,181
2026-03-19T06:57:01.000000+0000,2026-03-19T06:54:00.000000+0000,181
2026-03-19T14:49:32.000000+0000,2026-03-19T14:46:31.000000+0000,181
2026-03-19T19:52:33.000000+0000,2026-03-19T19:49:32.000000+0000,181
2026-03-20T01:09:01.000000+0000,2026-03-20T01:06:00.000000+0000,181
2026-03-20T10:02:33.000000+0000,2026-03-20T09:59:32.000000+0000,181
2026-03-20T19:19:01.000000+0000,2026-03-20T19:16:00.000000+0000,181
2026-03-21T18:56:01.000000+0000,2026-03-21T18:53:00.000000+0000,181
2026-03-24T03:07:33.000000+0000,2026-03-24T03:04:32.000000+0000,181
2026-03-24T11:27:01.000000+0000,2026-03-24T11:24:00.000000+0000,181
2026-03-26T09:17:33.000000+0000,2026-03-26T09:14:32.000000+0000,181
2026-03-28T18:27:01.000000+0000,2026-03-28T18:24:00.000000+0000,181
2026-03-30T02:58:02.000000+0000,2026-03-30T02:55:01.000000+0000,181
2026-03-30T10:29:32.000000+0000,2026-03-30T10:26:31.000000+0000,181
2026-04-02T16:38:32.000000+0000,2026-04-02T16:35:31.000000+0000,181
2026-04-04T10:18:32.000000+0000,2026-04-04T10:15:31.000000+0000,181
2026-04-05T04:52:01.000000+0000,2026-04-05T04:49:00.000000+0000,181
2026-04-05T14:19:01.000000+0000,2026-04-05T14:16:00.000000+0000,181
2026-04-05T18:50:33.000000+0000,2026-04-05T18:47:32.000000+0000,181
2026-04-05T20:59:33.000000+0000,2026-04-05T20:56:32.000000+0000,181
2026-04-07T01:38:32.000000+0000,2026-04-07T01:35:31.000000+0000,181
2026-04-07T22:38:32.000000+0000,2026-04-07T22:35:31.000000+0000,181
2026-04-09T22:56:01.000000+0000,2026-04-09T22:53:00.000000+0000,181
2026-04-10T05:46:33.000000+0000,2026-04-10T05:43:32.000000+0000,181
2026-04-10T16:04:32.000000+0000,2026-04-10T16:01:31.000000+0000,181
2026-04-11T06:04:33.000000+0000,2026-04-11T06:01:32.000000+0000,181
2026-04-12T16:57:33.000000+0000,2026-04-12T16:54:32.000000+0000,181
2026-04-13T00:04:33.000000+0000,2026-04-13T00:01:32.000000+0000,181
2026-04-15T11:56:02.000000+0000,2026-04-15T11:53:01.000000+0000,181
2026-04-16T00:12:32.000000+0000,2026-04-16T00:09:31.000000+0000,181
2026-04-16T10:32:01.000000+0000,2026-04-16T10:29:00.000000+0000,181
2026-04-16T17:42:02.000000+0000,2026-04-16T17:39:01.000000+0000,181
2026-04-17T05:06:31.000000+0000,2026-04-17T05:03:30.000000+0000,181
2026-04-17T07:42:02.000000+0000,2026-04-17T07:39:01.000000+0000,181
2026-04-18T20:16:01.000000+0000,2026-04-18T20:13:00.000000+0000,181
2026-04-18T22:12:02.000000+0000,2026-04-18T22:09:01.000000+0000,181
2026-04-19T14:06:02.000000+0000,2026-04-19T14:03:01.000000+0000,181
2026-04-22T01:16:01.000000+0000,2026-04-22T01:13:00.000000+0000,181
2026-04-24T02:38:01.000000+0000,2026-04-24T02:35:00.000000+0000,181
2026-04-24T06:59:33.000000+0000,2026-04-24T06:56:32.000000+0000,181
2026-04-24T18:47:33.000000+0000,2026-04-24T18:44:32.000000+0000,181
2026-04-26T09:38:33.000000+0000,2026-04-26T09:35:32.000000+0000,181
2026-04-30T03:46:01.000000+0000,2026-04-30T03:43:00.000000+0000,181
2026-04-30T07:47:32.000000+0000,2026-04-30T07:44:31.000000+0000,181
2026-05-04T10:19:33.000000+0000,2026-05-04T10:16:32.000000+0000,181
2026-05-04T14:52:01.000000+0000,2026-05-04T14:49:00.000000+0000,181
2026-05-05T09:25:32.000000+0000,2026-05-05T09:22:31.000000+0000,181
2026-05-05T09:38:33.000000+0000,2026-05-05T09:35:32.000000+0000,181
2026-05-06T12:11:32.000000+0000,2026-05-06T12:08:31.000000+0000,181
2026-05-07T16:12:02.000000+0000,2026-05-07T16:09:01.000000+0000,181
2026-05-08T21:26:01.000000+0000,2026-05-08T21:23:00.000000+0000,181
2026-05-09T20:31:32.000000+0000,2026-05-09T20:28:31.000000+0000,181
2026-05-10T21:32:33.000000+0000,2026-05-10T21:29:32.000000+0000,181
2026-05-12T07:22:01.000000+0000,2026-05-12T07:19:00.000000+0000,181
2026-05-13T12:12:01.000000+0000,2026-05-13T12:09:00.000000+0000,181
2026-05-13T17:38:01.000000+0000,2026-05-13T17:35:00.000000+0000,181
2026-05-14T07:17:32.000000+0000,2026-05-14T07:14:31.000000+0000,181
2026-05-17T17:32:01.000000+0000,2026-05-17T17:29:00.000000+0000,181
2026-05-18T01:55:32.000000+0000,2026-05-18T01:52:31.000000+0000,181
2026-05-18T02:08:32.000000+0000,2026-05-18T02:05:31.000000+0000,181
2026-05-18T23:58:01.000000+0000,2026-05-18T23:55:00.000000+0000,181
2026-05-19T04:42:31.000000+0000,2026-05-19T04:39:30.000000+0000,181
2026-05-20T07:38:32.000000+0000,2026-05-20T07:35:31.000000+0000,181
2026-05-21T02:12:32.000000+0000,2026-05-21T02:09:31.000000+0000,181
2026-05-22T01:52:01.000000+0000,2026-05-22T01:49:00.000000+0000,181
2026-05-24T15:36:02.000000+0000,2026-05-24T15:33:01.000000+0000,181
2026-05-25T23:05:31.000000+0000,2026-05-25T23:02:30.000000+0000,181
2026-05-27T13:36:02.000000+0000,2026-05-27T13:33:01.000000+0000,181
2026-05-27T13:49:02.000000+0000,2026-05-27T13:46:01.000000+0000,181
2026-05-27T21:06:31.000000+0000,2026-05-27T21:03:30.000000+0000,181
2026-05-28T20:56:32.000000+0000,2026-05-28T20:53:31.000000+0000,181
2026-05-29T23:51:31.000000+0000,2026-05-29T23:48:30.000000+0000,181
2026-05-30T09:59:01.000000+0000,2026-05-30T09:56:00.000000+0000,181
2026-05-31T09:27:31.000000+0000,2026-05-31T09:24:30.000000+0000,181
2026-05-31T19:14:01.000000+0000,2026-05-31T19:11:00.000000+0000,181
2025-05-15T10:54:32.000000+0000,2025-05-15T10:51:32.000000+0000,180
2025-05-21T18:05:01.000000+0000,2025-05-21T18:02:01.000000+0000,180
2025-05-23T01:55:32.000000+0000,2025-05-23T01:52:32.000000+0000,180
2025-05-24T12:34:02.000000+0000,2025-05-24T12:31:02.000000+0000,180
2025-05-28T07:44:03.000000+0000,2025-05-28T07:41:03.000000+0000,180
2025-06-05T02:59:33.000000+0000,2025-06-05T02:56:33.000000+0000,180
2025-06-10T07:36:33.000000+0000,2025-06-10T07:33:33.000000+0000,180
2025-06-13T02:05:32.000000+0000,2025-06-13T02:02:32.000000+0000,180
2025-06-21T09:55:01.000000+0000,2025-06-21T09:52:01.000000+0000,180
2025-06-24T00:55:04.000000+0000,2025-06-24T00:52:04.000000+0000,180
2025-06-30T17:42:31.000000+0000,2025-06-30T17:39:31.000000+0000,180
2025-07-10T01:44:03.000000+0000,2025-07-10T01:41:03.000000+0000,180
2025-07-17T15:42:32.000000+0000,2025-07-17T15:39:32.000000+0000,180
2025-07-22T00:55:01.000000+0000,2025-07-22T00:52:01.000000+0000,180
2025-07-26T23:42:33.000000+0000,2025-07-26T23:39:33.000000+0000,180
2025-07-27T13:44:01.000000+0000,2025-07-27T13:41:01.000000+0000,180
2025-08-02T16:42:32.000000+0000,2025-08-02T16:39:32.000000+0000,180
2025-08-09T16:54:33.000000+0000,2025-08-09T16:51:33.000000+0000,180
2025-08-12T14:44:03.000000+0000,2025-08-12T14:41:03.000000+0000,180
2025-08-13T18:44:02.000000+0000,2025-08-13T18:41:02.000000+0000,180
2025-08-15T19:42:33.000000+0000,2025-08-15T19:39:33.000000+0000,180
2025-08-19T07:44:02.000000+0000,2025-08-19T07:41:02.000000+0000,180
2025-08-21T15:44:03.000000+0000,2025-08-21T15:41:03.000000+0000,180
2025-08-23T23:44:01.000000+0000,2025-08-23T23:41:01.000000+0000,180
2025-08-26T11:24:32.000000+0000,2025-08-26T11:21:32.000000+0000,180
2025-08-29T19:44:02.000000+0000,2025-08-29T19:41:02.000000+0000,180
2025-08-30T16:31:32.000000+0000,2025-08-30T16:28:32.000000+0000,180
2025-09-01T03:31:32.000000+0000,2025-09-01T03:28:32.000000+0000,180
2025-09-03T11:31:32.000000+0000,2025-09-03T11:28:32.000000+0000,180
2025-09-11T05:35:04.000000+0000,2025-09-11T05:32:04.000000+0000,180
2025-09-13T16:31:33.000000+0000,2025-09-13T16:28:33.000000+0000,180
2025-09-15T17:32:32.000000+0000,2025-09-15T17:29:32.000000+0000,180
2025-09-16T04:22:32.000000+0000,2025-09-16T04:19:32.000000+0000,180
2025-09-17T11:44:33.000000+0000,2025-09-17T11:41:33.000000+0000,180
2025-09-19T05:42:31.000000+0000,2025-09-19T05:39:31.000000+0000,180
2025-09-20T23:32:32.000000+0000,2025-09-20T23:29:32.000000+0000,180
2025-09-21T10:35:32.000000+0000,2025-09-21T10:32:32.000000+0000,180
2025-09-23T14:32:01.000000+0000,2025-09-23T14:29:01.000000+0000,180
2025-09-24T01:24:32.000000+0000,2025-09-24T01:21:32.000000+0000,180
2025-09-26T02:12:32.000000+0000,2025-09-26T02:09:32.000000+0000,180
2025-09-26T19:42:32.000000+0000,2025-09-26T19:39:32.000000+0000,180
2025-09-29T07:24:33.000000+0000,2025-09-29T07:21:33.000000+0000,180
2025-10-01T04:42:32.000000+0000,2025-10-01T04:39:32.000000+0000,180
2025-10-13T10:32:02.000000+0000,2025-10-13T10:29:02.000000+0000,180
2025-10-14T07:32:03.000000+0000,2025-10-14T07:29:03.000000+0000,180
2025-10-15T19:05:32.000000+0000,2025-10-15T19:02:32.000000+0000,180
2025-10-16T15:44:31.000000+0000,2025-10-16T15:41:31.000000+0000,180
2025-10-19T06:31:31.000000+0000,2025-10-19T06:28:31.000000+0000,180
2025-10-19T13:32:02.000000+0000,2025-10-19T13:29:02.000000+0000,180
2025-10-21T07:32:32.000000+0000,2025-10-21T07:29:32.000000+0000,180
2025-10-21T14:55:03.000000+0000,2025-10-21T14:52:03.000000+0000,180
2025-10-22T04:44:02.000000+0000,2025-10-22T04:41:02.000000+0000,180
2025-10-23T01:44:03.000000+0000,2025-10-23T01:41:03.000000+0000,180
2025-10-23T08:32:03.000000+0000,2025-10-23T08:29:03.000000+0000,180
2025-10-26T06:32:04.000000+0000,2025-10-26T06:29:04.000000+0000,180
2025-10-26T13:32:32.000000+0000,2025-10-26T13:29:32.000000+0000,180
2025-10-27T10:44:03.000000+0000,2025-10-27T10:41:03.000000+0000,180
2025-10-27T17:31:33.000000+0000,2025-10-27T17:28:33.000000+0000,180
2025-10-29T04:32:33.000000+0000,2025-10-29T04:29:33.000000+0000,180
2025-11-01T11:17:00.000000+0000,2025-11-01T11:14:00.000000+0000,180
2025-11-03T19:17:02.000000+0000,2025-11-03T19:14:02.000000+0000,180
2025-11-05T06:26:32.000000+0000,2025-11-05T06:23:32.000000+0000,180
2025-11-10T03:55:05.000000+0000,2025-11-10T03:52:05.000000+0000,180
2025-11-13T03:37:01.000000+0000,2025-11-13T03:34:01.000000+0000,180
2025-11-14T19:44:02.000000+0000,2025-11-14T19:41:02.000000+0000,180
2025-11-15T13:11:32.000000+0000,2025-11-15T13:08:32.000000+0000,180
2025-11-16T10:11:32.000000+0000,2025-11-16T10:08:32.000000+0000,180
2025-11-16T17:56:32.000000+0000,2025-11-16T17:53:32.000000+0000,180
2025-11-18T02:17:00.000000+0000,2025-11-18T02:14:00.000000+0000,180
2025-11-20T09:26:32.000000+0000,2025-11-20T09:23:32.000000+0000,180
2025-11-23T11:31:03.000000+0000,2025-11-23T11:28:03.000000+0000,180
2025-12-04T20:52:02.000000+0000,2025-12-04T20:49:02.000000+0000,180
2025-12-09T18:57:31.000000+0000,2025-12-09T18:54:31.000000+0000,180
2025-12-18T22:26:32.000000+0000,2025-12-18T22:23:32.000000+0000,180
2025-12-20T19:22:32.000000+0000,2025-12-20T19:19:32.000000+0000,180
2025-12-24T07:56:32.000000+0000,2025-12-24T07:53:32.000000+0000,180
2025-12-25T20:07:32.000000+0000,2025-12-25T20:04:32.000000+0000,180
2025-12-26T04:42:31.000000+0000,2025-12-26T04:39:31.000000+0000,180
2025-12-28T05:44:03.000000+0000,2025-12-28T05:41:03.000000+0000,180
2025-12-30T00:26:31.000000+0000,2025-12-30T00:23:31.000000+0000,180
2025-12-31T05:37:01.000000+0000,2025-12-31T05:34:01.000000+0000,180
2026-01-01T04:22:32.000000+0000,2026-01-01T04:19:32.000000+0000,180
2026-01-04T02:12:31.000000+0000,2026-01-04T02:09:31.000000+0000,180
2026-01-04T03:56:32.000000+0000,2026-01-04T03:53:32.000000+0000,180
2026-01-04T14:37:00.000000+0000,2026-01-04T14:34:00.000000+0000,180
2026-01-05T04:26:32.000000+0000,2026-01-05T04:23:32.000000+0000,180
2026-01-05T11:26:32.000000+0000,2026-01-05T11:23:32.000000+0000,180
2026-01-08T21:32:32.000000+0000,2026-01-08T21:29:32.000000+0000,180
2026-01-11T23:12:02.000000+0000,2026-01-11T23:09:02.000000+0000,180
2026-01-11T23:25:01.000000+0000,2026-01-11T23:22:01.000000+0000,180
2026-01-14T15:14:32.000000+0000,2026-01-14T15:11:32.000000+0000,180
2026-01-16T12:44:31.000000+0000,2026-01-16T12:41:31.000000+0000,180
2026-01-22T12:32:33.000000+0000,2026-01-22T12:29:33.000000+0000,180
2026-01-23T05:32:31.000000+0000,2026-01-23T05:29:31.000000+0000,180
2026-01-29T17:16:31.000000+0000,2026-01-29T17:13:31.000000+0000,180
2026-01-31T06:24:32.000000+0000,2026-01-31T06:21:32.000000+0000,180
2026-02-02T07:12:01.000000+0000,2026-02-02T07:09:01.000000+0000,180
2026-02-03T04:25:01.000000+0000,2026-02-03T04:22:01.000000+0000,180
2026-02-04T01:14:31.000000+0000,2026-02-04T01:11:31.000000+0000,180
2026-02-08T18:35:33.000000+0000,2026-02-08T18:32:33.000000+0000,180
2026-02-12T17:16:32.000000+0000,2026-02-12T17:13:32.000000+0000,180
2026-02-12T17:29:32.000000+0000,2026-02-12T17:26:32.000000+0000,180
2026-02-13T16:02:31.000000+0000,2026-02-13T15:59:31.000000+0000,180
2026-02-18T07:51:00.000000+0000,2026-02-18T07:48:00.000000+0000,180
2026-02-18T08:04:03.000000+0000,2026-02-18T08:01:03.000000+0000,180
2026-02-18T09:25:01.000000+0000,2026-02-18T09:22:01.000000+0000,180
2026-02-19T22:55:02.000000+0000,2026-02-19T22:52:02.000000+0000,180
2026-02-20T05:42:31.000000+0000,2026-02-20T05:39:31.000000+0000,180
2026-02-20T05:55:01.000000+0000,2026-02-20T05:52:01.000000+0000,180
2026-02-24T04:12:01.000000+0000,2026-02-24T04:09:01.000000+0000,180
2026-03-03T00:32:01.000000+0000,2026-03-03T00:29:01.000000+0000,180
2026-03-04T04:31:02.000000+0000,2026-03-04T04:28:02.000000+0000,180
2026-03-04T18:52:33.000000+0000,2026-03-04T18:49:33.000000+0000,180
2026-03-10T09:56:32.000000+0000,2026-03-10T09:53:32.000000+0000,180
2026-03-11T10:26:32.000000+0000,2026-03-11T10:23:32.000000+0000,180
2026-03-11T17:26:33.000000+0000,2026-03-11T17:23:33.000000+0000,180
2026-03-12T22:59:33.000000+0000,2026-03-12T22:56:33.000000+0000,180
2026-03-13T23:53:33.000000+0000,2026-03-13T23:50:33.000000+0000,180
2026-03-14T17:11:32.000000+0000,2026-03-14T17:08:32.000000+0000,180
2026-03-15T12:25:31.000000+0000,2026-03-15T12:22:31.000000+0000,180
2026-03-15T14:43:33.000000+0000,2026-03-15T14:40:33.000000+0000,180
2026-03-19T22:59:32.000000+0000,2026-03-19T22:56:32.000000+0000,180
2026-03-20T00:56:00.000000+0000,2026-03-20T00:53:00.000000+0000,180
2026-03-21T13:41:01.000000+0000,2026-03-21T13:38:01.000000+0000,180
2026-03-21T17:10:33.000000+0000,2026-03-21T17:07:33.000000+0000,180
2026-03-23T02:25:01.000000+0000,2026-03-23T02:22:01.000000+0000,180
2026-03-23T07:53:33.000000+0000,2026-03-23T07:50:33.000000+0000,180
2026-03-25T01:58:01.000000+0000,2026-03-25T01:55:01.000000+0000,180
2026-03-25T06:29:33.000000+0000,2026-03-25T06:26:33.000000+0000,180
2026-03-25T08:48:32.000000+0000,2026-03-25T08:45:32.000000+0000,180
2026-03-26T03:29:32.000000+0000,2026-03-26T03:26:32.000000+0000,180
2026-03-26T17:29:32.000000+0000,2026-03-26T17:26:32.000000+0000,180
2026-03-27T17:55:32.000000+0000,2026-03-27T17:52:32.000000+0000,180
2026-03-29T06:41:01.000000+0000,2026-03-29T06:38:01.000000+0000,180
2026-03-29T06:54:01.000000+0000,2026-03-29T06:51:01.000000+0000,180
2026-03-29T11:55:32.000000+0000,2026-03-29T11:52:32.000000+0000,180
2026-03-29T15:14:32.000000+0000,2026-03-29T15:11:32.000000+0000,180
2026-03-31T04:24:00.000000+0000,2026-03-31T04:21:00.000000+0000,180
2026-03-31T14:52:31.000000+0000,2026-03-31T14:49:31.000000+0000,180
2026-04-02T02:07:00.000000+0000,2026-04-02T02:04:00.000000+0000,180
2026-04-02T10:55:00.000000+0000,2026-04-02T10:52:00.000000+0000,180
2026-04-04T12:02:33.000000+0000,2026-04-04T11:59:33.000000+0000,180
2026-04-05T11:50:33.000000+0000,2026-04-05T11:47:33.000000+0000,180
2026-04-06T02:02:01.000000+0000,2026-04-06T01:59:01.000000+0000,180
2026-04-06T10:26:01.000000+0000,2026-04-06T10:23:01.000000+0000,180
2026-04-06T15:50:33.000000+0000,2026-04-06T15:47:33.000000+0000,180
2026-04-07T05:39:32.000000+0000,2026-04-07T05:36:32.000000+0000,180
2026-04-07T09:31:32.000000+0000,2026-04-07T09:28:32.000000+0000,180
2026-04-07T18:58:01.000000+0000,2026-04-07T18:55:01.000000+0000,180
2026-04-09T05:29:00.000000+0000,2026-04-09T05:26:00.000000+0000,180
2026-04-10T09:15:31.000000+0000,2026-04-10T09:12:31.000000+0000,180
2026-04-11T20:16:01.000000+0000,2026-04-11T20:13:01.000000+0000,180
2026-04-11T20:29:00.000000+0000,2026-04-11T20:26:00.000000+0000,180
2026-04-11T22:11:32.000000+0000,2026-04-11T22:08:32.000000+0000,180
2026-04-12T20:25:32.000000+0000,2026-04-12T20:22:32.000000+0000,180
2026-04-13T13:44:32.000000+0000,2026-04-13T13:41:32.000000+0000,180
2026-04-13T13:57:33.000000+0000,2026-04-13T13:54:33.000000+0000,180
2026-04-14T11:04:32.000000+0000,2026-04-14T11:01:32.000000+0000,180
2026-04-14T14:47:00.000000+0000,2026-04-14T14:44:00.000000+0000,180
2026-04-15T17:12:33.000000+0000,2026-04-15T17:09:33.000000+0000,180
2026-04-16T14:24:30.000000+0000,2026-04-16T14:21:30.000000+0000,180
2026-04-17T07:54:30.000000+0000,2026-04-17T07:51:30.000000+0000,180
2026-04-18T20:29:00.000000+0000,2026-04-18T20:26:00.000000+0000,180
2026-04-20T00:04:31.000000+0000,2026-04-20T00:01:31.000000+0000,180
2026-04-20T07:57:02.000000+0000,2026-04-20T07:54:02.000000+0000,180
2026-04-21T07:25:32.000000+0000,2026-04-21T07:22:32.000000+0000,180
2026-04-21T16:41:02.000000+0000,2026-04-21T16:38:02.000000+0000,180
2026-04-25T10:25:00.000000+0000,2026-04-25T10:22:00.000000+0000,180
2026-04-26T12:58:01.000000+0000,2026-04-26T12:55:01.000000+0000,180
2026-04-28T15:22:00.000000+0000,2026-04-28T15:19:00.000000+0000,180
2026-04-29T04:08:31.000000+0000,2026-04-29T04:05:31.000000+0000,180
2026-04-30T15:19:00.000000+0000,2026-04-30T15:16:00.000000+0000,180
2026-04-30T17:14:02.000000+0000,2026-04-30T17:11:02.000000+0000,180
2026-05-01T23:44:33.000000+0000,2026-05-01T23:41:33.000000+0000,180
2026-05-02T10:25:00.000000+0000,2026-05-02T10:22:00.000000+0000,180
2026-05-04T00:55:00.000000+0000,2026-05-04T00:52:00.000000+0000,180
2026-05-05T13:27:31.000000+0000,2026-05-05T13:24:31.000000+0000,180
2026-05-05T22:25:00.000000+0000,2026-05-05T22:22:00.000000+0000,180
2026-05-06T09:37:01.000000+0000,2026-05-06T09:34:01.000000+0000,180
2026-05-06T22:32:00.000000+0000,2026-05-06T22:29:00.000000+0000,180
2026-05-07T16:25:00.000000+0000,2026-05-07T16:22:00.000000+0000,180
2026-05-08T09:32:33.000000+0000,2026-05-08T09:29:33.000000+0000,180
2026-05-11T00:42:01.000000+0000,2026-05-11T00:39:01.000000+0000,180
2026-05-11T00:55:00.000000+0000,2026-05-11T00:52:00.000000+0000,180
2026-05-14T02:12:33.000000+0000,2026-05-14T02:09:33.000000+0000,180
2026-05-16T03:32:31.000000+0000,2026-05-16T03:29:31.000000+0000,180
2026-05-16T13:32:32.000000+0000,2026-05-16T13:29:32.000000+0000,180
2026-05-16T16:19:32.000000+0000,2026-05-16T16:16:32.000000+0000,180
2026-05-17T07:12:00.000000+0000,2026-05-17T07:09:00.000000+0000,180
2026-05-17T10:32:00.000000+0000,2026-05-17T10:29:00.000000+0000,180
2026-05-19T04:55:00.000000+0000,2026-05-19T04:52:00.000000+0000,180
2026-05-20T01:11:32.000000+0000,2026-05-20T01:08:32.000000+0000,180
2026-05-21T00:08:31.000000+0000,2026-05-21T00:05:31.000000+0000,180
2026-05-21T13:45:32.000000+0000,2026-05-21T13:42:32.000000+0000,180
2026-05-21T20:55:32.000000+0000,2026-05-21T20:52:32.000000+0000,180
2026-05-23T03:32:00.000000+0000,2026-05-23T03:29:00.000000+0000,180
2026-05-24T15:49:01.000000+0000,2026-05-24T15:46:01.000000+0000,180
2026-05-24T19:05:31.000000+0000,2026-05-24T19:02:31.000000+0000,180
2026-05-25T05:25:32.000000+0000,2026-05-25T05:22:32.000000+0000,180
2026-05-25T05:38:31.000000+0000,2026-05-25T05:35:31.000000+0000,180
2026-05-25T12:38:31.000000+0000,2026-05-25T12:35:31.000000+0000,180
2026-05-25T20:08:32.000000+0000,2026-05-25T20:05:32.000000+0000,180
2026-05-26T10:08:31.000000+0000,2026-05-26T10:05:31.000000+0000,180
2026-05-26T16:56:01.000000+0000,2026-05-26T16:53:01.000000+0000,180
2026-05-27T00:18:04.000000+0000,2026-05-27T00:15:04.000000+0000,180
2026-05-27T08:32:32.000000+0000,2026-05-27T08:29:32.000000+0000,180
2026-05-28T00:16:34.000000+0000,2026-05-28T00:13:34.000000+0000,180
2026-05-28T00:29:30.000000+0000,2026-05-28T00:26:30.000000+0000,180
2026-05-29T12:07:32.000000+0000,2026-05-29T12:04:32.000000+0000,180
2026-05-31T04:02:02.000000+0000,2026-05-31T03:59:02.000000+0000,180
2026-05-31T12:47:32.000000+0000,2026-05-31T12:44:32.000000+0000,180
2026-05-31T16:29:31.000000+0000,2026-05-31T16:26:31.000000+0000,180
2026-06-01T23:26:32.000000+0000,2026-06-01T23:23:32.000000+0000,180
2026-06-02T09:58:00.000000+0000,2026-06-02T09:55:00.000000+0000,180
2026-06-02T22:21:31.000000+0000,2026-06-02T22:18:31.000000+0000,180
2025-05-13T23:54:01.000000+0000,2025-05-13T23:51:02.000000+0000,179
2025-05-22T01:25:32.000000+0000,2025-05-22T01:22:33.000000+0000,179
2025-05-22T08:14:02.000000+0000,2025-05-22T08:11:03.000000+0000,179
2025-05-24T19:45:02.000000+0000,2025-05-24T19:42:03.000000+0000,179
2025-05-27T10:35:01.000000+0000,2025-05-27T10:32:02.000000+0000,179
2025-05-29T04:44:32.000000+0000,2025-05-29T04:41:33.000000+0000,179
2025-06-03T17:34:32.000000+0000,2025-06-03T17:31:33.000000+0000,179
2025-06-12T19:05:01.000000+0000,2025-06-12T19:02:02.000000+0000,179
2025-06-15T17:06:01.000000+0000,2025-06-15T17:03:02.000000+0000,179
2025-06-16T06:45:02.000000+0000,2025-06-16T06:42:03.000000+0000,179
2025-06-20T19:55:01.000000+0000,2025-06-20T19:52:02.000000+0000,179
2025-06-26T08:55:00.000000+0000,2025-06-26T08:52:01.000000+0000,179
2025-07-11T19:42:32.000000+0000,2025-07-11T19:39:33.000000+0000,179
2025-07-19T02:54:02.000000+0000,2025-07-19T02:51:03.000000+0000,179
2025-07-21T03:42:32.000000+0000,2025-07-21T03:39:33.000000+0000,179
2025-08-12T00:55:01.000000+0000,2025-08-12T00:52:02.000000+0000,179
2025-08-15T19:55:01.000000+0000,2025-08-15T19:52:02.000000+0000,179
2025-08-25T03:44:02.000000+0000,2025-08-25T03:41:03.000000+0000,179
2025-08-26T13:19:31.000000+0000,2025-08-26T13:16:32.000000+0000,179
2025-08-29T12:31:32.000000+0000,2025-08-29T12:28:33.000000+0000,179
2025-08-29T19:31:32.000000+0000,2025-08-29T19:28:33.000000+0000,179
2025-08-30T09:31:32.000000+0000,2025-08-30T09:28:33.000000+0000,179
2025-09-19T12:44:32.000000+0000,2025-09-19T12:41:33.000000+0000,179
2025-09-22T10:44:03.000000+0000,2025-09-22T10:41:04.000000+0000,179
2025-09-23T11:35:06.000000+0000,2025-09-23T11:32:07.000000+0000,179
2025-09-24T12:26:31.000000+0000,2025-09-24T12:23:32.000000+0000,179
2025-09-27T06:12:01.000000+0000,2025-09-27T06:09:02.000000+0000,179
2025-09-27T06:25:01.000000+0000,2025-09-27T06:22:02.000000+0000,179
2025-10-01T15:24:33.000000+0000,2025-10-01T15:21:34.000000+0000,179
2025-10-02T08:43:06.000000+0000,2025-10-02T08:40:07.000000+0000,179
2025-10-09T02:47:32.000000+0000,2025-10-09T02:44:33.000000+0000,179
2025-10-15T18:52:30.000000+0000,2025-10-15T18:49:31.000000+0000,179
2025-10-16T08:32:01.000000+0000,2025-10-16T08:29:02.000000+0000,179
2025-10-20T14:02:02.000000+0000,2025-10-20T13:59:03.000000+0000,179
2025-10-20T21:01:32.000000+0000,2025-10-20T20:58:33.000000+0000,179
2025-10-23T01:31:32.000000+0000,2025-10-23T01:28:33.000000+0000,179
2025-10-29T11:32:31.000000+0000,2025-10-29T11:29:32.000000+0000,179
2025-10-31T13:26:32.000000+0000,2025-10-31T13:23:33.000000+0000,179
2025-11-08T11:17:03.000000+0000,2025-11-08T11:14:04.000000+0000,179
2025-11-11T16:17:01.000000+0000,2025-11-11T16:14:02.000000+0000,179
2025-11-18T22:26:31.000000+0000,2025-11-18T22:23:32.000000+0000,179
2025-11-20T23:26:38.000000+0000,2025-11-20T23:23:39.000000+0000,179
2025-11-23T11:18:05.000000+0000,2025-11-23T11:15:06.000000+0000,179
2025-11-24T21:47:04.000000+0000,2025-11-24T21:44:05.000000+0000,179
2025-11-26T02:18:05.000000+0000,2025-11-26T02:15:06.000000+0000,179
2025-11-27T23:48:39.000000+0000,2025-11-27T23:45:40.000000+0000,179
2025-11-28T03:18:05.000000+0000,2025-11-28T03:15:06.000000+0000,179
2025-11-29T20:56:33.000000+0000,2025-11-29T20:53:34.000000+0000,179
2025-11-30T23:33:09.000000+0000,2025-11-30T23:30:10.000000+0000,179
2025-12-02T05:18:05.000000+0000,2025-12-02T05:15:06.000000+0000,179
2025-12-12T02:07:01.000000+0000,2025-12-12T02:04:02.000000+0000,179
2025-12-24T17:42:01.000000+0000,2025-12-24T17:39:02.000000+0000,179
2025-12-26T15:22:32.000000+0000,2025-12-26T15:19:33.000000+0000,179
2025-12-27T12:24:32.000000+0000,2025-12-27T12:21:33.000000+0000,179
2025-12-30T17:12:00.000000+0000,2025-12-30T17:09:01.000000+0000,179
2025-12-31T12:37:02.000000+0000,2025-12-31T12:34:03.000000+0000,179
2026-01-01T16:26:31.000000+0000,2026-01-01T16:23:32.000000+0000,179
2026-01-03T12:12:31.000000+0000,2026-01-03T12:09:32.000000+0000,179
2026-01-08T18:25:01.000000+0000,2026-01-08T18:22:02.000000+0000,179
2026-01-09T12:14:04.000000+0000,2026-01-09T12:11:05.000000+0000,179
2026-01-10T19:12:01.000000+0000,2026-01-10T19:09:02.000000+0000,179
2026-01-15T07:38:31.000000+0000,2026-01-15T07:35:32.000000+0000,179
2026-01-23T11:29:00.000000+0000,2026-01-23T11:26:01.000000+0000,179
2026-02-02T07:25:01.000000+0000,2026-02-02T07:22:02.000000+0000,179
2026-02-05T14:07:01.000000+0000,2026-02-05T14:04:02.000000+0000,179
2026-02-06T02:11:31.000000+0000,2026-02-06T02:08:32.000000+0000,179
2026-02-08T03:24:01.000000+0000,2026-02-08T03:21:02.000000+0000,179
2026-02-10T14:32:32.000000+0000,2026-02-10T14:29:33.000000+0000,179
2026-02-11T04:31:00.000000+0000,2026-02-11T04:28:01.000000+0000,179
2026-02-11T20:26:32.000000+0000,2026-02-11T20:23:33.000000+0000,179
2026-02-13T02:02:31.000000+0000,2026-02-13T01:59:32.000000+0000,179
2026-02-17T00:55:00.000000+0000,2026-02-17T00:52:01.000000+0000,179
2026-02-19T22:42:00.000000+0000,2026-02-19T22:39:01.000000+0000,179
2026-02-23T03:41:32.000000+0000,2026-02-23T03:38:33.000000+0000,179
2026-02-24T04:25:01.000000+0000,2026-02-24T04:22:02.000000+0000,179
2026-02-28T16:44:32.000000+0000,2026-02-28T16:41:33.000000+0000,179
2026-03-02T03:42:31.000000+0000,2026-03-02T03:39:32.000000+0000,179
2026-03-06T15:07:01.000000+0000,2026-03-06T15:04:02.000000+0000,179
2026-03-08T05:26:31.000000+0000,2026-03-08T05:23:32.000000+0000,179
2026-03-11T00:07:00.000000+0000,2026-03-11T00:04:01.000000+0000,179
2026-03-12T17:55:31.000000+0000,2026-03-12T17:52:32.000000+0000,179
2026-03-12T19:51:32.000000+0000,2026-03-12T19:48:33.000000+0000,179
2026-03-13T03:11:31.000000+0000,2026-03-13T03:08:32.000000+0000,179
2026-03-13T10:12:00.000000+0000,2026-03-13T10:09:01.000000+0000,179
2026-03-13T21:55:30.000000+0000,2026-03-13T21:52:31.000000+0000,179
2026-03-14T08:25:01.000000+0000,2026-03-14T08:22:02.000000+0000,179
2026-03-14T18:55:30.000000+0000,2026-03-14T18:52:31.000000+0000,179
2026-03-15T00:42:00.000000+0000,2026-03-15T00:39:01.000000+0000,179
2026-03-15T19:25:01.000000+0000,2026-03-15T19:22:02.000000+0000,179
2026-03-17T01:23:33.000000+0000,2026-03-17T01:20:34.000000+0000,179
2026-03-17T22:42:01.000000+0000,2026-03-17T22:39:02.000000+0000,179
2026-03-18T01:01:32.000000+0000,2026-03-18T00:58:33.000000+0000,179
2026-03-20T07:25:00.000000+0000,2026-03-20T07:22:01.000000+0000,179
2026-03-20T14:56:31.000000+0000,2026-03-20T14:53:32.000000+0000,179
2026-03-21T11:55:30.000000+0000,2026-03-21T11:52:31.000000+0000,179
2026-03-21T13:54:00.000000+0000,2026-03-21T13:51:01.000000+0000,179
2026-03-22T07:12:00.000000+0000,2026-03-22T07:09:01.000000+0000,179
2026-03-22T08:55:01.000000+0000,2026-03-22T08:52:02.000000+0000,179
2026-03-22T21:31:32.000000+0000,2026-03-22T21:28:33.000000+0000,179
2026-03-23T14:21:32.000000+0000,2026-03-23T14:18:33.000000+0000,179
2026-03-23T16:36:00.000000+0000,2026-03-23T16:33:01.000000+0000,179
2026-03-24T18:25:01.000000+0000,2026-03-24T18:22:02.000000+0000,179
2026-03-25T04:13:32.000000+0000,2026-03-25T04:10:33.000000+0000,179
2026-03-25T11:55:01.000000+0000,2026-03-25T11:52:02.000000+0000,179
2026-03-26T10:29:32.000000+0000,2026-03-26T10:26:33.000000+0000,179
2026-03-27T10:55:30.000000+0000,2026-03-27T10:52:31.000000+0000,179
2026-03-29T09:59:31.000000+0000,2026-03-29T09:56:32.000000+0000,179
2026-03-31T04:11:00.000000+0000,2026-03-31T04:08:01.000000+0000,179
2026-04-01T11:29:32.000000+0000,2026-04-01T11:26:33.000000+0000,179
2026-04-02T22:57:02.000000+0000,2026-04-02T22:54:03.000000+0000,179
2026-04-03T09:58:00.000000+0000,2026-04-03T09:55:01.000000+0000,179
2026-04-04T00:51:32.000000+0000,2026-04-04T00:48:33.000000+0000,179
2026-04-04T13:48:03.000000+0000,2026-04-04T13:45:04.000000+0000,179
2026-04-04T17:28:00.000000+0000,2026-04-04T17:25:01.000000+0000,179
2026-04-07T09:44:31.000000+0000,2026-04-07T09:41:32.000000+0000,179
2026-04-09T02:16:32.000000+0000,2026-04-09T02:13:33.000000+0000,179
2026-04-09T05:16:00.000000+0000,2026-04-09T05:13:01.000000+0000,179
2026-04-10T19:45:31.000000+0000,2026-04-10T19:42:32.000000+0000,179
2026-04-11T12:44:31.000000+0000,2026-04-11T12:41:32.000000+0000,179
2026-04-13T17:47:00.000000+0000,2026-04-13T17:44:01.000000+0000,179
2026-04-15T08:29:00.000000+0000,2026-04-15T08:26:01.000000+0000,179
2026-04-15T13:42:31.000000+0000,2026-04-15T13:39:32.000000+0000,179
2026-04-16T15:34:31.000000+0000,2026-04-16T15:31:32.000000+0000,179
2026-04-18T14:29:00.000000+0000,2026-04-18T14:26:01.000000+0000,179
2026-04-20T10:06:32.000000+0000,2026-04-20T10:03:33.000000+0000,179
2026-04-21T01:59:01.000000+0000,2026-04-21T01:56:02.000000+0000,179
2026-04-21T18:28:00.000000+0000,2026-04-21T18:25:01.000000+0000,179
2026-04-22T01:29:00.000000+0000,2026-04-22T01:26:01.000000+0000,179
2026-04-22T22:29:01.000000+0000,2026-04-22T22:26:02.000000+0000,179
2026-04-23T22:06:31.000000+0000,2026-04-23T22:03:32.000000+0000,179
2026-04-25T15:47:00.000000+0000,2026-04-25T15:44:01.000000+0000,179
2026-04-29T00:17:30.000000+0000,2026-04-29T00:14:31.000000+0000,179
2026-05-02T01:28:31.000000+0000,2026-05-02T01:25:32.000000+0000,179
2026-05-02T19:49:32.000000+0000,2026-05-02T19:46:33.000000+0000,179
2026-05-03T23:28:32.000000+0000,2026-05-03T23:25:33.000000+0000,179
2026-05-07T02:25:01.000000+0000,2026-05-07T02:22:02.000000+0000,179
2026-05-07T06:45:31.000000+0000,2026-05-07T06:42:32.000000+0000,179
2026-05-07T09:32:31.000000+0000,2026-05-07T09:29:32.000000+0000,179
2026-05-07T14:37:32.000000+0000,2026-05-07T14:34:33.000000+0000,179
2026-05-07T18:28:31.000000+0000,2026-05-07T18:25:32.000000+0000,179
2026-05-07T18:41:30.000000+0000,2026-05-07T18:38:31.000000+0000,179
2026-05-07T23:25:00.000000+0000,2026-05-07T23:22:01.000000+0000,179
2026-05-08T20:01:31.000000+0000,2026-05-08T19:58:32.000000+0000,179
2026-05-09T20:44:31.000000+0000,2026-05-09T20:41:32.000000+0000,179
2026-05-14T23:12:01.000000+0000,2026-05-14T23:09:02.000000+0000,179
2026-05-14T23:25:00.000000+0000,2026-05-14T23:22:01.000000+0000,179
2026-05-15T20:25:00.000000+0000,2026-05-15T20:22:01.000000+0000,179
2026-05-16T16:32:31.000000+0000,2026-05-16T16:29:32.000000+0000,179
2026-05-17T00:11:31.000000+0000,2026-05-17T00:08:32.000000+0000,179
2026-05-17T07:25:00.000000+0000,2026-05-17T07:22:01.000000+0000,179
2026-05-18T20:07:00.000000+0000,2026-05-18T20:04:01.000000+0000,179
2026-05-19T11:31:31.000000+0000,2026-05-19T11:28:32.000000+0000,179
2026-05-20T23:55:31.000000+0000,2026-05-20T23:52:32.000000+0000,179
2026-05-21T04:39:01.000000+0000,2026-05-21T04:36:02.000000+0000,179
2026-05-22T03:26:32.000000+0000,2026-05-22T03:23:33.000000+0000,179
2026-05-22T08:29:00.000000+0000,2026-05-22T08:26:01.000000+0000,179
2026-05-22T10:26:31.000000+0000,2026-05-22T10:23:32.000000+0000,179
2026-05-23T23:19:00.000000+0000,2026-05-23T23:16:01.000000+0000,179
2026-05-25T12:25:31.000000+0000,2026-05-25T12:22:32.000000+0000,179
2026-05-25T15:54:31.000000+0000,2026-05-25T15:51:32.000000+0000,179
2026-05-26T08:22:00.000000+0000,2026-05-26T08:19:01.000000+0000,179
2026-05-28T07:05:31.000000+0000,2026-05-28T07:02:32.000000+0000,179
2026-05-30T05:05:31.000000+0000,2026-05-30T05:02:32.000000+0000,179
2026-06-01T14:51:01.000000+0000,2026-06-01T14:48:02.000000+0000,179
2026-06-02T09:45:04.000000+0000,2026-06-02T09:42:05.000000+0000,179
2026-06-02T17:59:01.000000+0000,2026-06-02T17:56:02.000000+0000,179
2025-05-12T19:54:31.000000+0000,2025-05-12T19:51:33.000000+0000,178
2025-05-13T03:04:04.000000+0000,2025-05-13T03:01:06.000000+0000,178
2025-05-15T18:05:31.000000+0000,2025-05-15T18:02:33.000000+0000,178
2025-05-24T02:05:02.000000+0000,2025-05-24T02:02:04.000000+0000,178
2025-05-24T05:56:01.000000+0000,2025-05-24T05:53:03.000000+0000,178
2025-05-24T09:04:31.000000+0000,2025-05-24T09:01:33.000000+0000,178
2025-05-25T17:06:31.000000+0000,2025-05-25T17:03:33.000000+0000,178
2025-05-28T11:04:31.000000+0000,2025-05-28T11:01:33.000000+0000,178
2025-05-28T18:04:31.000000+0000,2025-05-28T18:01:33.000000+0000,178
2025-05-30T20:59:32.000000+0000,2025-05-30T20:56:34.000000+0000,178
2025-06-01T13:04:03.000000+0000,2025-06-01T13:01:05.000000+0000,178
2025-06-04T00:35:05.000000+0000,2025-06-04T00:32:07.000000+0000,178
2025-06-27T19:53:04.000000+0000,2025-06-27T19:50:06.000000+0000,178
2025-06-28T16:43:04.000000+0000,2025-06-28T16:40:06.000000+0000,178
2025-07-14T17:43:04.000000+0000,2025-07-14T17:40:06.000000+0000,178
2025-08-02T23:43:04.000000+0000,2025-08-02T23:40:06.000000+0000,178
2025-08-03T13:43:04.000000+0000,2025-08-03T13:40:06.000000+0000,178
2025-08-04T10:55:01.000000+0000,2025-08-04T10:52:03.000000+0000,178
2025-08-22T05:55:01.000000+0000,2025-08-22T05:52:03.000000+0000,178
2025-08-24T06:55:00.000000+0000,2025-08-24T06:52:02.000000+0000,178
2025-09-02T07:55:02.000000+0000,2025-09-02T07:52:04.000000+0000,178
2025-09-11T01:44:31.000000+0000,2025-09-11T01:41:33.000000+0000,178
2025-09-12T12:44:30.000000+0000,2025-09-12T12:41:32.000000+0000,178
2025-09-16T07:44:31.000000+0000,2025-09-16T07:41:33.000000+0000,178
2025-09-18T08:44:01.000000+0000,2025-09-18T08:41:03.000000+0000,178
2025-09-20T09:44:02.000000+0000,2025-09-20T09:41:04.000000+0000,178
2025-09-20T16:32:02.000000+0000,2025-09-20T16:29:04.000000+0000,178
2025-09-30T14:44:03.000000+0000,2025-09-30T14:41:05.000000+0000,178
2025-10-13T03:55:00.000000+0000,2025-10-13T03:52:02.000000+0000,178
2025-10-15T11:32:00.000000+0000,2025-10-15T11:29:02.000000+0000,178
2025-10-19T06:44:30.000000+0000,2025-10-19T06:41:32.000000+0000,178
2025-10-19T20:42:31.000000+0000,2025-10-19T20:39:33.000000+0000,178
2025-10-20T21:14:31.000000+0000,2025-10-20T21:11:33.000000+0000,178
2025-11-07T02:44:03.000000+0000,2025-11-07T02:41:05.000000+0000,178
2025-11-07T09:44:32.000000+0000,2025-11-07T09:41:34.000000+0000,178
2025-11-08T01:08:03.000000+0000,2025-11-08T01:05:05.000000+0000,178
2025-11-10T14:44:32.000000+0000,2025-11-10T14:41:34.000000+0000,178
2025-11-17T22:27:02.000000+0000,2025-11-17T22:24:04.000000+0000,178
2025-11-21T07:31:04.000000+0000,2025-11-21T07:28:06.000000+0000,178
2025-11-24T11:27:03.000000+0000,2025-11-24T11:24:05.000000+0000,178
2025-11-25T05:18:05.000000+0000,2025-11-25T05:15:07.000000+0000,178
2025-11-25T08:27:04.000000+0000,2025-11-25T08:24:06.000000+0000,178
2025-11-27T19:58:05.000000+0000,2025-11-27T19:55:07.000000+0000,178
2025-11-28T12:04:04.000000+0000,2025-11-28T12:01:06.000000+0000,178
2025-12-04T20:39:02.000000+0000,2025-12-04T20:36:04.000000+0000,178
2025-12-16T05:08:03.000000+0000,2025-12-16T05:05:05.000000+0000,178
2025-12-26T11:54:32.000000+0000,2025-12-26T11:51:34.000000+0000,178
2025-12-26T15:35:33.000000+0000,2025-12-26T15:32:35.000000+0000,178
2025-12-29T09:44:02.000000+0000,2025-12-29T09:41:04.000000+0000,178
2025-12-31T17:43:03.000000+0000,2025-12-31T17:40:05.000000+0000,178
2026-01-02T08:12:00.000000+0000,2026-01-02T08:09:02.000000+0000,178
2026-01-05T06:12:01.000000+0000,2026-01-05T06:09:03.000000+0000,178
2026-01-08T18:12:00.000000+0000,2026-01-08T18:09:02.000000+0000,178
2026-01-10T19:24:32.000000+0000,2026-01-10T19:21:34.000000+0000,178
2026-01-17T00:56:31.000000+0000,2026-01-17T00:53:33.000000+0000,178
2026-01-24T19:08:03.000000+0000,2026-01-24T19:05:05.000000+0000,178
2026-01-25T10:12:00.000000+0000,2026-01-25T10:09:02.000000+0000,178
2026-01-25T10:25:00.000000+0000,2026-01-25T10:22:02.000000+0000,178
2026-01-26T10:32:31.000000+0000,2026-01-26T10:29:33.000000+0000,178
2026-01-29T17:29:31.000000+0000,2026-01-29T17:26:33.000000+0000,178
2026-01-30T23:02:31.000000+0000,2026-01-30T22:59:33.000000+0000,178
2026-01-31T16:32:30.000000+0000,2026-01-31T16:29:32.000000+0000,178
2026-02-02T00:24:00.000000+0000,2026-02-02T00:21:02.000000+0000,178
2026-02-03T04:12:00.000000+0000,2026-02-03T04:09:02.000000+0000,178
2026-02-09T15:35:30.000000+0000,2026-02-09T15:32:32.000000+0000,178
2026-02-11T10:49:00.000000+0000,2026-02-11T10:46:02.000000+0000,178
2026-02-14T16:52:31.000000+0000,2026-02-14T16:49:33.000000+0000,178
2026-02-14T23:31:01.000000+0000,2026-02-14T23:28:03.000000+0000,178
2026-02-17T00:42:00.000000+0000,2026-02-17T00:39:02.000000+0000,178
2026-02-21T16:55:01.000000+0000,2026-02-21T16:52:03.000000+0000,178
2026-02-26T05:02:30.000000+0000,2026-02-26T04:59:32.000000+0000,178
2026-02-27T16:43:32.000000+0000,2026-02-27T16:40:34.000000+0000,178
2026-02-27T16:56:30.000000+0000,2026-02-27T16:53:32.000000+0000,178
2026-03-01T20:31:01.000000+0000,2026-03-01T20:28:03.000000+0000,178
2026-03-02T07:22:30.000000+0000,2026-03-02T07:19:32.000000+0000,178
2026-03-04T19:05:30.000000+0000,2026-03-04T19:02:32.000000+0000,178
2026-03-13T23:41:00.000000+0000,2026-03-13T23:38:02.000000+0000,178
2026-03-15T03:29:30.000000+0000,2026-03-15T03:26:32.000000+0000,178
2026-03-15T07:23:32.000000+0000,2026-03-15T07:20:34.000000+0000,178
2026-03-15T08:55:30.000000+0000,2026-03-15T08:52:32.000000+0000,178
2026-03-15T10:42:00.000000+0000,2026-03-15T10:39:02.000000+0000,178
2026-03-15T22:55:30.000000+0000,2026-03-15T22:52:32.000000+0000,178
2026-03-16T14:19:30.000000+0000,2026-03-16T14:16:32.000000+0000,178
2026-03-16T19:24:00.000000+0000,2026-03-16T19:21:02.000000+0000,178
2026-03-17T03:06:31.000000+0000,2026-03-17T03:03:33.000000+0000,178
2026-03-18T12:11:31.000000+0000,2026-03-18T12:08:33.000000+0000,178
2026-03-18T18:59:31.000000+0000,2026-03-18T18:56:33.000000+0000,178
2026-03-18T20:55:30.000000+0000,2026-03-18T20:52:32.000000+0000,178
2026-03-19T05:41:01.000000+0000,2026-03-19T05:38:03.000000+0000,178
2026-03-19T05:54:00.000000+0000,2026-03-19T05:51:02.000000+0000,178
2026-03-19T10:46:31.000000+0000,2026-03-19T10:43:33.000000+0000,178
2026-03-21T03:22:31.000000+0000,2026-03-21T03:19:33.000000+0000,178
2026-03-21T09:59:31.000000+0000,2026-03-21T09:56:33.000000+0000,178
2026-03-23T23:25:31.000000+0000,2026-03-23T23:22:33.000000+0000,178
2026-03-24T21:55:30.000000+0000,2026-03-24T21:52:32.000000+0000,178
2026-03-26T12:25:01.000000+0000,2026-03-26T12:22:03.000000+0000,178
2026-03-27T09:11:00.000000+0000,2026-03-27T09:08:02.000000+0000,178
2026-03-27T09:24:01.000000+0000,2026-03-27T09:21:03.000000+0000,178
2026-03-29T16:49:30.000000+0000,2026-03-29T16:46:32.000000+0000,178
2026-03-30T08:55:00.000000+0000,2026-03-30T08:52:02.000000+0000,178
2026-03-30T12:25:00.000000+0000,2026-03-30T12:22:02.000000+0000,178
2026-03-30T17:43:31.000000+0000,2026-03-30T17:40:33.000000+0000,178
2026-03-31T07:43:31.000000+0000,2026-03-31T07:40:33.000000+0000,178
2026-04-01T23:55:30.000000+0000,2026-04-01T23:52:32.000000+0000,178
2026-04-02T21:14:31.000000+0000,2026-04-02T21:11:33.000000+0000,178
2026-04-04T21:21:01.000000+0000,2026-04-04T21:18:03.000000+0000,178
2026-04-10T04:24:31.000000+0000,2026-04-10T04:21:33.000000+0000,178
2026-04-11T03:18:02.000000+0000,2026-04-11T03:15:04.000000+0000,178
2026-04-11T22:24:31.000000+0000,2026-04-11T22:21:33.000000+0000,178
2026-04-15T22:29:00.000000+0000,2026-04-15T22:26:02.000000+0000,178
2026-04-18T05:12:30.000000+0000,2026-04-18T05:09:32.000000+0000,178
2026-04-18T17:18:03.000000+0000,2026-04-18T17:15:05.000000+0000,178
2026-04-19T21:06:31.000000+0000,2026-04-19T21:03:33.000000+0000,178
2026-04-22T06:42:30.000000+0000,2026-04-22T06:39:32.000000+0000,178
2026-04-24T07:12:31.000000+0000,2026-04-24T07:09:33.000000+0000,178
2026-04-30T23:13:33.000000+0000,2026-04-30T23:10:35.000000+0000,178
2026-05-01T03:34:00.000000+0000,2026-05-01T03:31:02.000000+0000,178
2026-05-02T20:02:30.000000+0000,2026-05-02T19:59:32.000000+0000,178
2026-05-03T14:12:31.000000+0000,2026-05-03T14:09:33.000000+0000,178
2026-05-04T10:32:30.000000+0000,2026-05-04T10:29:32.000000+0000,178
2026-05-05T15:22:31.000000+0000,2026-05-05T15:19:33.000000+0000,178
2026-05-12T07:09:30.000000+0000,2026-05-12T07:06:32.000000+0000,178
2026-05-14T09:34:31.000000+0000,2026-05-14T09:31:33.000000+0000,178
2026-05-14T12:34:03.000000+0000,2026-05-14T12:31:05.000000+0000,178
2026-05-14T18:19:00.000000+0000,2026-05-14T18:16:02.000000+0000,178
2026-05-16T10:25:00.000000+0000,2026-05-16T10:22:02.000000+0000,178
2026-05-16T18:25:00.000000+0000,2026-05-16T18:22:02.000000+0000,178
2026-05-19T10:07:01.000000+0000,2026-05-19T10:04:03.000000+0000,178
2026-05-29T00:24:30.000000+0000,2026-05-29T00:21:32.000000+0000,178
2026-05-31T05:37:30.000000+0000,2026-05-31T05:34:32.000000+0000,178
2026-05-31T16:16:30.000000+0000,2026-05-31T16:13:32.000000+0000,178
2026-06-02T03:36:32.000000+0000,2026-06-02T03:33:34.000000+0000,178
2026-06-02T16:26:32.000000+0000,2026-06-02T16:23:34.000000+0000,178
2025-05-12T12:54:00.000000+0000,2025-05-12T12:51:03.000000+0000,177
2025-05-21T06:54:01.000000+0000,2025-05-21T06:51:04.000000+0000,177
2025-05-23T12:26:01.000000+0000,2025-05-23T12:23:04.000000+0000,177
2025-05-24T17:18:33.000000+0000,2025-05-24T17:15:36.000000+0000,177
2025-05-27T00:05:01.000000+0000,2025-05-27T00:02:04.000000+0000,177
2025-06-11T07:35:02.000000+0000,2025-06-11T07:32:05.000000+0000,177
2025-06-29T13:43:03.000000+0000,2025-06-29T13:40:06.000000+0000,177
2025-07-03T08:43:03.000000+0000,2025-07-03T08:40:06.000000+0000,177
2025-07-08T07:43:03.000000+0000,2025-07-08T07:40:06.000000+0000,177
2025-07-24T15:43:03.000000+0000,2025-07-24T15:40:06.000000+0000,177
2025-07-28T17:43:03.000000+0000,2025-07-28T17:40:06.000000+0000,177
2025-08-03T20:43:03.000000+0000,2025-08-03T20:40:06.000000+0000,177
2025-08-04T17:43:03.000000+0000,2025-08-04T17:40:06.000000+0000,177
2025-08-05T00:53:03.000000+0000,2025-08-05T00:50:06.000000+0000,177
2025-08-09T02:43:03.000000+0000,2025-08-09T02:40:06.000000+0000,177
2025-08-19T21:43:03.000000+0000,2025-08-19T21:40:06.000000+0000,177
2025-09-13T02:43:03.000000+0000,2025-09-13T02:40:06.000000+0000,177
2025-09-15T07:13:04.000000+0000,2025-09-15T07:10:07.000000+0000,177
2025-09-23T07:44:33.000000+0000,2025-09-23T07:41:36.000000+0000,177
2025-09-28T10:24:33.000000+0000,2025-09-28T10:21:36.000000+0000,177
2025-10-08T10:29:30.000000+0000,2025-10-08T10:26:33.000000+0000,177
2025-11-01T23:44:02.000000+0000,2025-11-01T23:41:05.000000+0000,177
2025-11-06T22:44:02.000000+0000,2025-11-06T22:41:05.000000+0000,177
2025-11-24T11:40:07.000000+0000,2025-11-24T11:37:10.000000+0000,177
2025-11-25T05:31:02.000000+0000,2025-11-25T05:28:05.000000+0000,177
2025-11-26T23:17:33.000000+0000,2025-11-26T23:14:36.000000+0000,177
2025-11-29T03:27:33.000000+0000,2025-11-29T03:24:36.000000+0000,177
2025-12-23T19:49:31.000000+0000,2025-12-23T19:46:34.000000+0000,177
2025-12-25T08:13:03.000000+0000,2025-12-25T08:10:06.000000+0000,177
2025-12-27T12:12:00.000000+0000,2025-12-27T12:09:03.000000+0000,177
2025-12-30T17:24:32.000000+0000,2025-12-30T17:21:35.000000+0000,177
2026-01-02T08:24:32.000000+0000,2026-01-02T08:21:35.000000+0000,177
2026-01-05T18:38:02.000000+0000,2026-01-05T18:35:05.000000+0000,177
2026-01-07T17:44:03.000000+0000,2026-01-07T17:41:06.000000+0000,177
2026-01-08T16:38:02.000000+0000,2026-01-08T16:35:05.000000+0000,177
2026-01-10T15:53:02.000000+0000,2026-01-10T15:50:05.000000+0000,177
2026-01-16T23:24:00.000000+0000,2026-01-16T23:21:03.000000+0000,177
2026-01-26T14:22:30.000000+0000,2026-01-26T14:19:33.000000+0000,177
2026-02-07T20:03:03.000000+0000,2026-02-07T20:00:06.000000+0000,177
2026-02-27T04:07:00.000000+0000,2026-02-27T04:04:03.000000+0000,177
2026-03-14T05:48:01.000000+0000,2026-03-14T05:45:04.000000+0000,177
2026-03-18T15:53:01.000000+0000,2026-03-18T15:50:04.000000+0000,177
2026-03-19T08:18:01.000000+0000,2026-03-19T08:15:04.000000+0000,177
2026-03-22T17:29:30.000000+0000,2026-03-22T17:26:33.000000+0000,177
2026-03-27T05:29:30.000000+0000,2026-03-27T05:26:33.000000+0000,177
2026-03-27T07:25:00.000000+0000,2026-03-27T07:22:03.000000+0000,177
2026-03-30T01:13:01.000000+0000,2026-03-30T01:10:04.000000+0000,177
2026-03-30T04:43:01.000000+0000,2026-03-30T04:40:04.000000+0000,177
2026-04-03T08:13:01.000000+0000,2026-04-03T08:10:04.000000+0000,177
2026-04-08T02:08:01.000000+0000,2026-04-08T02:05:04.000000+0000,177
2026-04-09T17:53:01.000000+0000,2026-04-09T17:50:04.000000+0000,177
2026-04-10T04:11:30.000000+0000,2026-04-10T04:08:33.000000+0000,177
2026-04-11T06:17:00.000000+0000,2026-04-11T06:14:03.000000+0000,177
2026-04-12T03:18:31.000000+0000,2026-04-12T03:15:34.000000+0000,177
2026-04-17T04:53:33.000000+0000,2026-04-17T04:50:36.000000+0000,177
2026-04-20T16:13:33.000000+0000,2026-04-20T16:10:36.000000+0000,177
2026-04-23T21:53:33.000000+0000,2026-04-23T21:50:36.000000+0000,177
2026-05-08T16:43:33.000000+0000,2026-05-08T16:40:36.000000+0000,177
2026-05-13T12:25:00.000000+0000,2026-05-13T12:22:03.000000+0000,177
2026-05-15T23:34:02.000000+0000,2026-05-15T23:31:05.000000+0000,177
2026-05-22T01:39:00.000000+0000,2026-05-22T01:36:03.000000+0000,177
2026-05-23T00:02:31.000000+0000,2026-05-22T23:59:34.000000+0000,177
2026-05-28T22:51:02.000000+0000,2026-05-28T22:48:05.000000+0000,177
2026-06-01T01:22:02.000000+0000,2026-06-01T01:19:05.000000+0000,177
2026-06-02T05:53:01.000000+0000,2026-06-02T05:50:04.000000+0000,177
2025-05-26T10:04:30.000000+0000,2025-05-26T10:01:34.000000+0000,176
2025-05-30T08:13:04.000000+0000,2025-05-30T08:10:08.000000+0000,176
2025-06-12T02:58:32.000000+0000,2025-06-12T02:55:36.000000+0000,176
2025-06-27T05:43:02.000000+0000,2025-06-27T05:40:06.000000+0000,176
2025-07-28T03:43:02.000000+0000,2025-07-28T03:40:06.000000+0000,176
2025-08-13T01:23:02.000000+0000,2025-08-13T01:20:06.000000+0000,176
2025-08-22T02:23:02.000000+0000,2025-08-22T02:20:06.000000+0000,176
2025-09-15T00:23:03.000000+0000,2025-09-15T00:20:07.000000+0000,176
2025-09-15T10:44:32.000000+0000,2025-09-15T10:41:36.000000+0000,176
2025-10-01T22:24:33.000000+0000,2025-10-01T22:21:37.000000+0000,176
2025-10-02T04:00:56.000000+0000,2025-10-02T03:58:00.000000+0000,176
2025-10-31T13:13:39.000000+0000,2025-10-31T13:10:43.000000+0000,176
2025-11-13T05:44:32.000000+0000,2025-11-13T05:41:36.000000+0000,176
2025-11-13T12:23:02.000000+0000,2025-11-13T12:20:06.000000+0000,176
2025-11-21T05:15:45.000000+0000,2025-11-21T05:12:49.000000+0000,176
2025-11-26T12:59:01.000000+0000,2025-11-26T12:56:05.000000+0000,176
2025-12-01T22:29:32.000000+0000,2025-12-01T22:26:36.000000+0000,176
2025-12-12T01:54:02.000000+0000,2025-12-12T01:51:06.000000+0000,176
2025-12-25T22:14:01.000000+0000,2025-12-25T22:11:05.000000+0000,176
2025-12-29T06:24:01.000000+0000,2025-12-29T06:21:05.000000+0000,176
2025-12-29T17:26:31.000000+0000,2025-12-29T17:23:35.000000+0000,176
2026-01-08T02:05:33.000000+0000,2026-01-08T02:02:37.000000+0000,176
2026-01-08T11:23:02.000000+0000,2026-01-08T11:20:06.000000+0000,176
2026-01-09T08:13:02.000000+0000,2026-01-09T08:10:06.000000+0000,176
2026-01-11T13:13:01.000000+0000,2026-01-11T13:10:05.000000+0000,176
2026-02-24T11:13:00.000000+0000,2026-02-24T11:10:04.000000+0000,176
2026-02-25T01:33:01.000000+0000,2026-02-25T01:30:05.000000+0000,176
2026-03-10T03:18:00.000000+0000,2026-03-10T03:15:04.000000+0000,176
2026-03-27T23:23:00.000000+0000,2026-03-27T23:20:04.000000+0000,176
2026-03-28T21:13:00.000000+0000,2026-03-28T21:10:04.000000+0000,176
2026-03-31T08:43:00.000000+0000,2026-03-31T08:40:04.000000+0000,176
2026-03-31T09:18:00.000000+0000,2026-03-31T09:15:04.000000+0000,176
2026-04-04T21:08:00.000000+0000,2026-04-04T21:05:04.000000+0000,176
2026-04-06T11:38:00.000000+0000,2026-04-06T11:35:04.000000+0000,176
2026-04-07T03:23:01.000000+0000,2026-04-07T03:20:05.000000+0000,176
2026-04-07T07:38:00.000000+0000,2026-04-07T07:35:04.000000+0000,176
2026-04-08T00:23:01.000000+0000,2026-04-08T00:20:05.000000+0000,176
2026-04-20T09:53:32.000000+0000,2026-04-20T09:50:36.000000+0000,176
2026-04-27T18:43:01.000000+0000,2026-04-27T18:40:05.000000+0000,176
2026-05-01T19:08:00.000000+0000,2026-05-01T19:05:04.000000+0000,176
2026-05-02T16:08:00.000000+0000,2026-05-02T16:05:04.000000+0000,176
2026-05-05T05:23:32.000000+0000,2026-05-05T05:20:36.000000+0000,176
2026-05-31T19:27:01.000000+0000,2026-05-31T19:24:05.000000+0000,176
2025-05-28T04:05:00.000000+0000,2025-05-28T04:02:05.000000+0000,175
2025-05-31T01:53:02.000000+0000,2025-05-31T01:50:07.000000+0000,175
2025-06-04T11:14:01.000000+0000,2025-06-04T11:11:06.000000+0000,175
2025-06-05T18:35:03.000000+0000,2025-06-05T18:32:08.000000+0000,175
2025-06-07T12:54:33.000000+0000,2025-06-07T12:51:38.000000+0000,175
2025-06-11T11:14:04.000000+0000,2025-06-11T11:11:09.000000+0000,175
2025-07-03T22:43:01.000000+0000,2025-07-03T22:40:06.000000+0000,175
2025-07-19T09:43:01.000000+0000,2025-07-19T09:40:06.000000+0000,175
2025-07-31T08:43:01.000000+0000,2025-07-31T08:40:06.000000+0000,175
2025-08-18T10:43:01.000000+0000,2025-08-18T10:40:06.000000+0000,175
2025-09-19T23:00:57.000000+0000,2025-09-19T22:58:02.000000+0000,175
2025-09-26T05:43:02.000000+0000,2025-09-26T05:40:07.000000+0000,175
2025-09-29T17:54:32.000000+0000,2025-09-29T17:51:37.000000+0000,175
2025-09-30T06:39:32.000000+0000,2025-09-30T06:36:37.000000+0000,175
2025-11-12T04:53:01.000000+0000,2025-11-12T04:50:06.000000+0000,175
2025-12-02T05:30:56.000000+0000,2025-12-02T05:28:01.000000+0000,175
2025-12-07T14:48:01.000000+0000,2025-12-07T14:45:06.000000+0000,175
2026-01-07T21:34:00.000000+0000,2026-01-07T21:31:05.000000+0000,175
2026-01-09T04:53:01.000000+0000,2026-01-09T04:50:06.000000+0000,175
2026-01-10T12:23:01.000000+0000,2026-01-10T12:20:06.000000+0000,175
2026-01-31T23:43:00.000000+0000,2026-01-31T23:40:05.000000+0000,175
2026-02-17T11:23:00.000000+0000,2026-02-17T11:20:05.000000+0000,175
2026-02-23T21:43:00.000000+0000,2026-02-23T21:40:05.000000+0000,175
2026-04-15T10:13:00.000000+0000,2026-04-15T10:10:05.000000+0000,175
2026-04-23T14:43:00.000000+0000,2026-04-23T14:40:05.000000+0000,175
2026-04-29T11:53:00.000000+0000,2026-04-29T11:50:05.000000+0000,175
2026-05-21T12:13:00.000000+0000,2026-05-21T12:10:05.000000+0000,175
2026-05-22T03:13:32.000000+0000,2026-05-22T03:10:37.000000+0000,175
2026-05-22T10:13:32.000000+0000,2026-05-22T10:10:37.000000+0000,175
2026-05-29T10:03:02.000000+0000,2026-05-29T10:00:07.000000+0000,175
2026-06-01T15:04:00.000000+0000,2026-06-01T15:01:05.000000+0000,175
2026-06-02T16:13:32.000000+0000,2026-06-02T16:10:37.000000+0000,175
2025-03-25T09:03:03.000000+0000,2025-03-25T09:00:09.000000+0000,174
2025-05-19T05:53:32.000000+0000,2025-05-19T05:50:38.000000+0000,174
2025-05-20T03:04:01.000000+0000,2025-05-20T03:01:07.000000+0000,174
2025-05-27T21:04:00.000000+0000,2025-05-27T21:01:06.000000+0000,174
2025-05-29T18:34:00.000000+0000,2025-05-29T18:31:06.000000+0000,174
2025-05-30T00:42:05.000000+0000,2025-05-30T00:39:11.000000+0000,174
2025-05-31T09:04:33.000000+0000,2025-05-31T09:01:39.000000+0000,174
2025-06-05T11:34:36.000000+0000,2025-06-05T11:31:42.000000+0000,174
2025-06-09T00:05:07.000000+0000,2025-06-09T00:02:13.000000+0000,174
2025-06-09T10:24:33.000000+0000,2025-06-09T10:21:39.000000+0000,174
2025-08-16T16:43:00.000000+0000,2025-08-16T16:40:06.000000+0000,174
2025-09-12T19:44:30.000000+0000,2025-09-12T19:41:36.000000+0000,174
2025-09-21T06:43:01.000000+0000,2025-09-21T06:40:07.000000+0000,174
2025-11-09T17:33:01.000000+0000,2025-11-09T17:30:07.000000+0000,174
2025-11-12T22:23:00.000000+0000,2025-11-12T22:20:06.000000+0000,174
2025-11-25T12:07:04.000000+0000,2025-11-25T12:04:10.000000+0000,174
2025-12-03T03:54:38.000000+0000,2025-12-03T03:51:44.000000+0000,174
2025-12-17T07:23:00.000000+0000,2025-12-17T07:20:06.000000+0000,174
2025-12-23T07:14:00.000000+0000,2025-12-23T07:11:06.000000+0000,174
2025-12-30T07:13:00.000000+0000,2025-12-30T07:10:06.000000+0000,174
2026-01-02T05:13:00.000000+0000,2026-01-02T05:10:06.000000+0000,174
2026-01-12T06:13:00.000000+0000,2026-01-12T06:10:06.000000+0000,174
2026-01-12T20:23:00.000000+0000,2026-01-12T20:20:06.000000+0000,174
2026-01-13T06:43:32.000000+0000,2026-01-13T06:40:38.000000+0000,174
2026-04-26T04:23:30.000000+0000,2026-04-26T04:20:36.000000+0000,174
2025-05-17T18:53:31.000000+0000,2025-05-17T18:50:38.000000+0000,173
2025-06-01T09:33:01.000000+0000,2025-06-01T09:30:08.000000+0000,173
2025-06-02T13:23:01.000000+0000,2025-06-02T13:20:08.000000+0000,173
2025-06-04T14:34:32.000000+0000,2025-06-04T14:31:39.000000+0000,173
2025-06-06T22:24:33.000000+0000,2025-06-06T22:21:40.000000+0000,173
2025-06-09T06:44:03.000000+0000,2025-06-09T06:41:10.000000+0000,173
2025-07-02T04:43:33.000000+0000,2025-07-02T04:40:40.000000+0000,173
2025-07-06T13:43:33.000000+0000,2025-07-06T13:40:40.000000+0000,173
2025-08-10T20:43:33.000000+0000,2025-08-10T20:40:40.000000+0000,173
2025-11-22T22:30:57.000000+0000,2025-11-22T22:28:04.000000+0000,173
2025-11-23T17:57:32.000000+0000,2025-11-23T17:54:39.000000+0000,173
2025-11-25T22:27:33.000000+0000,2025-11-25T22:24:40.000000+0000,173
2025-11-26T02:30:56.000000+0000,2025-11-26T02:28:03.000000+0000,173
2025-11-30T07:58:32.000000+0000,2025-11-30T07:55:39.000000+0000,173
2025-12-02T08:27:32.000000+0000,2025-12-02T08:24:39.000000+0000,173
2026-01-23T23:13:31.000000+0000,2026-01-23T23:10:38.000000+0000,173
2025-06-08T02:34:04.000000+0000,2025-06-08T02:31:12.000000+0000,172
2025-07-04T12:43:32.000000+0000,2025-07-04T12:40:40.000000+0000,172
2025-07-05T16:43:32.000000+0000,2025-07-05T16:40:40.000000+0000,172
2025-08-19T00:43:32.000000+0000,2025-08-19T00:40:40.000000+0000,172
2025-08-22T19:43:32.000000+0000,2025-08-22T19:40:40.000000+0000,172
2025-11-05T04:30:53.000000+0000,2025-11-05T04:28:01.000000+0000,172
2025-11-20T17:31:27.000000+0000,2025-11-20T17:28:35.000000+0000,172
2025-11-21T17:28:37.000000+0000,2025-11-21T17:25:45.000000+0000,172
2025-11-22T11:08:37.000000+0000,2025-11-22T11:05:45.000000+0000,172
2025-11-29T01:30:57.000000+0000,2025-11-29T01:28:05.000000+0000,172
2025-12-04T02:28:39.000000+0000,2025-12-04T02:25:47.000000+0000,172
2025-12-07T15:00:55.000000+0000,2025-12-07T14:58:03.000000+0000,172
2026-01-17T09:53:30.000000+0000,2026-01-17T09:50:38.000000+0000,172
2026-04-29T09:23:30.000000+0000,2026-04-29T09:20:38.000000+0000,172
2026-05-30T00:04:00.000000+0000,2026-05-30T00:01:08.000000+0000,172
2025-02-10T10:54:26.000000+0000,2025-02-10T10:51:35.000000+0000,171
2025-06-03T10:34:33.000000+0000,2025-06-03T10:31:42.000000+0000,171
2025-07-23T04:43:31.000000+0000,2025-07-23T04:40:40.000000+0000,171
2025-08-07T08:43:31.000000+0000,2025-08-07T08:40:40.000000+0000,171
2025-08-08T12:43:32.000000+0000,2025-08-08T12:40:41.000000+0000,171
2025-09-16T00:30:52.000000+0000,2025-09-16T00:28:01.000000+0000,171
2025-10-30T22:30:52.000000+0000,2025-10-30T22:28:01.000000+0000,171
2025-11-10T10:30:51.000000+0000,2025-11-10T10:28:00.000000+0000,171
2025-11-21T05:03:02.000000+0000,2025-11-21T05:00:11.000000+0000,171
2025-11-28T03:30:56.000000+0000,2025-11-28T03:28:05.000000+0000,171
2025-11-28T20:48:35.000000+0000,2025-11-28T20:45:44.000000+0000,171
2025-11-29T23:44:34.000000+0000,2025-11-29T23:41:43.000000+0000,171
2025-11-30T04:49:32.000000+0000,2025-11-30T04:46:41.000000+0000,171
2025-12-03T15:59:32.000000+0000,2025-12-03T15:56:41.000000+0000,171
2026-04-26T14:33:32.000000+0000,2026-04-26T14:30:41.000000+0000,171
2025-06-06T15:33:46.000000+0000,2025-06-06T15:30:56.000000+0000,170
2025-06-07T19:34:01.000000+0000,2025-06-07T19:31:11.000000+0000,170
2025-06-11T21:34:32.000000+0000,2025-06-11T21:31:42.000000+0000,170
2025-08-20T01:23:31.000000+0000,2025-08-20T01:20:41.000000+0000,170
2025-08-29T05:23:30.000000+0000,2025-08-29T05:20:40.000000+0000,170
2025-08-31T06:43:31.000000+0000,2025-08-31T06:40:41.000000+0000,170
2025-11-01T16:30:51.000000+0000,2025-11-01T16:28:01.000000+0000,170
2025-11-07T19:30:51.000000+0000,2025-11-07T19:28:01.000000+0000,170
2025-11-11T04:53:32.000000+0000,2025-11-11T04:50:42.000000+0000,170
2025-11-13T01:30:51.000000+0000,2025-11-13T01:28:01.000000+0000,170
2025-11-23T04:07:07.000000+0000,2025-11-23T04:04:17.000000+0000,170
2025-12-03T13:08:41.000000+0000,2025-12-03T13:05:51.000000+0000,170
2025-12-16T13:30:50.000000+0000,2025-12-16T13:28:00.000000+0000,170
2025-12-18T22:13:31.000000+0000,2025-12-18T22:10:41.000000+0000,170
2026-05-22T06:33:32.000000+0000,2026-05-22T06:30:42.000000+0000,170
2026-05-28T23:04:00.000000+0000,2026-05-28T23:01:10.000000+0000,170
2026-05-29T15:04:32.000000+0000,2026-05-29T15:01:42.000000+0000,170
2025-05-19T19:53:32.000000+0000,2025-05-19T19:50:43.000000+0000,169
2025-06-07T09:24:03.000000+0000,2025-06-07T09:21:14.000000+0000,169
2025-09-10T18:30:50.000000+0000,2025-09-10T18:28:01.000000+0000,169
2025-09-11T08:30:50.000000+0000,2025-09-11T08:28:01.000000+0000,169
2025-09-11T15:30:50.000000+0000,2025-09-11T15:28:01.000000+0000,169
2025-09-28T20:30:51.000000+0000,2025-09-28T20:28:02.000000+0000,169
2025-11-18T07:30:51.000000+0000,2025-11-18T07:28:02.000000+0000,169
2025-11-21T04:50:54.000000+0000,2025-11-21T04:48:05.000000+0000,169
2025-11-23T23:10:54.000000+0000,2025-11-23T23:08:05.000000+0000,169
2025-11-25T03:10:54.000000+0000,2025-11-25T03:08:05.000000+0000,169
2025-12-03T03:41:40.000000+0000,2025-12-03T03:38:51.000000+0000,169
2025-12-22T09:30:49.000000+0000,2025-12-22T09:28:00.000000+0000,169
2026-01-02T11:43:33.000000+0000,2026-01-02T11:40:44.000000+0000,169
2026-03-05T06:03:32.000000+0000,2026-03-05T06:00:43.000000+0000,169
2026-04-05T12:03:33.000000+0000,2026-04-05T12:00:44.000000+0000,169
2026-05-19T08:00:49.000000+0000,2026-05-19T07:58:00.000000+0000,169
2025-05-29T22:04:35.000000+0000,2025-05-29T22:01:47.000000+0000,168
2025-06-04T03:53:32.000000+0000,2025-06-04T03:50:44.000000+0000,168
2025-08-24T03:00:51.000000+0000,2025-08-24T02:58:03.000000+0000,168
2025-09-21T13:30:51.000000+0000,2025-09-21T13:28:03.000000+0000,168
2025-09-22T03:30:51.000000+0000,2025-09-22T03:28:03.000000+0000,168
2025-09-24T12:13:31.000000+0000,2025-09-24T12:10:43.000000+0000,168
2025-11-08T02:30:51.000000+0000,2025-11-08T02:28:03.000000+0000,168
2025-11-22T04:08:38.000000+0000,2025-11-22T04:05:50.000000+0000,168
2025-11-24T16:20:55.000000+0000,2025-11-24T16:18:07.000000+0000,168
2025-12-19T04:30:49.000000+0000,2025-12-19T04:28:01.000000+0000,168
2025-12-20T01:30:49.000000+0000,2025-12-20T01:28:01.000000+0000,168
2025-12-26T08:23:32.000000+0000,2025-12-26T08:20:44.000000+0000,168
2025-12-30T19:30:48.000000+0000,2025-12-30T19:28:00.000000+0000,168
2025-12-31T10:30:49.000000+0000,2025-12-31T10:28:01.000000+0000,168
2026-01-03T05:23:31.000000+0000,2026-01-03T05:20:43.000000+0000,168
2026-01-04T23:23:30.000000+0000,2026-01-04T23:20:42.000000+0000,168
2026-01-06T10:23:32.000000+0000,2026-01-06T10:20:44.000000+0000,168
2026-01-27T18:00:50.000000+0000,2026-01-27T17:58:02.000000+0000,168
2026-03-28T10:03:31.000000+0000,2026-03-28T10:00:43.000000+0000,168
2025-05-31T16:04:37.000000+0000,2025-05-31T16:01:50.000000+0000,167
2025-06-03T14:04:35.000000+0000,2025-06-03T14:01:48.000000+0000,167
2025-06-06T00:40:51.000000+0000,2025-06-06T00:38:04.000000+0000,167
2025-06-11T00:23:33.000000+0000,2025-06-11T00:20:46.000000+0000,167
2025-09-13T09:30:51.000000+0000,2025-09-13T09:28:04.000000+0000,167
2025-09-27T02:30:51.000000+0000,2025-09-27T02:28:04.000000+0000,167
2025-10-01T22:11:36.000000+0000,2025-10-01T22:08:49.000000+0000,167
2025-11-24T01:28:32.000000+0000,2025-11-24T01:25:45.000000+0000,167
2025-12-13T22:30:49.000000+0000,2025-12-13T22:28:02.000000+0000,167
2025-12-21T19:30:50.000000+0000,2025-12-21T19:28:03.000000+0000,167
2025-12-28T19:30:49.000000+0000,2025-12-28T19:28:02.000000+0000,167
2025-12-29T17:13:32.000000+0000,2025-12-29T17:10:45.000000+0000,167
2025-12-30T00:13:31.000000+0000,2025-12-30T00:10:44.000000+0000,167
2025-12-31T17:30:49.000000+0000,2025-12-31T17:28:02.000000+0000,167
2026-01-12T09:30:49.000000+0000,2026-01-12T09:28:02.000000+0000,167
2026-02-23T08:03:31.000000+0000,2026-02-23T08:00:44.000000+0000,167
2026-04-30T23:00:47.000000+0000,2026-04-30T22:58:00.000000+0000,167
2026-05-02T03:00:47.000000+0000,2026-05-02T02:58:00.000000+0000,167
2026-05-14T21:25:47.000000+0000,2026-05-14T21:23:00.000000+0000,167
2026-05-28T02:00:47.000000+0000,2026-05-28T01:58:00.000000+0000,167
2025-06-02T16:53:32.000000+0000,2025-06-02T16:50:46.000000+0000,166
2025-06-07T02:13:33.000000+0000,2025-06-07T02:10:47.000000+0000,166
2025-07-08T00:30:46.000000+0000,2025-07-08T00:28:00.000000+0000,166
2025-09-14T06:30:50.000000+0000,2025-09-14T06:28:04.000000+0000,166
2025-09-16T21:30:50.000000+0000,2025-09-16T21:28:04.000000+0000,166
2025-11-05T22:43:32.000000+0000,2025-11-05T22:40:46.000000+0000,166
2025-11-06T05:10:47.000000+0000,2025-11-06T05:08:01.000000+0000,166
2025-11-10T00:10:47.000000+0000,2025-11-10T00:08:01.000000+0000,166
2025-11-13T19:43:32.000000+0000,2025-11-13T19:40:46.000000+0000,166
2025-11-14T09:23:32.000000+0000,2025-11-14T09:20:46.000000+0000,166
2025-11-16T13:40:48.000000+0000,2025-11-16T13:38:02.000000+0000,166
2025-11-22T14:16:47.000000+0000,2025-11-22T14:14:01.000000+0000,166
2025-11-27T07:40:51.000000+0000,2025-11-27T07:38:05.000000+0000,166
2025-12-16T07:13:32.000000+0000,2025-12-16T07:10:46.000000+0000,166
2025-12-24T11:13:30.000000+0000,2025-12-24T11:10:44.000000+0000,166
2026-01-06T20:30:48.000000+0000,2026-01-06T20:28:02.000000+0000,166
2026-01-08T07:30:49.000000+0000,2026-01-08T07:28:03.000000+0000,166
2025-05-31T23:13:31.000000+0000,2025-05-31T23:10:46.000000+0000,165
2025-06-02T23:53:31.000000+0000,2025-06-02T23:50:46.000000+0000,165
2025-06-09T17:13:32.000000+0000,2025-06-09T17:10:47.000000+0000,165
2025-06-10T21:04:32.000000+0000,2025-06-10T21:01:47.000000+0000,165
2025-06-12T00:52:53.000000+0000,2025-06-12T00:50:08.000000+0000,165
2025-06-23T10:30:46.000000+0000,2025-06-23T10:28:01.000000+0000,165
2025-07-01T14:30:45.000000+0000,2025-07-01T14:28:00.000000+0000,165
2025-07-04T12:30:46.000000+0000,2025-07-04T12:28:01.000000+0000,165
2025-09-19T16:24:34.000000+0000,2025-09-19T16:21:49.000000+0000,165
2025-11-03T07:43:32.000000+0000,2025-11-03T07:40:47.000000+0000,165
2025-11-08T06:10:46.000000+0000,2025-11-08T06:08:01.000000+0000,165
2025-11-09T03:43:32.000000+0000,2025-11-09T03:40:47.000000+0000,165
2025-11-21T22:31:47.000000+0000,2025-11-21T22:29:02.000000+0000,165
2025-11-24T16:33:47.000000+0000,2025-11-24T16:31:02.000000+0000,165
2025-11-30T05:02:17.000000+0000,2025-11-30T04:59:32.000000+0000,165
2025-11-30T23:20:52.000000+0000,2025-11-30T23:18:07.000000+0000,165
2025-12-22T13:10:46.000000+0000,2025-12-22T13:08:01.000000+0000,165
2025-12-24T07:43:31.000000+0000,2025-12-24T07:40:46.000000+0000,165
2026-04-27T05:03:32.000000+0000,2026-04-27T05:00:47.000000+0000,165
2026-05-09T11:03:32.000000+0000,2026-05-09T11:00:47.000000+0000,165
2026-05-15T09:30:46.000000+0000,2026-05-15T09:28:01.000000+0000,165
2025-05-22T11:33:32.000000+0000,2025-05-22T11:30:48.000000+0000,164
2025-05-23T22:33:31.000000+0000,2025-05-23T22:30:47.000000+0000,164
2025-05-29T11:33:33.000000+0000,2025-05-29T11:30:49.000000+0000,164
2025-06-03T03:43:32.000000+0000,2025-06-03T03:40:48.000000+0000,164
2025-06-07T05:34:04.000000+0000,2025-06-07T05:31:20.000000+0000,164
2025-06-20T12:30:46.000000+0000,2025-06-20T12:28:02.000000+0000,164
2025-06-26T15:30:46.000000+0000,2025-06-26T15:28:02.000000+0000,164
2025-07-02T04:30:45.000000+0000,2025-07-02T04:28:01.000000+0000,164
2025-07-06T20:30:45.000000+0000,2025-07-06T20:28:01.000000+0000,164
2025-07-08T14:30:46.000000+0000,2025-07-08T14:28:02.000000+0000,164
2025-08-19T14:30:46.000000+0000,2025-08-19T14:28:02.000000+0000,164
2025-09-03T04:30:46.000000+0000,2025-09-03T04:28:02.000000+0000,164
2025-10-20T10:30:45.000000+0000,2025-10-20T10:28:01.000000+0000,164
2025-10-20T17:30:46.000000+0000,2025-10-20T17:28:02.000000+0000,164
2025-11-23T09:31:47.000000+0000,2025-11-23T09:29:03.000000+0000,164
2025-11-30T13:23:32.000000+0000,2025-11-30T13:20:48.000000+0000,164
2025-12-14T09:10:45.000000+0000,2025-12-14T09:08:01.000000+0000,164
2026-01-17T16:30:46.000000+0000,2026-01-17T16:28:02.000000+0000,164
2026-02-01T20:30:46.000000+0000,2026-02-01T20:28:02.000000+0000,164
2026-04-29T06:03:31.000000+0000,2026-04-29T06:00:47.000000+0000,164
2026-05-15T02:30:45.000000+0000,2026-05-15T02:28:01.000000+0000,164
2025-05-30T15:33:32.000000+0000,2025-05-30T15:30:49.000000+0000,163
2025-06-02T20:10:47.000000+0000,2025-06-02T20:08:04.000000+0000,163
2025-06-07T23:13:31.000000+0000,2025-06-07T23:10:48.000000+0000,163
2025-06-08T13:04:01.000000+0000,2025-06-08T13:01:18.000000+0000,163
2025-06-12T03:10:46.000000+0000,2025-06-12T03:08:03.000000+0000,163
2025-06-24T07:30:46.000000+0000,2025-06-24T07:28:03.000000+0000,163
2025-07-02T18:30:45.000000+0000,2025-07-02T18:28:02.000000+0000,163
2025-07-05T02:30:45.000000+0000,2025-07-05T02:28:02.000000+0000,163
2025-07-06T13:30:45.000000+0000,2025-07-06T13:28:02.000000+0000,163
2025-07-13T20:30:45.000000+0000,2025-07-13T20:28:02.000000+0000,163
2025-07-23T04:30:46.000000+0000,2025-07-23T04:28:03.000000+0000,163
2025-08-01T05:30:45.000000+0000,2025-08-01T05:28:02.000000+0000,163
2025-08-05T07:30:46.000000+0000,2025-08-05T07:28:03.000000+0000,163
2025-08-05T14:30:46.000000+0000,2025-08-05T14:28:03.000000+0000,163
2025-08-10T20:30:46.000000+0000,2025-08-10T20:28:03.000000+0000,163
2025-08-11T17:30:46.000000+0000,2025-08-11T17:28:03.000000+0000,163
2025-08-14T22:30:45.000000+0000,2025-08-14T22:28:02.000000+0000,163
2025-10-23T22:30:44.000000+0000,2025-10-23T22:28:01.000000+0000,163
2025-10-28T00:30:47.000000+0000,2025-10-28T00:28:04.000000+0000,163
2025-10-28T07:30:47.000000+0000,2025-10-28T07:28:04.000000+0000,163
2025-11-08T01:20:46.000000+0000,2025-11-08T01:18:03.000000+0000,163
2025-11-17T00:10:46.000000+0000,2025-11-17T00:08:03.000000+0000,163
2025-11-24T23:41:19.000000+0000,2025-11-24T23:38:36.000000+0000,163
2025-11-26T07:11:18.000000+0000,2025-11-26T07:08:35.000000+0000,163
2025-11-28T15:53:35.000000+0000,2025-11-28T15:50:52.000000+0000,163
2025-12-13T01:44:31.000000+0000,2025-12-13T01:41:48.000000+0000,163
2025-12-24T14:10:45.000000+0000,2025-12-24T14:08:02.000000+0000,163
2026-01-22T01:30:45.000000+0000,2026-01-22T01:28:02.000000+0000,163
2026-02-20T16:00:44.000000+0000,2026-02-20T15:58:01.000000+0000,163
2026-03-05T12:00:44.000000+0000,2026-03-05T11:58:01.000000+0000,163
2026-04-04T14:00:44.000000+0000,2026-04-04T13:58:01.000000+0000,163
2026-05-15T16:30:46.000000+0000,2026-05-15T16:28:03.000000+0000,163
2026-05-17T03:30:45.000000+0000,2026-05-17T03:28:02.000000+0000,163
2026-05-29T02:30:43.000000+0000,2026-05-29T02:28:00.000000+0000,163
2025-06-23T17:30:45.000000+0000,2025-06-23T17:28:03.000000+0000,162
2025-07-13T13:30:45.000000+0000,2025-07-13T13:28:03.000000+0000,162
2025-07-20T13:30:45.000000+0000,2025-07-20T13:28:03.000000+0000,162
2025-07-24T08:30:46.000000+0000,2025-07-24T08:28:04.000000+0000,162
2025-07-26T16:30:46.000000+0000,2025-07-26T16:28:04.000000+0000,162
2025-07-29T21:30:45.000000+0000,2025-07-29T21:28:03.000000+0000,162
2025-07-30T18:30:46.000000+0000,2025-07-30T18:28:04.000000+0000,162
2025-08-02T02:30:45.000000+0000,2025-08-02T02:28:03.000000+0000,162
2025-08-02T09:30:46.000000+0000,2025-08-02T09:28:04.000000+0000,162
2025-08-07T15:30:46.000000+0000,2025-08-07T15:28:04.000000+0000,162
2025-08-08T05:30:46.000000+0000,2025-08-08T05:28:04.000000+0000,162
2025-08-10T13:30:46.000000+0000,2025-08-10T13:28:04.000000+0000,162
2025-08-11T03:30:46.000000+0000,2025-08-11T03:28:04.000000+0000,162
2025-08-13T04:30:46.000000+0000,2025-08-13T04:28:04.000000+0000,162
2025-08-13T11:30:46.000000+0000,2025-08-13T11:28:04.000000+0000,162
2025-08-25T17:30:46.000000+0000,2025-08-25T17:28:04.000000+0000,162
2025-08-27T04:30:46.000000+0000,2025-08-27T04:28:04.000000+0000,162
2025-08-27T18:30:45.000000+0000,2025-08-27T18:28:03.000000+0000,162
2025-08-28T15:30:46.000000+0000,2025-08-28T15:28:04.000000+0000,162
2025-09-02T00:30:46.000000+0000,2025-09-02T00:28:04.000000+0000,162
2025-09-20T20:33:31.000000+0000,2025-09-20T20:30:49.000000+0000,162
2025-11-26T21:23:32.000000+0000,2025-11-26T21:20:50.000000+0000,162
2025-11-30T23:45:45.000000+0000,2025-11-30T23:43:03.000000+0000,162
2025-12-13T16:01:42.000000+0000,2025-12-13T15:59:00.000000+0000,162
2025-12-14T05:40:44.000000+0000,2025-12-14T05:38:02.000000+0000,162
2025-12-21T09:10:45.000000+0000,2025-12-21T09:08:03.000000+0000,162
2026-01-04T11:20:44.000000+0000,2026-01-04T11:18:02.000000+0000,162
2026-01-05T18:50:42.000000+0000,2026-01-05T18:48:00.000000+0000,162
2026-01-13T06:30:44.000000+0000,2026-01-13T06:28:02.000000+0000,162
2026-01-29T22:30:44.000000+0000,2026-01-29T22:28:02.000000+0000,162
2026-02-10T18:00:44.000000+0000,2026-02-10T17:58:02.000000+0000,162
2026-04-22T07:03:30.000000+0000,2026-04-22T07:00:48.000000+0000,162
2026-05-27T15:30:42.000000+0000,2026-05-27T15:28:00.000000+0000,162
2025-06-01T06:04:52.000000+0000,2025-06-01T06:02:11.000000+0000,161
2025-06-05T15:13:31.000000+0000,2025-06-05T15:10:50.000000+0000,161
2025-06-21T16:30:45.000000+0000,2025-06-21T16:28:04.000000+0000,161
2025-07-17T01:30:45.000000+0000,2025-07-17T01:28:04.000000+0000,161
2025-07-22T14:30:45.000000+0000,2025-07-22T14:28:04.000000+0000,161
2025-08-12T21:30:45.000000+0000,2025-08-12T21:28:04.000000+0000,161
2025-08-16T02:30:45.000000+0000,2025-08-16T02:28:04.000000+0000,161
2025-09-26T09:10:43.000000+0000,2025-09-26T09:08:02.000000+0000,161
2025-10-16T01:30:43.000000+0000,2025-10-16T01:28:02.000000+0000,161
2025-11-09T17:45:42.000000+0000,2025-11-09T17:43:01.000000+0000,161
2025-11-10T14:31:43.000000+0000,2025-11-10T14:29:02.000000+0000,161
2025-12-03T15:46:47.000000+0000,2025-12-03T15:44:06.000000+0000,161
2025-12-17T11:01:43.000000+0000,2025-12-17T10:59:02.000000+0000,161
2026-02-14T20:00:43.000000+0000,2026-02-14T19:58:02.000000+0000,161
2026-02-19T05:00:43.000000+0000,2026-02-19T04:58:02.000000+0000,161
2026-03-20T17:00:43.000000+0000,2026-03-20T16:58:02.000000+0000,161
2026-04-16T07:03:31.000000+0000,2026-04-16T07:00:50.000000+0000,161
2026-05-08T02:30:41.000000+0000,2026-05-08T02:28:00.000000+0000,161
2026-05-12T11:30:41.000000+0000,2026-05-12T11:28:00.000000+0000,161
2026-05-27T00:30:41.000000+0000,2026-05-27T00:28:00.000000+0000,161
2025-05-17T05:03:33.000000+0000,2025-05-17T05:00:53.000000+0000,160
2025-06-03T10:21:43.000000+0000,2025-06-03T10:19:03.000000+0000,160
2025-06-04T07:33:34.000000+0000,2025-06-04T07:30:54.000000+0000,160
2025-06-06T08:33:33.000000+0000,2025-06-06T08:30:53.000000+0000,160
2025-11-04T00:31:12.000000+0000,2025-11-04T00:28:32.000000+0000,160
2025-11-04T04:00:10.000000+0000,2025-11-04T03:57:30.000000+0000,160
2025-11-25T19:06:51.000000+0000,2025-11-25T19:04:11.000000+0000,160
2025-12-16T05:20:41.000000+0000,2025-12-16T05:18:01.000000+0000,160
2025-12-17T14:10:41.000000+0000,2025-12-17T14:08:01.000000+0000,160
2025-12-19T13:46:40.000000+0000,2025-12-19T13:44:00.000000+0000,160
2026-01-08T11:10:41.000000+0000,2026-01-08T11:08:01.000000+0000,160
2026-01-26T00:20:41.000000+0000,2026-01-26T00:18:01.000000+0000,160
2026-02-21T20:00:43.000000+0000,2026-02-21T19:58:03.000000+0000,160
2026-04-18T17:30:41.000000+0000,2026-04-18T17:28:01.000000+0000,160
2026-05-03T10:30:40.000000+0000,2026-05-03T10:28:00.000000+0000,160
2026-05-13T01:30:40.000000+0000,2026-05-13T01:28:00.000000+0000,160
2025-06-04T21:33:32.000000+0000,2025-06-04T21:30:53.000000+0000,159
2025-06-06T19:04:49.000000+0000,2025-06-06T19:02:10.000000+0000,159
2025-09-18T12:10:40.000000+0000,2025-09-18T12:08:01.000000+0000,159
2025-10-15T04:30:42.000000+0000,2025-10-15T04:28:03.000000+0000,159
2025-10-25T23:30:43.000000+0000,2025-10-25T23:28:04.000000+0000,159
2025-10-30T12:00:10.000000+0000,2025-10-30T11:57:31.000000+0000,159
2025-10-31T16:00:10.000000+0000,2025-10-31T15:57:31.000000+0000,159
2025-10-31T23:00:10.000000+0000,2025-10-31T22:57:31.000000+0000,159
2025-11-10T22:45:41.000000+0000,2025-11-10T22:43:02.000000+0000,159
2025-11-13T05:31:42.000000+0000,2025-11-13T05:29:03.000000+0000,159
2025-11-17T07:00:10.000000+0000,2025-11-17T06:57:31.000000+0000,159
2025-11-28T00:01:10.000000+0000,2025-11-27T23:58:31.000000+0000,159
2025-11-30T19:41:16.000000+0000,2025-11-30T19:38:37.000000+0000,159
2025-12-01T06:11:13.000000+0000,2025-12-01T06:08:34.000000+0000,159
2025-12-02T12:07:48.000000+0000,2025-12-02T12:05:09.000000+0000,159
2025-12-03T21:12:13.000000+0000,2025-12-03T21:09:34.000000+0000,159
2025-12-14T16:10:41.000000+0000,2025-12-14T16:08:02.000000+0000,159
2025-12-25T18:10:41.000000+0000,2025-12-25T18:08:02.000000+0000,159
2026-01-08T16:50:40.000000+0000,2026-01-08T16:48:01.000000+0000,159
2026-01-09T04:40:41.000000+0000,2026-01-09T04:38:02.000000+0000,159
2026-01-17T09:40:40.000000+0000,2026-01-17T09:38:01.000000+0000,159
2026-02-15T06:30:40.000000+0000,2026-02-15T06:28:01.000000+0000,159
2026-03-04T11:30:40.000000+0000,2026-03-04T11:28:01.000000+0000,159
2026-05-22T20:10:39.000000+0000,2026-05-22T20:08:00.000000+0000,159
2025-05-22T15:03:32.000000+0000,2025-05-22T15:00:54.000000+0000,158
2025-06-08T06:46:40.000000+0000,2025-06-08T06:44:02.000000+0000,158
2025-06-08T09:33:32.000000+0000,2025-06-08T09:30:54.000000+0000,158
2025-06-09T03:04:32.000000+0000,2025-06-09T03:01:54.000000+0000,158
2025-10-30T19:00:10.000000+0000,2025-10-30T18:57:32.000000+0000,158
2025-10-31T02:00:09.000000+0000,2025-10-31T01:57:31.000000+0000,158
2025-11-01T20:00:09.000000+0000,2025-11-01T19:57:31.000000+0000,158
2025-11-04T18:00:09.000000+0000,2025-11-04T17:57:31.000000+0000,158
2025-11-05T08:00:10.000000+0000,2025-11-05T07:57:32.000000+0000,158
2025-11-08T16:31:09.000000+0000,2025-11-08T16:28:31.000000+0000,158
2025-11-11T21:31:09.000000+0000,2025-11-11T21:28:31.000000+0000,158
2025-11-12T08:00:10.000000+0000,2025-11-12T07:57:32.000000+0000,158
2025-11-14T05:31:10.000000+0000,2025-11-14T05:28:32.000000+0000,158
2025-11-14T19:31:09.000000+0000,2025-11-14T19:28:31.000000+0000,158
2025-11-18T11:11:10.000000+0000,2025-11-18T11:08:32.000000+0000,158
2025-11-19T21:31:39.000000+0000,2025-11-19T21:29:01.000000+0000,158
2025-11-22T19:00:10.000000+0000,2025-11-22T18:57:32.000000+0000,158
2025-11-25T10:00:10.000000+0000,2025-11-25T09:57:32.000000+0000,158
2025-11-28T01:11:12.000000+0000,2025-11-28T01:08:34.000000+0000,158
2025-11-30T08:11:13.000000+0000,2025-11-30T08:08:35.000000+0000,158
2025-11-30T16:00:11.000000+0000,2025-11-30T15:57:33.000000+0000,158
2025-12-01T12:11:12.000000+0000,2025-12-01T12:08:34.000000+0000,158
2025-12-02T20:30:10.000000+0000,2025-12-02T20:27:32.000000+0000,158
2025-12-13T12:00:09.000000+0000,2025-12-13T11:57:31.000000+0000,158
2026-01-01T11:10:41.000000+0000,2026-01-01T11:08:03.000000+0000,158
2026-01-05T20:00:09.000000+0000,2026-01-05T19:57:31.000000+0000,158
2026-02-14T09:30:40.000000+0000,2026-02-14T09:28:02.000000+0000,158
2026-02-18T11:30:39.000000+0000,2026-02-18T11:28:01.000000+0000,158
2026-02-20T12:30:40.000000+0000,2026-02-20T12:28:02.000000+0000,158
2026-03-01T06:30:39.000000+0000,2026-03-01T06:28:01.000000+0000,158
2026-03-23T18:30:39.000000+0000,2026-03-23T18:28:01.000000+0000,158
2026-04-04T10:30:39.000000+0000,2026-04-04T10:28:01.000000+0000,158
2026-05-18T00:20:40.000000+0000,2026-05-18T00:18:02.000000+0000,158
2026-05-18T11:10:40.000000+0000,2026-05-18T11:08:02.000000+0000,158
2026-05-24T03:40:38.000000+0000,2026-05-24T03:38:00.000000+0000,158
2026-05-24T17:40:38.000000+0000,2026-05-24T17:38:00.000000+0000,158
2025-06-01T20:02:47.000000+0000,2025-06-01T20:00:10.000000+0000,157
2025-06-08T12:51:39.000000+0000,2025-06-08T12:49:02.000000+0000,157
2025-09-13T06:00:08.000000+0000,2025-09-13T05:57:31.000000+0000,157
2025-09-13T20:00:08.000000+0000,2025-09-13T19:57:31.000000+0000,157
2025-09-15T03:31:37.000000+0000,2025-09-15T03:29:00.000000+0000,157
2025-09-17T08:00:08.000000+0000,2025-09-17T07:57:31.000000+0000,157
2025-09-18T22:31:09.000000+0000,2025-09-18T22:28:32.000000+0000,157
2025-09-19T12:31:10.000000+0000,2025-09-19T12:28:33.000000+0000,157
2025-09-21T20:30:08.000000+0000,2025-09-21T20:27:31.000000+0000,157
2025-09-25T01:30:08.000000+0000,2025-09-25T01:27:31.000000+0000,157
2025-09-27T09:30:08.000000+0000,2025-09-27T09:27:31.000000+0000,157
2025-09-28T06:30:08.000000+0000,2025-09-28T06:27:31.000000+0000,157
2025-09-28T13:31:09.000000+0000,2025-09-28T13:28:32.000000+0000,157
2025-09-29T00:00:09.000000+0000,2025-09-28T23:57:32.000000+0000,157
2025-09-29T21:00:08.000000+0000,2025-09-29T20:57:31.000000+0000,157
2025-10-02T12:10:41.000000+0000,2025-10-02T12:08:04.000000+0000,157
2025-11-01T13:00:09.000000+0000,2025-11-01T12:57:32.000000+0000,157
2025-11-01T23:31:09.000000+0000,2025-11-01T23:28:32.000000+0000,157
2025-11-04T11:00:09.000000+0000,2025-11-04T10:57:32.000000+0000,157
2025-11-05T01:00:09.000000+0000,2025-11-05T00:57:32.000000+0000,157
2025-11-05T15:00:08.000000+0000,2025-11-05T14:57:31.000000+0000,157
2025-11-07T09:31:39.000000+0000,2025-11-07T09:29:02.000000+0000,157
2025-11-07T12:31:09.000000+0000,2025-11-07T12:28:32.000000+0000,157
2025-11-09T14:05:39.000000+0000,2025-11-09T14:03:02.000000+0000,157
2025-11-13T12:35:37.000000+0000,2025-11-13T12:33:00.000000+0000,157
2025-11-17T03:31:09.000000+0000,2025-11-17T03:28:32.000000+0000,157
2025-11-20T19:56:40.000000+0000,2025-11-20T19:54:03.000000+0000,157
2025-12-24T00:00:09.000000+0000,2025-12-23T23:57:32.000000+0000,157
2026-01-01T21:31:08.000000+0000,2026-01-01T21:28:31.000000+0000,157
2026-01-21T08:10:38.000000+0000,2026-01-21T08:08:01.000000+0000,157
2026-01-21T15:00:07.000000+0000,2026-01-21T14:57:30.000000+0000,157
2026-01-24T06:10:38.000000+0000,2026-01-24T06:08:01.000000+0000,157
2026-01-27T11:10:38.000000+0000,2026-01-27T11:08:01.000000+0000,157
2026-02-16T17:30:39.000000+0000,2026-02-16T17:28:02.000000+0000,157
2026-04-15T19:40:38.000000+0000,2026-04-15T19:38:01.000000+0000,157
2026-05-03T16:05:37.000000+0000,2026-05-03T16:03:00.000000+0000,157
2026-05-13T17:50:39.000000+0000,2026-05-13T17:48:02.000000+0000,157
2025-05-17T12:03:30.000000+0000,2025-05-17T12:00:54.000000+0000,156
2025-05-30T19:03:34.000000+0000,2025-05-30T19:00:58.000000+0000,156
2025-05-31T08:51:38.000000+0000,2025-05-31T08:49:02.000000+0000,156
2025-06-07T05:21:41.000000+0000,2025-06-07T05:19:05.000000+0000,156
2025-07-23T07:50:37.000000+0000,2025-07-23T07:48:01.000000+0000,156
2025-08-13T01:10:40.000000+0000,2025-08-13T01:08:04.000000+0000,156
2025-09-15T07:00:08.000000+0000,2025-09-15T06:57:32.000000+0000,156
2025-09-20T02:30:08.000000+0000,2025-09-20T02:27:32.000000+0000,156
2025-09-21T06:30:07.000000+0000,2025-09-21T06:27:31.000000+0000,156
2025-09-26T05:30:08.000000+0000,2025-09-26T05:27:32.000000+0000,156
2025-09-30T00:41:08.000000+0000,2025-09-30T00:38:32.000000+0000,156
2025-09-30T18:00:09.000000+0000,2025-09-30T17:57:33.000000+0000,156
2025-10-01T01:00:09.000000+0000,2025-10-01T00:57:33.000000+0000,156
2025-10-01T15:11:37.000000+0000,2025-10-01T15:09:01.000000+0000,156
2025-10-02T01:30:07.000000+0000,2025-10-02T01:27:31.000000+0000,156
2025-10-02T08:30:08.000000+0000,2025-10-02T08:27:32.000000+0000,156
2025-10-28T21:30:07.000000+0000,2025-10-28T21:27:31.000000+0000,156
2025-11-02T03:00:08.000000+0000,2025-11-02T02:57:32.000000+0000,156
2025-11-02T10:00:07.000000+0000,2025-11-02T09:57:31.000000+0000,156
2025-11-03T21:00:07.000000+0000,2025-11-03T20:57:31.000000+0000,156
2025-11-04T07:30:07.000000+0000,2025-11-04T07:27:31.000000+0000,156
2025-11-06T19:00:07.000000+0000,2025-11-06T18:57:31.000000+0000,156
2025-11-10T21:00:09.000000+0000,2025-11-10T20:57:33.000000+0000,156
2025-11-12T22:35:36.000000+0000,2025-11-12T22:33:00.000000+0000,156
2025-11-15T02:30:07.000000+0000,2025-11-15T02:27:31.000000+0000,156
2025-11-18T20:30:07.000000+0000,2025-11-18T20:27:31.000000+0000,156
2025-11-21T17:41:11.000000+0000,2025-11-21T17:38:35.000000+0000,156
2025-11-23T02:11:13.000000+0000,2025-11-23T02:08:37.000000+0000,156
2025-11-24T01:41:11.000000+0000,2025-11-24T01:38:35.000000+0000,156
2025-11-24T06:00:11.000000+0000,2025-11-24T05:57:35.000000+0000,156
2025-11-29T05:21:40.000000+0000,2025-11-29T05:19:04.000000+0000,156
2025-11-29T17:36:41.000000+0000,2025-11-29T17:34:05.000000+0000,156
2025-12-03T05:26:07.000000+0000,2025-12-03T05:23:31.000000+0000,156
2025-12-03T10:51:15.000000+0000,2025-12-03T10:48:39.000000+0000,156
2025-12-12T15:00:07.000000+0000,2025-12-12T14:57:31.000000+0000,156
2025-12-16T03:00:07.000000+0000,2025-12-16T02:57:31.000000+0000,156
2025-12-26T15:10:06.000000+0000,2025-12-26T15:07:30.000000+0000,156
2025-12-30T03:00:07.000000+0000,2025-12-30T02:57:31.000000+0000,156
2026-01-01T07:31:07.000000+0000,2026-01-01T07:28:31.000000+0000,156
2026-01-05T09:30:06.000000+0000,2026-01-05T09:27:30.000000+0000,156
2026-01-12T06:00:07.000000+0000,2026-01-12T05:57:31.000000+0000,156
2026-01-14T15:01:07.000000+0000,2026-01-14T14:58:31.000000+0000,156
2026-01-17T23:40:38.000000+0000,2026-01-17T23:38:02.000000+0000,156
2026-01-23T02:10:38.000000+0000,2026-01-23T02:08:02.000000+0000,156
2026-01-23T16:10:38.000000+0000,2026-01-23T16:08:02.000000+0000,156
2026-01-27T00:30:06.000000+0000,2026-01-27T00:27:30.000000+0000,156
2026-01-27T04:00:07.000000+0000,2026-01-27T03:57:31.000000+0000,156
2026-01-29T05:00:07.000000+0000,2026-01-29T04:57:31.000000+0000,156
2026-02-26T12:00:06.000000+0000,2026-02-26T11:57:30.000000+0000,156
2026-03-15T14:30:39.000000+0000,2026-03-15T14:28:03.000000+0000,156
2026-03-30T14:30:39.000000+0000,2026-03-30T14:28:03.000000+0000,156
2026-04-15T10:00:07.000000+0000,2026-04-15T09:57:31.000000+0000,156
2026-04-23T07:10:36.000000+0000,2026-04-23T07:08:00.000000+0000,156
2026-05-01T09:40:36.000000+0000,2026-05-01T09:38:00.000000+0000,156
2026-05-05T01:10:36.000000+0000,2026-05-05T01:08:00.000000+0000,156
2026-05-10T00:00:08.000000+0000,2026-05-09T23:57:32.000000+0000,156
2026-05-15T06:31:36.000000+0000,2026-05-15T06:29:00.000000+0000,156
2026-05-19T22:10:36.000000+0000,2026-05-19T22:08:00.000000+0000,156
2026-05-24T07:10:37.000000+0000,2026-05-24T07:08:01.000000+0000,156
2026-05-26T15:01:08.000000+0000,2026-05-26T14:58:32.000000+0000,156
2026-05-27T22:40:37.000000+0000,2026-05-27T22:38:01.000000+0000,156
2025-05-29T21:51:38.000000+0000,2025-05-29T21:49:03.000000+0000,155
2025-05-30T20:46:39.000000+0000,2025-05-30T20:44:04.000000+0000,155
2025-06-06T03:50:07.000000+0000,2025-06-06T03:47:32.000000+0000,155
2025-06-08T02:21:37.000000+0000,2025-06-08T02:19:02.000000+0000,155
2025-08-14T01:30:07.000000+0000,2025-08-14T01:27:32.000000+0000,155
2025-09-12T05:31:07.000000+0000,2025-09-12T05:28:32.000000+0000,155
2025-09-13T02:30:08.000000+0000,2025-09-13T02:27:33.000000+0000,155
2025-09-15T10:31:07.000000+0000,2025-09-15T10:28:32.000000+0000,155
2025-09-24T04:41:36.000000+0000,2025-09-24T04:39:01.000000+0000,155
2025-09-26T12:30:08.000000+0000,2025-09-26T12:27:33.000000+0000,155
2025-09-27T23:30:07.000000+0000,2025-09-27T23:27:32.000000+0000,155
2025-09-29T07:11:38.000000+0000,2025-09-29T07:09:03.000000+0000,155
2025-10-01T12:03:33.000000+0000,2025-10-01T12:00:58.000000+0000,155
2025-10-23T19:00:07.000000+0000,2025-10-23T18:57:32.000000+0000,155
2025-10-24T02:00:08.000000+0000,2025-10-24T01:57:33.000000+0000,155
2025-11-02T13:30:07.000000+0000,2025-11-02T13:27:32.000000+0000,155
2025-11-04T21:30:07.000000+0000,2025-11-04T21:27:32.000000+0000,155
2025-11-05T11:30:07.000000+0000,2025-11-05T11:27:32.000000+0000,155
2025-11-12T04:40:06.000000+0000,2025-11-12T04:37:31.000000+0000,155
2025-11-12T05:05:36.000000+0000,2025-11-12T05:03:01.000000+0000,155
2025-11-21T11:30:10.000000+0000,2025-11-21T11:27:35.000000+0000,155
2025-11-22T08:30:09.000000+0000,2025-11-22T08:27:34.000000+0000,155
2025-11-23T19:30:08.000000+0000,2025-11-23T19:27:33.000000+0000,155
2025-11-25T15:46:40.000000+0000,2025-11-25T15:44:05.000000+0000,155
2025-11-26T17:30:08.000000+0000,2025-11-26T17:27:33.000000+0000,155
2025-11-27T23:35:41.000000+0000,2025-11-27T23:33:06.000000+0000,155
2025-12-01T08:06:46.000000+0000,2025-12-01T08:04:11.000000+0000,155
2025-12-01T22:16:40.000000+0000,2025-12-01T22:14:05.000000+0000,155
2025-12-02T08:40:07.000000+0000,2025-12-02T08:37:32.000000+0000,155
2025-12-09T19:10:06.000000+0000,2025-12-09T19:07:31.000000+0000,155
2025-12-12T22:00:07.000000+0000,2025-12-12T21:57:32.000000+0000,155
2025-12-13T19:11:06.000000+0000,2025-12-13T19:08:31.000000+0000,155
2025-12-16T17:00:07.000000+0000,2025-12-16T16:57:32.000000+0000,155
2025-12-16T20:40:05.000000+0000,2025-12-16T20:37:30.000000+0000,155
2025-12-19T08:31:36.000000+0000,2025-12-19T08:29:01.000000+0000,155
2025-12-20T15:31:06.000000+0000,2025-12-20T15:28:31.000000+0000,155
2025-12-20T19:10:06.000000+0000,2025-12-20T19:07:31.000000+0000,155
2025-12-22T02:41:06.000000+0000,2025-12-22T02:38:31.000000+0000,155
2025-12-28T02:00:07.000000+0000,2025-12-28T01:57:32.000000+0000,155
2025-12-28T05:31:06.000000+0000,2025-12-28T05:28:31.000000+0000,155
2026-01-01T14:30:06.000000+0000,2026-01-01T14:27:31.000000+0000,155
2026-01-03T08:30:06.000000+0000,2026-01-03T08:27:31.000000+0000,155
2026-01-03T22:31:06.000000+0000,2026-01-03T22:28:31.000000+0000,155
2026-01-05T23:31:06.000000+0000,2026-01-05T23:28:31.000000+0000,155
2026-01-07T03:30:06.000000+0000,2026-01-07T03:27:31.000000+0000,155
2026-01-09T05:05:35.000000+0000,2026-01-09T05:03:00.000000+0000,155
2026-01-09T18:30:06.000000+0000,2026-01-09T18:27:31.000000+0000,155
2026-01-10T12:10:06.000000+0000,2026-01-10T12:07:31.000000+0000,155
2026-01-10T22:30:06.000000+0000,2026-01-10T22:27:31.000000+0000,155
2026-01-11T19:30:06.000000+0000,2026-01-11T19:27:31.000000+0000,155
2026-01-12T02:40:06.000000+0000,2026-01-12T02:37:31.000000+0000,155
2026-01-12T13:11:06.000000+0000,2026-01-12T13:08:31.000000+0000,155
2026-01-21T11:30:06.000000+0000,2026-01-21T11:27:31.000000+0000,155
2026-01-24T09:40:38.000000+0000,2026-01-24T09:38:03.000000+0000,155
2026-01-25T20:30:06.000000+0000,2026-01-25T20:27:31.000000+0000,155
2026-01-28T01:00:07.000000+0000,2026-01-28T00:57:32.000000+0000,155
2026-01-28T08:10:38.000000+0000,2026-01-28T08:08:03.000000+0000,155
2026-02-18T01:00:06.000000+0000,2026-02-18T00:57:31.000000+0000,155
2026-04-21T13:10:05.000000+0000,2026-04-21T13:07:30.000000+0000,155
2026-04-23T10:50:37.000000+0000,2026-04-23T10:48:02.000000+0000,155
2026-05-03T00:00:08.000000+0000,2026-05-02T23:57:33.000000+0000,155
2026-05-04T04:00:07.000000+0000,2026-05-04T03:57:32.000000+0000,155
2026-05-09T17:10:36.000000+0000,2026-05-09T17:08:01.000000+0000,155
2026-05-12T22:10:35.000000+0000,2026-05-12T22:08:00.000000+0000,155
2026-05-13T19:00:07.000000+0000,2026-05-13T18:57:32.000000+0000,155
2026-05-14T16:00:07.000000+0000,2026-05-14T15:57:32.000000+0000,155
2026-05-15T13:10:05.000000+0000,2026-05-15T13:07:30.000000+0000,155
2026-05-17T14:00:07.000000+0000,2026-05-17T13:57:32.000000+0000,155
2025-06-01T20:15:07.000000+0000,2025-06-01T20:12:33.000000+0000,154
2025-06-03T13:52:06.000000+0000,2025-06-03T13:49:32.000000+0000,154
2025-06-03T20:52:06.000000+0000,2025-06-03T20:49:32.000000+0000,154
2025-06-07T15:52:06.000000+0000,2025-06-07T15:49:32.000000+0000,154
2025-06-09T13:22:05.000000+0000,2025-06-09T13:19:31.000000+0000,154
2025-06-09T17:25:37.000000+0000,2025-06-09T17:23:03.000000+0000,154
2025-06-09T19:42:07.000000+0000,2025-06-09T19:39:33.000000+0000,154
2025-06-10T20:51:37.000000+0000,2025-06-10T20:49:03.000000+0000,154
2025-06-11T18:36:07.000000+0000,2025-06-11T18:33:33.000000+0000,154
2025-07-31T08:30:07.000000+0000,2025-07-31T08:27:33.000000+0000,154
2025-08-09T02:30:07.000000+0000,2025-08-09T02:27:33.000000+0000,154
2025-08-19T07:31:04.000000+0000,2025-08-19T07:28:30.000000+0000,154
2025-08-19T21:30:07.000000+0000,2025-08-19T21:27:33.000000+0000,154
2025-09-12T19:31:07.000000+0000,2025-09-12T19:28:33.000000+0000,154
2025-09-18T08:31:07.000000+0000,2025-09-18T08:28:33.000000+0000,154
2025-09-18T15:30:07.000000+0000,2025-09-18T15:27:33.000000+0000,154
2025-09-23T00:30:07.000000+0000,2025-09-23T00:27:33.000000+0000,154
2025-09-23T07:31:37.000000+0000,2025-09-23T07:29:03.000000+0000,154
2025-09-25T08:30:07.000000+0000,2025-09-25T08:27:33.000000+0000,154
2025-09-27T16:30:07.000000+0000,2025-09-27T16:27:33.000000+0000,154
2025-10-17T19:30:06.000000+0000,2025-10-17T19:27:32.000000+0000,154
2025-10-19T20:30:06.000000+0000,2025-10-19T20:27:32.000000+0000,154
2025-10-27T07:00:07.000000+0000,2025-10-27T06:57:33.000000+0000,154
2025-11-02T17:11:05.000000+0000,2025-11-02T17:08:31.000000+0000,154
2025-11-03T03:41:05.000000+0000,2025-11-03T03:38:31.000000+0000,154
2025-11-03T10:30:07.000000+0000,2025-11-03T10:27:33.000000+0000,154
2025-11-03T14:11:05.000000+0000,2025-11-03T14:08:31.000000+0000,154
2025-11-08T23:32:06.000000+0000,2025-11-08T23:29:32.000000+0000,154
2025-11-09T13:40:06.000000+0000,2025-11-09T13:37:32.000000+0000,154
2025-11-10T03:42:05.000000+0000,2025-11-10T03:39:31.000000+0000,154
2025-11-13T08:40:06.000000+0000,2025-11-13T08:37:32.000000+0000,154
2025-11-14T23:11:06.000000+0000,2025-11-14T23:08:32.000000+0000,154
2025-11-17T19:26:05.000000+0000,2025-11-17T19:23:31.000000+0000,154
2025-11-20T04:32:06.000000+0000,2025-11-20T04:29:32.000000+0000,154
2025-11-20T07:20:06.000000+0000,2025-11-20T07:17:32.000000+0000,154
2025-11-24T09:44:44.000000+0000,2025-11-24T09:42:10.000000+0000,154
2025-11-29T03:40:07.000000+0000,2025-11-29T03:37:33.000000+0000,154
2025-12-03T17:30:10.000000+0000,2025-12-03T17:27:36.000000+0000,154
2025-12-03T21:24:43.000000+0000,2025-12-03T21:22:09.000000+0000,154
2025-12-12T04:30:06.000000+0000,2025-12-12T04:27:32.000000+0000,154
2025-12-12T23:45:05.000000+0000,2025-12-12T23:42:31.000000+0000,154
2025-12-13T05:11:05.000000+0000,2025-12-13T05:08:31.000000+0000,154
2025-12-15T13:11:06.000000+0000,2025-12-15T13:08:32.000000+0000,154
2025-12-15T14:45:05.000000+0000,2025-12-15T14:42:31.000000+0000,154
2025-12-15T20:11:05.000000+0000,2025-12-15T20:08:31.000000+0000,154
2025-12-17T00:25:05.000000+0000,2025-12-17T00:22:31.000000+0000,154
2025-12-17T07:10:06.000000+0000,2025-12-17T07:07:32.000000+0000,154
2025-12-17T17:41:05.000000+0000,2025-12-17T17:38:31.000000+0000,154
2025-12-22T14:55:05.000000+0000,2025-12-22T14:52:31.000000+0000,154
2025-12-23T13:41:06.000000+0000,2025-12-23T13:38:32.000000+0000,154
2025-12-24T05:15:05.000000+0000,2025-12-24T05:12:31.000000+0000,154
2025-12-25T11:11:34.000000+0000,2025-12-25T11:09:00.000000+0000,154
2025-12-26T22:11:05.000000+0000,2025-12-26T22:08:31.000000+0000,154
2025-12-27T05:10:06.000000+0000,2025-12-27T05:07:32.000000+0000,154
2025-12-27T15:32:05.000000+0000,2025-12-27T15:29:31.000000+0000,154
2025-12-28T09:11:05.000000+0000,2025-12-28T09:08:31.000000+0000,154
2025-12-28T16:00:07.000000+0000,2025-12-28T15:57:33.000000+0000,154
2025-12-29T09:31:06.000000+0000,2025-12-29T09:28:32.000000+0000,154
2025-12-31T01:45:05.000000+0000,2025-12-31T01:42:31.000000+0000,154
2026-01-02T18:31:06.000000+0000,2026-01-02T18:28:32.000000+0000,154
2026-01-03T12:25:05.000000+0000,2026-01-03T12:22:31.000000+0000,154
2026-01-04T19:30:06.000000+0000,2026-01-04T19:27:32.000000+0000,154
2026-01-05T02:30:06.000000+0000,2026-01-05T02:27:32.000000+0000,154
2026-01-05T13:11:05.000000+0000,2026-01-05T13:08:31.000000+0000,154
2026-01-05T21:45:05.000000+0000,2026-01-05T21:42:31.000000+0000,154
2026-01-06T13:40:06.000000+0000,2026-01-06T13:37:32.000000+0000,154
2026-01-07T14:11:06.000000+0000,2026-01-07T14:08:32.000000+0000,154
2026-01-07T17:31:05.000000+0000,2026-01-07T17:28:31.000000+0000,154
2026-01-08T14:30:06.000000+0000,2026-01-08T14:27:32.000000+0000,154
2026-01-09T15:00:07.000000+0000,2026-01-09T14:57:33.000000+0000,154
2026-01-09T22:11:05.000000+0000,2026-01-09T22:08:31.000000+0000,154
2026-01-09T23:45:05.000000+0000,2026-01-09T23:42:31.000000+0000,154
2026-01-11T16:00:07.000000+0000,2026-01-11T15:57:33.000000+0000,154
2026-01-12T23:30:07.000000+0000,2026-01-12T23:27:33.000000+0000,154
2026-01-13T01:50:06.000000+0000,2026-01-13T01:47:32.000000+0000,154
2026-01-20T07:30:06.000000+0000,2026-01-20T07:27:32.000000+0000,154
2026-01-20T14:30:06.000000+0000,2026-01-20T14:27:32.000000+0000,154
2026-01-22T05:00:07.000000+0000,2026-01-22T04:57:33.000000+0000,154
2026-01-25T13:40:05.000000+0000,2026-01-25T13:37:31.000000+0000,154
2026-01-28T11:30:06.000000+0000,2026-01-28T11:27:32.000000+0000,154
2026-01-28T15:10:05.000000+0000,2026-01-28T15:07:31.000000+0000,154
2026-01-31T09:40:05.000000+0000,2026-01-31T09:37:31.000000+0000,154
2026-02-05T19:00:06.000000+0000,2026-02-05T18:57:32.000000+0000,154
2026-02-06T09:00:06.000000+0000,2026-02-06T08:57:32.000000+0000,154
2026-02-11T01:00:06.000000+0000,2026-02-11T00:57:32.000000+0000,154
2026-02-13T12:30:05.000000+0000,2026-02-13T12:27:31.000000+0000,154
2026-02-16T10:30:05.000000+0000,2026-02-16T10:27:31.000000+0000,154
2026-02-21T13:00:06.000000+0000,2026-02-21T12:57:32.000000+0000,154
2026-02-28T23:30:05.000000+0000,2026-02-28T23:27:31.000000+0000,154
2026-03-17T15:10:04.000000+0000,2026-03-17T15:07:30.000000+0000,154
2026-03-21T16:00:06.000000+0000,2026-03-21T15:57:32.000000+0000,154
2026-03-22T10:50:04.000000+0000,2026-03-22T10:47:30.000000+0000,154
2026-03-24T04:50:04.000000+0000,2026-03-24T04:47:30.000000+0000,154
2026-03-25T01:45:04.000000+0000,2026-03-25T01:42:30.000000+0000,154
2026-04-09T08:45:04.000000+0000,2026-04-09T08:42:30.000000+0000,154
2026-04-10T02:15:04.000000+0000,2026-04-10T02:12:30.000000+0000,154
2026-04-11T03:30:37.000000+0000,2026-04-11T03:28:03.000000+0000,154
2026-04-17T18:10:05.000000+0000,2026-04-17T18:07:31.000000+0000,154
2026-04-22T05:05:05.000000+0000,2026-04-22T05:02:31.000000+0000,154
2026-04-23T07:35:05.000000+0000,2026-04-23T07:32:31.000000+0000,154
2026-04-27T00:30:06.000000+0000,2026-04-27T00:27:32.000000+0000,154
2026-04-27T07:30:06.000000+0000,2026-04-27T07:27:32.000000+0000,154
2026-04-27T14:30:06.000000+0000,2026-04-27T14:27:32.000000+0000,154
2026-04-28T04:30:06.000000+0000,2026-04-28T04:27:32.000000+0000,154
2026-04-29T19:00:06.000000+0000,2026-04-29T18:57:32.000000+0000,154
2026-04-30T09:10:05.000000+0000,2026-04-30T09:07:31.000000+0000,154
2026-05-02T08:50:36.000000+0000,2026-05-02T08:48:02.000000+0000,154
2026-05-18T14:30:06.000000+0000,2026-05-18T14:27:32.000000+0000,154
2026-05-21T12:00:07.000000+0000,2026-05-21T11:57:33.000000+0000,154
2026-05-23T13:19:34.000000+0000,2026-05-23T13:17:00.000000+0000,154
2026-05-31T00:30:06.000000+0000,2026-05-31T00:27:32.000000+0000,154
2025-05-25T09:45:06.000000+0000,2025-05-25T09:42:33.000000+0000,153
2025-05-26T23:52:03.000000+0000,2025-05-26T23:49:30.000000+0000,153
2025-06-02T03:03:33.000000+0000,2025-06-02T03:01:00.000000+0000,153
2025-06-03T03:55:39.000000+0000,2025-06-03T03:53:06.000000+0000,153
2025-06-05T00:52:05.000000+0000,2025-06-05T00:49:32.000000+0000,153
2025-06-05T18:22:05.000000+0000,2025-06-05T18:19:32.000000+0000,153
2025-06-06T22:11:36.000000+0000,2025-06-06T22:09:03.000000+0000,153
2025-06-10T00:01:05.000000+0000,2025-06-09T23:58:32.000000+0000,153
2025-06-10T03:45:07.000000+0000,2025-06-10T03:42:34.000000+0000,153
2025-07-28T10:41:34.000000+0000,2025-07-28T10:39:01.000000+0000,153
2025-08-29T05:10:37.000000+0000,2025-08-29T05:08:04.000000+0000,153
2025-09-10T13:26:03.000000+0000,2025-09-10T13:23:30.000000+0000,153
2025-09-17T01:11:04.000000+0000,2025-09-17T01:08:31.000000+0000,153
2025-09-22T10:31:05.000000+0000,2025-09-22T10:28:32.000000+0000,153
2025-09-24T18:41:03.000000+0000,2025-09-24T18:38:30.000000+0000,153
2025-09-26T16:25:05.000000+0000,2025-09-26T16:22:32.000000+0000,153
2025-09-28T17:11:06.000000+0000,2025-09-28T17:08:33.000000+0000,153
2025-09-30T14:31:05.000000+0000,2025-09-30T14:28:32.000000+0000,153
2025-10-14T14:40:06.000000+0000,2025-10-14T14:37:33.000000+0000,153
2025-10-15T13:40:06.000000+0000,2025-10-15T13:37:33.000000+0000,153
2025-10-23T08:44:33.000000+0000,2025-10-23T08:42:00.000000+0000,153
2025-10-24T19:31:04.000000+0000,2025-10-24T19:28:31.000000+0000,153
2025-10-31T03:55:05.000000+0000,2025-10-31T03:52:32.000000+0000,153
2025-10-31T09:11:05.000000+0000,2025-10-31T09:08:32.000000+0000,153
2025-11-04T09:29:33.000000+0000,2025-11-04T09:27:00.000000+0000,153
2025-11-06T08:41:04.000000+0000,2025-11-06T08:38:31.000000+0000,153
2025-11-09T11:55:34.000000+0000,2025-11-09T11:53:01.000000+0000,153
2025-11-12T01:25:05.000000+0000,2025-11-12T01:22:32.000000+0000,153
2025-11-14T00:26:05.000000+0000,2025-11-14T00:23:32.000000+0000,153
2025-11-19T17:19:33.000000+0000,2025-11-19T17:17:00.000000+0000,153
2025-11-22T01:30:07.000000+0000,2025-11-22T01:27:34.000000+0000,153
2025-12-02T01:46:38.000000+0000,2025-12-02T01:44:05.000000+0000,153
2025-12-11T19:56:04.000000+0000,2025-12-11T19:53:31.000000+0000,153
2025-12-11T23:15:05.000000+0000,2025-12-11T23:12:32.000000+0000,153
2025-12-18T18:11:05.000000+0000,2025-12-18T18:08:32.000000+0000,153
2025-12-19T18:19:33.000000+0000,2025-12-19T18:17:00.000000+0000,153
2025-12-19T23:45:05.000000+0000,2025-12-19T23:42:32.000000+0000,153
2025-12-20T12:11:04.000000+0000,2025-12-20T12:08:31.000000+0000,153
2025-12-20T22:30:06.000000+0000,2025-12-20T22:27:33.000000+0000,153
2025-12-23T10:11:05.000000+0000,2025-12-23T10:08:32.000000+0000,153
2025-12-23T17:11:04.000000+0000,2025-12-23T17:08:31.000000+0000,153
2025-12-29T02:55:05.000000+0000,2025-12-29T02:52:32.000000+0000,153
2025-12-29T14:25:05.000000+0000,2025-12-29T14:22:32.000000+0000,153
2025-12-31T00:11:05.000000+0000,2025-12-31T00:08:32.000000+0000,153
2026-01-01T12:45:05.000000+0000,2026-01-01T12:42:32.000000+0000,153
2026-01-01T18:11:04.000000+0000,2026-01-01T18:08:31.000000+0000,153
2026-01-03T13:45:05.000000+0000,2026-01-03T13:42:32.000000+0000,153
2026-01-04T12:30:06.000000+0000,2026-01-04T12:27:33.000000+0000,153
2026-01-05T07:45:05.000000+0000,2026-01-05T07:42:32.000000+0000,153
2026-01-07T19:15:05.000000+0000,2026-01-07T19:12:32.000000+0000,153
2026-01-08T00:30:06.000000+0000,2026-01-08T00:27:33.000000+0000,153
2026-01-08T11:35:34.000000+0000,2026-01-08T11:33:01.000000+0000,153
2026-01-10T01:19:33.000000+0000,2026-01-10T01:17:00.000000+0000,153
2026-01-10T03:15:05.000000+0000,2026-01-10T03:12:32.000000+0000,153
2026-01-10T10:15:05.000000+0000,2026-01-10T10:12:32.000000+0000,153
2026-01-11T21:15:05.000000+0000,2026-01-11T21:12:32.000000+0000,153
2026-01-12T11:25:05.000000+0000,2026-01-12T11:22:32.000000+0000,153
2026-01-12T15:20:06.000000+0000,2026-01-12T15:17:33.000000+0000,153
2026-01-22T08:19:33.000000+0000,2026-01-22T08:17:00.000000+0000,153
2026-01-25T06:40:05.000000+0000,2026-01-25T06:37:32.000000+0000,153
2026-01-28T15:35:34.000000+0000,2026-01-28T15:33:01.000000+0000,153
2026-01-31T06:11:34.000000+0000,2026-01-31T06:09:01.000000+0000,153
2026-02-01T17:21:04.000000+0000,2026-02-01T17:18:31.000000+0000,153
2026-02-05T02:26:33.000000+0000,2026-02-05T02:24:00.000000+0000,153
2026-02-12T11:50:04.000000+0000,2026-02-12T11:47:31.000000+0000,153
2026-02-21T16:30:05.000000+0000,2026-02-21T16:27:32.000000+0000,153
2026-02-22T06:30:05.000000+0000,2026-02-22T06:27:32.000000+0000,153
2026-02-25T11:44:33.000000+0000,2026-02-25T11:42:00.000000+0000,153
2026-03-03T00:19:33.000000+0000,2026-03-03T00:17:00.000000+0000,153
2026-03-03T03:50:33.000000+0000,2026-03-03T03:48:00.000000+0000,153
2026-03-06T12:58:33.000000+0000,2026-03-06T12:56:00.000000+0000,153
2026-03-06T20:10:04.000000+0000,2026-03-06T20:07:31.000000+0000,153
2026-03-07T06:50:33.000000+0000,2026-03-07T06:48:00.000000+0000,153
2026-03-07T17:20:33.000000+0000,2026-03-07T17:18:00.000000+0000,153
2026-03-09T11:10:04.000000+0000,2026-03-09T11:07:31.000000+0000,153
2026-03-09T18:20:33.000000+0000,2026-03-09T18:18:00.000000+0000,153
2026-03-10T03:05:04.000000+0000,2026-03-10T03:02:31.000000+0000,153
2026-03-10T06:26:03.000000+0000,2026-03-10T06:23:30.000000+0000,153
2026-03-16T07:50:33.000000+0000,2026-03-16T07:48:00.000000+0000,153
2026-03-18T22:40:04.000000+0000,2026-03-18T22:37:31.000000+0000,153
2026-03-19T02:20:05.000000+0000,2026-03-19T02:17:32.000000+0000,153
2026-03-20T13:20:04.000000+0000,2026-03-20T13:17:31.000000+0000,153
2026-03-22T12:35:04.000000+0000,2026-03-22T12:32:31.000000+0000,153
2026-03-23T11:30:05.000000+0000,2026-03-23T11:27:32.000000+0000,153
2026-03-26T09:30:05.000000+0000,2026-03-26T09:27:32.000000+0000,153
2026-03-27T00:18:33.000000+0000,2026-03-27T00:16:00.000000+0000,153
2026-03-31T11:09:33.000000+0000,2026-03-31T11:07:00.000000+0000,153
2026-04-01T13:24:33.000000+0000,2026-04-01T13:22:00.000000+0000,153
2026-04-03T05:14:03.000000+0000,2026-04-03T05:11:30.000000+0000,153
2026-04-06T13:43:33.000000+0000,2026-04-06T13:41:00.000000+0000,153
2026-04-07T14:13:33.000000+0000,2026-04-07T14:11:00.000000+0000,153
2026-04-09T07:10:33.000000+0000,2026-04-09T07:08:00.000000+0000,153
2026-04-10T00:40:33.000000+0000,2026-04-10T00:38:00.000000+0000,153
2026-04-10T14:29:33.000000+0000,2026-04-10T14:27:00.000000+0000,153
2026-04-10T17:59:33.000000+0000,2026-04-10T17:57:00.000000+0000,153
2026-04-11T00:59:33.000000+0000,2026-04-11T00:57:00.000000+0000,153
2026-04-11T04:29:33.000000+0000,2026-04-11T04:27:00.000000+0000,153
2026-04-12T22:29:33.000000+0000,2026-04-12T22:27:00.000000+0000,153
2026-04-16T10:19:33.000000+0000,2026-04-16T10:17:00.000000+0000,153
2026-04-17T07:29:33.000000+0000,2026-04-17T07:27:00.000000+0000,153
2026-04-18T00:59:33.000000+0000,2026-04-18T00:57:00.000000+0000,153
2026-04-18T07:59:33.000000+0000,2026-04-18T07:57:00.000000+0000,153
2026-04-18T21:59:33.000000+0000,2026-04-18T21:57:00.000000+0000,153
2026-04-19T04:59:33.000000+0000,2026-04-19T04:57:00.000000+0000,153
2026-04-19T22:40:05.000000+0000,2026-04-19T22:37:32.000000+0000,153
2026-04-20T12:29:33.000000+0000,2026-04-20T12:27:00.000000+0000,153
2026-04-21T05:59:33.000000+0000,2026-04-21T05:57:00.000000+0000,153
2026-04-21T06:10:05.000000+0000,2026-04-21T06:07:32.000000+0000,153
2026-04-21T18:15:05.000000+0000,2026-04-21T18:12:32.000000+0000,153
2026-04-21T22:05:04.000000+0000,2026-04-21T22:02:31.000000+0000,153
2026-04-22T08:50:05.000000+0000,2026-04-22T08:47:32.000000+0000,153
2026-04-22T11:35:05.000000+0000,2026-04-22T11:32:32.000000+0000,153
2026-04-22T16:59:33.000000+0000,2026-04-22T16:57:00.000000+0000,153
2026-04-24T13:10:05.000000+0000,2026-04-24T13:07:32.000000+0000,153
2026-04-24T16:30:06.000000+0000,2026-04-24T16:27:33.000000+0000,153
2026-04-24T23:30:06.000000+0000,2026-04-24T23:27:33.000000+0000,153
2026-04-25T13:40:05.000000+0000,2026-04-25T13:37:32.000000+0000,153
2026-04-27T11:00:06.000000+0000,2026-04-27T10:57:33.000000+0000,153
2026-04-27T21:19:33.000000+0000,2026-04-27T21:17:00.000000+0000,153
2026-04-29T02:43:33.000000+0000,2026-04-29T02:41:00.000000+0000,153
2026-05-01T15:27:33.000000+0000,2026-05-01T15:25:00.000000+0000,153
2026-05-01T16:40:05.000000+0000,2026-05-01T16:37:32.000000+0000,153
2026-05-01T23:19:33.000000+0000,2026-05-01T23:17:00.000000+0000,153
2026-05-03T05:29:33.000000+0000,2026-05-03T05:27:00.000000+0000,153
2026-05-04T00:29:33.000000+0000,2026-05-04T00:27:00.000000+0000,153
2026-05-04T14:39:33.000000+0000,2026-05-04T14:37:00.000000+0000,153
2026-05-05T03:06:03.000000+0000,2026-05-05T03:03:30.000000+0000,153
2026-05-05T13:15:05.000000+0000,2026-05-05T13:12:32.000000+0000,153
2026-05-05T13:40:05.000000+0000,2026-05-05T13:37:32.000000+0000,153
2026-05-06T15:19:33.000000+0000,2026-05-06T15:17:00.000000+0000,153
2026-05-06T19:00:06.000000+0000,2026-05-06T18:57:33.000000+0000,153
2026-05-07T01:59:33.000000+0000,2026-05-07T01:57:00.000000+0000,153
2026-05-07T22:59:33.000000+0000,2026-05-07T22:57:00.000000+0000,153
2026-05-08T21:13:33.000000+0000,2026-05-08T21:11:00.000000+0000,153
2026-05-10T06:18:33.000000+0000,2026-05-10T06:16:00.000000+0000,153
2026-05-11T00:29:33.000000+0000,2026-05-11T00:27:00.000000+0000,153
2026-05-11T07:40:05.000000+0000,2026-05-11T07:37:32.000000+0000,153
2026-05-12T18:19:33.000000+0000,2026-05-12T18:17:00.000000+0000,153
2026-05-14T12:21:05.000000+0000,2026-05-14T12:18:32.000000+0000,153
2026-05-14T16:25:04.000000+0000,2026-05-14T16:22:31.000000+0000,153
2026-05-15T18:40:05.000000+0000,2026-05-15T18:37:32.000000+0000,153
2026-05-18T04:10:05.000000+0000,2026-05-18T04:07:32.000000+0000,153
2026-05-19T13:15:05.000000+0000,2026-05-19T13:12:32.000000+0000,153
2026-05-19T15:00:06.000000+0000,2026-05-19T14:57:33.000000+0000,153
2026-05-19T18:19:33.000000+0000,2026-05-19T18:17:00.000000+0000,153
2026-05-20T19:10:05.000000+0000,2026-05-20T19:07:32.000000+0000,153
2026-05-25T02:15:04.000000+0000,2026-05-25T02:12:31.000000+0000,153
2026-05-27T00:05:33.000000+0000,2026-05-27T00:03:00.000000+0000,153
2026-05-27T01:50:04.000000+0000,2026-05-27T01:47:31.000000+0000,153
2026-05-28T17:45:04.000000+0000,2026-05-28T17:42:31.000000+0000,153
2026-05-31T09:40:04.000000+0000,2026-05-31T09:37:31.000000+0000,153
2026-06-02T20:45:04.000000+0000,2026-06-02T20:42:31.000000+0000,153
2026-06-03T00:29:34.000000+0000,2026-06-03T00:27:01.000000+0000,153
2024-06-11T00:02:02.000000+0000,2024-06-10T23:59:30.000000+0000,152
2025-05-22T04:43:33.000000+0000,2025-05-22T04:41:01.000000+0000,152
2025-05-23T08:45:04.000000+0000,2025-05-23T08:42:32.000000+0000,152
2025-05-25T19:52:02.000000+0000,2025-05-25T19:49:30.000000+0000,152
2025-05-26T16:52:04.000000+0000,2025-05-26T16:49:32.000000+0000,152
2025-05-27T20:51:33.000000+0000,2025-05-27T20:49:01.000000+0000,152
2025-05-28T14:45:36.000000+0000,2025-05-28T14:43:04.000000+0000,152
2025-05-28T21:44:04.000000+0000,2025-05-28T21:41:32.000000+0000,152
2025-05-30T00:29:32.000000+0000,2025-05-30T00:27:00.000000+0000,152
2025-05-30T12:03:32.000000+0000,2025-05-30T12:01:00.000000+0000,152
2025-05-31T19:32:40.000000+0000,2025-05-31T19:30:08.000000+0000,152
2025-06-04T00:22:04.000000+0000,2025-06-04T00:19:32.000000+0000,152
2025-06-10T00:25:38.000000+0000,2025-06-10T00:23:06.000000+0000,152
2025-06-11T21:22:05.000000+0000,2025-06-11T21:19:33.000000+0000,152
2025-06-21T09:42:02.000000+0000,2025-06-21T09:39:30.000000+0000,152
2025-06-24T00:42:02.000000+0000,2025-06-24T00:39:30.000000+0000,152
2025-07-13T06:42:02.000000+0000,2025-07-13T06:39:30.000000+0000,152
2025-07-14T10:41:32.000000+0000,2025-07-14T10:39:00.000000+0000,152
2025-07-22T00:42:02.000000+0000,2025-07-22T00:39:30.000000+0000,152
2025-07-25T19:41:33.000000+0000,2025-07-25T19:39:01.000000+0000,152
2025-07-27T06:31:03.000000+0000,2025-07-27T06:28:31.000000+0000,152
2025-07-27T13:31:03.000000+0000,2025-07-27T13:28:31.000000+0000,152
2025-08-01T12:42:02.000000+0000,2025-08-01T12:39:30.000000+0000,152
2025-08-09T23:31:03.000000+0000,2025-08-09T23:28:31.000000+0000,152
2025-08-10T06:31:03.000000+0000,2025-08-10T06:28:31.000000+0000,152
2025-08-12T14:31:03.000000+0000,2025-08-12T14:28:31.000000+0000,152
2025-08-13T18:31:03.000000+0000,2025-08-13T18:28:31.000000+0000,152
2025-08-14T15:31:03.000000+0000,2025-08-14T15:28:31.000000+0000,152
2025-08-20T11:31:03.000000+0000,2025-08-20T11:28:31.000000+0000,152
2025-08-21T15:31:02.000000+0000,2025-08-21T15:28:30.000000+0000,152
2025-08-22T12:31:03.000000+0000,2025-08-22T12:28:31.000000+0000,152
2025-09-02T14:31:03.000000+0000,2025-09-02T14:28:31.000000+0000,152
2025-09-12T02:11:04.000000+0000,2025-09-12T02:08:32.000000+0000,152
2025-09-16T11:11:04.000000+0000,2025-09-16T11:08:32.000000+0000,152
2025-09-18T19:11:05.000000+0000,2025-09-18T19:08:33.000000+0000,152
2025-09-19T16:11:34.000000+0000,2025-09-19T16:09:02.000000+0000,152
2025-09-22T07:11:04.000000+0000,2025-09-22T07:08:32.000000+0000,152
2025-09-22T17:41:04.000000+0000,2025-09-22T17:38:32.000000+0000,152
2025-09-24T01:11:34.000000+0000,2025-09-24T01:09:02.000000+0000,152
2025-09-25T19:11:03.000000+0000,2025-09-25T19:08:31.000000+0000,152
2025-09-28T10:11:35.000000+0000,2025-09-28T10:09:03.000000+0000,152
2025-09-29T03:41:04.000000+0000,2025-09-29T03:38:32.000000+0000,152
2025-09-29T14:21:33.000000+0000,2025-09-29T14:19:01.000000+0000,152
2025-09-30T06:27:04.000000+0000,2025-09-30T06:24:32.000000+0000,152
2025-10-01T08:11:05.000000+0000,2025-10-01T08:08:33.000000+0000,152
2025-10-22T18:31:03.000000+0000,2025-10-22T18:28:31.000000+0000,152
2025-10-25T16:19:33.000000+0000,2025-10-25T16:17:01.000000+0000,152
2025-10-27T10:31:03.000000+0000,2025-10-27T10:28:31.000000+0000,152
2025-11-03T05:36:36.000000+0000,2025-11-03T05:34:04.000000+0000,152
2025-11-04T23:15:05.000000+0000,2025-11-04T23:12:33.000000+0000,152
2025-11-05T18:19:32.000000+0000,2025-11-05T18:17:00.000000+0000,152
2025-11-12T18:19:32.000000+0000,2025-11-12T18:17:00.000000+0000,152
2025-11-13T15:19:32.000000+0000,2025-11-13T15:17:00.000000+0000,152
2025-11-15T06:42:03.000000+0000,2025-11-15T06:39:31.000000+0000,152
2025-11-15T16:19:32.000000+0000,2025-11-15T16:17:00.000000+0000,152
2025-11-16T22:29:33.000000+0000,2025-11-16T22:27:01.000000+0000,152
2025-11-18T05:55:34.000000+0000,2025-11-18T05:53:02.000000+0000,152
2025-11-18T13:19:33.000000+0000,2025-11-18T13:17:01.000000+0000,152
2025-11-19T14:12:03.000000+0000,2025-11-19T14:09:31.000000+0000,152
2025-11-25T22:40:07.000000+0000,2025-11-25T22:37:35.000000+0000,152
2025-11-30T10:46:06.000000+0000,2025-11-30T10:43:34.000000+0000,152
2025-12-12T06:36:32.000000+0000,2025-12-12T06:34:00.000000+0000,152
2025-12-12T18:19:32.000000+0000,2025-12-12T18:17:00.000000+0000,152
2025-12-15T23:19:32.000000+0000,2025-12-15T23:17:00.000000+0000,152
2025-12-17T07:35:33.000000+0000,2025-12-17T07:33:01.000000+0000,152
2025-12-18T11:11:03.000000+0000,2025-12-18T11:08:31.000000+0000,152
2025-12-20T03:36:32.000000+0000,2025-12-20T03:34:00.000000+0000,152
2025-12-21T05:41:33.000000+0000,2025-12-21T05:39:01.000000+0000,152
2025-12-22T18:36:32.000000+0000,2025-12-22T18:34:00.000000+0000,152
2025-12-26T08:35:33.000000+0000,2025-12-26T08:33:01.000000+0000,152
2025-12-27T23:26:32.000000+0000,2025-12-27T23:24:00.000000+0000,152
2025-12-28T12:19:32.000000+0000,2025-12-28T12:17:00.000000+0000,152
2026-01-03T19:11:03.000000+0000,2026-01-03T19:08:31.000000+0000,152
2026-01-04T05:19:32.000000+0000,2026-01-04T05:17:00.000000+0000,152
2026-01-04T23:35:33.000000+0000,2026-01-04T23:33:01.000000+0000,152
2026-01-05T15:06:33.000000+0000,2026-01-05T15:04:01.000000+0000,152
2026-01-05T18:25:03.000000+0000,2026-01-05T18:22:31.000000+0000,152
2026-01-07T07:11:05.000000+0000,2026-01-07T07:08:33.000000+0000,152
2026-01-07T09:06:32.000000+0000,2026-01-07T09:04:00.000000+0000,152
2026-01-09T01:11:05.000000+0000,2026-01-09T01:08:33.000000+0000,152
2026-01-10T07:06:32.000000+0000,2026-01-10T07:04:00.000000+0000,152
2026-01-16T23:11:03.000000+0000,2026-01-16T23:08:31.000000+0000,152
2026-01-23T19:19:32.000000+0000,2026-01-23T19:17:00.000000+0000,152
2026-01-24T13:10:05.000000+0000,2026-01-24T13:07:33.000000+0000,152
2026-01-25T03:21:04.000000+0000,2026-01-25T03:18:32.000000+0000,152
2026-01-25T16:49:33.000000+0000,2026-01-25T16:47:01.000000+0000,152
2026-01-26T17:19:33.000000+0000,2026-01-26T17:17:01.000000+0000,152
2026-01-29T18:49:32.000000+0000,2026-01-29T18:47:00.000000+0000,152
2026-01-30T08:49:32.000000+0000,2026-01-30T08:47:00.000000+0000,152
2026-01-30T22:49:32.000000+0000,2026-01-30T22:47:00.000000+0000,152
2026-02-01T10:10:05.000000+0000,2026-02-01T10:07:33.000000+0000,152
2026-02-04T21:49:32.000000+0000,2026-02-04T21:47:00.000000+0000,152
2026-02-07T19:50:04.000000+0000,2026-02-07T19:47:32.000000+0000,152
2026-02-10T07:19:32.000000+0000,2026-02-10T07:17:00.000000+0000,152
2026-02-10T14:19:33.000000+0000,2026-02-10T14:17:01.000000+0000,152
2026-02-11T18:19:33.000000+0000,2026-02-11T18:17:01.000000+0000,152
2026-02-13T15:49:32.000000+0000,2026-02-13T15:47:00.000000+0000,152
2026-02-15T23:49:32.000000+0000,2026-02-15T23:47:00.000000+0000,152
2026-02-17T11:10:04.000000+0000,2026-02-17T11:07:32.000000+0000,152
2026-02-19T01:19:32.000000+0000,2026-02-19T01:17:00.000000+0000,152
2026-02-19T08:19:33.000000+0000,2026-02-19T08:17:01.000000+0000,152
2026-02-21T02:19:33.000000+0000,2026-02-21T02:17:01.000000+0000,152
2026-02-21T14:45:32.000000+0000,2026-02-21T14:43:00.000000+0000,152
2026-02-23T17:19:33.000000+0000,2026-02-23T17:17:01.000000+0000,152
2026-02-23T17:44:33.000000+0000,2026-02-23T17:42:01.000000+0000,152
2026-02-24T03:59:33.000000+0000,2026-02-24T03:57:01.000000+0000,152
2026-02-26T01:19:32.000000+0000,2026-02-26T01:17:00.000000+0000,152
2026-02-26T15:19:33.000000+0000,2026-02-26T15:17:01.000000+0000,152
2026-02-28T16:31:33.000000+0000,2026-02-28T16:29:01.000000+0000,152
2026-03-03T00:44:32.000000+0000,2026-03-03T00:42:00.000000+0000,152
2026-03-03T07:19:33.000000+0000,2026-03-03T07:17:01.000000+0000,152
2026-03-04T18:40:04.000000+0000,2026-03-04T18:37:32.000000+0000,152
2026-03-05T00:38:02.000000+0000,2026-03-05T00:35:30.000000+0000,152
2026-03-05T18:39:02.000000+0000,2026-03-05T18:36:30.000000+0000,152
2026-03-06T01:39:33.000000+0000,2026-03-06T01:37:01.000000+0000,152
2026-03-06T23:40:05.000000+0000,2026-03-06T23:37:33.000000+0000,152
2026-03-08T07:10:04.000000+0000,2026-03-08T07:07:32.000000+0000,152
2026-03-08T10:40:04.000000+0000,2026-03-08T10:37:32.000000+0000,152
2026-03-09T12:55:32.000000+0000,2026-03-09T12:53:00.000000+0000,152
2026-03-09T19:54:33.000000+0000,2026-03-09T19:52:01.000000+0000,152
2026-03-11T00:19:32.000000+0000,2026-03-11T00:17:00.000000+0000,152
2026-03-11T12:09:32.000000+0000,2026-03-11T12:07:00.000000+0000,152
2026-03-11T15:50:04.000000+0000,2026-03-11T15:47:32.000000+0000,152
2026-03-11T17:39:03.000000+0000,2026-03-11T17:36:31.000000+0000,152
2026-03-12T03:54:33.000000+0000,2026-03-12T03:52:01.000000+0000,152
2026-03-12T05:28:02.000000+0000,2026-03-12T05:25:30.000000+0000,152
2026-03-13T12:58:32.000000+0000,2026-03-13T12:56:00.000000+0000,152
2026-03-14T22:13:33.000000+0000,2026-03-14T22:11:01.000000+0000,152
2026-03-16T05:54:33.000000+0000,2026-03-16T05:52:01.000000+0000,152
2026-03-16T09:45:32.000000+0000,2026-03-16T09:43:00.000000+0000,152
2026-03-16T11:09:32.000000+0000,2026-03-16T11:07:00.000000+0000,152
2026-03-16T21:40:33.000000+0000,2026-03-16T21:38:01.000000+0000,152
2026-03-17T01:10:33.000000+0000,2026-03-17T01:08:01.000000+0000,152
2026-03-17T22:29:33.000000+0000,2026-03-17T22:27:01.000000+0000,152
2026-03-18T05:10:33.000000+0000,2026-03-18T05:08:01.000000+0000,152
2026-03-18T08:40:35.000000+0000,2026-03-18T08:38:03.000000+0000,152
2026-03-18T13:54:33.000000+0000,2026-03-18T13:52:01.000000+0000,152
2026-03-18T15:40:04.000000+0000,2026-03-18T15:37:32.000000+0000,152
2026-03-19T00:35:04.000000+0000,2026-03-19T00:32:32.000000+0000,152
2026-03-19T12:39:33.000000+0000,2026-03-19T12:37:01.000000+0000,152
2026-03-19T14:36:33.000000+0000,2026-03-19T14:34:01.000000+0000,152
2026-03-19T19:39:32.000000+0000,2026-03-19T19:37:00.000000+0000,152
2026-03-20T10:15:04.000000+0000,2026-03-20T10:12:32.000000+0000,152
2026-03-21T03:10:04.000000+0000,2026-03-21T03:07:32.000000+0000,152
2026-03-21T08:24:33.000000+0000,2026-03-21T08:22:01.000000+0000,152
2026-03-22T00:10:04.000000+0000,2026-03-22T00:07:32.000000+0000,152
2026-03-22T23:15:32.000000+0000,2026-03-22T23:13:00.000000+0000,152
2026-03-23T00:39:33.000000+0000,2026-03-23T00:37:01.000000+0000,152
2026-03-23T04:10:33.000000+0000,2026-03-23T04:08:01.000000+0000,152
2026-03-23T22:15:04.000000+0000,2026-03-23T22:12:32.000000+0000,152
2026-03-25T13:39:32.000000+0000,2026-03-25T13:37:00.000000+0000,152
2026-03-26T07:09:33.000000+0000,2026-03-26T07:07:01.000000+0000,152
2026-03-26T15:54:33.000000+0000,2026-03-26T15:52:01.000000+0000,152
2026-03-27T19:39:32.000000+0000,2026-03-27T19:37:00.000000+0000,152
2026-03-28T13:10:04.000000+0000,2026-03-28T13:07:32.000000+0000,152
2026-03-31T14:39:32.000000+0000,2026-03-31T14:37:00.000000+0000,152
2026-04-03T14:19:32.000000+0000,2026-04-03T14:17:00.000000+0000,152
2026-04-03T23:40:04.000000+0000,2026-04-03T23:37:32.000000+0000,152
2026-04-04T04:33:33.000000+0000,2026-04-04T04:31:01.000000+0000,152
2026-04-04T05:43:32.000000+0000,2026-04-04T05:41:00.000000+0000,152
2026-04-04T07:18:03.000000+0000,2026-04-04T07:15:31.000000+0000,152
2026-04-05T06:13:33.000000+0000,2026-04-05T06:11:01.000000+0000,152
2026-04-05T22:19:32.000000+0000,2026-04-05T22:17:00.000000+0000,152
2026-04-06T08:18:32.000000+0000,2026-04-06T08:16:00.000000+0000,152
2026-04-06T17:13:33.000000+0000,2026-04-06T17:11:01.000000+0000,152
2026-04-07T20:31:33.000000+0000,2026-04-07T20:29:01.000000+0000,152
2026-04-08T06:40:04.000000+0000,2026-04-08T06:37:32.000000+0000,152
2026-04-08T17:10:04.000000+0000,2026-04-08T17:07:32.000000+0000,152
2026-04-09T04:15:32.000000+0000,2026-04-09T04:13:00.000000+0000,152
2026-04-09T14:10:33.000000+0000,2026-04-09T14:08:01.000000+0000,152
2026-04-10T11:20:05.000000+0000,2026-04-10T11:17:33.000000+0000,152
2026-04-11T16:23:32.000000+0000,2026-04-11T16:21:00.000000+0000,152
2026-04-12T00:37:32.000000+0000,2026-04-12T00:35:00.000000+0000,152
2026-04-12T03:05:33.000000+0000,2026-04-12T03:03:01.000000+0000,152
2026-04-12T12:10:33.000000+0000,2026-04-12T12:08:01.000000+0000,152
2026-04-13T09:10:33.000000+0000,2026-04-13T09:08:01.000000+0000,152
2026-04-13T10:45:32.000000+0000,2026-04-13T10:43:00.000000+0000,152
2026-04-13T19:50:33.000000+0000,2026-04-13T19:48:01.000000+0000,152
2026-04-13T22:59:33.000000+0000,2026-04-13T22:57:01.000000+0000,152
2026-04-14T05:59:32.000000+0000,2026-04-14T05:57:00.000000+0000,152
2026-04-14T08:04:32.000000+0000,2026-04-14T08:02:00.000000+0000,152
2026-04-14T16:29:32.000000+0000,2026-04-14T16:27:00.000000+0000,152
2026-04-14T18:25:32.000000+0000,2026-04-14T18:23:00.000000+0000,152
2026-04-14T23:54:32.000000+0000,2026-04-14T23:52:00.000000+0000,152
2026-04-15T01:15:04.000000+0000,2026-04-15T01:12:32.000000+0000,152
2026-04-15T03:10:04.000000+0000,2026-04-15T03:07:32.000000+0000,152
2026-04-16T13:59:33.000000+0000,2026-04-16T13:57:01.000000+0000,152
2026-04-17T00:29:32.000000+0000,2026-04-17T00:27:00.000000+0000,152
2026-04-17T00:54:32.000000+0000,2026-04-17T00:52:00.000000+0000,152
2026-04-17T20:05:32.000000+0000,2026-04-17T20:03:00.000000+0000,152
2026-04-18T06:35:32.000000+0000,2026-04-18T06:33:00.000000+0000,152
2026-04-18T10:20:05.000000+0000,2026-04-18T10:17:33.000000+0000,152
2026-04-18T17:05:05.000000+0000,2026-04-18T17:02:33.000000+0000,152
2026-04-19T01:29:32.000000+0000,2026-04-19T01:27:00.000000+0000,152
2026-04-19T07:05:04.000000+0000,2026-04-19T07:02:32.000000+0000,152
2026-04-19T08:29:32.000000+0000,2026-04-19T08:27:00.000000+0000,152
2026-04-19T11:59:32.000000+0000,2026-04-19T11:57:00.000000+0000,152
2026-04-20T22:59:32.000000+0000,2026-04-20T22:57:00.000000+0000,152
2026-04-21T23:29:32.000000+0000,2026-04-21T23:27:00.000000+0000,152
2026-04-22T23:59:32.000000+0000,2026-04-22T23:57:00.000000+0000,152
2026-04-23T12:35:32.000000+0000,2026-04-23T12:33:00.000000+0000,152
2026-04-24T00:29:32.000000+0000,2026-04-24T00:27:00.000000+0000,152
2026-04-24T03:59:32.000000+0000,2026-04-24T03:57:00.000000+0000,152
2026-04-25T04:13:33.000000+0000,2026-04-25T04:11:01.000000+0000,152
2026-04-25T23:49:32.000000+0000,2026-04-25T23:47:00.000000+0000,152
2026-04-26T06:49:32.000000+0000,2026-04-26T06:47:00.000000+0000,152
2026-04-28T01:10:05.000000+0000,2026-04-28T01:07:33.000000+0000,152
2026-04-28T08:10:05.000000+0000,2026-04-28T08:07:33.000000+0000,152
2026-04-28T17:37:32.000000+0000,2026-04-28T17:35:00.000000+0000,152
2026-04-28T19:54:03.000000+0000,2026-04-28T19:51:31.000000+0000,152
2026-04-28T21:49:32.000000+0000,2026-04-28T21:47:00.000000+0000,152
2026-04-29T15:19:33.000000+0000,2026-04-29T15:17:01.000000+0000,152
2026-04-30T01:49:32.000000+0000,2026-04-30T01:47:00.000000+0000,152
2026-04-30T10:34:32.000000+0000,2026-04-30T10:32:00.000000+0000,152
2026-04-30T12:19:32.000000+0000,2026-04-30T12:17:00.000000+0000,152
2026-05-01T05:49:33.000000+0000,2026-05-01T05:47:01.000000+0000,152
2026-05-01T13:10:05.000000+0000,2026-05-01T13:07:33.000000+0000,152
2026-05-01T23:31:32.000000+0000,2026-05-01T23:29:00.000000+0000,152
2026-05-02T09:59:32.000000+0000,2026-05-02T09:57:00.000000+0000,152
2026-05-03T08:34:32.000000+0000,2026-05-03T08:32:00.000000+0000,152
2026-05-03T20:40:05.000000+0000,2026-05-03T20:37:33.000000+0000,152
2026-05-04T12:55:32.000000+0000,2026-05-04T12:53:00.000000+0000,152
2026-05-04T19:55:32.000000+0000,2026-05-04T19:53:00.000000+0000,152
2026-05-04T21:19:32.000000+0000,2026-05-04T21:17:00.000000+0000,152
2026-05-05T15:10:05.000000+0000,2026-05-05T15:07:33.000000+0000,152
2026-05-06T05:10:05.000000+0000,2026-05-06T05:07:33.000000+0000,152
2026-05-07T12:19:32.000000+0000,2026-05-07T12:17:00.000000+0000,152
2026-05-08T09:19:33.000000+0000,2026-05-08T09:17:01.000000+0000,152
2026-05-10T17:31:02.000000+0000,2026-05-10T17:28:30.000000+0000,152
2026-05-15T00:55:32.000000+0000,2026-05-15T00:53:00.000000+0000,152
2026-05-15T07:55:32.000000+0000,2026-05-15T07:53:00.000000+0000,152
2026-05-15T23:21:04.000000+0000,2026-05-15T23:18:32.000000+0000,152
2026-05-16T06:19:32.000000+0000,2026-05-16T06:17:00.000000+0000,152
2026-05-18T17:28:33.000000+0000,2026-05-18T17:26:01.000000+0000,152
2026-05-20T03:25:32.000000+0000,2026-05-20T03:23:00.000000+0000,152
2026-05-20T05:10:05.000000+0000,2026-05-20T05:07:33.000000+0000,152
2026-05-20T14:27:32.000000+0000,2026-05-20T14:25:00.000000+0000,152
2026-05-20T21:20:05.000000+0000,2026-05-20T21:17:33.000000+0000,152
2026-05-21T07:05:32.000000+0000,2026-05-21T07:03:00.000000+0000,152
2026-05-21T17:34:32.000000+0000,2026-05-21T17:32:00.000000+0000,152
2026-05-22T04:36:32.000000+0000,2026-05-22T04:34:00.000000+0000,152
2026-05-23T11:24:02.000000+0000,2026-05-23T11:21:30.000000+0000,152
2026-05-24T09:06:04.000000+0000,2026-05-24T09:03:32.000000+0000,152
2026-05-27T05:11:02.000000+0000,2026-05-27T05:08:30.000000+0000,152
2026-05-28T20:43:32.000000+0000,2026-05-28T20:41:00.000000+0000,152
2026-05-29T08:04:32.000000+0000,2026-05-29T08:02:00.000000+0000,152
2026-05-30T07:10:04.000000+0000,2026-05-30T07:07:32.000000+0000,152
2026-05-30T13:50:04.000000+0000,2026-05-30T13:47:32.000000+0000,152
2026-05-31T02:29:32.000000+0000,2026-05-31T02:27:00.000000+0000,152
2026-05-31T12:34:32.000000+0000,2026-05-31T12:32:00.000000+0000,152
2026-06-01T23:13:32.000000+0000,2026-06-01T23:11:00.000000+0000,152
2026-06-02T08:08:32.000000+0000,2026-06-02T08:06:00.000000+0000,152
2025-05-12T19:41:32.000000+0000,2025-05-12T19:39:01.000000+0000,151
2025-05-16T01:05:32.000000+0000,2025-05-16T01:03:01.000000+0000,151
2025-05-28T03:52:02.000000+0000,2025-05-28T03:49:31.000000+0000,151
2025-05-31T19:45:04.000000+0000,2025-05-31T19:42:33.000000+0000,151
2025-06-03T17:21:34.000000+0000,2025-06-03T17:19:03.000000+0000,151
2025-06-04T17:52:04.000000+0000,2025-06-04T17:49:33.000000+0000,151
2025-06-05T02:46:35.000000+0000,2025-06-05T02:44:04.000000+0000,151
2025-06-06T18:52:04.000000+0000,2025-06-06T18:49:33.000000+0000,151
2025-06-07T02:26:03.000000+0000,2025-06-07T02:23:32.000000+0000,151
2025-06-09T02:52:04.000000+0000,2025-06-09T02:49:33.000000+0000,151
2025-06-09T19:29:32.000000+0000,2025-06-09T19:27:01.000000+0000,151
2025-06-10T03:32:39.000000+0000,2025-06-10T03:30:08.000000+0000,151
2025-06-14T12:56:02.000000+0000,2025-06-14T12:53:31.000000+0000,151
2025-06-15T23:55:02.000000+0000,2025-06-15T23:52:31.000000+0000,151
2025-06-16T06:32:02.000000+0000,2025-06-16T06:29:31.000000+0000,151
2025-06-20T19:42:03.000000+0000,2025-06-20T19:39:32.000000+0000,151
2025-06-26T01:41:32.000000+0000,2025-06-26T01:39:01.000000+0000,151
2025-06-27T02:11:33.000000+0000,2025-06-27T02:09:02.000000+0000,151
2025-07-09T04:55:01.000000+0000,2025-07-09T04:52:30.000000+0000,151
2025-07-09T06:58:03.000000+0000,2025-07-09T06:55:32.000000+0000,151
2025-07-10T01:31:02.000000+0000,2025-07-10T01:28:31.000000+0000,151
2025-07-16T04:55:02.000000+0000,2025-07-16T04:52:31.000000+0000,151
2025-07-19T02:41:03.000000+0000,2025-07-19T02:38:32.000000+0000,151
2025-07-21T03:55:02.000000+0000,2025-07-21T03:52:31.000000+0000,151
2025-07-24T22:31:01.000000+0000,2025-07-24T22:28:30.000000+0000,151
2025-07-31T15:31:02.000000+0000,2025-07-31T15:28:31.000000+0000,151
2025-08-01T19:42:03.000000+0000,2025-08-01T19:39:32.000000+0000,151
2025-08-02T16:55:03.000000+0000,2025-08-02T16:52:32.000000+0000,151
2025-08-04T03:31:02.000000+0000,2025-08-04T03:28:31.000000+0000,151
2025-08-12T00:42:02.000000+0000,2025-08-12T00:39:31.000000+0000,151
2025-08-13T01:35:33.000000+0000,2025-08-13T01:33:02.000000+0000,151
2025-08-15T05:41:31.000000+0000,2025-08-15T05:39:00.000000+0000,151
2025-08-17T20:41:31.000000+0000,2025-08-17T20:39:00.000000+0000,151
2025-08-20T18:31:02.000000+0000,2025-08-20T18:28:31.000000+0000,151
2025-08-23T16:31:02.000000+0000,2025-08-23T16:28:31.000000+0000,151
2025-08-26T00:31:02.000000+0000,2025-08-26T00:28:31.000000+0000,151
2025-08-26T07:31:01.000000+0000,2025-08-26T07:28:30.000000+0000,151
2025-08-26T08:54:33.000000+0000,2025-08-26T08:52:02.000000+0000,151
2025-08-28T01:31:03.000000+0000,2025-08-28T01:28:32.000000+0000,151
2025-08-30T02:31:02.000000+0000,2025-08-30T02:28:31.000000+0000,151
2025-08-30T23:31:01.000000+0000,2025-08-30T23:28:30.000000+0000,151
2025-09-13T23:44:32.000000+0000,2025-09-13T23:42:01.000000+0000,151
2025-09-14T17:11:03.000000+0000,2025-09-14T17:08:32.000000+0000,151
2025-09-14T20:19:32.000000+0000,2025-09-14T20:17:01.000000+0000,151
2025-09-19T05:55:02.000000+0000,2025-09-19T05:52:31.000000+0000,151
2025-09-21T03:11:03.000000+0000,2025-09-21T03:08:32.000000+0000,151
2025-09-24T22:11:04.000000+0000,2025-09-24T22:08:33.000000+0000,151
2025-09-27T20:35:05.000000+0000,2025-09-27T20:32:34.000000+0000,151
2025-10-12T20:41:32.000000+0000,2025-10-12T20:39:01.000000+0000,151
2025-10-14T07:44:33.000000+0000,2025-10-14T07:42:02.000000+0000,151
2025-10-14T21:44:33.000000+0000,2025-10-14T21:42:02.000000+0000,151
2025-10-21T00:19:33.000000+0000,2025-10-21T00:17:02.000000+0000,151
2025-10-21T07:19:32.000000+0000,2025-10-21T07:17:01.000000+0000,151
2025-10-21T21:31:02.000000+0000,2025-10-21T21:28:31.000000+0000,151
2025-10-24T12:31:02.000000+0000,2025-10-24T12:28:31.000000+0000,151
2025-10-27T03:19:32.000000+0000,2025-10-27T03:17:01.000000+0000,151
2025-10-28T14:31:02.000000+0000,2025-10-28T14:28:31.000000+0000,151
2025-10-30T08:19:31.000000+0000,2025-10-30T08:17:00.000000+0000,151
2025-11-01T09:19:32.000000+0000,2025-11-01T09:17:01.000000+0000,151
2025-11-02T06:44:32.000000+0000,2025-11-02T06:42:01.000000+0000,151
2025-11-03T17:19:32.000000+0000,2025-11-03T17:17:01.000000+0000,151
2025-11-04T14:19:32.000000+0000,2025-11-04T14:17:01.000000+0000,151
2025-11-06T15:19:31.000000+0000,2025-11-06T15:17:00.000000+0000,151
2025-11-11T00:19:32.000000+0000,2025-11-11T00:17:01.000000+0000,151
2025-11-11T14:19:31.000000+0000,2025-11-11T14:17:00.000000+0000,151
2025-11-13T17:29:31.000000+0000,2025-11-13T17:27:00.000000+0000,151
2025-11-15T09:19:32.000000+0000,2025-11-15T09:17:01.000000+0000,151
2025-11-17T13:49:31.000000+0000,2025-11-17T13:47:00.000000+0000,151
2025-11-18T02:29:32.000000+0000,2025-11-18T02:27:01.000000+0000,151
2025-11-18T15:15:06.000000+0000,2025-11-18T15:12:35.000000+0000,151
2025-11-21T14:07:42.000000+0000,2025-11-21T14:05:11.000000+0000,151
2025-11-27T09:47:06.000000+0000,2025-11-27T09:44:35.000000+0000,151
2025-12-04T06:06:31.000000+0000,2025-12-04T06:04:00.000000+0000,151
2025-12-11T14:19:33.000000+0000,2025-12-11T14:17:02.000000+0000,151
2025-12-12T01:41:32.000000+0000,2025-12-12T01:39:01.000000+0000,151
2025-12-12T10:06:04.000000+0000,2025-12-12T10:03:33.000000+0000,151
2025-12-14T12:19:32.000000+0000,2025-12-14T12:17:01.000000+0000,151
2025-12-14T16:35:34.000000+0000,2025-12-14T16:33:03.000000+0000,151
2025-12-14T23:11:03.000000+0000,2025-12-14T23:08:32.000000+0000,151
2025-12-18T14:19:33.000000+0000,2025-12-18T14:17:02.000000+0000,151
2025-12-23T07:26:33.000000+0000,2025-12-23T07:24:02.000000+0000,151
2025-12-25T22:26:31.000000+0000,2025-12-25T22:24:00.000000+0000,151
2025-12-27T08:19:32.000000+0000,2025-12-27T08:17:01.000000+0000,151
2026-01-02T15:12:01.000000+0000,2026-01-02T15:09:30.000000+0000,151
2026-01-03T01:19:31.000000+0000,2026-01-03T01:17:00.000000+0000,151
2026-01-06T01:36:32.000000+0000,2026-01-06T01:34:01.000000+0000,151
2026-01-08T21:19:32.000000+0000,2026-01-08T21:17:01.000000+0000,151
2026-01-10T05:11:03.000000+0000,2026-01-10T05:08:32.000000+0000,151
2026-01-10T12:35:33.000000+0000,2026-01-10T12:33:02.000000+0000,151
2026-01-11T04:06:32.000000+0000,2026-01-11T04:04:01.000000+0000,151
2026-01-12T20:35:34.000000+0000,2026-01-12T20:33:03.000000+0000,151
2026-01-14T10:29:32.000000+0000,2026-01-14T10:27:01.000000+0000,151
2026-01-16T12:31:31.000000+0000,2026-01-16T12:29:00.000000+0000,151
2026-01-21T18:19:32.000000+0000,2026-01-21T18:17:01.000000+0000,151
2026-01-22T18:49:32.000000+0000,2026-01-22T18:47:01.000000+0000,151
2026-01-23T05:19:32.000000+0000,2026-01-23T05:17:01.000000+0000,151
2026-01-23T11:41:32.000000+0000,2026-01-23T11:39:01.000000+0000,151
2026-01-26T10:19:32.000000+0000,2026-01-26T10:17:01.000000+0000,151
2026-01-26T21:21:31.000000+0000,2026-01-26T21:19:00.000000+0000,151
2026-01-27T21:19:32.000000+0000,2026-01-27T21:17:01.000000+0000,151
2026-01-28T21:49:31.000000+0000,2026-01-28T21:47:00.000000+0000,151
2026-01-29T08:19:32.000000+0000,2026-01-29T08:17:01.000000+0000,151
2026-01-30T05:19:31.000000+0000,2026-01-30T05:17:00.000000+0000,151
2026-01-30T12:19:31.000000+0000,2026-01-30T12:17:00.000000+0000,151
2026-01-30T19:19:31.000000+0000,2026-01-30T19:17:00.000000+0000,151
2026-01-31T03:01:32.000000+0000,2026-01-31T02:59:01.000000+0000,151
2026-01-31T13:11:01.000000+0000,2026-01-31T13:08:30.000000+0000,151
2026-01-31T16:19:31.000000+0000,2026-01-31T16:17:00.000000+0000,151
2026-01-31T20:11:01.000000+0000,2026-01-31T20:08:30.000000+0000,151
2026-02-04T01:01:31.000000+0000,2026-02-04T00:59:00.000000+0000,151
2026-02-09T10:19:31.000000+0000,2026-02-09T10:17:00.000000+0000,151
2026-02-10T11:22:01.000000+0000,2026-02-10T11:19:30.000000+0000,151
2026-02-10T21:19:32.000000+0000,2026-02-10T21:17:01.000000+0000,151
2026-02-11T21:49:32.000000+0000,2026-02-11T21:47:01.000000+0000,151
2026-02-12T08:19:31.000000+0000,2026-02-12T08:17:00.000000+0000,151
2026-02-13T01:50:04.000000+0000,2026-02-13T01:47:33.000000+0000,151
2026-02-13T19:19:32.000000+0000,2026-02-13T19:17:01.000000+0000,151
2026-02-16T13:59:32.000000+0000,2026-02-16T13:57:01.000000+0000,151
2026-02-19T15:19:31.000000+0000,2026-02-19T15:17:00.000000+0000,151
2026-02-20T19:19:32.000000+0000,2026-02-20T19:17:01.000000+0000,151
2026-02-21T05:49:32.000000+0000,2026-02-21T05:47:01.000000+0000,151
2026-02-21T23:31:31.000000+0000,2026-02-21T23:29:00.000000+0000,151
2026-02-24T07:19:31.000000+0000,2026-02-24T07:17:00.000000+0000,151
2026-02-24T13:38:01.000000+0000,2026-02-24T13:35:30.000000+0000,151
2026-02-25T05:43:32.000000+0000,2026-02-25T05:41:01.000000+0000,151
2026-02-25T07:49:32.000000+0000,2026-02-25T07:47:01.000000+0000,151
2026-02-25T11:19:31.000000+0000,2026-02-25T11:17:00.000000+0000,151
2026-02-26T04:50:04.000000+0000,2026-02-26T04:47:33.000000+0000,151
2026-02-28T05:49:32.000000+0000,2026-02-28T05:47:01.000000+0000,151
2026-02-28T16:19:32.000000+0000,2026-02-28T16:17:01.000000+0000,151
2026-03-02T17:19:31.000000+0000,2026-03-02T17:17:00.000000+0000,151
2026-03-02T20:50:04.000000+0000,2026-03-02T20:47:33.000000+0000,151
2026-03-04T00:50:04.000000+0000,2026-03-04T00:47:33.000000+0000,151
2026-03-04T07:50:04.000000+0000,2026-03-04T07:47:33.000000+0000,151
2026-03-04T22:31:31.000000+0000,2026-03-04T22:29:00.000000+0000,151
2026-03-06T15:19:32.000000+0000,2026-03-06T15:17:01.000000+0000,151
2026-03-07T09:58:32.000000+0000,2026-03-07T09:56:01.000000+0000,151
2026-03-08T01:44:01.000000+0000,2026-03-08T01:41:30.000000+0000,151
2026-03-08T12:24:32.000000+0000,2026-03-08T12:22:01.000000+0000,151
2026-03-08T21:09:32.000000+0000,2026-03-08T21:07:01.000000+0000,151
2026-03-08T22:44:02.000000+0000,2026-03-08T22:41:31.000000+0000,151
2026-03-08T23:09:01.000000+0000,2026-03-08T23:06:30.000000+0000,151
2026-03-09T00:28:32.000000+0000,2026-03-09T00:26:01.000000+0000,151
2026-03-09T04:09:31.000000+0000,2026-03-09T04:07:00.000000+0000,151
2026-03-09T07:50:04.000000+0000,2026-03-09T07:47:33.000000+0000,151
2026-03-10T10:09:02.000000+0000,2026-03-10T10:06:31.000000+0000,151
2026-03-10T13:14:01.000000+0000,2026-03-10T13:11:30.000000+0000,151
2026-03-10T15:10:04.000000+0000,2026-03-10T15:07:33.000000+0000,151
2026-03-10T18:28:32.000000+0000,2026-03-10T18:26:01.000000+0000,151
2026-03-10T20:13:32.000000+0000,2026-03-10T20:11:01.000000+0000,151
2026-03-11T05:34:32.000000+0000,2026-03-11T05:32:01.000000+0000,151
2026-03-11T08:39:31.000000+0000,2026-03-11T08:37:00.000000+0000,151
2026-03-12T02:09:32.000000+0000,2026-03-12T02:07:01.000000+0000,151
2026-03-12T05:40:04.000000+0000,2026-03-12T05:37:33.000000+0000,151
2026-03-12T12:39:03.000000+0000,2026-03-12T12:36:32.000000+0000,151
2026-03-12T16:09:32.000000+0000,2026-03-12T16:07:01.000000+0000,151
2026-03-13T00:55:01.000000+0000,2026-03-13T00:52:30.000000+0000,151
2026-03-13T04:45:31.000000+0000,2026-03-13T04:43:00.000000+0000,151
2026-03-13T18:24:33.000000+0000,2026-03-13T18:22:02.000000+0000,151
2026-03-14T11:54:32.000000+0000,2026-03-14T11:52:01.000000+0000,151
2026-03-15T05:24:32.000000+0000,2026-03-15T05:22:01.000000+0000,151
2026-03-15T06:58:02.000000+0000,2026-03-15T06:55:31.000000+0000,151
2026-03-16T00:29:01.000000+0000,2026-03-16T00:26:30.000000+0000,151
2026-03-16T04:10:04.000000+0000,2026-03-16T04:07:33.000000+0000,151
2026-03-16T23:24:32.000000+0000,2026-03-16T23:22:01.000000+0000,151
2026-03-17T04:49:32.000000+0000,2026-03-17T04:47:01.000000+0000,151
2026-03-17T08:19:32.000000+0000,2026-03-17T08:17:01.000000+0000,151
2026-03-20T19:31:32.000000+0000,2026-03-20T19:29:01.000000+0000,151
2026-03-21T21:04:32.000000+0000,2026-03-21T21:02:01.000000+0000,151
2026-03-22T01:54:33.000000+0000,2026-03-22T01:52:02.000000+0000,151
2026-03-22T05:24:33.000000+0000,2026-03-22T05:22:02.000000+0000,151
2026-03-22T14:21:02.000000+0000,2026-03-22T14:18:31.000000+0000,151
2026-03-22T19:24:32.000000+0000,2026-03-22T19:22:01.000000+0000,151
2026-03-23T05:54:32.000000+0000,2026-03-23T05:52:01.000000+0000,151
2026-03-23T14:09:02.000000+0000,2026-03-23T14:06:31.000000+0000,151
2026-03-23T20:51:03.000000+0000,2026-03-23T20:48:32.000000+0000,151
2026-03-23T21:49:32.000000+0000,2026-03-23T21:47:01.000000+0000,151
2026-03-24T11:14:01.000000+0000,2026-03-24T11:11:30.000000+0000,151
2026-03-24T23:39:31.000000+0000,2026-03-24T23:37:00.000000+0000,151
2026-03-25T02:10:33.000000+0000,2026-03-25T02:08:02.000000+0000,151
2026-03-25T08:35:32.000000+0000,2026-03-25T08:33:01.000000+0000,151
2026-03-25T22:24:32.000000+0000,2026-03-25T22:22:01.000000+0000,151
2026-03-26T01:54:33.000000+0000,2026-03-26T01:52:02.000000+0000,151
2026-03-26T09:04:33.000000+0000,2026-03-26T09:02:02.000000+0000,151
2026-03-27T13:12:01.000000+0000,2026-03-27T13:09:30.000000+0000,151
2026-03-27T23:10:04.000000+0000,2026-03-27T23:07:33.000000+0000,151
2026-03-28T08:16:31.000000+0000,2026-03-28T08:14:00.000000+0000,151
2026-03-28T09:51:02.000000+0000,2026-03-28T09:48:31.000000+0000,151
2026-03-28T19:38:01.000000+0000,2026-03-28T19:35:30.000000+0000,151
2026-03-29T18:54:32.000000+0000,2026-03-29T18:52:01.000000+0000,151
2026-03-30T15:54:32.000000+0000,2026-03-30T15:52:01.000000+0000,151
2026-03-30T20:58:31.000000+0000,2026-03-30T20:56:00.000000+0000,151
2026-03-31T12:44:01.000000+0000,2026-03-31T12:41:30.000000+0000,151
2026-04-01T04:39:32.000000+0000,2026-04-01T04:37:01.000000+0000,151
2026-04-02T18:01:32.000000+0000,2026-04-02T17:59:01.000000+0000,151
2026-04-02T21:01:32.000000+0000,2026-04-02T20:59:01.000000+0000,151
2026-04-03T03:18:03.000000+0000,2026-04-03T03:15:32.000000+0000,151
2026-04-03T16:04:32.000000+0000,2026-04-03T16:02:01.000000+0000,151
2026-04-03T17:49:31.000000+0000,2026-04-03T17:47:00.000000+0000,151
2026-04-03T23:27:32.000000+0000,2026-04-03T23:25:01.000000+0000,151
2026-04-04T02:59:32.000000+0000,2026-04-04T02:57:01.000000+0000,151
2026-04-04T04:21:01.000000+0000,2026-04-04T04:18:30.000000+0000,151
2026-04-05T14:06:03.000000+0000,2026-04-05T14:03:32.000000+0000,151
2026-04-05T20:35:03.000000+0000,2026-04-05T20:32:32.000000+0000,151
2026-04-06T21:26:33.000000+0000,2026-04-06T21:24:02.000000+0000,151
2026-04-07T12:50:04.000000+0000,2026-04-07T12:47:33.000000+0000,151
2026-04-08T04:23:32.000000+0000,2026-04-08T04:21:01.000000+0000,151
2026-04-08T10:10:04.000000+0000,2026-04-08T10:07:33.000000+0000,151
2026-04-09T03:49:32.000000+0000,2026-04-09T03:47:01.000000+0000,151
2026-04-09T04:01:32.000000+0000,2026-04-09T03:59:01.000000+0000,151
2026-04-09T10:29:32.000000+0000,2026-04-09T10:27:01.000000+0000,151
2026-04-09T19:14:03.000000+0000,2026-04-09T19:11:32.000000+0000,151
2026-04-11T21:58:33.000000+0000,2026-04-11T21:56:02.000000+0000,151
2026-04-12T09:54:32.000000+0000,2026-04-12T09:52:01.000000+0000,151
2026-04-12T11:58:33.000000+0000,2026-04-12T11:56:02.000000+0000,151
2026-04-12T14:05:32.000000+0000,2026-04-12T14:03:01.000000+0000,151
2026-04-13T01:59:32.000000+0000,2026-04-13T01:57:01.000000+0000,151
2026-04-13T04:06:03.000000+0000,2026-04-13T04:03:32.000000+0000,151
2026-04-13T15:48:03.000000+0000,2026-04-13T15:45:32.000000+0000,151
2026-04-14T08:16:33.000000+0000,2026-04-14T08:14:02.000000+0000,151
2026-04-14T12:59:32.000000+0000,2026-04-14T12:57:01.000000+0000,151
2026-04-15T13:29:32.000000+0000,2026-04-15T13:27:01.000000+0000,151
2026-04-15T23:59:32.000000+0000,2026-04-15T23:57:01.000000+0000,151
2026-04-16T01:55:31.000000+0000,2026-04-16T01:53:00.000000+0000,151
2026-04-16T12:04:03.000000+0000,2026-04-16T12:01:32.000000+0000,151
2026-04-16T17:29:31.000000+0000,2026-04-16T17:27:00.000000+0000,151
2026-04-16T19:14:02.000000+0000,2026-04-16T19:11:31.000000+0000,151
2026-04-16T20:59:32.000000+0000,2026-04-16T20:57:01.000000+0000,151
2026-04-17T16:04:03.000000+0000,2026-04-17T16:01:32.000000+0000,151
2026-04-17T23:04:01.000000+0000,2026-04-17T23:01:30.000000+0000,151
2026-04-18T22:24:32.000000+0000,2026-04-18T22:22:01.000000+0000,151
2026-04-19T12:24:31.000000+0000,2026-04-19T12:22:00.000000+0000,151
2026-04-19T18:59:32.000000+0000,2026-04-19T18:57:01.000000+0000,151
2026-04-20T04:05:31.000000+0000,2026-04-20T04:03:00.000000+0000,151
2026-04-20T17:43:32.000000+0000,2026-04-20T17:41:01.000000+0000,151
2026-04-20T19:51:02.000000+0000,2026-04-20T19:48:31.000000+0000,151
2026-04-21T14:34:01.000000+0000,2026-04-21T14:31:30.000000+0000,151
2026-04-22T06:29:31.000000+0000,2026-04-22T06:27:00.000000+0000,151
2026-04-22T15:35:31.000000+0000,2026-04-22T15:33:00.000000+0000,151
2026-04-23T16:05:31.000000+0000,2026-04-23T16:03:00.000000+0000,151
2026-04-23T19:15:31.000000+0000,2026-04-23T19:13:00.000000+0000,151
2026-04-23T23:05:32.000000+0000,2026-04-23T23:03:01.000000+0000,151
2026-04-24T11:46:31.000000+0000,2026-04-24T11:44:00.000000+0000,151
2026-04-25T05:48:02.000000+0000,2026-04-25T05:45:31.000000+0000,151
2026-04-26T08:13:32.000000+0000,2026-04-26T08:11:01.000000+0000,151
2026-04-29T11:28:31.000000+0000,2026-04-29T11:26:00.000000+0000,151
2026-04-30T03:33:32.000000+0000,2026-04-30T03:31:01.000000+0000,151
2026-04-30T15:06:31.000000+0000,2026-04-30T15:04:00.000000+0000,151
2026-05-01T01:37:32.000000+0000,2026-05-01T01:35:01.000000+0000,151
2026-05-02T01:15:31.000000+0000,2026-05-02T01:13:00.000000+0000,151
2026-05-02T12:48:31.000000+0000,2026-05-02T12:46:00.000000+0000,151
2026-05-03T07:11:02.000000+0000,2026-05-03T07:08:31.000000+0000,151
2026-05-03T11:43:31.000000+0000,2026-05-03T11:41:00.000000+0000,151
2026-05-04T16:36:32.000000+0000,2026-05-04T16:34:01.000000+0000,151
2026-05-05T18:19:31.000000+0000,2026-05-05T18:17:00.000000+0000,151
2026-05-06T13:45:32.000000+0000,2026-05-06T13:43:01.000000+0000,151
2026-05-07T15:59:32.000000+0000,2026-05-07T15:57:01.000000+0000,151
2026-05-10T03:19:32.000000+0000,2026-05-10T03:17:01.000000+0000,151
2026-05-11T02:46:31.000000+0000,2026-05-11T02:44:00.000000+0000,151
2026-05-12T04:51:31.000000+0000,2026-05-12T04:49:00.000000+0000,151
2026-05-13T15:19:31.000000+0000,2026-05-13T15:17:00.000000+0000,151
2026-05-14T01:59:32.000000+0000,2026-05-14T01:57:01.000000+0000,151
2026-05-14T04:37:31.000000+0000,2026-05-14T04:35:00.000000+0000,151
2026-05-14T14:25:31.000000+0000,2026-05-14T14:23:00.000000+0000,151
2026-05-15T19:59:32.000000+0000,2026-05-15T19:57:01.000000+0000,151
2026-05-16T01:05:05.000000+0000,2026-05-16T01:02:34.000000+0000,151
2026-05-17T21:11:03.000000+0000,2026-05-17T21:08:32.000000+0000,151
2026-05-18T07:41:04.000000+0000,2026-05-18T07:38:33.000000+0000,151
2026-05-20T07:26:01.000000+0000,2026-05-20T07:23:30.000000+0000,151
2026-05-20T09:26:32.000000+0000,2026-05-20T09:24:01.000000+0000,151
2026-05-20T16:02:03.000000+0000,2026-05-20T15:59:32.000000+0000,151
2026-05-21T04:26:32.000000+0000,2026-05-21T04:24:01.000000+0000,151
2026-05-21T09:11:01.000000+0000,2026-05-21T09:08:30.000000+0000,151
2026-05-22T08:41:31.000000+0000,2026-05-22T08:39:00.000000+0000,151
2026-05-22T18:36:02.000000+0000,2026-05-22T18:33:31.000000+0000,151
2026-05-23T01:46:31.000000+0000,2026-05-23T01:44:00.000000+0000,151
2026-05-23T19:26:32.000000+0000,2026-05-23T19:24:01.000000+0000,151
2026-05-25T09:25:31.000000+0000,2026-05-25T09:23:00.000000+0000,151
2026-05-25T17:49:02.000000+0000,2026-05-25T17:46:31.000000+0000,151
2026-05-26T03:48:32.000000+0000,2026-05-26T03:46:01.000000+0000,151
2026-05-26T11:19:02.000000+0000,2026-05-26T11:16:31.000000+0000,151
2026-05-27T19:11:32.000000+0000,2026-05-27T19:09:01.000000+0000,151
2026-05-28T15:08:32.000000+0000,2026-05-28T15:06:01.000000+0000,151
2026-05-29T11:54:32.000000+0000,2026-05-29T11:52:01.000000+0000,151
2026-05-29T23:38:32.000000+0000,2026-05-29T23:36:01.000000+0000,151
2026-05-31T05:24:31.000000+0000,2026-05-31T05:22:00.000000+0000,151
2026-05-31T23:25:33.000000+0000,2026-05-31T23:23:02.000000+0000,151
2026-06-02T18:11:32.000000+0000,2026-06-02T18:09:01.000000+0000,151
2026-06-02T22:08:31.000000+0000,2026-06-02T22:06:00.000000+0000,151
2025-05-15T10:41:32.000000+0000,2025-05-15T10:39:02.000000+0000,150
2025-05-17T05:16:01.000000+0000,2025-05-17T05:13:31.000000+0000,150
2025-05-17T12:16:01.000000+0000,2025-05-17T12:13:31.000000+0000,150
2025-05-21T14:32:02.000000+0000,2025-05-21T14:29:32.000000+0000,150
2025-05-23T04:52:02.000000+0000,2025-05-23T04:49:32.000000+0000,150
2025-05-24T08:51:32.000000+0000,2025-05-24T08:49:02.000000+0000,150
2025-05-27T03:35:01.000000+0000,2025-05-27T03:32:31.000000+0000,150
2025-05-29T04:31:32.000000+0000,2025-05-29T04:29:02.000000+0000,150
2025-06-07T09:36:33.000000+0000,2025-06-07T09:34:03.000000+0000,150
2025-06-10T17:22:03.000000+0000,2025-06-10T17:19:33.000000+0000,150
2025-06-11T03:41:33.000000+0000,2025-06-11T03:39:03.000000+0000,150
2025-06-11T14:22:03.000000+0000,2025-06-11T14:19:33.000000+0000,150
2025-06-26T08:42:01.000000+0000,2025-06-26T08:39:31.000000+0000,150
2025-07-02T11:41:32.000000+0000,2025-07-02T11:39:02.000000+0000,150
2025-07-03T15:41:31.000000+0000,2025-07-03T15:39:01.000000+0000,150
2025-07-08T04:53:31.000000+0000,2025-07-08T04:51:01.000000+0000,150
2025-07-12T23:41:31.000000+0000,2025-07-12T23:39:01.000000+0000,150
2025-07-17T15:55:00.000000+0000,2025-07-17T15:52:30.000000+0000,150
2025-07-18T05:31:01.000000+0000,2025-07-18T05:28:31.000000+0000,150
2025-07-23T11:31:03.000000+0000,2025-07-23T11:28:33.000000+0000,150
2025-07-25T05:31:01.000000+0000,2025-07-25T05:28:31.000000+0000,150
2025-07-31T22:31:01.000000+0000,2025-07-31T22:28:31.000000+0000,150
2025-08-06T04:31:03.000000+0000,2025-08-06T04:28:33.000000+0000,150
2025-08-06T11:31:02.000000+0000,2025-08-06T11:28:32.000000+0000,150
2025-08-09T09:31:03.000000+0000,2025-08-09T09:28:33.000000+0000,150
2025-08-09T16:41:31.000000+0000,2025-08-09T16:39:01.000000+0000,150
2025-08-11T10:41:33.000000+0000,2025-08-11T10:39:03.000000+0000,150
2025-08-12T07:31:01.000000+0000,2025-08-12T07:28:31.000000+0000,150
2025-08-15T12:31:01.000000+0000,2025-08-15T12:28:31.000000+0000,150
2025-08-16T23:31:02.000000+0000,2025-08-16T23:28:32.000000+0000,150
2025-08-18T03:31:03.000000+0000,2025-08-18T03:28:33.000000+0000,150
2025-08-18T17:31:01.000000+0000,2025-08-18T17:28:31.000000+0000,150
2025-08-20T04:31:03.000000+0000,2025-08-20T04:28:33.000000+0000,150
2025-08-22T05:42:00.000000+0000,2025-08-22T05:39:30.000000+0000,150
2025-08-23T02:31:03.000000+0000,2025-08-23T02:28:33.000000+0000,150
2025-08-23T23:31:01.000000+0000,2025-08-23T23:28:31.000000+0000,150
2025-08-24T06:42:02.000000+0000,2025-08-24T06:39:32.000000+0000,150
2025-08-24T20:41:01.000000+0000,2025-08-24T20:38:31.000000+0000,150
2025-08-25T03:31:01.000000+0000,2025-08-25T03:28:31.000000+0000,150
2025-08-26T13:06:33.000000+0000,2025-08-26T13:04:03.000000+0000,150
2025-08-27T11:31:01.000000+0000,2025-08-27T11:28:31.000000+0000,150
2025-08-28T08:31:01.000000+0000,2025-08-28T08:28:31.000000+0000,150
2025-09-01T17:31:01.000000+0000,2025-09-01T17:28:31.000000+0000,150
2025-09-11T05:22:01.000000+0000,2025-09-11T05:19:31.000000+0000,150
2025-09-11T19:11:02.000000+0000,2025-09-11T19:08:32.000000+0000,150
2025-09-13T14:14:02.000000+0000,2025-09-13T14:11:32.000000+0000,150
2025-09-15T00:35:33.000000+0000,2025-09-15T00:33:03.000000+0000,150
2025-09-15T03:44:31.000000+0000,2025-09-15T03:42:01.000000+0000,150
2025-09-15T17:19:32.000000+0000,2025-09-15T17:17:02.000000+0000,150
2025-09-20T09:31:02.000000+0000,2025-09-20T09:28:32.000000+0000,150
2025-09-20T16:44:32.000000+0000,2025-09-20T16:42:02.000000+0000,150
2025-09-29T12:26:03.000000+0000,2025-09-29T12:23:33.000000+0000,150
2025-09-29T17:41:33.000000+0000,2025-09-29T17:39:03.000000+0000,150
2025-09-30T04:11:03.000000+0000,2025-09-30T04:08:33.000000+0000,150
2025-09-30T21:44:32.000000+0000,2025-09-30T21:42:02.000000+0000,150
2025-10-12T06:19:32.000000+0000,2025-10-12T06:17:02.000000+0000,150
2025-10-12T13:19:33.000000+0000,2025-10-12T13:17:03.000000+0000,150
2025-10-15T15:14:32.000000+0000,2025-10-15T15:12:02.000000+0000,150
2025-10-16T08:19:31.000000+0000,2025-10-16T08:17:01.000000+0000,150
2025-10-16T22:19:32.000000+0000,2025-10-16T22:17:02.000000+0000,150
2025-10-17T05:19:32.000000+0000,2025-10-17T05:17:02.000000+0000,150
2025-10-18T16:19:31.000000+0000,2025-10-18T16:17:01.000000+0000,150
2025-10-18T16:44:32.000000+0000,2025-10-18T16:42:02.000000+0000,150
2025-10-22T04:31:01.000000+0000,2025-10-22T04:28:31.000000+0000,150
2025-10-25T09:19:30.000000+0000,2025-10-25T09:17:00.000000+0000,150
2025-10-26T06:44:33.000000+0000,2025-10-26T06:42:03.000000+0000,150
2025-10-26T20:31:03.000000+0000,2025-10-26T20:28:33.000000+0000,150
2025-10-29T11:19:31.000000+0000,2025-10-29T11:17:01.000000+0000,150
2025-10-31T05:44:31.000000+0000,2025-10-31T05:42:01.000000+0000,150
2025-10-31T19:19:31.000000+0000,2025-10-31T19:17:01.000000+0000,150
2025-11-01T11:29:32.000000+0000,2025-11-01T11:27:02.000000+0000,150
2025-11-02T11:55:05.000000+0000,2025-11-02T11:52:35.000000+0000,150
2025-11-06T01:19:32.000000+0000,2025-11-06T01:17:02.000000+0000,150
2025-11-07T02:56:33.000000+0000,2025-11-07T02:54:03.000000+0000,150
2025-11-08T00:55:05.000000+0000,2025-11-08T00:52:35.000000+0000,150
2025-11-08T11:29:32.000000+0000,2025-11-08T11:27:02.000000+0000,150
2025-11-11T09:29:31.000000+0000,2025-11-11T09:27:01.000000+0000,150
2025-11-11T16:29:30.000000+0000,2025-11-11T16:27:00.000000+0000,150
2025-11-12T02:45:06.000000+0000,2025-11-12T02:42:36.000000+0000,150
2025-11-14T12:19:30.000000+0000,2025-11-14T12:17:00.000000+0000,150
2025-11-14T16:25:05.000000+0000,2025-11-14T16:22:35.000000+0000,150
2025-11-15T23:19:30.000000+0000,2025-11-15T23:17:00.000000+0000,150
2025-11-16T06:19:30.000000+0000,2025-11-16T06:17:00.000000+0000,150
2025-11-16T20:19:30.000000+0000,2025-11-16T20:17:00.000000+0000,150
2025-11-17T01:55:05.000000+0000,2025-11-17T01:52:35.000000+0000,150
2025-11-17T17:19:32.000000+0000,2025-11-17T17:17:02.000000+0000,150
2025-11-18T00:19:32.000000+0000,2025-11-18T00:17:02.000000+0000,150
2025-11-23T18:10:07.000000+0000,2025-11-23T18:07:37.000000+0000,150
2025-11-27T16:26:04.000000+0000,2025-11-27T16:23:34.000000+0000,150
2025-11-28T14:01:02.000000+0000,2025-11-28T13:58:32.000000+0000,150
2025-11-28T20:36:07.000000+0000,2025-11-28T20:33:37.000000+0000,150
2025-12-01T17:02:01.000000+0000,2025-12-01T16:59:31.000000+0000,150
2025-12-10T19:58:03.000000+0000,2025-12-10T19:55:33.000000+0000,150
2025-12-14T00:36:32.000000+0000,2025-12-14T00:34:02.000000+0000,150
2025-12-17T03:19:30.000000+0000,2025-12-17T03:17:00.000000+0000,150
2025-12-18T00:19:32.000000+0000,2025-12-18T00:17:02.000000+0000,150
2025-12-18T07:19:33.000000+0000,2025-12-18T07:17:03.000000+0000,150
2025-12-20T08:19:32.000000+0000,2025-12-20T08:17:02.000000+0000,150
2025-12-22T16:19:30.000000+0000,2025-12-22T16:17:00.000000+0000,150
2025-12-24T03:19:31.000000+0000,2025-12-24T03:17:01.000000+0000,150
2025-12-25T14:19:30.000000+0000,2025-12-25T14:17:00.000000+0000,150
2025-12-26T04:29:33.000000+0000,2025-12-26T04:27:03.000000+0000,150
2025-12-26T04:55:02.000000+0000,2025-12-26T04:52:32.000000+0000,150
2026-01-01T00:19:32.000000+0000,2026-01-01T00:17:02.000000+0000,150
2026-01-03T15:19:31.000000+0000,2026-01-03T15:17:01.000000+0000,150
2026-01-04T02:25:01.000000+0000,2026-01-04T02:22:31.000000+0000,150
2026-01-04T10:55:01.000000+0000,2026-01-04T10:52:31.000000+0000,150
2026-01-05T00:55:01.000000+0000,2026-01-05T00:52:31.000000+0000,150
2026-01-06T06:41:32.000000+0000,2026-01-06T06:39:02.000000+0000,150
2026-01-06T08:25:01.000000+0000,2026-01-06T08:22:31.000000+0000,150
2026-01-06T17:22:01.000000+0000,2026-01-06T17:19:31.000000+0000,150
2026-01-12T15:07:36.000000+0000,2026-01-12T15:05:06.000000+0000,150
2026-01-14T10:55:02.000000+0000,2026-01-14T10:52:32.000000+0000,150
2026-01-15T07:51:03.000000+0000,2026-01-15T07:48:33.000000+0000,150
2026-01-21T21:49:31.000000+0000,2026-01-21T21:47:01.000000+0000,150
2026-01-24T13:35:32.000000+0000,2026-01-24T13:33:02.000000+0000,150
2026-01-26T06:49:31.000000+0000,2026-01-26T06:47:01.000000+0000,150
2026-01-26T08:13:31.000000+0000,2026-01-26T08:11:01.000000+0000,150
2026-01-29T01:31:30.000000+0000,2026-01-29T01:29:00.000000+0000,150
2026-01-29T15:44:31.000000+0000,2026-01-29T15:42:01.000000+0000,150
2026-01-30T02:11:32.000000+0000,2026-01-30T02:09:02.000000+0000,150
2026-02-01T03:22:02.000000+0000,2026-02-01T03:19:32.000000+0000,150
2026-02-01T13:42:01.000000+0000,2026-02-01T13:39:31.000000+0000,150
2026-02-05T09:02:02.000000+0000,2026-02-05T08:59:32.000000+0000,150
2026-02-08T03:11:01.000000+0000,2026-02-08T03:08:31.000000+0000,150
2026-02-11T10:36:32.000000+0000,2026-02-11T10:34:02.000000+0000,150
2026-02-12T22:19:31.000000+0000,2026-02-12T22:17:01.000000+0000,150
2026-02-13T08:59:31.000000+0000,2026-02-13T08:57:01.000000+0000,150
2026-02-13T21:04:02.000000+0000,2026-02-13T21:01:32.000000+0000,150
2026-02-14T02:19:31.000000+0000,2026-02-14T02:17:01.000000+0000,150
2026-02-17T00:29:31.000000+0000,2026-02-17T00:27:01.000000+0000,150
2026-02-17T14:19:30.000000+0000,2026-02-17T14:17:00.000000+0000,150
2026-02-18T18:19:30.000000+0000,2026-02-18T18:17:00.000000+0000,150
2026-02-21T16:42:01.000000+0000,2026-02-21T16:39:31.000000+0000,150
2026-02-22T03:14:31.000000+0000,2026-02-22T03:12:01.000000+0000,150
2026-02-26T03:04:32.000000+0000,2026-02-26T03:02:02.000000+0000,150
2026-02-26T18:39:01.000000+0000,2026-02-26T18:36:31.000000+0000,150
2026-02-27T01:08:01.000000+0000,2026-02-27T01:05:31.000000+0000,150
2026-02-28T13:21:30.000000+0000,2026-02-28T13:19:00.000000+0000,150
2026-02-28T18:57:30.000000+0000,2026-02-28T18:55:00.000000+0000,150
2026-03-02T03:55:01.000000+0000,2026-03-02T03:52:31.000000+0000,150
2026-03-06T08:18:31.000000+0000,2026-03-06T08:16:01.000000+0000,150
2026-03-06T11:24:31.000000+0000,2026-03-06T11:22:01.000000+0000,150
2026-03-06T13:24:01.000000+0000,2026-03-06T13:21:31.000000+0000,150
2026-03-06T21:54:31.000000+0000,2026-03-06T21:52:01.000000+0000,150
2026-03-07T08:24:32.000000+0000,2026-03-07T08:22:02.000000+0000,150
2026-03-07T11:54:31.000000+0000,2026-03-07T11:52:01.000000+0000,150
2026-03-07T13:41:32.000000+0000,2026-03-07T13:39:02.000000+0000,150
2026-03-07T18:54:32.000000+0000,2026-03-07T18:52:02.000000+0000,150
2026-03-08T14:41:31.000000+0000,2026-03-08T14:39:01.000000+0000,150
2026-03-09T16:14:01.000000+0000,2026-03-09T16:11:31.000000+0000,150
2026-03-09T21:39:32.000000+0000,2026-03-09T21:37:02.000000+0000,150
2026-03-10T01:09:30.000000+0000,2026-03-10T01:07:00.000000+0000,150
2026-03-10T23:54:31.000000+0000,2026-03-10T23:52:01.000000+0000,150
2026-03-11T18:59:01.000000+0000,2026-03-11T18:56:31.000000+0000,150
2026-03-11T19:24:00.000000+0000,2026-03-11T19:21:30.000000+0000,150
2026-03-11T20:54:32.000000+0000,2026-03-11T20:52:02.000000+0000,150
2026-03-11T22:28:32.000000+0000,2026-03-11T22:26:02.000000+0000,150
2026-03-12T00:34:32.000000+0000,2026-03-12T00:32:02.000000+0000,150
2026-03-12T10:54:32.000000+0000,2026-03-12T10:52:02.000000+0000,150
2026-03-13T07:23:32.000000+0000,2026-03-13T07:21:02.000000+0000,150
2026-03-13T14:54:31.000000+0000,2026-03-13T14:52:01.000000+0000,150
2026-03-14T01:14:00.000000+0000,2026-03-14T01:11:30.000000+0000,150
2026-03-14T09:59:00.000000+0000,2026-03-14T09:56:30.000000+0000,150
2026-03-14T13:28:02.000000+0000,2026-03-14T13:25:32.000000+0000,150
2026-03-14T15:14:00.000000+0000,2026-03-14T15:11:30.000000+0000,150
2026-03-16T02:24:32.000000+0000,2026-03-16T02:22:02.000000+0000,150
2026-03-17T06:24:31.000000+0000,2026-03-17T06:22:01.000000+0000,150
2026-03-17T09:44:02.000000+0000,2026-03-17T09:41:32.000000+0000,150
2026-03-18T06:54:33.000000+0000,2026-03-18T06:52:03.000000+0000,150
2026-03-18T10:14:01.000000+0000,2026-03-18T10:11:31.000000+0000,150
2026-03-19T03:54:32.000000+0000,2026-03-19T03:52:02.000000+0000,150
2026-03-19T16:09:30.000000+0000,2026-03-19T16:07:00.000000+0000,150
2026-03-20T21:54:31.000000+0000,2026-03-20T21:52:01.000000+0000,150
2026-03-21T06:18:31.000000+0000,2026-03-21T06:16:01.000000+0000,150
2026-03-21T20:39:02.000000+0000,2026-03-21T20:36:32.000000+0000,150
2026-03-23T07:40:33.000000+0000,2026-03-23T07:38:03.000000+0000,150
2026-03-24T02:54:32.000000+0000,2026-03-24T02:52:02.000000+0000,150
2026-03-24T09:39:30.000000+0000,2026-03-24T09:37:00.000000+0000,150
2026-03-24T16:29:00.000000+0000,2026-03-24T16:26:30.000000+0000,150
2026-03-25T18:44:02.000000+0000,2026-03-25T18:41:32.000000+0000,150
2026-03-26T05:24:32.000000+0000,2026-03-26T05:22:02.000000+0000,150
2026-03-26T13:59:01.000000+0000,2026-03-26T13:56:31.000000+0000,150
2026-03-26T20:59:01.000000+0000,2026-03-26T20:56:31.000000+0000,150
2026-03-27T02:51:31.000000+0000,2026-03-27T02:49:01.000000+0000,150
2026-03-27T15:58:31.000000+0000,2026-03-27T15:56:01.000000+0000,150
2026-03-28T18:14:00.000000+0000,2026-03-28T18:11:30.000000+0000,150
2026-03-29T02:26:31.000000+0000,2026-03-29T02:24:01.000000+0000,150
2026-03-31T00:29:01.000000+0000,2026-03-31T00:26:31.000000+0000,150
2026-04-01T07:59:01.000000+0000,2026-04-01T07:56:31.000000+0000,150
2026-04-01T14:58:32.000000+0000,2026-04-01T14:56:02.000000+0000,150
2026-04-01T21:59:00.000000+0000,2026-04-01T21:56:30.000000+0000,150
2026-04-03T01:12:03.000000+0000,2026-04-03T01:09:33.000000+0000,150
2026-04-04T00:38:31.000000+0000,2026-04-04T00:36:01.000000+0000,150
2026-04-04T13:35:30.000000+0000,2026-04-04T13:33:00.000000+0000,150
2026-04-04T19:12:02.000000+0000,2026-04-04T19:09:32.000000+0000,150
2026-04-05T23:54:03.000000+0000,2026-04-05T23:51:33.000000+0000,150
2026-04-06T02:14:32.000000+0000,2026-04-06T02:12:02.000000+0000,150
2026-04-06T10:38:33.000000+0000,2026-04-06T10:36:03.000000+0000,150
2026-04-07T13:14:32.000000+0000,2026-04-07T13:12:02.000000+0000,150
2026-04-08T21:11:33.000000+0000,2026-04-08T21:09:03.000000+0000,150
2026-04-10T23:04:01.000000+0000,2026-04-10T23:01:31.000000+0000,150
2026-04-11T09:34:31.000000+0000,2026-04-11T09:32:01.000000+0000,150
2026-04-13T06:01:03.000000+0000,2026-04-13T05:58:33.000000+0000,150
2026-04-13T07:36:03.000000+0000,2026-04-13T07:33:33.000000+0000,150
2026-04-13T13:32:02.000000+0000,2026-04-13T13:29:32.000000+0000,150
2026-04-14T20:21:30.000000+0000,2026-04-14T20:19:00.000000+0000,150
2026-04-15T15:24:30.000000+0000,2026-04-15T15:22:00.000000+0000,150
2026-04-15T16:59:31.000000+0000,2026-04-15T16:57:01.000000+0000,150
2026-04-16T06:28:31.000000+0000,2026-04-16T06:26:01.000000+0000,150
2026-04-17T21:29:31.000000+0000,2026-04-17T21:27:01.000000+0000,150
2026-04-18T03:05:31.000000+0000,2026-04-18T03:03:01.000000+0000,150
2026-04-18T09:54:31.000000+0000,2026-04-18T09:52:01.000000+0000,150
2026-04-18T18:54:30.000000+0000,2026-04-18T18:52:00.000000+0000,150
2026-04-21T11:04:01.000000+0000,2026-04-21T11:01:31.000000+0000,150
2026-04-22T03:11:00.000000+0000,2026-04-22T03:08:30.000000+0000,150
2026-04-22T08:24:31.000000+0000,2026-04-22T08:22:01.000000+0000,150
2026-04-23T04:11:31.000000+0000,2026-04-23T04:09:01.000000+0000,150
2026-04-25T02:49:00.000000+0000,2026-04-25T02:46:30.000000+0000,150
2026-04-25T03:14:32.000000+0000,2026-04-25T03:12:02.000000+0000,150
2026-04-25T10:12:02.000000+0000,2026-04-25T10:09:32.000000+0000,150
2026-04-25T17:46:00.000000+0000,2026-04-25T17:43:30.000000+0000,150
2026-04-26T02:06:01.000000+0000,2026-04-26T02:03:31.000000+0000,150
2026-04-26T21:14:31.000000+0000,2026-04-26T21:12:01.000000+0000,150
2026-04-29T13:34:31.000000+0000,2026-04-29T13:32:01.000000+0000,150
2026-04-30T22:48:31.000000+0000,2026-04-30T22:46:01.000000+0000,150
2026-05-03T14:25:00.000000+0000,2026-05-03T14:22:30.000000+0000,150
2026-05-03T18:12:02.000000+0000,2026-05-03T18:09:32.000000+0000,150
2026-05-06T00:16:03.000000+0000,2026-05-06T00:13:33.000000+0000,150
2026-05-06T03:08:31.000000+0000,2026-05-06T03:06:01.000000+0000,150
2026-05-06T13:33:32.000000+0000,2026-05-06T13:31:02.000000+0000,150
2026-05-09T01:36:01.000000+0000,2026-05-09T01:33:31.000000+0000,150
2026-05-10T10:31:01.000000+0000,2026-05-10T10:28:31.000000+0000,150
2026-05-11T12:14:03.000000+0000,2026-05-11T12:11:33.000000+0000,150
2026-05-12T01:11:01.000000+0000,2026-05-12T01:08:31.000000+0000,150
2026-05-15T16:18:32.000000+0000,2026-05-15T16:16:02.000000+0000,150
2026-05-15T23:09:01.000000+0000,2026-05-15T23:06:31.000000+0000,150
2026-05-16T16:07:01.000000+0000,2026-05-16T16:04:31.000000+0000,150
2026-05-17T05:29:32.000000+0000,2026-05-17T05:27:02.000000+0000,150
2026-05-17T10:44:31.000000+0000,2026-05-17T10:42:01.000000+0000,150
2026-05-18T12:44:32.000000+0000,2026-05-18T12:42:02.000000+0000,150
2026-05-19T16:34:31.000000+0000,2026-05-19T16:32:01.000000+0000,150
2026-05-22T06:46:01.000000+0000,2026-05-22T06:43:31.000000+0000,150
2026-05-23T05:06:02.000000+0000,2026-05-23T05:03:32.000000+0000,150
2026-05-23T08:46:00.000000+0000,2026-05-23T08:43:30.000000+0000,150
2026-05-23T16:07:31.000000+0000,2026-05-23T16:05:01.000000+0000,150
2026-05-24T12:57:00.000000+0000,2026-05-24T12:54:30.000000+0000,150
2026-05-24T23:38:01.000000+0000,2026-05-24T23:35:31.000000+0000,150
2026-05-25T07:40:04.000000+0000,2026-05-25T07:37:34.000000+0000,150
2026-05-25T19:55:31.000000+0000,2026-05-25T19:53:01.000000+0000,150
2026-05-29T13:19:31.000000+0000,2026-05-29T13:17:01.000000+0000,150
2026-05-29T19:38:01.000000+0000,2026-05-29T19:35:31.000000+0000,150
2026-05-30T20:39:00.000000+0000,2026-05-30T20:36:30.000000+0000,150
2026-05-31T09:14:31.000000+0000,2026-05-31T09:12:01.000000+0000,150
2026-06-01T03:48:02.000000+0000,2026-06-01T03:45:32.000000+0000,150
2026-06-02T17:46:01.000000+0000,2026-06-02T17:43:31.000000+0000,150
2026-06-02T19:21:02.000000+0000,2026-06-02T19:18:32.000000+0000,150
2026-06-02T22:34:00.000000+0000,2026-06-02T22:31:30.000000+0000,150
2026-06-03T01:49:32.000000+0000,2026-06-03T01:47:02.000000+0000,150
2025-05-24T17:05:31.000000+0000,2025-05-24T17:03:02.000000+0000,149
2025-05-25T16:53:32.000000+0000,2025-05-25T16:51:03.000000+0000,149
2025-05-26T09:51:32.000000+0000,2025-05-26T09:49:03.000000+0000,149
2025-05-27T13:51:33.000000+0000,2025-05-27T13:49:04.000000+0000,149
2025-05-27T17:21:32.000000+0000,2025-05-27T17:19:03.000000+0000,149
2025-05-28T17:51:31.000000+0000,2025-05-28T17:49:02.000000+0000,149
2025-05-30T03:06:32.000000+0000,2025-05-30T03:04:03.000000+0000,149
2025-05-31T12:35:07.000000+0000,2025-05-31T12:32:38.000000+0000,149
2025-06-01T05:52:02.000000+0000,2025-06-01T05:49:33.000000+0000,149
2025-06-01T09:45:06.000000+0000,2025-06-01T09:42:37.000000+0000,149
2025-06-05T15:01:01.000000+0000,2025-06-05T14:58:32.000000+0000,149
2025-06-14T12:43:31.000000+0000,2025-06-14T12:41:02.000000+0000,149
2025-06-30T17:55:00.000000+0000,2025-06-30T17:52:31.000000+0000,149
2025-07-07T07:21:32.000000+0000,2025-07-07T07:19:03.000000+0000,149
2025-07-07T17:55:00.000000+0000,2025-07-07T17:52:31.000000+0000,149
2025-07-11T19:55:00.000000+0000,2025-07-11T19:52:31.000000+0000,149
2025-07-12T02:41:02.000000+0000,2025-07-12T02:38:33.000000+0000,149
2025-07-15T00:41:30.000000+0000,2025-07-15T00:39:01.000000+0000,149
2025-07-19T23:42:00.000000+0000,2025-07-19T23:39:31.000000+0000,149
2025-07-23T18:31:01.000000+0000,2025-07-23T18:28:32.000000+0000,149
2025-07-25T12:41:32.000000+0000,2025-07-25T12:39:03.000000+0000,149
2025-07-29T07:31:02.000000+0000,2025-07-29T07:28:33.000000+0000,149
2025-08-03T06:31:01.000000+0000,2025-08-03T06:28:32.000000+0000,149
2025-08-04T10:42:01.000000+0000,2025-08-04T10:39:32.000000+0000,149
2025-08-05T21:31:01.000000+0000,2025-08-05T21:28:32.000000+0000,149
2025-08-07T01:31:01.000000+0000,2025-08-07T01:28:32.000000+0000,149
2025-08-08T19:41:31.000000+0000,2025-08-08T19:39:02.000000+0000,149
2025-08-16T09:31:01.000000+0000,2025-08-16T09:28:32.000000+0000,149
2025-08-17T06:41:30.000000+0000,2025-08-17T06:39:01.000000+0000,149
2025-08-22T02:35:33.000000+0000,2025-08-22T02:33:04.000000+0000,149
2025-08-31T13:31:01.000000+0000,2025-08-31T13:28:32.000000+0000,149
2025-09-02T07:42:02.000000+0000,2025-09-02T07:39:33.000000+0000,149
2025-09-23T14:44:32.000000+0000,2025-09-23T14:42:03.000000+0000,149
2025-09-24T15:11:01.000000+0000,2025-09-24T15:08:32.000000+0000,149
2025-09-25T04:07:33.000000+0000,2025-09-25T04:05:04.000000+0000,149
2025-09-26T02:25:02.000000+0000,2025-09-26T02:22:33.000000+0000,149
2025-09-30T06:52:02.000000+0000,2025-09-30T06:49:33.000000+0000,149
2025-10-01T01:25:02.000000+0000,2025-10-01T01:22:33.000000+0000,149
2025-10-02T22:41:02.000000+0000,2025-10-02T22:38:33.000000+0000,149
2025-10-11T23:51:32.000000+0000,2025-10-11T23:49:03.000000+0000,149
2025-10-13T10:19:31.000000+0000,2025-10-13T10:17:02.000000+0000,149
2025-10-13T10:44:32.000000+0000,2025-10-13T10:42:03.000000+0000,149
2025-10-16T22:44:32.000000+0000,2025-10-16T22:42:03.000000+0000,149
2025-10-19T13:44:32.000000+0000,2025-10-19T13:42:03.000000+0000,149
2025-10-19T20:55:01.000000+0000,2025-10-19T20:52:32.000000+0000,149
2025-10-21T14:42:00.000000+0000,2025-10-21T14:39:31.000000+0000,149
2025-10-22T11:19:32.000000+0000,2025-10-22T11:17:03.000000+0000,149
2025-10-24T22:59:32.000000+0000,2025-10-24T22:57:03.000000+0000,149
2025-10-25T02:19:31.000000+0000,2025-10-25T02:17:02.000000+0000,149
2025-10-25T19:49:01.000000+0000,2025-10-25T19:46:32.000000+0000,149
2025-10-26T13:19:31.000000+0000,2025-10-26T13:17:02.000000+0000,149
2025-10-30T15:19:30.000000+0000,2025-10-30T15:17:01.000000+0000,149
2025-11-01T02:19:30.000000+0000,2025-11-01T02:17:01.000000+0000,149
2025-11-01T05:59:32.000000+0000,2025-11-01T05:57:03.000000+0000,149
2025-11-03T19:29:32.000000+0000,2025-11-03T19:27:03.000000+0000,149
2025-11-08T09:19:30.000000+0000,2025-11-08T09:17:01.000000+0000,149
2025-11-09T06:19:30.000000+0000,2025-11-09T06:17:01.000000+0000,149
2025-11-13T22:19:31.000000+0000,2025-11-13T22:17:02.000000+0000,149
2025-11-17T12:29:32.000000+0000,2025-11-17T12:27:03.000000+0000,149
2025-11-19T10:19:32.000000+0000,2025-11-19T10:17:03.000000+0000,149
2025-11-19T12:25:05.000000+0000,2025-11-19T12:22:36.000000+0000,149
2025-11-20T00:19:31.000000+0000,2025-11-20T00:17:02.000000+0000,149
2025-11-20T10:59:30.000000+0000,2025-11-20T10:57:01.000000+0000,149
2025-11-28T17:37:34.000000+0000,2025-11-28T17:35:05.000000+0000,149
2025-11-28T21:01:04.000000+0000,2025-11-28T20:58:35.000000+0000,149
2025-12-01T18:47:04.000000+0000,2025-12-01T18:44:35.000000+0000,149
2025-12-11T02:47:00.000000+0000,2025-12-11T02:44:31.000000+0000,149
2025-12-15T02:19:30.000000+0000,2025-12-15T02:17:01.000000+0000,149
2025-12-16T04:55:05.000000+0000,2025-12-16T04:52:36.000000+0000,149
2025-12-22T23:19:31.000000+0000,2025-12-22T23:17:02.000000+0000,149
2025-12-23T19:37:00.000000+0000,2025-12-23T19:34:31.000000+0000,149
2025-12-26T11:41:32.000000+0000,2025-12-26T11:39:03.000000+0000,149
2025-12-27T15:19:31.000000+0000,2025-12-27T15:17:02.000000+0000,149
2026-01-02T00:08:02.000000+0000,2026-01-02T00:05:33.000000+0000,149
2026-01-02T03:06:00.000000+0000,2026-01-02T03:03:31.000000+0000,149
2026-01-02T20:57:01.000000+0000,2026-01-02T20:54:32.000000+0000,149
2026-01-08T04:12:01.000000+0000,2026-01-08T04:09:32.000000+0000,149
2026-01-08T16:25:01.000000+0000,2026-01-08T16:22:32.000000+0000,149
2026-01-09T12:26:33.000000+0000,2026-01-09T12:24:04.000000+0000,149
2026-01-10T16:05:33.000000+0000,2026-01-10T16:03:04.000000+0000,149
2026-01-22T14:16:01.000000+0000,2026-01-22T14:13:32.000000+0000,149
2026-01-24T23:41:02.000000+0000,2026-01-24T23:38:33.000000+0000,149
2026-01-28T04:19:30.000000+0000,2026-01-28T04:17:01.000000+0000,149
2026-01-30T16:12:00.000000+0000,2026-01-30T16:09:31.000000+0000,149
2026-02-01T06:42:00.000000+0000,2026-02-01T06:39:31.000000+0000,149
2026-02-01T10:35:32.000000+0000,2026-02-01T10:33:03.000000+0000,149
2026-02-02T00:11:01.000000+0000,2026-02-02T00:08:32.000000+0000,149
2026-02-02T03:51:02.000000+0000,2026-02-02T03:48:33.000000+0000,149
2026-02-02T06:59:31.000000+0000,2026-02-02T06:57:02.000000+0000,149
2026-02-03T09:36:00.000000+0000,2026-02-03T09:33:31.000000+0000,149
2026-02-06T06:47:33.000000+0000,2026-02-06T06:45:04.000000+0000,149
2026-02-08T23:18:30.000000+0000,2026-02-08T23:16:01.000000+0000,149
2026-02-09T17:19:30.000000+0000,2026-02-09T17:17:01.000000+0000,149
2026-02-12T14:48:01.000000+0000,2026-02-12T14:45:32.000000+0000,149
2026-02-15T03:25:01.000000+0000,2026-02-15T03:22:32.000000+0000,149
2026-02-17T11:35:31.000000+0000,2026-02-17T11:33:02.000000+0000,149
2026-02-19T04:48:32.000000+0000,2026-02-19T04:46:03.000000+0000,149
2026-02-19T22:29:31.000000+0000,2026-02-19T22:27:02.000000+0000,149
2026-02-22T01:04:32.000000+0000,2026-02-22T01:02:03.000000+0000,149
2026-03-01T14:12:01.000000+0000,2026-03-01T14:09:32.000000+0000,149
2026-03-06T14:54:31.000000+0000,2026-03-06T14:52:02.000000+0000,149
2026-03-07T10:24:00.000000+0000,2026-03-07T10:21:31.000000+0000,149
2026-03-07T15:14:00.000000+0000,2026-03-07T15:11:31.000000+0000,149
2026-03-07T20:28:31.000000+0000,2026-03-07T20:26:02.000000+0000,149
2026-03-07T22:14:00.000000+0000,2026-03-07T22:11:31.000000+0000,149
2026-03-08T05:14:01.000000+0000,2026-03-08T05:11:32.000000+0000,149
2026-03-08T05:39:01.000000+0000,2026-03-08T05:36:32.000000+0000,149
2026-03-08T17:29:01.000000+0000,2026-03-08T17:26:32.000000+0000,149
2026-03-09T02:14:00.000000+0000,2026-03-09T02:11:31.000000+0000,149
2026-03-09T23:14:00.000000+0000,2026-03-09T23:11:31.000000+0000,149
2026-03-10T16:55:01.000000+0000,2026-03-10T16:52:32.000000+0000,149
2026-03-11T10:39:01.000000+0000,2026-03-11T10:36:32.000000+0000,149
2026-03-11T19:11:30.000000+0000,2026-03-11T19:09:01.000000+0000,149
2026-03-12T21:39:00.000000+0000,2026-03-12T21:36:31.000000+0000,149
2026-03-14T20:39:02.000000+0000,2026-03-14T20:36:33.000000+0000,149
2026-03-15T17:29:01.000000+0000,2026-03-15T17:26:32.000000+0000,149
2026-03-16T03:58:01.000000+0000,2026-03-16T03:55:32.000000+0000,149
2026-03-17T13:14:01.000000+0000,2026-03-17T13:11:32.000000+0000,149
2026-03-18T12:24:01.000000+0000,2026-03-18T12:21:32.000000+0000,149
2026-03-19T05:28:32.000000+0000,2026-03-19T05:26:03.000000+0000,149
2026-03-20T02:51:02.000000+0000,2026-03-20T02:48:33.000000+0000,149
2026-03-20T07:12:01.000000+0000,2026-03-20T07:09:32.000000+0000,149
2026-03-20T19:06:00.000000+0000,2026-03-20T19:03:31.000000+0000,149
2026-03-21T13:28:32.000000+0000,2026-03-21T13:26:03.000000+0000,149
2026-03-21T15:34:31.000000+0000,2026-03-21T15:32:02.000000+0000,149
2026-03-22T03:28:31.000000+0000,2026-03-22T03:26:02.000000+0000,149
2026-03-23T20:25:30.000000+0000,2026-03-23T20:23:01.000000+0000,149
2026-03-24T12:59:01.000000+0000,2026-03-24T12:56:32.000000+0000,149
2026-03-25T08:23:32.000000+0000,2026-03-25T08:21:03.000000+0000,149
2026-03-25T09:59:01.000000+0000,2026-03-25T09:56:32.000000+0000,149
2026-03-25T16:59:01.000000+0000,2026-03-25T16:56:32.000000+0000,149
2026-03-25T23:59:00.000000+0000,2026-03-25T23:56:31.000000+0000,149
2026-03-26T22:44:02.000000+0000,2026-03-26T22:41:33.000000+0000,149
2026-03-28T00:44:01.000000+0000,2026-03-28T00:41:32.000000+0000,149
2026-03-28T16:29:01.000000+0000,2026-03-28T16:26:32.000000+0000,149
2026-03-28T23:29:00.000000+0000,2026-03-28T23:26:31.000000+0000,149
2026-03-29T01:14:00.000000+0000,2026-03-29T01:11:31.000000+0000,149
2026-03-29T04:44:02.000000+0000,2026-03-29T04:41:33.000000+0000,149
2026-03-29T08:14:01.000000+0000,2026-03-29T08:11:32.000000+0000,149
2026-03-29T16:37:00.000000+0000,2026-03-29T16:34:31.000000+0000,149
2026-03-30T22:55:30.000000+0000,2026-03-30T22:53:01.000000+0000,149
2026-03-31T05:54:31.000000+0000,2026-03-31T05:52:02.000000+0000,149
2026-03-31T07:17:33.000000+0000,2026-03-31T07:15:04.000000+0000,149
2026-03-31T16:24:31.000000+0000,2026-03-31T16:22:02.000000+0000,149
2026-04-01T06:14:02.000000+0000,2026-04-01T06:11:33.000000+0000,149
2026-04-01T16:44:01.000000+0000,2026-04-01T16:41:32.000000+0000,149
2026-04-02T22:44:32.000000+0000,2026-04-02T22:42:03.000000+0000,149
2026-04-03T06:26:01.000000+0000,2026-04-03T06:23:32.000000+0000,149
2026-04-03T18:14:31.000000+0000,2026-04-03T18:12:02.000000+0000,149
2026-04-04T01:04:00.000000+0000,2026-04-04T01:01:31.000000+0000,149
2026-04-04T02:47:00.000000+0000,2026-04-04T02:44:31.000000+0000,149
2026-04-04T04:08:32.000000+0000,2026-04-04T04:06:03.000000+0000,149
2026-04-05T04:39:00.000000+0000,2026-04-05T04:36:31.000000+0000,149
2026-04-09T15:34:01.000000+0000,2026-04-09T15:31:32.000000+0000,149
2026-04-10T05:59:01.000000+0000,2026-04-10T05:56:32.000000+0000,149
2026-04-11T07:59:01.000000+0000,2026-04-11T07:56:32.000000+0000,149
2026-04-11T17:47:33.000000+0000,2026-04-11T17:45:04.000000+0000,149
2026-04-12T18:07:33.000000+0000,2026-04-12T18:05:04.000000+0000,149
2026-04-12T20:13:01.000000+0000,2026-04-12T20:10:32.000000+0000,149
2026-04-12T20:38:01.000000+0000,2026-04-12T20:35:32.000000+0000,149
2026-04-13T08:58:31.000000+0000,2026-04-13T08:56:02.000000+0000,149
2026-04-14T01:58:01.000000+0000,2026-04-14T01:55:32.000000+0000,149
2026-04-14T23:29:02.000000+0000,2026-04-14T23:26:33.000000+0000,149
2026-04-15T19:28:01.000000+0000,2026-04-15T19:25:32.000000+0000,149
2026-04-16T17:54:31.000000+0000,2026-04-16T17:52:02.000000+0000,149
2026-04-18T12:33:32.000000+0000,2026-04-18T12:31:03.000000+0000,149
2026-04-19T03:04:00.000000+0000,2026-04-19T03:01:31.000000+0000,149
2026-04-19T10:04:01.000000+0000,2026-04-19T10:01:32.000000+0000,149
2026-04-20T14:04:00.000000+0000,2026-04-20T14:01:31.000000+0000,149
2026-04-21T07:38:01.000000+0000,2026-04-21T07:35:32.000000+0000,149
2026-04-24T06:47:00.000000+0000,2026-04-24T06:44:31.000000+0000,149
2026-04-26T14:46:02.000000+0000,2026-04-26T14:43:33.000000+0000,149
2026-04-26T16:06:02.000000+0000,2026-04-26T16:03:33.000000+0000,149
2026-04-27T16:36:01.000000+0000,2026-04-27T16:33:32.000000+0000,149
2026-04-28T10:26:31.000000+0000,2026-04-28T10:24:02.000000+0000,149
2026-04-29T21:16:01.000000+0000,2026-04-29T21:13:32.000000+0000,149
2026-04-30T19:55:00.000000+0000,2026-04-30T19:52:31.000000+0000,149
2026-05-02T04:55:01.000000+0000,2026-05-02T04:52:32.000000+0000,149
2026-05-03T23:16:01.000000+0000,2026-05-03T23:13:32.000000+0000,149
2026-05-04T05:55:00.000000+0000,2026-05-04T05:52:31.000000+0000,149
2026-05-04T18:11:01.000000+0000,2026-05-04T18:08:32.000000+0000,149
2026-05-05T07:17:33.000000+0000,2026-05-05T07:15:04.000000+0000,149
2026-05-06T07:07:00.000000+0000,2026-05-06T07:04:31.000000+0000,149
2026-05-06T22:19:00.000000+0000,2026-05-06T22:16:31.000000+0000,149
2026-05-06T22:44:31.000000+0000,2026-05-06T22:42:02.000000+0000,149
2026-05-07T05:19:01.000000+0000,2026-05-07T05:16:32.000000+0000,149
2026-05-08T21:38:31.000000+0000,2026-05-08T21:36:02.000000+0000,149
2026-05-08T23:19:00.000000+0000,2026-05-08T23:16:31.000000+0000,149
2026-05-09T13:19:01.000000+0000,2026-05-09T13:16:32.000000+0000,149
2026-05-13T17:25:00.000000+0000,2026-05-13T17:22:31.000000+0000,149
2026-05-14T02:25:00.000000+0000,2026-05-14T02:22:31.000000+0000,149
2026-05-15T18:14:31.000000+0000,2026-05-15T18:12:02.000000+0000,149
2026-05-16T22:14:32.000000+0000,2026-05-16T22:12:03.000000+0000,149
2026-05-17T17:44:32.000000+0000,2026-05-17T17:42:03.000000+0000,149
2026-05-19T06:26:00.000000+0000,2026-05-19T06:23:31.000000+0000,149
2026-05-20T11:07:01.000000+0000,2026-05-20T11:04:32.000000+0000,149
2026-05-21T13:58:01.000000+0000,2026-05-21T13:55:32.000000+0000,149
2026-05-24T10:51:00.000000+0000,2026-05-24T10:48:31.000000+0000,149
2026-05-26T09:55:31.000000+0000,2026-05-26T09:53:02.000000+0000,149
2026-05-27T08:19:30.000000+0000,2026-05-27T08:17:01.000000+0000,149
2026-05-29T06:39:30.000000+0000,2026-05-29T06:37:01.000000+0000,149
2026-05-29T06:52:01.000000+0000,2026-05-29T06:49:32.000000+0000,149
2026-05-29T16:59:31.000000+0000,2026-05-29T16:57:02.000000+0000,149
2026-05-30T01:44:31.000000+0000,2026-05-30T01:42:02.000000+0000,149
2026-05-30T12:25:31.000000+0000,2026-05-30T12:23:02.000000+0000,149
2026-05-30T18:01:30.000000+0000,2026-05-30T17:59:01.000000+0000,149
2026-05-31T16:03:34.000000+0000,2026-05-31T16:01:05.000000+0000,149
2026-06-01T16:55:31.000000+0000,2026-06-01T16:53:02.000000+0000,149
2026-06-01T20:35:31.000000+0000,2026-06-01T20:33:02.000000+0000,149
2025-05-18T15:41:32.000000+0000,2025-05-18T15:39:04.000000+0000,148
2025-05-21T17:52:01.000000+0000,2025-05-21T17:49:33.000000+0000,148
2025-05-22T21:52:01.000000+0000,2025-05-22T21:49:33.000000+0000,148
2025-05-24T01:52:01.000000+0000,2025-05-24T01:49:33.000000+0000,148
2025-05-25T02:56:00.000000+0000,2025-05-25T02:53:32.000000+0000,148
2025-05-27T06:51:32.000000+0000,2025-05-27T06:49:04.000000+0000,148
2025-05-27T10:22:00.000000+0000,2025-05-27T10:19:32.000000+0000,148
2025-05-28T10:51:32.000000+0000,2025-05-28T10:49:04.000000+0000,148
2025-05-31T12:22:35.000000+0000,2025-05-31T12:20:07.000000+0000,148
2025-06-03T21:04:32.000000+0000,2025-06-03T21:02:04.000000+0000,148
2025-06-04T18:04:36.000000+0000,2025-06-04T18:02:08.000000+0000,148
2025-06-07T02:01:02.000000+0000,2025-06-07T01:58:34.000000+0000,148
2025-06-08T23:52:36.000000+0000,2025-06-08T23:50:08.000000+0000,148
2025-06-11T18:23:32.000000+0000,2025-06-11T18:21:04.000000+0000,148
2025-06-27T20:05:32.000000+0000,2025-06-27T20:03:04.000000+0000,148
2025-07-06T06:41:31.000000+0000,2025-07-06T06:39:03.000000+0000,148
2025-07-21T01:14:01.000000+0000,2025-07-21T01:11:33.000000+0000,148
2025-08-05T01:05:32.000000+0000,2025-08-05T01:03:04.000000+0000,148
2025-08-14T08:41:30.000000+0000,2025-08-14T08:39:02.000000+0000,148
2025-08-17T13:31:01.000000+0000,2025-08-17T13:28:33.000000+0000,148
2025-08-21T22:31:01.000000+0000,2025-08-21T22:28:33.000000+0000,148
2025-08-28T11:51:01.000000+0000,2025-08-28T11:48:33.000000+0000,148
2025-08-31T20:41:32.000000+0000,2025-08-31T20:39:04.000000+0000,148
2025-09-12T09:11:01.000000+0000,2025-09-12T09:08:33.000000+0000,148
2025-09-13T12:07:32.000000+0000,2025-09-13T12:05:04.000000+0000,148
2025-09-26T19:55:01.000000+0000,2025-09-26T19:52:33.000000+0000,148
2025-09-30T21:19:30.000000+0000,2025-09-30T21:17:02.000000+0000,148
2025-10-15T11:19:30.000000+0000,2025-10-15T11:17:02.000000+0000,148
2025-10-15T11:44:32.000000+0000,2025-10-15T11:42:04.000000+0000,148
2025-10-16T08:44:31.000000+0000,2025-10-16T08:42:03.000000+0000,148
2025-10-20T14:14:31.000000+0000,2025-10-20T14:12:03.000000+0000,148
2025-10-23T15:19:31.000000+0000,2025-10-23T15:17:03.000000+0000,148
2025-10-24T05:19:31.000000+0000,2025-10-24T05:17:03.000000+0000,148
2025-10-24T15:49:31.000000+0000,2025-10-24T15:47:03.000000+0000,148
2025-10-24T23:25:01.000000+0000,2025-10-24T23:22:33.000000+0000,148
2025-10-26T06:19:00.000000+0000,2025-10-26T06:16:32.000000+0000,148
2025-10-30T01:19:31.000000+0000,2025-10-30T01:17:03.000000+0000,148
2025-11-06T10:15:05.000000+0000,2025-11-06T10:12:37.000000+0000,148
2025-11-08T23:19:32.000000+0000,2025-11-08T23:17:04.000000+0000,148
2025-11-10T17:19:30.000000+0000,2025-11-10T17:17:02.000000+0000,148
2025-11-12T00:59:31.000000+0000,2025-11-12T00:57:03.000000+0000,148
2025-11-13T12:10:06.000000+0000,2025-11-13T12:07:38.000000+0000,148
2025-11-14T02:32:35.000000+0000,2025-11-14T02:30:07.000000+0000,148
2025-11-14T21:29:31.000000+0000,2025-11-14T21:27:03.000000+0000,148
2025-11-27T05:59:34.000000+0000,2025-11-27T05:57:06.000000+0000,148
2025-11-27T12:59:32.000000+0000,2025-11-27T12:57:04.000000+0000,148
2025-11-29T09:01:05.000000+0000,2025-11-29T08:58:37.000000+0000,148
2025-12-02T15:57:03.000000+0000,2025-12-02T15:54:35.000000+0000,148
2025-12-13T08:19:31.000000+0000,2025-12-13T08:17:03.000000+0000,148
2025-12-15T09:19:30.000000+0000,2025-12-15T09:17:02.000000+0000,148
2025-12-15T16:19:31.000000+0000,2025-12-15T16:17:03.000000+0000,148
2025-12-21T12:19:30.000000+0000,2025-12-21T12:17:02.000000+0000,148
2025-12-28T23:32:34.000000+0000,2025-12-28T23:30:06.000000+0000,148
2025-12-31T03:19:31.000000+0000,2025-12-31T03:17:03.000000+0000,148
2026-01-04T01:59:30.000000+0000,2026-01-04T01:57:02.000000+0000,148
2026-01-04T09:11:31.000000+0000,2026-01-04T09:09:03.000000+0000,148
2026-01-09T10:38:02.000000+0000,2026-01-09T10:35:34.000000+0000,148
2026-01-22T21:27:01.000000+0000,2026-01-22T21:24:33.000000+0000,148
2026-01-23T11:16:01.000000+0000,2026-01-23T11:13:33.000000+0000,148
2026-01-29T15:19:00.000000+0000,2026-01-29T15:16:32.000000+0000,148
2026-01-31T05:59:30.000000+0000,2026-01-31T05:57:02.000000+0000,148
2026-01-31T19:59:00.000000+0000,2026-01-31T19:56:32.000000+0000,148
2026-02-28T08:38:01.000000+0000,2026-02-28T08:35:33.000000+0000,148
2026-03-06T18:14:00.000000+0000,2026-03-06T18:11:32.000000+0000,148
2026-03-07T13:29:00.000000+0000,2026-03-07T13:26:32.000000+0000,148
2026-03-07T13:54:01.000000+0000,2026-03-07T13:51:33.000000+0000,148
2026-03-07T20:54:00.000000+0000,2026-03-07T20:51:32.000000+0000,148
2026-03-08T19:14:00.000000+0000,2026-03-08T19:11:32.000000+0000,148
2026-03-12T16:34:31.000000+0000,2026-03-12T16:32:03.000000+0000,148
2026-03-12T21:14:00.000000+0000,2026-03-12T21:11:32.000000+0000,148
2026-03-14T17:24:00.000000+0000,2026-03-14T17:21:32.000000+0000,148
2026-03-14T21:04:31.000000+0000,2026-03-14T21:02:03.000000+0000,148
2026-03-15T10:29:00.000000+0000,2026-03-15T10:26:32.000000+0000,148
2026-03-16T14:07:00.000000+0000,2026-03-16T14:04:32.000000+0000,148
2026-03-17T18:29:00.000000+0000,2026-03-17T18:26:32.000000+0000,148
2026-03-18T00:36:00.000000+0000,2026-03-18T00:33:32.000000+0000,148
2026-03-19T17:54:30.000000+0000,2026-03-19T17:52:02.000000+0000,148
2026-03-20T02:39:01.000000+0000,2026-03-20T02:36:33.000000+0000,148
2026-03-20T07:37:32.000000+0000,2026-03-20T07:35:04.000000+0000,148
2026-03-20T15:09:01.000000+0000,2026-03-20T15:06:33.000000+0000,148
2026-03-21T01:14:00.000000+0000,2026-03-21T01:11:32.000000+0000,148
2026-03-24T14:44:00.000000+0000,2026-03-24T14:41:32.000000+0000,148
2026-03-24T19:59:00.000000+0000,2026-03-24T19:56:32.000000+0000,148
2026-03-24T21:43:01.000000+0000,2026-03-24T21:40:33.000000+0000,148
2026-03-28T11:14:00.000000+0000,2026-03-28T11:11:32.000000+0000,148
2026-03-29T02:52:32.000000+0000,2026-03-29T02:50:04.000000+0000,148
2026-03-29T20:29:00.000000+0000,2026-03-29T20:26:32.000000+0000,148
2026-03-30T06:59:00.000000+0000,2026-03-30T06:56:32.000000+0000,148
2026-03-30T19:14:00.000000+0000,2026-03-30T19:11:32.000000+0000,148
2026-03-31T02:14:00.000000+0000,2026-03-31T02:11:32.000000+0000,148
2026-03-31T17:59:01.000000+0000,2026-03-31T17:56:33.000000+0000,148
2026-03-31T23:14:00.000000+0000,2026-03-31T23:11:32.000000+0000,148
2026-04-01T00:59:00.000000+0000,2026-04-01T00:56:32.000000+0000,148
2026-04-01T09:44:00.000000+0000,2026-04-01T09:41:32.000000+0000,148
2026-04-03T18:02:00.000000+0000,2026-04-03T17:59:32.000000+0000,148
2026-04-04T02:23:01.000000+0000,2026-04-04T02:20:33.000000+0000,148
2026-04-05T03:04:00.000000+0000,2026-04-05T03:01:32.000000+0000,148
2026-04-06T01:49:00.000000+0000,2026-04-06T01:46:32.000000+0000,148
2026-04-06T22:49:00.000000+0000,2026-04-06T22:46:32.000000+0000,148
2026-04-06T23:13:01.000000+0000,2026-04-06T23:10:33.000000+0000,148
2026-04-07T01:26:00.000000+0000,2026-04-07T01:23:32.000000+0000,148
2026-04-08T19:26:01.000000+0000,2026-04-08T19:23:33.000000+0000,148
2026-04-10T03:59:01.000000+0000,2026-04-10T03:56:33.000000+0000,148
2026-04-10T05:34:01.000000+0000,2026-04-10T05:31:33.000000+0000,148
2026-04-12T16:32:01.000000+0000,2026-04-12T16:29:33.000000+0000,148
2026-04-14T02:23:01.000000+0000,2026-04-14T02:20:33.000000+0000,148
2026-04-15T06:29:00.000000+0000,2026-04-15T06:26:32.000000+0000,148
2026-04-17T11:22:00.000000+0000,2026-04-17T11:19:32.000000+0000,148
2026-04-17T13:58:31.000000+0000,2026-04-17T13:56:03.000000+0000,148
2026-04-18T18:29:01.000000+0000,2026-04-18T18:26:33.000000+0000,148
2026-04-19T17:29:00.000000+0000,2026-04-19T17:26:32.000000+0000,148
2026-04-21T16:28:30.000000+0000,2026-04-21T16:26:02.000000+0000,148
2026-04-22T19:58:00.000000+0000,2026-04-22T19:55:32.000000+0000,148
2026-04-24T02:25:00.000000+0000,2026-04-24T02:22:32.000000+0000,148
2026-04-25T01:25:00.000000+0000,2026-04-25T01:22:32.000000+0000,148
2026-04-27T02:36:00.000000+0000,2026-04-27T02:33:32.000000+0000,148
2026-04-27T09:25:00.000000+0000,2026-04-27T09:22:32.000000+0000,148
2026-04-29T23:42:33.000000+0000,2026-04-29T23:40:05.000000+0000,148
2026-05-01T21:25:01.000000+0000,2026-05-01T21:22:33.000000+0000,148
2026-05-02T05:07:00.000000+0000,2026-05-02T05:04:32.000000+0000,148
2026-05-03T02:16:01.000000+0000,2026-05-03T02:13:33.000000+0000,148
2026-05-03T05:03:33.000000+0000,2026-05-03T05:01:05.000000+0000,148
2026-05-04T10:07:00.000000+0000,2026-05-04T10:04:32.000000+0000,148
2026-05-08T13:11:00.000000+0000,2026-05-08T13:08:32.000000+0000,148
2026-05-14T07:04:31.000000+0000,2026-05-14T07:02:03.000000+0000,148
2026-05-15T14:55:00.000000+0000,2026-05-15T14:52:32.000000+0000,148
2026-05-16T04:55:00.000000+0000,2026-05-16T04:52:32.000000+0000,148
2026-05-16T13:19:30.000000+0000,2026-05-16T13:17:02.000000+0000,148
2026-05-16T20:09:30.000000+0000,2026-05-16T20:07:02.000000+0000,148
2026-05-17T10:19:01.000000+0000,2026-05-17T10:16:33.000000+0000,148
2026-05-17T17:19:00.000000+0000,2026-05-17T17:16:32.000000+0000,148
2026-05-18T05:55:00.000000+0000,2026-05-18T05:52:32.000000+0000,148
2026-05-20T00:59:00.000000+0000,2026-05-20T00:56:32.000000+0000,148
2026-05-21T02:25:00.000000+0000,2026-05-21T02:22:32.000000+0000,148
2026-05-21T15:07:00.000000+0000,2026-05-21T15:04:32.000000+0000,148
2026-05-22T08:16:00.000000+0000,2026-05-22T08:13:32.000000+0000,148
2026-05-26T05:44:00.000000+0000,2026-05-26T05:41:32.000000+0000,148
2026-05-31T02:03:32.000000+0000,2026-05-31T02:01:04.000000+0000,148
2026-05-31T03:49:02.000000+0000,2026-05-31T03:46:34.000000+0000,148
2026-05-31T04:14:30.000000+0000,2026-05-31T04:12:02.000000+0000,148
2026-05-31T06:47:32.000000+0000,2026-05-31T06:45:04.000000+0000,148
2026-06-01T05:22:00.000000+0000,2026-06-01T05:19:32.000000+0000,148
2026-06-01T14:38:00.000000+0000,2026-06-01T14:35:32.000000+0000,148
2025-05-11T08:42:00.000000+0000,2025-05-11T08:39:33.000000+0000,147
2025-05-22T04:56:00.000000+0000,2025-05-22T04:53:33.000000+0000,147
2025-05-24T19:32:01.000000+0000,2025-05-24T19:29:34.000000+0000,147
2025-06-03T05:27:01.000000+0000,2025-06-03T05:24:34.000000+0000,147
2025-06-07T16:04:36.000000+0000,2025-06-07T16:02:09.000000+0000,147
2025-06-08T06:34:02.000000+0000,2025-06-08T06:31:35.000000+0000,147
2025-06-12T19:17:00.000000+0000,2025-06-12T19:14:33.000000+0000,147
2025-06-15T09:52:33.000000+0000,2025-06-15T09:50:06.000000+0000,147
2025-07-12T09:55:00.000000+0000,2025-07-12T09:52:33.000000+0000,147
2025-07-15T21:41:31.000000+0000,2025-07-15T21:39:04.000000+0000,147
2025-07-26T23:55:00.000000+0000,2025-07-26T23:52:33.000000+0000,147
2025-09-17T04:44:33.000000+0000,2025-09-17T04:42:06.000000+0000,147
2025-09-20T23:19:30.000000+0000,2025-09-20T23:17:03.000000+0000,147
2025-09-24T12:00:58.000000+0000,2025-09-24T11:58:31.000000+0000,147
2025-09-25T15:55:00.000000+0000,2025-09-25T15:52:33.000000+0000,147
2025-10-01T04:55:00.000000+0000,2025-10-01T04:52:33.000000+0000,147
2025-10-11T16:19:31.000000+0000,2025-10-11T16:17:04.000000+0000,147
2025-10-13T17:19:30.000000+0000,2025-10-13T17:17:03.000000+0000,147
2025-10-29T04:19:31.000000+0000,2025-10-29T04:17:04.000000+0000,147
2025-10-30T08:44:31.000000+0000,2025-10-30T08:42:04.000000+0000,147
2025-11-08T23:44:32.000000+0000,2025-11-08T23:42:05.000000+0000,147
2025-11-11T07:30:07.000000+0000,2025-11-11T07:27:40.000000+0000,147
2025-11-14T07:29:30.000000+0000,2025-11-14T07:27:03.000000+0000,147
2025-11-19T07:42:33.000000+0000,2025-11-19T07:40:06.000000+0000,147
2025-11-24T13:56:08.000000+0000,2025-11-24T13:53:41.000000+0000,147
2025-11-26T09:38:03.000000+0000,2025-11-26T09:35:36.000000+0000,147
2025-11-26T19:29:32.000000+0000,2025-11-26T19:27:05.000000+0000,147
2025-12-13T01:19:01.000000+0000,2025-12-13T01:16:34.000000+0000,147
2025-12-14T19:19:30.000000+0000,2025-12-14T19:17:03.000000+0000,147
2026-01-28T18:19:00.000000+0000,2026-01-28T18:16:33.000000+0000,147
2026-02-18T09:12:31.000000+0000,2026-02-18T09:10:04.000000+0000,147
2026-02-21T19:48:30.000000+0000,2026-02-21T19:46:03.000000+0000,147
2026-03-07T04:54:30.000000+0000,2026-03-07T04:52:03.000000+0000,147
2026-03-12T14:34:30.000000+0000,2026-03-12T14:32:03.000000+0000,147
2026-03-15T22:43:01.000000+0000,2026-03-15T22:40:34.000000+0000,147
2026-03-20T23:29:00.000000+0000,2026-03-20T23:26:33.000000+0000,147
2026-03-21T22:14:00.000000+0000,2026-03-21T22:11:33.000000+0000,147
2026-03-22T06:59:00.000000+0000,2026-03-22T06:56:33.000000+0000,147
2026-03-25T15:14:00.000000+0000,2026-03-25T15:11:33.000000+0000,147
2026-03-26T19:14:00.000000+0000,2026-03-26T19:11:33.000000+0000,147
2026-03-27T17:43:00.000000+0000,2026-03-27T17:40:33.000000+0000,147
2026-03-27T21:14:00.000000+0000,2026-03-27T21:11:33.000000+0000,147
2026-03-28T02:29:00.000000+0000,2026-03-28T02:26:33.000000+0000,147
2026-03-30T17:17:31.000000+0000,2026-03-30T17:15:04.000000+0000,147
2026-04-02T16:26:00.000000+0000,2026-04-02T16:23:33.000000+0000,147
2026-04-06T10:13:00.000000+0000,2026-04-06T10:10:33.000000+0000,147
2026-04-07T13:02:00.000000+0000,2026-04-07T12:59:33.000000+0000,147
2026-04-13T17:34:00.000000+0000,2026-04-13T17:31:33.000000+0000,147
2026-04-14T14:34:00.000000+0000,2026-04-14T14:31:33.000000+0000,147
2026-04-15T06:41:00.000000+0000,2026-04-15T06:38:33.000000+0000,147
2026-04-17T02:56:30.000000+0000,2026-04-17T02:54:03.000000+0000,147
2026-04-21T08:47:32.000000+0000,2026-04-21T08:45:05.000000+0000,147
2026-04-25T17:33:32.000000+0000,2026-04-25T17:31:05.000000+0000,147
2026-04-26T20:49:00.000000+0000,2026-04-26T20:46:33.000000+0000,147
2026-05-02T08:25:00.000000+0000,2026-05-02T08:22:33.000000+0000,147
2026-05-02T17:52:32.000000+0000,2026-05-02T17:50:05.000000+0000,147
2026-05-04T06:09:00.000000+0000,2026-05-04T06:06:33.000000+0000,147
2026-05-07T06:58:00.000000+0000,2026-05-07T06:55:33.000000+0000,147
2026-05-13T05:11:00.000000+0000,2026-05-13T05:08:33.000000+0000,147
2026-05-18T01:42:32.000000+0000,2026-05-18T01:40:05.000000+0000,147
2026-05-24T05:46:01.000000+0000,2026-05-24T05:43:34.000000+0000,147
2026-05-26T02:38:32.000000+0000,2026-05-26T02:36:05.000000+0000,147
2026-05-27T11:17:31.000000+0000,2026-05-27T11:15:04.000000+0000,147
2026-06-01T13:14:31.000000+0000,2026-06-01T13:12:04.000000+0000,147
2025-05-22T18:32:33.000000+0000,2025-05-22T18:30:07.000000+0000,146
2025-05-23T01:42:32.000000+0000,2025-05-23T01:40:06.000000+0000,146
2025-05-23T15:32:33.000000+0000,2025-05-23T15:30:07.000000+0000,146
2025-05-27T03:22:33.000000+0000,2025-05-27T03:20:07.000000+0000,146
2025-06-08T16:22:33.000000+0000,2025-06-08T16:20:07.000000+0000,146
2025-06-10T17:34:33.000000+0000,2025-06-10T17:32:07.000000+0000,146
2025-06-14T05:53:03.000000+0000,2025-06-14T05:50:37.000000+0000,146
2025-06-15T16:53:02.000000+0000,2025-06-15T16:50:36.000000+0000,146
2025-06-15T23:42:32.000000+0000,2025-06-15T23:40:06.000000+0000,146
2025-06-17T10:42:32.000000+0000,2025-06-17T10:40:06.000000+0000,146
2025-07-16T04:42:32.000000+0000,2025-07-16T04:40:06.000000+0000,146
2025-09-17T20:58:01.000000+0000,2025-09-17T20:55:35.000000+0000,146
2025-09-30T14:19:01.000000+0000,2025-09-30T14:16:35.000000+0000,146
2025-11-02T06:19:03.000000+0000,2025-11-02T06:16:37.000000+0000,146
2025-11-02T19:59:01.000000+0000,2025-11-02T19:56:35.000000+0000,146
2025-11-07T16:42:32.000000+0000,2025-11-07T16:40:06.000000+0000,146
2025-11-09T19:49:02.000000+0000,2025-11-09T19:46:36.000000+0000,146
2025-11-19T05:15:06.000000+0000,2025-11-19T05:12:40.000000+0000,146
2025-11-26T15:38:32.000000+0000,2025-11-26T15:36:06.000000+0000,146
2025-12-04T00:29:32.000000+0000,2025-12-04T00:27:06.000000+0000,146
2025-12-06T02:23:32.000000+0000,2025-12-06T02:21:06.000000+0000,146
2025-12-12T12:26:31.000000+0000,2025-12-12T12:24:05.000000+0000,146
2025-12-16T01:04:31.000000+0000,2025-12-16T01:02:05.000000+0000,146
2025-12-19T12:05:05.000000+0000,2025-12-19T12:02:39.000000+0000,146
2025-12-21T23:42:32.000000+0000,2025-12-21T23:40:06.000000+0000,146
2025-12-31T21:42:32.000000+0000,2025-12-31T21:40:06.000000+0000,146
2026-05-07T06:32:32.000000+0000,2026-05-07T06:30:06.000000+0000,146
2026-05-17T05:04:03.000000+0000,2026-05-17T05:01:37.000000+0000,146
2026-05-20T23:42:31.000000+0000,2026-05-20T23:40:05.000000+0000,146
2026-05-21T13:32:32.000000+0000,2026-05-21T13:30:06.000000+0000,146
2026-05-21T15:32:32.000000+0000,2026-05-21T15:30:06.000000+0000,146
2026-05-22T21:44:31.000000+0000,2026-05-22T21:42:05.000000+0000,146
2026-05-23T19:52:00.000000+0000,2026-05-23T19:49:34.000000+0000,146
2026-05-28T00:03:32.000000+0000,2026-05-28T00:01:06.000000+0000,146
2026-05-28T11:38:00.000000+0000,2026-05-28T11:35:34.000000+0000,146
2026-05-31T07:13:02.000000+0000,2026-05-31T07:10:36.000000+0000,146
2025-05-15T17:52:32.000000+0000,2025-05-15T17:50:07.000000+0000,145
2025-05-16T14:52:32.000000+0000,2025-05-16T14:50:07.000000+0000,145
2025-05-23T08:32:32.000000+0000,2025-05-23T08:30:07.000000+0000,145
2025-05-23T19:02:32.000000+0000,2025-05-23T19:00:07.000000+0000,145
2025-05-25T09:32:32.000000+0000,2025-05-25T09:30:07.000000+0000,145
2025-05-25T13:02:32.000000+0000,2025-05-25T13:00:07.000000+0000,145
2025-06-02T10:12:33.000000+0000,2025-06-02T10:10:08.000000+0000,145
2025-06-07T23:00:57.000000+0000,2025-06-07T22:58:32.000000+0000,145
2025-06-10T10:42:33.000000+0000,2025-06-10T10:40:08.000000+0000,145
2025-06-11T14:34:33.000000+0000,2025-06-11T14:32:08.000000+0000,145
2025-06-12T18:52:31.000000+0000,2025-06-12T18:50:06.000000+0000,145
2025-06-13T15:53:02.000000+0000,2025-06-13T15:50:37.000000+0000,145
2025-09-21T10:22:32.000000+0000,2025-09-21T10:20:07.000000+0000,145
2025-09-27T20:22:32.000000+0000,2025-09-27T20:20:07.000000+0000,145
2025-10-31T13:00:56.000000+0000,2025-10-31T12:58:31.000000+0000,145
2025-11-22T06:58:06.000000+0000,2025-11-22T06:55:41.000000+0000,145
2025-11-24T13:43:36.000000+0000,2025-11-24T13:41:11.000000+0000,145
2025-11-24T21:59:32.000000+0000,2025-11-24T21:57:07.000000+0000,145
2025-12-19T11:52:31.000000+0000,2025-12-19T11:50:06.000000+0000,145
2025-12-24T09:38:01.000000+0000,2025-12-24T09:35:36.000000+0000,145
2025-12-30T00:00:57.000000+0000,2025-12-29T23:58:32.000000+0000,145
2025-12-30T19:18:01.000000+0000,2025-12-30T19:15:36.000000+0000,145
2026-05-15T04:04:03.000000+0000,2026-05-15T04:01:38.000000+0000,145
2026-05-20T21:07:30.000000+0000,2026-05-20T21:05:05.000000+0000,145
2025-05-22T01:12:31.000000+0000,2025-05-22T01:10:07.000000+0000,144
2025-05-26T03:02:31.000000+0000,2025-05-26T03:00:07.000000+0000,144
2025-05-31T23:00:59.000000+0000,2025-05-31T22:58:35.000000+0000,144
2025-06-13T01:52:30.000000+0000,2025-06-13T01:50:06.000000+0000,144
2025-06-14T19:53:00.000000+0000,2025-06-14T19:50:36.000000+0000,144
2025-11-27T19:45:06.000000+0000,2025-11-27T19:42:42.000000+0000,144
2025-11-28T09:13:37.000000+0000,2025-11-28T09:11:13.000000+0000,144
2025-11-30T17:45:06.000000+0000,2025-11-30T17:42:42.000000+0000,144
2025-12-01T14:24:05.000000+0000,2025-12-01T14:21:41.000000+0000,144
2025-12-02T22:25:05.000000+0000,2025-12-02T22:22:41.000000+0000,144
2026-04-16T08:02:31.000000+0000,2026-04-16T08:00:07.000000+0000,144
2026-04-21T03:43:00.000000+0000,2026-04-21T03:40:36.000000+0000,144
2026-05-05T07:43:00.000000+0000,2026-05-05T07:40:36.000000+0000,144
2026-05-24T21:53:00.000000+0000,2026-05-24T21:50:36.000000+0000,144
2025-05-16T00:53:04.000000+0000,2025-05-16T00:50:41.000000+0000,143
2025-05-23T12:13:02.000000+0000,2025-05-23T12:10:39.000000+0000,143
2025-06-09T17:00:55.000000+0000,2025-06-09T16:58:32.000000+0000,143
2025-06-10T07:23:32.000000+0000,2025-06-10T07:21:09.000000+0000,143
2025-10-02T03:48:02.000000+0000,2025-10-02T03:45:39.000000+0000,143
2025-10-31T05:19:02.000000+0000,2025-10-31T05:16:39.000000+0000,143
2025-11-23T16:00:11.000000+0000,2025-11-23T15:57:48.000000+0000,143
2025-11-26T05:15:06.000000+0000,2025-11-26T05:12:43.000000+0000,143
2025-11-26T12:46:06.000000+0000,2025-11-26T12:43:43.000000+0000,143
2025-11-27T02:25:06.000000+0000,2025-11-27T02:22:43.000000+0000,143
2025-11-28T13:48:06.000000+0000,2025-11-28T13:45:43.000000+0000,143
2025-11-29T12:00:11.000000+0000,2025-11-29T11:57:48.000000+0000,143
2025-12-24T11:00:54.000000+0000,2025-12-24T10:58:31.000000+0000,143
2026-01-25T09:59:01.000000+0000,2026-01-25T09:56:38.000000+0000,143
2026-05-06T02:43:00.000000+0000,2026-05-06T02:40:37.000000+0000,143
2026-06-03T00:03:31.000000+0000,2026-06-03T00:01:08.000000+0000,143
2025-02-10T11:13:54.000000+0000,2025-02-10T11:11:32.000000+0000,142
2025-06-02T06:11:08.000000+0000,2025-06-02T06:08:46.000000+0000,142
2025-06-11T03:54:04.000000+0000,2025-06-11T03:51:42.000000+0000,142
2025-09-17T04:19:01.000000+0000,2025-09-17T04:16:39.000000+0000,142
2025-11-21T20:36:07.000000+0000,2025-11-21T20:33:45.000000+0000,142
2025-11-24T13:31:23.000000+0000,2025-11-24T13:29:01.000000+0000,142
2025-12-02T08:15:06.000000+0000,2025-12-02T08:12:44.000000+0000,142
2025-12-04T00:55:06.000000+0000,2025-12-04T00:52:44.000000+0000,142
2025-12-16T07:00:54.000000+0000,2025-12-16T06:58:32.000000+0000,142
2025-12-18T22:00:54.000000+0000,2025-12-18T21:58:32.000000+0000,142
2025-12-26T19:13:02.000000+0000,2025-12-26T19:10:40.000000+0000,142
2025-12-29T17:00:54.000000+0000,2025-12-29T16:58:32.000000+0000,142
2025-05-21T21:43:03.000000+0000,2025-05-21T21:40:42.000000+0000,141
2025-05-31T02:05:04.000000+0000,2025-05-31T02:02:43.000000+0000,141
2025-07-09T12:23:01.000000+0000,2025-07-09T12:20:40.000000+0000,141
2025-11-03T07:30:53.000000+0000,2025-11-03T07:28:32.000000+0000,141
2025-11-12T11:30:52.000000+0000,2025-11-12T11:28:31.000000+0000,141
2025-11-17T22:14:01.000000+0000,2025-11-17T22:11:40.000000+0000,141
2025-11-20T13:58:05.000000+0000,2025-11-20T13:55:44.000000+0000,141
2025-12-26T19:00:53.000000+0000,2025-12-26T18:58:32.000000+0000,141
2026-04-13T10:33:00.000000+0000,2026-04-13T10:30:39.000000+0000,141
2025-05-25T23:43:02.000000+0000,2025-05-25T23:40:42.000000+0000,140
2025-06-03T03:30:55.000000+0000,2025-06-03T03:28:35.000000+0000,140
2025-10-02T15:30:52.000000+0000,2025-10-02T15:28:32.000000+0000,140
2025-11-01T06:25:05.000000+0000,2025-11-01T06:22:45.000000+0000,140
2025-11-05T22:30:51.000000+0000,2025-11-05T22:28:31.000000+0000,140
2025-11-13T19:30:51.000000+0000,2025-11-13T19:28:31.000000+0000,140
2025-11-16T17:30:51.000000+0000,2025-11-16T17:28:31.000000+0000,140
2025-11-16T22:04:04.000000+0000,2025-11-16T22:01:44.000000+0000,140
2025-11-17T10:30:52.000000+0000,2025-11-17T10:28:32.000000+0000,140
2025-11-21T02:55:06.000000+0000,2025-11-21T02:52:46.000000+0000,140
2025-11-26T00:31:21.000000+0000,2025-11-26T00:29:01.000000+0000,140
2025-11-26T02:05:06.000000+0000,2025-11-26T02:02:46.000000+0000,140
2025-11-29T14:38:02.000000+0000,2025-11-29T14:35:42.000000+0000,140
2025-12-24T07:30:51.000000+0000,2025-12-24T07:28:31.000000+0000,140
2025-05-24T05:43:01.000000+0000,2025-05-24T05:40:42.000000+0000,139
2025-09-18T01:30:50.000000+0000,2025-09-18T01:28:31.000000+0000,139
2025-09-23T21:30:51.000000+0000,2025-09-23T21:28:32.000000+0000,139
2025-11-03T19:04:04.000000+0000,2025-11-03T19:01:45.000000+0000,139
2025-11-06T22:30:51.000000+0000,2025-11-06T22:28:32.000000+0000,139
2025-11-09T03:30:51.000000+0000,2025-11-09T03:28:32.000000+0000,139
2025-11-14T21:04:04.000000+0000,2025-11-14T21:01:45.000000+0000,139
2025-11-24T18:15:06.000000+0000,2025-11-24T18:12:47.000000+0000,139
2025-11-25T22:15:06.000000+0000,2025-11-25T22:12:47.000000+0000,139
2025-11-26T15:01:08.000000+0000,2025-11-26T14:58:49.000000+0000,139
2025-11-27T14:40:07.000000+0000,2025-11-27T14:37:48.000000+0000,139
2025-12-01T02:40:51.000000+0000,2025-12-01T02:38:32.000000+0000,139
2025-12-02T18:14:05.000000+0000,2025-12-02T18:11:46.000000+0000,139
2026-02-18T16:03:02.000000+0000,2026-02-18T16:00:43.000000+0000,139
2026-05-28T17:33:01.000000+0000,2026-05-28T17:30:42.000000+0000,139
2025-11-08T11:04:03.000000+0000,2025-11-08T11:01:45.000000+0000,138
2025-11-12T14:18:00.000000+0000,2025-11-12T14:15:42.000000+0000,138
2025-11-20T23:14:03.000000+0000,2025-11-20T23:11:45.000000+0000,138
2025-11-27T12:34:04.000000+0000,2025-11-27T12:31:46.000000+0000,138
2025-11-30T02:20:52.000000+0000,2025-11-30T02:18:34.000000+0000,138
2026-01-02T11:30:49.000000+0000,2026-01-02T11:28:31.000000+0000,138
2026-01-23T23:00:50.000000+0000,2026-01-23T22:58:32.000000+0000,138
2025-05-23T01:30:48.000000+0000,2025-05-23T01:28:31.000000+0000,137
2025-06-12T11:53:02.000000+0000,2025-06-12T11:50:45.000000+0000,137
2025-11-25T08:14:05.000000+0000,2025-11-25T08:11:48.000000+0000,137
2025-11-30T13:10:54.000000+0000,2025-11-30T13:08:37.000000+0000,137
2026-01-23T13:00:49.000000+0000,2026-01-23T12:58:32.000000+0000,137
2026-04-09T05:03:00.000000+0000,2026-04-09T05:00:43.000000+0000,137
2026-04-11T20:03:00.000000+0000,2026-04-11T20:00:43.000000+0000,137
2026-04-20T06:00:48.000000+0000,2026-04-20T05:58:31.000000+0000,137
2025-05-21T21:30:47.000000+0000,2025-05-21T21:28:31.000000+0000,136
2025-05-24T05:30:47.000000+0000,2025-05-24T05:28:31.000000+0000,136
2025-05-25T23:30:47.000000+0000,2025-05-25T23:28:31.000000+0000,136
2025-06-06T00:53:02.000000+0000,2025-06-06T00:50:46.000000+0000,136
2025-08-19T00:30:46.000000+0000,2025-08-19T00:28:30.000000+0000,136
2025-11-01T11:04:01.000000+0000,2025-11-01T11:01:45.000000+0000,136
2025-11-14T07:04:03.000000+0000,2025-11-14T07:01:47.000000+0000,136
2025-11-18T02:04:01.000000+0000,2025-11-18T02:01:45.000000+0000,136
2025-11-24T09:19:04.000000+0000,2025-11-24T09:16:48.000000+0000,136
2025-11-26T19:04:12.000000+0000,2025-11-26T19:01:56.000000+0000,136
2025-11-27T05:34:07.000000+0000,2025-11-27T05:31:51.000000+0000,136
2025-12-03T15:34:09.000000+0000,2025-12-03T15:31:53.000000+0000,136
2026-04-15T08:03:00.000000+0000,2026-04-15T08:00:44.000000+0000,136
2026-04-18T07:00:48.000000+0000,2026-04-18T06:58:32.000000+0000,136
2026-05-20T09:00:47.000000+0000,2026-05-20T08:58:31.000000+0000,136
2026-05-22T03:00:49.000000+0000,2026-05-22T02:58:33.000000+0000,136
2026-05-22T10:00:47.000000+0000,2026-05-22T09:58:31.000000+0000,136
2025-02-10T07:04:03.000000+0000,2025-02-10T07:01:48.000000+0000,135
2025-05-28T14:33:03.000000+0000,2025-05-28T14:30:48.000000+0000,135
2025-05-30T15:20:48.000000+0000,2025-05-30T15:18:33.000000+0000,135
2025-06-01T23:20:47.000000+0000,2025-06-01T23:18:32.000000+0000,135
2025-06-02T23:40:47.000000+0000,2025-06-02T23:38:32.000000+0000,135
2025-06-04T03:40:47.000000+0000,2025-06-04T03:38:32.000000+0000,135
2025-06-04T07:20:48.000000+0000,2025-06-04T07:18:33.000000+0000,135
2025-06-04T21:20:48.000000+0000,2025-06-04T21:18:33.000000+0000,135
2025-06-30T10:30:46.000000+0000,2025-06-30T10:28:31.000000+0000,135
2025-07-29T14:30:46.000000+0000,2025-07-29T14:28:31.000000+0000,135
2025-07-30T11:30:46.000000+0000,2025-07-30T11:28:31.000000+0000,135
2025-08-07T08:30:46.000000+0000,2025-08-07T08:28:31.000000+0000,135
2025-08-24T13:30:45.000000+0000,2025-08-24T13:28:30.000000+0000,135
2025-08-25T10:30:46.000000+0000,2025-08-25T10:28:31.000000+0000,135
2025-08-26T21:30:45.000000+0000,2025-08-26T21:28:30.000000+0000,135
2025-08-31T06:30:46.000000+0000,2025-08-31T06:28:31.000000+0000,135
2025-11-04T09:04:00.000000+0000,2025-11-04T09:01:45.000000+0000,135
2025-11-13T17:04:00.000000+0000,2025-11-13T17:01:45.000000+0000,135
2025-11-14T09:10:47.000000+0000,2025-11-14T09:08:32.000000+0000,135
2025-11-17T12:04:04.000000+0000,2025-11-17T12:01:49.000000+0000,135
2025-11-24T16:08:14.000000+0000,2025-11-24T16:05:59.000000+0000,135
2025-11-24T21:34:09.000000+0000,2025-11-24T21:31:54.000000+0000,135
2025-11-26T15:13:08.000000+0000,2025-11-26T15:10:53.000000+0000,135
2025-12-03T00:50:53.000000+0000,2025-12-03T00:48:38.000000+0000,135
2025-12-27T19:10:46.000000+0000,2025-12-27T19:08:31.000000+0000,135
2026-01-06T10:10:46.000000+0000,2026-01-06T10:08:31.000000+0000,135
2026-01-12T17:01:15.000000+0000,2026-01-12T16:59:00.000000+0000,135
2026-01-27T14:30:46.000000+0000,2026-01-27T14:28:31.000000+0000,135
2026-05-26T22:00:47.000000+0000,2026-05-26T21:58:32.000000+0000,135
2026-06-02T16:00:47.000000+0000,2026-06-02T15:58:32.000000+0000,135
2025-05-29T21:39:17.000000+0000,2025-05-29T21:37:03.000000+0000,134
2025-05-31T12:10:08.000000+0000,2025-05-31T12:07:54.000000+0000,134
2025-06-06T08:20:49.000000+0000,2025-06-06T08:18:35.000000+0000,134
2025-06-07T19:21:14.000000+0000,2025-06-07T19:19:00.000000+0000,134
2025-06-09T06:56:15.000000+0000,2025-06-09T06:54:01.000000+0000,134
2025-06-10T00:13:01.000000+0000,2025-06-10T00:10:47.000000+0000,134
2025-07-05T16:30:45.000000+0000,2025-07-05T16:28:31.000000+0000,134
2025-07-11T12:30:45.000000+0000,2025-07-11T12:28:31.000000+0000,134
2025-08-08T12:30:45.000000+0000,2025-08-08T12:28:31.000000+0000,134
2025-08-21T01:30:46.000000+0000,2025-08-21T01:28:32.000000+0000,134
2025-08-22T19:30:45.000000+0000,2025-08-22T19:28:31.000000+0000,134
2025-08-28T22:30:45.000000+0000,2025-08-28T22:28:31.000000+0000,134
2025-11-02T12:20:46.000000+0000,2025-11-02T12:18:32.000000+0000,134
2025-11-09T12:20:46.000000+0000,2025-11-09T12:18:32.000000+0000,134
2025-11-17T02:20:46.000000+0000,2025-11-17T02:18:32.000000+0000,134
2025-11-19T00:20:46.000000+0000,2025-11-19T00:18:32.000000+0000,134
2025-11-23T11:05:13.000000+0000,2025-11-23T11:02:59.000000+0000,134
2025-11-24T11:14:05.000000+0000,2025-11-24T11:11:51.000000+0000,134
2025-11-26T21:10:49.000000+0000,2025-11-26T21:08:35.000000+0000,134
2025-11-28T11:50:51.000000+0000,2025-11-28T11:48:37.000000+0000,134
2025-12-12T12:01:14.000000+0000,2025-12-12T11:59:00.000000+0000,134
2025-12-22T06:20:45.000000+0000,2025-12-22T06:18:31.000000+0000,134
2025-12-22T15:20:45.000000+0000,2025-12-22T15:18:31.000000+0000,134
2026-01-12T11:50:46.000000+0000,2026-01-12T11:48:32.000000+0000,134
2026-04-22T14:00:47.000000+0000,2026-04-22T13:58:33.000000+0000,134
2025-05-29T14:50:47.000000+0000,2025-05-29T14:48:34.000000+0000,133
2025-05-31T05:20:46.000000+0000,2025-05-31T05:18:33.000000+0000,133
2025-06-01T02:20:46.000000+0000,2025-06-01T02:18:33.000000+0000,133
2025-06-01T12:50:46.000000+0000,2025-06-01T12:48:33.000000+0000,133
2025-06-02T16:40:46.000000+0000,2025-06-02T16:38:33.000000+0000,133
2025-06-07T12:41:45.000000+0000,2025-06-07T12:39:32.000000+0000,133
2025-06-11T00:10:46.000000+0000,2025-06-11T00:08:33.000000+0000,133
2025-08-06T18:30:45.000000+0000,2025-08-06T18:28:32.000000+0000,133
2025-10-23T08:19:03.000000+0000,2025-10-23T08:16:50.000000+0000,133
2025-10-31T04:20:46.000000+0000,2025-10-31T04:18:33.000000+0000,133
2025-11-11T04:40:46.000000+0000,2025-11-11T04:38:33.000000+0000,133
2025-11-21T17:15:48.000000+0000,2025-11-21T17:13:35.000000+0000,133
2025-11-22T06:45:45.000000+0000,2025-11-22T06:43:32.000000+0000,133
2025-11-26T13:11:16.000000+0000,2025-11-26T13:09:03.000000+0000,133
2025-11-29T23:31:45.000000+0000,2025-11-29T23:29:32.000000+0000,133
2026-01-05T01:20:44.000000+0000,2026-01-05T01:18:31.000000+0000,133
2026-02-05T02:00:44.000000+0000,2026-02-05T01:58:31.000000+0000,133
2026-05-02T01:03:01.000000+0000,2026-05-02T01:00:48.000000+0000,133
2025-05-29T07:50:44.000000+0000,2025-05-29T07:48:32.000000+0000,132
2025-05-30T18:51:13.000000+0000,2025-05-30T18:49:01.000000+0000,132
2025-06-01T23:33:01.000000+0000,2025-06-01T23:30:49.000000+0000,132
2025-06-08T09:20:44.000000+0000,2025-06-08T09:18:32.000000+0000,132
2025-08-26T07:18:45.000000+0000,2025-08-26T07:16:33.000000+0000,132
2025-09-11T12:10:45.000000+0000,2025-09-11T12:08:33.000000+0000,132
2025-09-14T10:20:44.000000+0000,2025-09-14T10:18:32.000000+0000,132
2025-09-20T20:20:44.000000+0000,2025-09-20T20:18:32.000000+0000,132
2025-11-11T09:04:01.000000+0000,2025-11-11T09:01:49.000000+0000,132
2025-11-16T03:10:43.000000+0000,2025-11-16T03:08:31.000000+0000,132
2025-11-18T04:10:43.000000+0000,2025-11-18T04:08:31.000000+0000,132
2025-11-22T10:55:45.000000+0000,2025-11-22T10:53:33.000000+0000,132
2026-05-05T03:30:42.000000+0000,2026-05-05T03:28:30.000000+0000,132
2026-05-31T21:30:42.000000+0000,2026-05-31T21:28:30.000000+0000,132
2025-05-16T00:40:42.000000+0000,2025-05-16T00:38:31.000000+0000,131
2025-05-17T18:40:42.000000+0000,2025-05-17T18:38:31.000000+0000,131
2025-05-19T05:40:42.000000+0000,2025-05-19T05:38:31.000000+0000,131
2025-05-19T19:40:42.000000+0000,2025-05-19T19:38:31.000000+0000,131
2025-05-23T22:20:42.000000+0000,2025-05-23T22:18:31.000000+0000,131
2025-05-28T14:20:42.000000+0000,2025-05-28T14:18:31.000000+0000,131
2025-05-30T11:50:46.000000+0000,2025-05-30T11:48:35.000000+0000,131
2025-06-09T06:31:13.000000+0000,2025-06-09T06:29:02.000000+0000,131
2025-06-12T11:40:44.000000+0000,2025-06-12T11:38:33.000000+0000,131
2025-11-19T12:50:43.000000+0000,2025-11-19T12:48:32.000000+0000,131
2025-11-25T05:05:07.000000+0000,2025-11-25T05:02:56.000000+0000,131
2025-12-03T12:55:45.000000+0000,2025-12-03T12:53:34.000000+0000,131
2025-12-27T23:01:11.000000+0000,2025-12-27T22:59:00.000000+0000,131
2026-01-09T12:01:12.000000+0000,2026-01-09T11:59:01.000000+0000,131
2026-03-25T04:00:44.000000+0000,2026-03-25T03:58:33.000000+0000,131
2026-04-06T23:00:43.000000+0000,2026-04-06T22:58:32.000000+0000,131
2026-04-15T22:03:01.000000+0000,2026-04-15T22:00:50.000000+0000,131
2025-05-22T11:20:42.000000+0000,2025-05-22T11:18:32.000000+0000,130
2025-06-02T02:50:43.000000+0000,2025-06-02T02:48:33.000000+0000,130
2025-06-05T02:34:23.000000+0000,2025-06-05T02:32:13.000000+0000,130
2025-06-06T15:20:43.000000+0000,2025-06-06T15:18:33.000000+0000,130
2025-10-01T11:50:44.000000+0000,2025-10-01T11:48:34.000000+0000,130
2025-11-29T14:25:42.000000+0000,2025-11-29T14:23:32.000000+0000,130
2025-12-03T01:03:17.000000+0000,2025-12-03T01:01:07.000000+0000,130
2025-12-25T22:01:11.000000+0000,2025-12-25T21:59:01.000000+0000,130
2025-12-26T08:10:41.000000+0000,2025-12-26T08:08:31.000000+0000,130
2026-01-03T05:10:41.000000+0000,2026-01-03T05:08:31.000000+0000,130
2026-01-04T23:10:41.000000+0000,2026-01-04T23:08:31.000000+0000,130
2026-05-15T15:20:41.000000+0000,2026-05-15T15:18:31.000000+0000,130
2025-05-29T11:20:42.000000+0000,2025-05-29T11:18:33.000000+0000,129
2025-05-31T05:33:02.000000+0000,2025-05-31T05:30:53.000000+0000,129
2025-06-13T15:40:41.000000+0000,2025-06-13T15:38:32.000000+0000,129
2025-09-12T16:10:40.000000+0000,2025-09-12T16:08:31.000000+0000,129
2025-11-21T03:20:49.000000+0000,2025-11-21T03:18:40.000000+0000,129
2025-11-30T19:28:47.000000+0000,2025-11-30T19:26:38.000000+0000,129
2025-11-30T23:08:49.000000+0000,2025-11-30T23:06:40.000000+0000,129
2025-12-04T02:15:46.000000+0000,2025-12-04T02:13:37.000000+0000,129
2025-12-25T08:00:09.000000+0000,2025-12-25T07:58:00.000000+0000,129
2026-01-06T08:50:41.000000+0000,2026-01-06T08:48:32.000000+0000,129
2026-01-09T08:00:09.000000+0000,2026-01-09T07:58:00.000000+0000,129
2026-04-19T07:30:41.000000+0000,2026-04-19T07:28:32.000000+0000,129
2026-05-08T16:30:40.000000+0000,2026-05-08T16:28:31.000000+0000,129
2026-05-16T05:20:41.000000+0000,2026-05-16T05:18:32.000000+0000,129
2026-05-18T06:20:41.000000+0000,2026-05-18T06:18:32.000000+0000,129
2025-02-10T10:16:39.000000+0000,2025-02-10T10:14:31.000000+0000,128
2025-02-10T11:41:40.000000+0000,2025-02-10T11:39:32.000000+0000,128
2025-05-29T08:03:02.000000+0000,2025-05-29T08:00:54.000000+0000,128
2025-05-30T08:00:09.000000+0000,2025-05-30T07:58:01.000000+0000,128
2025-06-01T02:33:02.000000+0000,2025-06-01T02:30:54.000000+0000,128
2025-06-11T07:21:40.000000+0000,2025-06-11T07:19:32.000000+0000,128
2025-06-14T05:40:40.000000+0000,2025-06-14T05:38:32.000000+0000,128
2025-06-14T19:40:40.000000+0000,2025-06-14T19:38:32.000000+0000,128
2025-06-15T16:40:40.000000+0000,2025-06-15T16:38:32.000000+0000,128
2025-09-17T20:45:39.000000+0000,2025-09-17T20:43:31.000000+0000,128
2025-11-07T05:50:43.000000+0000,2025-11-07T05:48:35.000000+0000,128
2025-11-24T01:15:44.000000+0000,2025-11-24T01:13:36.000000+0000,128
2025-11-28T13:35:44.000000+0000,2025-11-28T13:33:36.000000+0000,128
2026-01-12T23:17:47.000000+0000,2026-01-12T23:15:39.000000+0000,128
2026-01-13T13:40:39.000000+0000,2026-01-13T13:38:31.000000+0000,128
2026-04-21T22:30:41.000000+0000,2026-04-21T22:28:33.000000+0000,128
2026-04-22T05:30:41.000000+0000,2026-04-22T05:28:33.000000+0000,128
2026-05-22T06:20:38.000000+0000,2026-05-22T06:18:30.000000+0000,128
2025-05-23T08:20:07.000000+0000,2025-05-23T08:18:00.000000+0000,127
2025-05-23T18:50:07.000000+0000,2025-05-23T18:48:00.000000+0000,127
2025-05-26T02:50:07.000000+0000,2025-05-26T02:48:00.000000+0000,127
2025-05-31T23:25:39.000000+0000,2025-05-31T23:23:32.000000+0000,127
2025-06-05T15:25:39.000000+0000,2025-06-05T15:23:32.000000+0000,127
2025-06-09T10:11:39.000000+0000,2025-06-09T10:09:32.000000+0000,127
2025-06-12T02:45:39.000000+0000,2025-06-12T02:43:32.000000+0000,127
2025-06-29T13:30:07.000000+0000,2025-06-29T13:28:00.000000+0000,127
2025-08-20T01:10:40.000000+0000,2025-08-20T01:08:33.000000+0000,127
2025-09-11T22:30:08.000000+0000,2025-09-11T22:28:01.000000+0000,127
2025-11-07T02:31:09.000000+0000,2025-11-07T02:29:02.000000+0000,127
2025-11-07T16:30:07.000000+0000,2025-11-07T16:28:00.000000+0000,127
2025-11-19T07:30:07.000000+0000,2025-11-19T07:28:00.000000+0000,127
2025-11-30T04:36:41.000000+0000,2025-11-30T04:34:34.000000+0000,127
2026-01-29T12:00:09.000000+0000,2026-01-29T11:58:02.000000+0000,127
2025-05-17T04:50:38.000000+0000,2025-05-17T04:48:32.000000+0000,126
2025-05-22T15:15:36.000000+0000,2025-05-22T15:13:30.000000+0000,126
2025-05-22T18:20:07.000000+0000,2025-05-22T18:18:01.000000+0000,126
2025-05-23T15:20:07.000000+0000,2025-05-23T15:18:01.000000+0000,126
2025-05-25T09:20:07.000000+0000,2025-05-25T09:18:01.000000+0000,126
2025-05-31T15:51:38.000000+0000,2025-05-31T15:49:32.000000+0000,126
2025-05-31T19:20:08.000000+0000,2025-05-31T19:18:02.000000+0000,126
2025-06-01T02:45:07.000000+0000,2025-06-01T02:43:01.000000+0000,126
2025-06-02T13:10:07.000000+0000,2025-06-02T13:08:01.000000+0000,126
2025-06-08T06:21:39.000000+0000,2025-06-08T06:19:33.000000+0000,126
2025-06-10T03:20:07.000000+0000,2025-06-10T03:18:01.000000+0000,126
2025-06-12T00:40:07.000000+0000,2025-06-12T00:38:01.000000+0000,126
2025-07-03T08:30:07.000000+0000,2025-07-03T08:28:01.000000+0000,126
2025-07-03T22:30:07.000000+0000,2025-07-03T22:28:01.000000+0000,126
2025-08-02T23:30:07.000000+0000,2025-08-02T23:28:01.000000+0000,126
2025-09-15T00:10:07.000000+0000,2025-09-15T00:08:01.000000+0000,126
2025-09-20T20:45:37.000000+0000,2025-09-20T20:43:31.000000+0000,126
2025-09-21T10:10:07.000000+0000,2025-09-21T10:08:01.000000+0000,126
2025-10-01T12:15:39.000000+0000,2025-10-01T12:13:33.000000+0000,126
2025-11-03T00:10:06.000000+0000,2025-11-03T00:08:00.000000+0000,126
2025-11-13T09:05:37.000000+0000,2025-11-13T09:03:31.000000+0000,126
2025-11-26T09:25:40.000000+0000,2025-11-26T09:23:34.000000+0000,126
2025-11-29T09:26:07.000000+0000,2025-11-29T09:24:01.000000+0000,126
2025-11-30T07:45:41.000000+0000,2025-11-30T07:43:35.000000+0000,126
2025-12-27T19:35:37.000000+0000,2025-12-27T19:33:31.000000+0000,126
2025-12-28T23:20:06.000000+0000,2025-12-28T23:18:00.000000+0000,126
2026-01-10T15:40:06.000000+0000,2026-01-10T15:38:00.000000+0000,126
2026-01-11T13:00:07.000000+0000,2026-01-11T12:58:01.000000+0000,126
2026-01-12T20:10:06.000000+0000,2026-01-12T20:08:00.000000+0000,126
2026-04-20T09:40:37.000000+0000,2026-04-20T09:38:31.000000+0000,126
2026-04-23T21:40:36.000000+0000,2026-04-23T21:38:30.000000+0000,126
2026-05-26T10:20:37.000000+0000,2026-05-26T10:18:31.000000+0000,126
2025-05-15T17:40:07.000000+0000,2025-05-15T17:38:02.000000+0000,125
2025-05-16T14:40:07.000000+0000,2025-05-16T14:38:02.000000+0000,125
2025-05-17T11:50:38.000000+0000,2025-05-17T11:48:33.000000+0000,125
2025-05-23T22:45:36.000000+0000,2025-05-23T22:43:31.000000+0000,125
2025-05-27T03:10:07.000000+0000,2025-05-27T03:08:02.000000+0000,125
2025-06-02T13:35:07.000000+0000,2025-06-02T13:33:02.000000+0000,125
2025-06-05T11:21:37.000000+0000,2025-06-05T11:19:32.000000+0000,125
2025-06-09T10:36:38.000000+0000,2025-06-09T10:34:33.000000+0000,125
2025-06-27T05:30:07.000000+0000,2025-06-27T05:28:02.000000+0000,125
2025-06-28T16:30:07.000000+0000,2025-06-28T16:28:02.000000+0000,125
2025-07-08T07:30:07.000000+0000,2025-07-08T07:28:02.000000+0000,125
2025-07-09T06:45:35.000000+0000,2025-07-09T06:43:30.000000+0000,125
2025-07-19T09:30:07.000000+0000,2025-07-19T09:28:02.000000+0000,125
2025-08-22T02:10:06.000000+0000,2025-08-22T02:08:01.000000+0000,125
2025-11-09T17:20:06.000000+0000,2025-11-09T17:18:01.000000+0000,125
2025-11-09T19:36:36.000000+0000,2025-11-09T19:34:31.000000+0000,125
2025-11-20T11:25:05.000000+0000,2025-11-20T11:23:00.000000+0000,125
2025-11-23T12:28:41.000000+0000,2025-11-23T12:26:36.000000+0000,125
2025-11-28T15:40:54.000000+0000,2025-11-28T15:38:49.000000+0000,125
2025-12-07T14:35:05.000000+0000,2025-12-07T14:33:00.000000+0000,125
2025-12-10T19:45:38.000000+0000,2025-12-10T19:43:33.000000+0000,125
2025-12-19T01:21:37.000000+0000,2025-12-19T01:19:32.000000+0000,125
2025-12-21T23:30:06.000000+0000,2025-12-21T23:28:01.000000+0000,125
2025-12-23T07:00:55.000000+0000,2025-12-23T06:58:50.000000+0000,125
2025-12-31T17:55:05.000000+0000,2025-12-31T17:53:00.000000+0000,125
2026-01-02T05:00:07.000000+0000,2026-01-02T04:58:02.000000+0000,125
2026-01-05T22:10:06.000000+0000,2026-01-05T22:08:01.000000+0000,125
2026-01-07T21:21:06.000000+0000,2026-01-07T21:19:01.000000+0000,125
2026-01-09T08:25:05.000000+0000,2026-01-09T08:23:00.000000+0000,125
2026-01-31T23:30:06.000000+0000,2026-01-31T23:28:01.000000+0000,125
2026-02-24T11:00:06.000000+0000,2026-02-24T10:58:01.000000+0000,125
2026-02-25T01:20:05.000000+0000,2026-02-25T01:18:00.000000+0000,125
2026-02-27T16:30:37.000000+0000,2026-02-27T16:28:32.000000+0000,125
2026-03-12T15:00:06.000000+0000,2026-03-12T14:58:01.000000+0000,125
2026-03-28T21:00:06.000000+0000,2026-03-28T20:58:01.000000+0000,125
2026-04-03T08:00:06.000000+0000,2026-04-03T07:58:01.000000+0000,125
2026-04-26T04:10:36.000000+0000,2026-04-26T04:08:31.000000+0000,125
2026-04-27T09:50:36.000000+0000,2026-04-27T09:48:31.000000+0000,125
2026-04-27T18:30:06.000000+0000,2026-04-27T18:28:01.000000+0000,125
2026-04-29T11:40:05.000000+0000,2026-04-29T11:38:00.000000+0000,125
2026-04-30T17:01:05.000000+0000,2026-04-30T16:59:00.000000+0000,125
2026-05-01T15:15:05.000000+0000,2026-05-01T15:13:00.000000+0000,125
2026-05-02T17:40:05.000000+0000,2026-05-02T17:38:00.000000+0000,125
2026-05-14T09:21:36.000000+0000,2026-05-14T09:19:31.000000+0000,125
2026-05-24T21:40:37.000000+0000,2026-05-24T21:38:32.000000+0000,125
2026-05-25T20:20:37.000000+0000,2026-05-25T20:18:32.000000+0000,125
2026-05-27T02:15:37.000000+0000,2026-05-27T02:13:32.000000+0000,125
2025-05-25T12:50:07.000000+0000,2025-05-25T12:48:03.000000+0000,124
2025-05-29T11:45:36.000000+0000,2025-05-29T11:43:32.000000+0000,124
2025-05-31T05:45:07.000000+0000,2025-05-31T05:43:03.000000+0000,124
2025-06-10T10:30:08.000000+0000,2025-06-10T10:28:04.000000+0000,124
2025-07-12T23:29:04.000000+0000,2025-07-12T23:27:00.000000+0000,124
2025-07-15T00:29:04.000000+0000,2025-07-15T00:27:00.000000+0000,124
2025-07-21T01:01:34.000000+0000,2025-07-21T00:59:30.000000+0000,124
2025-07-24T15:30:07.000000+0000,2025-07-24T15:28:03.000000+0000,124
2025-07-28T03:30:07.000000+0000,2025-07-28T03:28:03.000000+0000,124
2025-08-03T13:30:07.000000+0000,2025-08-03T13:28:03.000000+0000,124
2025-08-03T20:30:07.000000+0000,2025-08-03T20:28:03.000000+0000,124
2025-08-16T16:30:07.000000+0000,2025-08-16T16:28:03.000000+0000,124
2025-10-15T04:18:04.000000+0000,2025-10-15T04:16:00.000000+0000,124
2025-11-02T19:46:36.000000+0000,2025-11-02T19:44:32.000000+0000,124
2025-11-18T15:03:03.000000+0000,2025-11-18T15:00:59.000000+0000,124
2025-11-27T02:50:09.000000+0000,2025-11-27T02:48:05.000000+0000,124
2025-11-27T20:10:07.000000+0000,2025-11-27T20:08:03.000000+0000,124
2025-11-30T18:10:07.000000+0000,2025-11-30T18:08:03.000000+0000,124
2025-12-06T02:11:05.000000+0000,2025-12-06T02:09:01.000000+0000,124
2025-12-19T11:40:06.000000+0000,2025-12-19T11:38:02.000000+0000,124
2025-12-27T05:35:36.000000+0000,2025-12-27T05:33:32.000000+0000,124
2025-12-31T21:30:06.000000+0000,2025-12-31T21:28:02.000000+0000,124
2026-01-11T07:35:36.000000+0000,2026-01-11T07:33:32.000000+0000,124
2026-01-12T06:25:05.000000+0000,2026-01-12T06:23:01.000000+0000,124
2026-02-01T03:10:05.000000+0000,2026-02-01T03:08:01.000000+0000,124
2026-02-23T21:30:05.000000+0000,2026-02-23T21:28:01.000000+0000,124
2026-03-12T01:00:06.000000+0000,2026-03-12T00:58:02.000000+0000,124
2026-03-14T05:35:04.000000+0000,2026-03-14T05:33:00.000000+0000,124
2026-03-17T05:15:04.000000+0000,2026-03-17T05:13:00.000000+0000,124
2026-03-30T01:00:06.000000+0000,2026-03-30T00:58:02.000000+0000,124
2026-03-30T02:45:04.000000+0000,2026-03-30T02:43:00.000000+0000,124
2026-03-30T04:30:05.000000+0000,2026-03-30T04:28:01.000000+0000,124
2026-03-31T08:30:05.000000+0000,2026-03-31T08:28:01.000000+0000,124
2026-04-03T09:45:04.000000+0000,2026-04-03T09:43:00.000000+0000,124
2026-04-03T23:15:04.000000+0000,2026-04-03T23:13:00.000000+0000,124
2026-04-07T03:10:04.000000+0000,2026-04-07T03:08:00.000000+0000,124
2026-04-08T00:10:04.000000+0000,2026-04-08T00:08:00.000000+0000,124
2026-04-09T18:05:04.000000+0000,2026-04-09T18:03:00.000000+0000,124
2026-04-10T07:40:04.000000+0000,2026-04-10T07:38:00.000000+0000,124
2026-04-11T03:05:04.000000+0000,2026-04-11T03:03:00.000000+0000,124
2026-04-17T04:40:36.000000+0000,2026-04-17T04:38:32.000000+0000,124
2026-04-21T08:35:05.000000+0000,2026-04-21T08:33:01.000000+0000,124
2026-04-21T20:10:05.000000+0000,2026-04-21T20:08:01.000000+0000,124
2026-04-23T14:30:06.000000+0000,2026-04-23T14:28:02.000000+0000,124
2026-04-25T01:50:36.000000+0000,2026-04-25T01:48:32.000000+0000,124
2026-04-26T08:01:04.000000+0000,2026-04-26T07:59:00.000000+0000,124
2026-04-26T12:45:04.000000+0000,2026-04-26T12:43:00.000000+0000,124
2026-04-27T04:50:36.000000+0000,2026-04-27T04:48:32.000000+0000,124
2026-04-28T13:50:36.000000+0000,2026-04-28T13:48:32.000000+0000,124
2026-04-29T05:50:36.000000+0000,2026-04-29T05:48:32.000000+0000,124
2026-04-29T09:10:35.000000+0000,2026-04-29T09:08:31.000000+0000,124
2026-05-07T06:10:36.000000+0000,2026-05-07T06:08:32.000000+0000,124
2026-05-18T23:45:05.000000+0000,2026-05-18T23:43:01.000000+0000,124
2026-05-20T14:15:05.000000+0000,2026-05-20T14:13:01.000000+0000,124
2026-05-22T22:10:04.000000+0000,2026-05-22T22:08:00.000000+0000,124
2026-05-23T23:06:04.000000+0000,2026-05-23T23:04:00.000000+0000,124
2026-05-29T02:18:04.000000+0000,2026-05-29T02:16:00.000000+0000,124
2026-06-01T23:01:05.000000+0000,2026-06-01T22:59:01.000000+0000,124
2025-05-14T00:05:36.000000+0000,2025-05-14T00:03:33.000000+0000,123
2025-05-22T14:51:03.000000+0000,2025-05-22T14:49:00.000000+0000,123
2025-05-24T12:09:33.000000+0000,2025-05-24T12:07:30.000000+0000,123
2025-05-28T21:31:34.000000+0000,2025-05-28T21:29:31.000000+0000,123
2025-05-29T08:15:04.000000+0000,2025-05-29T08:13:01.000000+0000,123
2025-05-29T18:21:07.000000+0000,2025-05-29T18:19:04.000000+0000,123
2025-05-31T01:40:07.000000+0000,2025-05-31T01:38:04.000000+0000,123
2025-05-31T08:39:03.000000+0000,2025-05-31T08:37:00.000000+0000,123
2025-06-01T09:20:07.000000+0000,2025-06-01T09:18:04.000000+0000,123
2025-06-01T16:20:06.000000+0000,2025-06-01T16:18:03.000000+0000,123
2025-06-04T21:45:36.000000+0000,2025-06-04T21:43:33.000000+0000,123
2025-06-08T16:10:07.000000+0000,2025-06-08T16:08:04.000000+0000,123
2025-06-10T07:11:05.000000+0000,2025-06-10T07:09:02.000000+0000,123
2025-06-13T01:40:06.000000+0000,2025-06-13T01:38:03.000000+0000,123
2025-06-21T09:29:33.000000+0000,2025-06-21T09:27:30.000000+0000,123
2025-07-03T15:29:03.000000+0000,2025-07-03T15:27:00.000000+0000,123
2025-07-14T17:30:07.000000+0000,2025-07-14T17:28:04.000000+0000,123
2025-07-15T21:29:03.000000+0000,2025-07-15T21:27:00.000000+0000,123
2025-07-16T04:30:06.000000+0000,2025-07-16T04:28:03.000000+0000,123
2025-07-26T23:29:33.000000+0000,2025-07-26T23:27:30.000000+0000,123
2025-07-28T17:30:07.000000+0000,2025-07-28T17:28:04.000000+0000,123
2025-08-03T20:18:03.000000+0000,2025-08-03T20:16:00.000000+0000,123
2025-08-04T17:30:07.000000+0000,2025-08-04T17:28:04.000000+0000,123
2025-08-13T11:18:03.000000+0000,2025-08-13T11:16:00.000000+0000,123
2025-08-17T06:29:04.000000+0000,2025-08-17T06:27:01.000000+0000,123
2025-08-18T10:30:07.000000+0000,2025-08-18T10:28:04.000000+0000,123
2025-08-20T11:18:33.000000+0000,2025-08-20T11:16:30.000000+0000,123
2025-09-14T10:45:39.000000+0000,2025-09-14T10:43:36.000000+0000,123
2025-09-25T15:29:33.000000+0000,2025-09-25T15:27:30.000000+0000,123
2025-09-27T20:10:07.000000+0000,2025-09-27T20:08:04.000000+0000,123
2025-09-28T09:59:03.000000+0000,2025-09-28T09:57:00.000000+0000,123
2025-10-03T12:29:04.000000+0000,2025-10-03T12:27:01.000000+0000,123
2025-10-13T10:07:03.000000+0000,2025-10-13T10:05:00.000000+0000,123
2025-10-14T07:07:03.000000+0000,2025-10-14T07:05:00.000000+0000,123
2025-10-15T11:07:03.000000+0000,2025-10-15T11:05:00.000000+0000,123
2025-10-16T01:18:03.000000+0000,2025-10-16T01:16:00.000000+0000,123
2025-10-20T13:49:03.000000+0000,2025-10-20T13:47:00.000000+0000,123
2025-10-21T07:07:04.000000+0000,2025-10-21T07:05:01.000000+0000,123
2025-10-28T00:18:03.000000+0000,2025-10-28T00:16:00.000000+0000,123
2025-11-27T05:22:10.000000+0000,2025-11-27T05:20:07.000000+0000,123
2025-12-29T06:11:04.000000+0000,2025-12-29T06:09:01.000000+0000,123
2025-12-30T19:05:34.000000+0000,2025-12-30T19:03:31.000000+0000,123
2026-01-12T03:05:33.000000+0000,2026-01-12T03:03:30.000000+0000,123
2026-01-26T14:09:33.000000+0000,2026-01-26T14:07:30.000000+0000,123
2026-02-06T05:40:05.000000+0000,2026-02-06T05:38:02.000000+0000,123
2026-02-12T11:37:33.000000+0000,2026-02-12T11:35:30.000000+0000,123
2026-02-23T06:53:33.000000+0000,2026-02-23T06:51:30.000000+0000,123
2026-02-28T18:45:04.000000+0000,2026-02-28T18:43:01.000000+0000,123
2026-03-10T03:30:05.000000+0000,2026-03-10T03:28:02.000000+0000,123
2026-03-10T06:13:33.000000+0000,2026-03-10T06:11:30.000000+0000,123
2026-03-15T17:16:33.000000+0000,2026-03-15T17:14:30.000000+0000,123
2026-03-17T02:53:33.000000+0000,2026-03-17T02:51:30.000000+0000,123
2026-03-19T08:05:04.000000+0000,2026-03-19T08:03:01.000000+0000,123
2026-03-19T10:33:33.000000+0000,2026-03-19T10:31:30.000000+0000,123
2026-03-21T23:57:33.000000+0000,2026-03-21T23:55:30.000000+0000,123
2026-03-24T00:57:03.000000+0000,2026-03-24T00:55:00.000000+0000,123
2026-03-26T13:46:33.000000+0000,2026-03-26T13:44:30.000000+0000,123
2026-03-29T02:14:33.000000+0000,2026-03-29T02:12:30.000000+0000,123
2026-03-31T11:34:33.000000+0000,2026-03-31T11:32:30.000000+0000,123
2026-04-04T17:15:04.000000+0000,2026-04-04T17:13:01.000000+0000,123
2026-04-05T04:26:33.000000+0000,2026-04-05T04:24:30.000000+0000,123
2026-04-07T16:07:33.000000+0000,2026-04-07T16:05:30.000000+0000,123
2026-04-07T18:45:04.000000+0000,2026-04-07T18:43:01.000000+0000,123
2026-04-08T08:15:33.000000+0000,2026-04-08T08:13:30.000000+0000,123
2026-04-08T11:45:04.000000+0000,2026-04-08T11:43:01.000000+0000,123
2026-04-08T15:03:33.000000+0000,2026-04-08T15:01:30.000000+0000,123
2026-04-09T17:40:04.000000+0000,2026-04-09T17:38:01.000000+0000,123
2026-04-09T20:36:03.000000+0000,2026-04-09T20:34:00.000000+0000,123
2026-04-09T20:47:33.000000+0000,2026-04-09T20:45:30.000000+0000,123
2026-04-24T02:50:05.000000+0000,2026-04-24T02:48:02.000000+0000,123
2026-05-01T03:21:03.000000+0000,2026-05-01T03:19:00.000000+0000,123
2026-05-02T12:36:03.000000+0000,2026-05-02T12:34:00.000000+0000,123
2026-05-03T06:58:33.000000+0000,2026-05-03T06:56:30.000000+0000,123
2026-05-03T15:53:33.000000+0000,2026-05-03T15:51:30.000000+0000,123
2026-05-05T05:10:35.000000+0000,2026-05-05T05:08:32.000000+0000,123
2026-05-06T05:35:33.000000+0000,2026-05-06T05:33:30.000000+0000,123
2026-05-14T07:29:34.000000+0000,2026-05-14T07:27:31.000000+0000,123
2026-05-18T19:54:03.000000+0000,2026-05-18T19:52:00.000000+0000,123
2026-05-23T04:53:34.000000+0000,2026-05-23T04:51:31.000000+0000,123
2026-05-24T06:11:34.000000+0000,2026-05-24T06:09:31.000000+0000,123
2026-05-24T15:11:34.000000+0000,2026-05-24T15:09:31.000000+0000,123
2026-05-26T03:36:04.000000+0000,2026-05-26T03:34:01.000000+0000,123
2026-05-26T11:06:34.000000+0000,2026-05-26T11:04:31.000000+0000,123
2026-05-29T15:29:34.000000+0000,2026-05-29T15:27:31.000000+0000,123
2026-05-30T02:10:04.000000+0000,2026-05-30T02:08:01.000000+0000,123
2026-05-31T19:01:04.000000+0000,2026-05-31T18:59:01.000000+0000,123
2026-06-01T09:01:04.000000+0000,2026-06-01T08:59:01.000000+0000,123
2026-06-02T05:40:04.000000+0000,2026-06-02T05:38:01.000000+0000,123
2026-06-02T17:33:34.000000+0000,2026-06-02T17:31:31.000000+0000,123
2025-02-10T11:36:35.000000+0000,2025-02-10T11:34:33.000000+0000,122
2025-05-13T03:16:02.000000+0000,2025-05-13T03:14:00.000000+0000,122
2025-05-18T15:29:04.000000+0000,2025-05-18T15:27:02.000000+0000,122
2025-05-19T06:05:32.000000+0000,2025-05-19T06:03:30.000000+0000,122
2025-05-19T20:05:32.000000+0000,2025-05-19T20:03:30.000000+0000,122
2025-05-22T11:45:33.000000+0000,2025-05-22T11:43:31.000000+0000,122
2025-05-24T08:39:03.000000+0000,2025-05-24T08:37:01.000000+0000,122
2025-05-24T19:19:32.000000+0000,2025-05-24T19:17:30.000000+0000,122
2025-05-29T18:09:04.000000+0000,2025-05-29T18:07:02.000000+0000,122
2025-05-30T18:39:05.000000+0000,2025-05-30T18:37:03.000000+0000,122
2025-06-01T19:50:07.000000+0000,2025-06-01T19:48:05.000000+0000,122
2025-06-03T10:09:05.000000+0000,2025-06-03T10:07:03.000000+0000,122
2025-06-03T13:39:34.000000+0000,2025-06-03T13:37:32.000000+0000,122
2025-06-07T23:25:34.000000+0000,2025-06-07T23:23:32.000000+0000,122
2025-06-11T11:26:06.000000+0000,2025-06-11T11:24:04.000000+0000,122
2025-06-20T19:29:33.000000+0000,2025-06-20T19:27:31.000000+0000,122
2025-06-21T16:18:02.000000+0000,2025-06-21T16:16:00.000000+0000,122
2025-06-26T01:29:04.000000+0000,2025-06-26T01:27:02.000000+0000,122
2025-06-27T19:40:06.000000+0000,2025-06-27T19:38:04.000000+0000,122
2025-06-29T13:18:02.000000+0000,2025-06-29T13:16:00.000000+0000,122
2025-07-14T17:55:02.000000+0000,2025-07-14T17:53:00.000000+0000,122
2025-07-17T15:29:33.000000+0000,2025-07-17T15:27:31.000000+0000,122
2025-07-18T05:18:33.000000+0000,2025-07-18T05:16:31.000000+0000,122
2025-07-20T13:18:02.000000+0000,2025-07-20T13:16:00.000000+0000,122
2025-07-28T17:18:04.000000+0000,2025-07-28T17:16:02.000000+0000,122
2025-07-31T08:55:03.000000+0000,2025-07-31T08:53:01.000000+0000,122
2025-08-02T16:29:34.000000+0000,2025-08-02T16:27:32.000000+0000,122
2025-08-03T13:18:02.000000+0000,2025-08-03T13:16:00.000000+0000,122
2025-08-04T17:18:03.000000+0000,2025-08-04T17:16:01.000000+0000,122
2025-08-05T00:40:06.000000+0000,2025-08-05T00:38:04.000000+0000,122
2025-08-13T18:18:33.000000+0000,2025-08-13T18:16:31.000000+0000,122
2025-08-16T02:18:03.000000+0000,2025-08-16T02:16:01.000000+0000,122
2025-08-25T17:18:04.000000+0000,2025-08-25T17:16:02.000000+0000,122
2025-08-31T20:29:04.000000+0000,2025-08-31T20:27:02.000000+0000,122
2025-09-02T00:18:03.000000+0000,2025-09-02T00:16:01.000000+0000,122
2025-09-24T18:28:33.000000+0000,2025-09-24T18:26:31.000000+0000,122
2025-09-26T19:29:34.000000+0000,2025-09-26T19:27:32.000000+0000,122
2025-10-01T04:29:32.000000+0000,2025-10-01T04:27:30.000000+0000,122
2025-10-11T16:07:03.000000+0000,2025-10-11T16:05:01.000000+0000,122
2025-10-12T13:07:03.000000+0000,2025-10-12T13:05:01.000000+0000,122
2025-10-14T21:19:02.000000+0000,2025-10-14T21:17:00.000000+0000,122
2025-10-17T05:07:04.000000+0000,2025-10-17T05:05:02.000000+0000,122
2025-10-20T10:18:03.000000+0000,2025-10-20T10:16:01.000000+0000,122
2025-10-21T14:29:33.000000+0000,2025-10-21T14:27:31.000000+0000,122
2025-10-27T03:07:03.000000+0000,2025-10-27T03:05:01.000000+0000,122
2025-11-06T04:58:05.000000+0000,2025-11-06T04:56:03.000000+0000,122
2025-11-07T09:56:33.000000+0000,2025-11-07T09:54:31.000000+0000,122
2025-11-10T14:19:03.000000+0000,2025-11-10T14:17:01.000000+0000,122
2025-11-12T22:10:06.000000+0000,2025-11-12T22:08:04.000000+0000,122
2025-11-14T09:35:34.000000+0000,2025-11-14T09:33:32.000000+0000,122
2025-11-19T13:59:33.000000+0000,2025-11-19T13:57:31.000000+0000,122
2025-11-22T07:10:07.000000+0000,2025-11-22T07:08:05.000000+0000,122
2025-12-02T11:55:06.000000+0000,2025-12-02T11:53:04.000000+0000,122
2025-12-02T12:20:07.000000+0000,2025-12-02T12:18:05.000000+0000,122
2025-12-14T00:24:03.000000+0000,2025-12-14T00:22:01.000000+0000,122
2025-12-15T16:44:33.000000+0000,2025-12-15T16:42:31.000000+0000,122
2025-12-19T01:09:33.000000+0000,2025-12-19T01:07:31.000000+0000,122
2025-12-23T06:49:02.000000+0000,2025-12-23T06:47:00.000000+0000,122
2025-12-25T19:54:33.000000+0000,2025-12-25T19:52:31.000000+0000,122
2025-12-27T18:58:33.000000+0000,2025-12-27T18:56:31.000000+0000,122
2026-01-03T05:35:33.000000+0000,2026-01-03T05:33:31.000000+0000,122
2026-01-06T23:59:02.000000+0000,2026-01-06T23:57:00.000000+0000,122
2026-01-09T21:58:33.000000+0000,2026-01-09T21:56:31.000000+0000,122
2026-01-10T15:28:03.000000+0000,2026-01-10T15:26:01.000000+0000,122
2026-01-12T17:26:33.000000+0000,2026-01-12T17:24:31.000000+0000,122
2026-01-22T12:19:33.000000+0000,2026-01-22T12:17:31.000000+0000,122
2026-01-23T01:58:03.000000+0000,2026-01-23T01:56:01.000000+0000,122
2026-01-23T05:44:33.000000+0000,2026-01-23T05:42:31.000000+0000,122
2026-01-23T15:58:02.000000+0000,2026-01-23T15:56:00.000000+0000,122
2026-01-23T22:48:33.000000+0000,2026-01-23T22:46:31.000000+0000,122
2026-01-29T01:19:02.000000+0000,2026-01-29T01:17:00.000000+0000,122
2026-02-05T18:47:33.000000+0000,2026-02-05T18:45:31.000000+0000,122
2026-02-10T11:09:33.000000+0000,2026-02-10T11:07:31.000000+0000,122
2026-02-13T05:39:02.000000+0000,2026-02-13T05:37:00.000000+0000,122
2026-02-14T16:39:33.000000+0000,2026-02-14T16:37:31.000000+0000,122
2026-02-23T03:28:33.000000+0000,2026-02-23T03:26:31.000000+0000,122
2026-03-01T10:10:33.000000+0000,2026-03-01T10:08:31.000000+0000,122
2026-03-01T13:59:33.000000+0000,2026-03-01T13:57:31.000000+0000,122
2026-03-03T03:38:02.000000+0000,2026-03-03T03:36:00.000000+0000,122
2026-03-04T07:37:32.000000+0000,2026-03-04T07:35:30.000000+0000,122
2026-03-05T05:51:02.000000+0000,2026-03-05T05:49:00.000000+0000,122
2026-03-06T01:27:02.000000+0000,2026-03-06T01:25:00.000000+0000,122
2026-03-07T06:38:02.000000+0000,2026-03-07T06:36:00.000000+0000,122
2026-03-10T09:43:33.000000+0000,2026-03-10T09:41:31.000000+0000,122
2026-03-10T18:16:32.000000+0000,2026-03-10T18:14:30.000000+0000,122
2026-03-11T10:13:32.000000+0000,2026-03-11T10:11:30.000000+0000,122
2026-03-11T11:57:03.000000+0000,2026-03-11T11:55:01.000000+0000,122
2026-03-11T15:37:33.000000+0000,2026-03-11T15:35:31.000000+0000,122
2026-03-11T17:13:33.000000+0000,2026-03-11T17:11:31.000000+0000,122
2026-03-11T18:46:32.000000+0000,2026-03-11T18:44:30.000000+0000,122
2026-03-12T13:04:33.000000+0000,2026-03-12T13:02:31.000000+0000,122
2026-03-13T09:47:33.000000+0000,2026-03-13T09:45:31.000000+0000,122
2026-03-14T01:39:02.000000+0000,2026-03-14T01:37:00.000000+0000,122
2026-03-16T10:57:02.000000+0000,2026-03-16T10:55:00.000000+0000,122
2026-03-17T14:57:33.000000+0000,2026-03-17T14:55:31.000000+0000,122
2026-03-18T10:39:02.000000+0000,2026-03-18T10:37:00.000000+0000,122
2026-03-19T16:34:33.000000+0000,2026-03-19T16:32:31.000000+0000,122
2026-03-19T20:04:32.000000+0000,2026-03-19T20:02:30.000000+0000,122
2026-03-20T09:38:03.000000+0000,2026-03-20T09:36:01.000000+0000,122
2026-03-23T18:18:32.000000+0000,2026-03-23T18:16:30.000000+0000,122
2026-03-24T19:46:32.000000+0000,2026-03-24T19:44:30.000000+0000,122
2026-03-25T20:27:33.000000+0000,2026-03-25T20:25:31.000000+0000,122
2026-03-27T08:58:03.000000+0000,2026-03-27T08:56:01.000000+0000,122
2026-03-27T15:46:03.000000+0000,2026-03-27T15:44:01.000000+0000,122
2026-03-31T00:16:32.000000+0000,2026-03-31T00:14:30.000000+0000,122
2026-04-03T04:50:04.000000+0000,2026-04-03T04:48:02.000000+0000,122
2026-04-04T23:46:02.000000+0000,2026-04-04T23:44:00.000000+0000,122
2026-04-05T18:37:33.000000+0000,2026-04-05T18:35:31.000000+0000,122
2026-04-06T08:06:03.000000+0000,2026-04-06T08:04:01.000000+0000,122
2026-04-06T15:37:32.000000+0000,2026-04-06T15:35:30.000000+0000,122
2026-04-08T08:03:33.000000+0000,2026-04-08T08:01:31.000000+0000,122
2026-04-13T03:53:33.000000+0000,2026-04-13T03:51:31.000000+0000,122
2026-04-13T15:36:03.000000+0000,2026-04-13T15:34:01.000000+0000,122
2026-04-14T01:45:34.000000+0000,2026-04-14T01:43:32.000000+0000,122
2026-04-15T15:50:05.000000+0000,2026-04-15T15:48:03.000000+0000,122
2026-04-15T19:15:33.000000+0000,2026-04-15T19:13:31.000000+0000,122
2026-04-16T00:24:33.000000+0000,2026-04-16T00:22:31.000000+0000,122
2026-04-16T07:50:05.000000+0000,2026-04-16T07:48:03.000000+0000,122
2026-04-17T13:46:03.000000+0000,2026-04-17T13:44:01.000000+0000,122
2026-04-18T12:21:02.000000+0000,2026-04-18T12:19:00.000000+0000,122
2026-04-20T11:04:33.000000+0000,2026-04-20T11:02:31.000000+0000,122
2026-04-21T01:46:02.000000+0000,2026-04-21T01:44:00.000000+0000,122
2026-04-25T17:21:33.000000+0000,2026-04-25T17:19:31.000000+0000,122
2026-04-25T23:37:02.000000+0000,2026-04-25T23:35:00.000000+0000,122
2026-04-26T01:53:32.000000+0000,2026-04-26T01:51:30.000000+0000,122
2026-04-29T02:31:02.000000+0000,2026-04-29T02:29:00.000000+0000,122
2026-05-02T02:48:02.000000+0000,2026-05-02T02:46:00.000000+0000,122
2026-05-02T19:36:32.000000+0000,2026-05-02T19:34:30.000000+0000,122
2026-05-03T13:48:02.000000+0000,2026-05-03T13:46:00.000000+0000,122
2026-05-06T06:54:34.000000+0000,2026-05-06T06:52:32.000000+0000,122
2026-05-13T01:18:02.000000+0000,2026-05-13T01:16:00.000000+0000,122
2026-05-14T11:57:02.000000+0000,2026-05-14T11:55:00.000000+0000,122
2026-05-14T18:06:03.000000+0000,2026-05-14T18:04:01.000000+0000,122
2026-05-15T02:18:03.000000+0000,2026-05-15T02:16:01.000000+0000,122
2026-05-17T03:18:03.000000+0000,2026-05-17T03:16:01.000000+0000,122
2026-05-18T04:35:33.000000+0000,2026-05-18T04:33:31.000000+0000,122
2026-05-19T09:54:03.000000+0000,2026-05-19T09:52:01.000000+0000,122
2026-05-20T20:43:32.000000+0000,2026-05-20T20:41:30.000000+0000,122
2026-05-21T01:59:33.000000+0000,2026-05-21T01:57:31.000000+0000,122
2026-05-24T08:53:34.000000+0000,2026-05-24T08:51:32.000000+0000,122
2026-05-26T16:43:02.000000+0000,2026-05-26T16:41:00.000000+0000,122
2026-05-28T05:07:02.000000+0000,2026-05-28T05:05:00.000000+0000,122
2026-05-28T08:58:34.000000+0000,2026-05-28T08:56:32.000000+0000,122
2026-05-28T11:25:33.000000+0000,2026-05-28T11:23:31.000000+0000,122
2026-05-29T06:15:33.000000+0000,2026-05-29T06:13:31.000000+0000,122
2026-05-29T09:37:02.000000+0000,2026-05-29T09:35:00.000000+0000,122
2026-05-30T20:26:32.000000+0000,2026-05-30T20:24:30.000000+0000,122
2026-06-01T13:40:04.000000+0000,2026-06-01T13:38:02.000000+0000,122
2026-06-01T16:43:02.000000+0000,2026-06-01T16:41:00.000000+0000,122
2025-02-10T04:02:07.000000+0000,2025-02-10T04:00:06.000000+0000,121
2025-05-19T11:49:02.000000+0000,2025-05-19T11:47:01.000000+0000,121
2025-05-21T06:41:01.000000+0000,2025-05-21T06:39:00.000000+0000,121
2025-05-21T17:39:32.000000+0000,2025-05-21T17:37:31.000000+0000,121
2025-05-22T04:31:02.000000+0000,2025-05-22T04:29:01.000000+0000,121
2025-05-22T08:26:01.000000+0000,2025-05-22T08:24:00.000000+0000,121
2025-05-24T16:53:04.000000+0000,2025-05-24T16:51:03.000000+0000,121
2025-05-25T19:39:31.000000+0000,2025-05-25T19:37:30.000000+0000,121
2025-05-26T23:28:03.000000+0000,2025-05-26T23:26:02.000000+0000,121
2025-05-27T13:39:02.000000+0000,2025-05-27T13:37:01.000000+0000,121
2025-05-28T10:39:03.000000+0000,2025-05-28T10:37:02.000000+0000,121
2025-05-28T17:39:02.000000+0000,2025-05-28T17:37:01.000000+0000,121
2025-06-01T09:08:34.000000+0000,2025-06-01T09:06:33.000000+0000,121
2025-06-02T02:39:03.000000+0000,2025-06-02T02:37:02.000000+0000,121
2025-06-04T14:21:33.000000+0000,2025-06-04T14:19:32.000000+0000,121
2025-06-05T18:09:32.000000+0000,2025-06-05T18:07:31.000000+0000,121
2025-06-06T15:09:03.000000+0000,2025-06-06T15:07:02.000000+0000,121
2025-06-07T15:39:33.000000+0000,2025-06-07T15:37:32.000000+0000,121
2025-06-08T02:09:04.000000+0000,2025-06-08T02:07:03.000000+0000,121
2025-06-10T17:09:32.000000+0000,2025-06-10T17:07:31.000000+0000,121
2025-06-11T14:09:32.000000+0000,2025-06-11T14:07:31.000000+0000,121
2025-06-11T17:59:33.000000+0000,2025-06-11T17:57:32.000000+0000,121
2025-06-11T18:11:04.000000+0000,2025-06-11T18:09:03.000000+0000,121
2025-06-24T00:29:32.000000+0000,2025-06-24T00:27:31.000000+0000,121
2025-06-26T08:29:32.000000+0000,2025-06-26T08:27:31.000000+0000,121
2025-06-27T01:59:03.000000+0000,2025-06-27T01:57:02.000000+0000,121
2025-06-27T05:18:03.000000+0000,2025-06-27T05:16:02.000000+0000,121
2025-06-30T10:18:32.000000+0000,2025-06-30T10:16:31.000000+0000,121
2025-06-30T17:29:33.000000+0000,2025-06-30T17:27:32.000000+0000,121
2025-07-02T11:29:03.000000+0000,2025-07-02T11:27:02.000000+0000,121
2025-07-04T12:18:02.000000+0000,2025-07-04T12:16:01.000000+0000,121
2025-07-05T02:18:02.000000+0000,2025-07-05T02:16:01.000000+0000,121
2025-07-08T07:18:02.000000+0000,2025-07-08T07:16:01.000000+0000,121
2025-07-08T14:18:02.000000+0000,2025-07-08T14:16:01.000000+0000,121
2025-07-11T19:29:31.000000+0000,2025-07-11T19:27:30.000000+0000,121
2025-07-12T02:28:33.000000+0000,2025-07-12T02:26:32.000000+0000,121
2025-07-13T06:29:34.000000+0000,2025-07-13T06:27:33.000000+0000,121
2025-07-14T17:18:02.000000+0000,2025-07-14T17:16:01.000000+0000,121
2025-07-23T04:18:03.000000+0000,2025-07-23T04:16:02.000000+0000,121
2025-07-24T15:18:03.000000+0000,2025-07-24T15:16:02.000000+0000,121
2025-07-25T19:29:02.000000+0000,2025-07-25T19:27:01.000000+0000,121
2025-07-28T03:18:02.000000+0000,2025-07-28T03:16:01.000000+0000,121
2025-07-28T17:55:04.000000+0000,2025-07-28T17:53:03.000000+0000,121
2025-08-02T09:18:01.000000+0000,2025-08-02T09:16:00.000000+0000,121
2025-08-04T17:55:01.000000+0000,2025-08-04T17:53:00.000000+0000,121
2025-08-05T07:18:02.000000+0000,2025-08-05T07:16:01.000000+0000,121
2025-08-05T14:18:02.000000+0000,2025-08-05T14:16:01.000000+0000,121
2025-08-05T21:18:33.000000+0000,2025-08-05T21:16:32.000000+0000,121
2025-08-06T04:18:32.000000+0000,2025-08-06T04:16:31.000000+0000,121
2025-08-07T08:18:32.000000+0000,2025-08-07T08:16:31.000000+0000,121
2025-08-08T12:18:33.000000+0000,2025-08-08T12:16:32.000000+0000,121
2025-08-09T16:29:03.000000+0000,2025-08-09T16:27:02.000000+0000,121
2025-08-14T01:55:02.000000+0000,2025-08-14T01:53:01.000000+0000,121
2025-08-15T19:29:33.000000+0000,2025-08-15T19:27:32.000000+0000,121
2025-08-17T13:18:33.000000+0000,2025-08-17T13:16:32.000000+0000,121
2025-08-17T20:29:02.000000+0000,2025-08-17T20:27:01.000000+0000,121
2025-08-20T01:35:32.000000+0000,2025-08-20T01:33:31.000000+0000,121
2025-08-23T16:18:32.000000+0000,2025-08-23T16:16:31.000000+0000,121
2025-08-25T03:18:32.000000+0000,2025-08-25T03:16:31.000000+0000,121
2025-09-03T04:18:02.000000+0000,2025-09-03T04:16:01.000000+0000,121
2025-09-03T11:18:32.000000+0000,2025-09-03T11:16:31.000000+0000,121
2025-09-13T02:55:02.000000+0000,2025-09-13T02:53:01.000000+0000,121
2025-09-13T14:01:34.000000+0000,2025-09-13T13:59:33.000000+0000,121
2025-09-13T23:19:02.000000+0000,2025-09-13T23:17:01.000000+0000,121
2025-09-15T07:25:04.000000+0000,2025-09-15T07:23:03.000000+0000,121
2025-09-15T10:18:33.000000+0000,2025-09-15T10:16:32.000000+0000,121
2025-09-16T04:09:32.000000+0000,2025-09-16T04:07:31.000000+0000,121
2025-09-16T10:58:33.000000+0000,2025-09-16T10:56:32.000000+0000,121
2025-09-18T01:07:07.000000+0000,2025-09-18T01:05:06.000000+0000,121
2025-09-19T19:29:01.000000+0000,2025-09-19T19:27:00.000000+0000,121
2025-09-20T16:19:02.000000+0000,2025-09-20T16:17:01.000000+0000,121
2025-09-21T02:58:32.000000+0000,2025-09-21T02:56:31.000000+0000,121
2025-09-23T07:19:02.000000+0000,2025-09-23T07:17:01.000000+0000,121
2025-09-23T11:09:31.000000+0000,2025-09-23T11:07:30.000000+0000,121
2025-09-24T00:59:03.000000+0000,2025-09-24T00:57:02.000000+0000,121
2025-09-26T01:59:33.000000+0000,2025-09-26T01:57:32.000000+0000,121
2025-09-26T09:35:33.000000+0000,2025-09-26T09:33:32.000000+0000,121
2025-09-27T05:59:02.000000+0000,2025-09-27T05:57:01.000000+0000,121
2025-10-02T08:55:02.000000+0000,2025-10-02T08:53:01.000000+0000,121
2025-10-02T22:28:32.000000+0000,2025-10-02T22:26:31.000000+0000,121
2025-10-14T07:19:02.000000+0000,2025-10-14T07:17:01.000000+0000,121
2025-10-15T13:14:32.000000+0000,2025-10-15T13:12:31.000000+0000,121
2025-10-19T13:07:03.000000+0000,2025-10-19T13:05:02.000000+0000,121
2025-10-19T13:19:01.000000+0000,2025-10-19T13:17:00.000000+0000,121
2025-10-20T13:37:04.000000+0000,2025-10-20T13:35:03.000000+0000,121
2025-10-20T20:48:32.000000+0000,2025-10-20T20:46:31.000000+0000,121
2025-10-21T00:07:02.000000+0000,2025-10-21T00:05:01.000000+0000,121
2025-10-22T18:18:33.000000+0000,2025-10-22T18:16:32.000000+0000,121
2025-10-23T01:18:33.000000+0000,2025-10-23T01:16:32.000000+0000,121
2025-10-23T08:07:02.000000+0000,2025-10-23T08:05:01.000000+0000,121
2025-10-24T05:07:02.000000+0000,2025-10-24T05:05:01.000000+0000,121
2025-10-24T19:18:32.000000+0000,2025-10-24T19:16:31.000000+0000,121
2025-10-27T17:18:33.000000+0000,2025-10-27T17:16:32.000000+0000,121
2025-10-28T07:18:02.000000+0000,2025-10-28T07:16:01.000000+0000,121
2025-10-29T04:44:33.000000+0000,2025-10-29T04:42:32.000000+0000,121
2025-10-29T11:07:02.000000+0000,2025-10-29T11:05:01.000000+0000,121
2025-11-07T02:19:02.000000+0000,2025-11-07T02:17:01.000000+0000,121
2025-11-13T05:19:01.000000+0000,2025-11-13T05:17:00.000000+0000,121
2025-11-13T05:56:33.000000+0000,2025-11-13T05:54:32.000000+0000,121
2025-11-16T03:35:34.000000+0000,2025-11-16T03:33:33.000000+0000,121
2025-11-28T11:38:44.000000+0000,2025-11-28T11:36:43.000000+0000,121
2025-11-28T17:25:06.000000+0000,2025-11-28T17:23:05.000000+0000,121
2025-12-01T14:11:43.000000+0000,2025-12-01T14:09:42.000000+0000,121
2025-12-02T22:50:06.000000+0000,2025-12-02T22:48:05.000000+0000,121
2025-12-13T04:58:32.000000+0000,2025-12-13T04:56:31.000000+0000,121
2025-12-16T21:05:33.000000+0000,2025-12-16T21:03:32.000000+0000,121
2025-12-16T23:59:32.000000+0000,2025-12-16T23:57:31.000000+0000,121
2025-12-18T10:58:32.000000+0000,2025-12-18T10:56:31.000000+0000,121
2025-12-18T17:58:33.000000+0000,2025-12-18T17:56:32.000000+0000,121
2025-12-20T03:24:01.000000+0000,2025-12-20T03:22:00.000000+0000,121
2025-12-23T13:28:32.000000+0000,2025-12-23T13:26:31.000000+0000,121
2025-12-23T16:58:32.000000+0000,2025-12-23T16:56:31.000000+0000,121
2025-12-24T09:25:33.000000+0000,2025-12-24T09:23:32.000000+0000,121
2025-12-24T17:29:01.000000+0000,2025-12-24T17:27:00.000000+0000,121
2025-12-25T14:44:33.000000+0000,2025-12-25T14:42:32.000000+0000,121
2025-12-25T17:58:02.000000+0000,2025-12-25T17:56:01.000000+0000,121
2025-12-26T21:58:33.000000+0000,2025-12-26T21:56:32.000000+0000,121
2025-12-27T22:49:02.000000+0000,2025-12-27T22:47:01.000000+0000,121
2025-12-28T08:58:32.000000+0000,2025-12-28T08:56:31.000000+0000,121
2025-12-30T16:59:01.000000+0000,2025-12-30T16:57:00.000000+0000,121
2025-12-30T23:58:32.000000+0000,2025-12-30T23:56:31.000000+0000,121
2025-12-31T05:24:02.000000+0000,2025-12-31T05:22:01.000000+0000,121
2026-01-01T17:58:32.000000+0000,2026-01-01T17:56:31.000000+0000,121
2026-01-01T23:55:35.000000+0000,2026-01-01T23:53:34.000000+0000,121
2026-01-02T07:47:38.000000+0000,2026-01-02T07:45:37.000000+0000,121
2026-01-02T20:44:33.000000+0000,2026-01-02T20:42:32.000000+0000,121
2026-01-03T01:44:32.000000+0000,2026-01-03T01:42:31.000000+0000,121
2026-01-03T11:59:31.000000+0000,2026-01-03T11:57:30.000000+0000,121
2026-01-04T03:43:32.000000+0000,2026-01-04T03:41:31.000000+0000,121
2026-01-04T05:44:32.000000+0000,2026-01-04T05:42:31.000000+0000,121
2026-01-06T06:29:02.000000+0000,2026-01-06T06:27:01.000000+0000,121
2026-01-06T10:35:33.000000+0000,2026-01-06T10:33:32.000000+0000,121
2026-01-06T14:05:33.000000+0000,2026-01-06T14:03:32.000000+0000,121
2026-01-07T13:58:32.000000+0000,2026-01-07T13:56:31.000000+0000,121
2026-01-07T21:09:01.000000+0000,2026-01-07T21:07:00.000000+0000,121
2026-01-09T00:58:32.000000+0000,2026-01-09T00:56:31.000000+0000,121
2026-01-10T04:58:32.000000+0000,2026-01-10T04:56:31.000000+0000,121
2026-01-10T18:59:01.000000+0000,2026-01-10T18:57:00.000000+0000,121
2026-01-16T12:19:01.000000+0000,2026-01-16T12:17:00.000000+0000,121
2026-01-17T09:28:02.000000+0000,2026-01-17T09:26:01.000000+0000,121
2026-01-17T23:28:01.000000+0000,2026-01-17T23:26:00.000000+0000,121
2026-01-24T18:55:02.000000+0000,2026-01-24T18:53:01.000000+0000,121
2026-01-26T00:46:02.000000+0000,2026-01-26T00:44:01.000000+0000,121
2026-01-27T14:18:32.000000+0000,2026-01-27T14:16:31.000000+0000,121
2026-01-30T01:59:33.000000+0000,2026-01-30T01:57:32.000000+0000,121
2026-02-02T20:38:01.000000+0000,2026-02-02T20:36:00.000000+0000,121
2026-02-03T03:47:33.000000+0000,2026-02-03T03:45:32.000000+0000,121
2026-02-04T00:49:01.000000+0000,2026-02-04T00:47:00.000000+0000,121
2026-02-05T08:49:33.000000+0000,2026-02-05T08:47:32.000000+0000,121
2026-02-11T00:47:32.000000+0000,2026-02-11T00:45:31.000000+0000,121
2026-02-11T04:18:01.000000+0000,2026-02-11T04:16:00.000000+0000,121
2026-02-11T20:13:32.000000+0000,2026-02-11T20:11:31.000000+0000,121
2026-02-13T09:25:01.000000+0000,2026-02-13T09:23:00.000000+0000,121
2026-02-14T23:18:01.000000+0000,2026-02-14T23:16:00.000000+0000,121
2026-02-15T16:37:33.000000+0000,2026-02-15T16:35:32.000000+0000,121
2026-02-18T15:50:33.000000+0000,2026-02-18T15:48:32.000000+0000,121
2026-02-20T15:36:33.000000+0000,2026-02-20T15:34:32.000000+0000,121
2026-02-21T14:33:01.000000+0000,2026-02-21T14:31:00.000000+0000,121
2026-02-21T23:19:01.000000+0000,2026-02-21T23:17:00.000000+0000,121
2026-02-22T06:17:33.000000+0000,2026-02-22T06:15:32.000000+0000,121
2026-02-23T07:50:33.000000+0000,2026-02-23T07:48:32.000000+0000,121
2026-02-23T21:18:32.000000+0000,2026-02-23T21:16:31.000000+0000,121
2026-02-24T11:25:01.000000+0000,2026-02-24T11:23:00.000000+0000,121
2026-02-26T18:26:33.000000+0000,2026-02-26T18:24:32.000000+0000,121
2026-02-27T08:58:32.000000+0000,2026-02-27T08:56:31.000000+0000,121
2026-02-28T13:09:01.000000+0000,2026-02-28T13:07:00.000000+0000,121
2026-03-01T06:18:01.000000+0000,2026-03-01T06:16:00.000000+0000,121
2026-03-01T20:18:01.000000+0000,2026-03-01T20:16:00.000000+0000,121
2026-03-06T23:27:32.000000+0000,2026-03-06T23:25:31.000000+0000,121
2026-03-07T13:16:33.000000+0000,2026-03-07T13:14:32.000000+0000,121
2026-03-07T17:08:02.000000+0000,2026-03-07T17:06:01.000000+0000,121
2026-03-07T20:16:32.000000+0000,2026-03-07T20:14:31.000000+0000,121
2026-03-08T01:31:33.000000+0000,2026-03-08T01:29:32.000000+0000,121
2026-03-08T19:39:01.000000+0000,2026-03-08T19:37:00.000000+0000,121
2026-03-09T00:16:33.000000+0000,2026-03-09T00:14:32.000000+0000,121
2026-03-09T07:27:01.000000+0000,2026-03-09T07:25:00.000000+0000,121
2026-03-09T10:57:32.000000+0000,2026-03-09T10:55:31.000000+0000,121
2026-03-09T18:08:02.000000+0000,2026-03-09T18:06:01.000000+0000,121
2026-03-09T21:27:02.000000+0000,2026-03-09T21:25:01.000000+0000,121
2026-03-10T00:57:02.000000+0000,2026-03-10T00:55:01.000000+0000,121
2026-03-11T04:57:01.000000+0000,2026-03-11T04:55:00.000000+0000,121
2026-03-11T05:09:01.000000+0000,2026-03-11T05:07:00.000000+0000,121
2026-03-11T17:01:32.000000+0000,2026-03-11T16:59:31.000000+0000,121
2026-03-12T01:57:01.000000+0000,2026-03-12T01:55:00.000000+0000,121
2026-03-12T08:57:32.000000+0000,2026-03-12T08:55:31.000000+0000,121
2026-03-12T12:27:01.000000+0000,2026-03-12T12:25:00.000000+0000,121
2026-03-12T21:01:31.000000+0000,2026-03-12T20:59:30.000000+0000,121
2026-03-12T22:46:32.000000+0000,2026-03-12T22:44:31.000000+0000,121
2026-03-13T04:33:01.000000+0000,2026-03-13T04:31:00.000000+0000,121
2026-03-13T12:46:32.000000+0000,2026-03-13T12:44:31.000000+0000,121
2026-03-13T16:37:32.000000+0000,2026-03-13T16:35:31.000000+0000,121
2026-03-13T16:49:01.000000+0000,2026-03-13T16:47:00.000000+0000,121
2026-03-13T23:16:33.000000+0000,2026-03-13T23:14:32.000000+0000,121
2026-03-13T23:28:02.000000+0000,2026-03-13T23:26:01.000000+0000,121
2026-03-14T01:01:32.000000+0000,2026-03-14T00:59:31.000000+0000,121
2026-03-14T15:01:32.000000+0000,2026-03-14T14:59:31.000000+0000,121
2026-03-14T22:01:32.000000+0000,2026-03-14T21:59:31.000000+0000,121
2026-03-15T03:16:33.000000+0000,2026-03-15T03:14:32.000000+0000,121
2026-03-16T00:16:33.000000+0000,2026-03-16T00:14:32.000000+0000,121
2026-03-16T07:26:33.000000+0000,2026-03-16T07:24:32.000000+0000,121
2026-03-16T07:38:02.000000+0000,2026-03-16T07:36:01.000000+0000,121
2026-03-17T00:58:02.000000+0000,2026-03-17T00:56:01.000000+0000,121
2026-03-18T04:58:02.000000+0000,2026-03-18T04:56:01.000000+0000,121
2026-03-18T15:27:31.000000+0000,2026-03-18T15:25:30.000000+0000,121
2026-03-18T22:27:33.000000+0000,2026-03-18T22:25:32.000000+0000,121
2026-03-19T02:07:33.000000+0000,2026-03-19T02:05:32.000000+0000,121
2026-03-19T05:16:32.000000+0000,2026-03-19T05:14:31.000000+0000,121
2026-03-19T12:27:02.000000+0000,2026-03-19T12:25:01.000000+0000,121
2026-03-19T15:57:01.000000+0000,2026-03-19T15:55:00.000000+0000,121
2026-03-19T19:27:31.000000+0000,2026-03-19T19:25:30.000000+0000,121
2026-03-21T03:34:33.000000+0000,2026-03-21T03:32:32.000000+0000,121
2026-03-21T16:57:32.000000+0000,2026-03-21T16:55:31.000000+0000,121
2026-03-21T18:43:01.000000+0000,2026-03-21T18:41:00.000000+0000,121
2026-03-21T22:01:32.000000+0000,2026-03-21T21:59:31.000000+0000,121
2026-03-22T14:08:31.000000+0000,2026-03-22T14:06:30.000000+0000,121
2026-03-23T00:27:02.000000+0000,2026-03-23T00:25:01.000000+0000,121
2026-03-23T03:58:01.000000+0000,2026-03-23T03:56:00.000000+0000,121
2026-03-24T11:39:02.000000+0000,2026-03-24T11:37:01.000000+0000,121
2026-03-25T09:46:32.000000+0000,2026-03-25T09:44:31.000000+0000,121
2026-03-25T15:01:31.000000+0000,2026-03-25T14:59:30.000000+0000,121
2026-03-27T19:27:01.000000+0000,2026-03-27T19:25:00.000000+0000,121
2026-03-27T21:01:32.000000+0000,2026-03-27T20:59:31.000000+0000,121
2026-03-28T00:31:33.000000+0000,2026-03-28T00:29:32.000000+0000,121
2026-03-28T09:38:31.000000+0000,2026-03-28T09:36:30.000000+0000,121
2026-03-29T20:16:32.000000+0000,2026-03-29T20:14:31.000000+0000,121
2026-03-30T10:16:32.000000+0000,2026-03-30T10:14:31.000000+0000,121
2026-03-30T19:01:32.000000+0000,2026-03-30T18:59:31.000000+0000,121
2026-03-30T20:46:03.000000+0000,2026-03-30T20:44:02.000000+0000,121
2026-03-31T03:58:02.000000+0000,2026-03-31T03:56:01.000000+0000,121
2026-03-31T16:49:31.000000+0000,2026-03-31T16:47:30.000000+0000,121
2026-04-01T00:46:32.000000+0000,2026-04-01T00:44:31.000000+0000,121
2026-04-02T01:54:02.000000+0000,2026-04-02T01:52:01.000000+0000,121
2026-04-02T10:29:01.000000+0000,2026-04-02T10:27:00.000000+0000,121
2026-04-02T17:49:01.000000+0000,2026-04-02T17:47:00.000000+0000,121
2026-04-03T00:59:33.000000+0000,2026-04-03T00:57:32.000000+0000,121
2026-04-03T23:03:01.000000+0000,2026-04-03T23:01:00.000000+0000,121
2026-04-04T02:34:33.000000+0000,2026-04-04T02:32:32.000000+0000,121
2026-04-04T03:56:32.000000+0000,2026-04-04T03:54:31.000000+0000,121
2026-04-05T06:01:02.000000+0000,2026-04-05T05:59:01.000000+0000,121
2026-04-05T10:15:33.000000+0000,2026-04-05T10:13:32.000000+0000,121
2026-04-05T11:37:33.000000+0000,2026-04-05T11:35:32.000000+0000,121
2026-04-07T12:37:33.000000+0000,2026-04-07T12:35:32.000000+0000,121
2026-04-08T13:29:01.000000+0000,2026-04-08T13:27:00.000000+0000,121
2026-04-08T19:51:33.000000+0000,2026-04-08T19:49:32.000000+0000,121
2026-04-08T20:59:01.000000+0000,2026-04-08T20:57:00.000000+0000,121
2026-04-09T02:03:32.000000+0000,2026-04-09T02:01:31.000000+0000,121
2026-04-09T03:37:33.000000+0000,2026-04-09T03:35:32.000000+0000,121
2026-04-09T13:58:03.000000+0000,2026-04-09T13:56:02.000000+0000,121
2026-04-09T22:43:01.000000+0000,2026-04-09T22:41:00.000000+0000,121
2026-04-10T21:17:33.000000+0000,2026-04-10T21:15:32.000000+0000,121
2026-04-11T06:29:01.000000+0000,2026-04-11T06:27:00.000000+0000,121
2026-04-11T08:24:33.000000+0000,2026-04-11T08:22:32.000000+0000,121
2026-04-11T16:11:01.000000+0000,2026-04-11T16:09:00.000000+0000,121
2026-04-11T21:46:33.000000+0000,2026-04-11T21:44:32.000000+0000,121
2026-04-12T00:25:01.000000+0000,2026-04-12T00:23:00.000000+0000,121
2026-04-12T02:41:01.000000+0000,2026-04-12T02:39:00.000000+0000,121
2026-04-12T02:53:01.000000+0000,2026-04-12T02:51:00.000000+0000,121
2026-04-12T11:46:32.000000+0000,2026-04-12T11:44:31.000000+0000,121
2026-04-13T05:48:33.000000+0000,2026-04-13T05:46:32.000000+0000,121
2026-04-13T13:20:04.000000+0000,2026-04-13T13:18:03.000000+0000,121
2026-04-13T17:21:33.000000+0000,2026-04-13T17:19:32.000000+0000,121
2026-04-13T17:59:01.000000+0000,2026-04-13T17:57:00.000000+0000,121
2026-04-14T20:09:01.000000+0000,2026-04-14T20:07:00.000000+0000,121
2026-04-15T02:57:32.000000+0000,2026-04-15T02:55:31.000000+0000,121
2026-04-15T11:43:01.000000+0000,2026-04-15T11:41:00.000000+0000,121
2026-04-16T01:43:01.000000+0000,2026-04-16T01:41:00.000000+0000,121
2026-04-16T06:34:02.000000+0000,2026-04-16T06:32:01.000000+0000,121
2026-04-16T19:39:31.000000+0000,2026-04-16T19:37:30.000000+0000,121
2026-04-18T14:16:02.000000+0000,2026-04-18T14:14:01.000000+0000,121
2026-04-19T16:51:32.000000+0000,2026-04-19T16:49:31.000000+0000,121
2026-04-19T17:03:32.000000+0000,2026-04-19T17:01:31.000000+0000,121
2026-04-19T22:27:33.000000+0000,2026-04-19T22:25:32.000000+0000,121
2026-04-20T05:48:31.000000+0000,2026-04-20T05:46:30.000000+0000,121
2026-04-20T15:36:02.000000+0000,2026-04-20T15:34:01.000000+0000,121
2026-04-22T00:51:32.000000+0000,2026-04-22T00:49:31.000000+0000,121
2026-04-22T02:58:32.000000+0000,2026-04-22T02:56:31.000000+0000,121
2026-04-22T15:23:01.000000+0000,2026-04-22T15:21:00.000000+0000,121
2026-04-22T21:51:33.000000+0000,2026-04-22T21:49:32.000000+0000,121
2026-04-23T18:51:33.000000+0000,2026-04-23T18:49:32.000000+0000,121
2026-04-24T18:34:33.000000+0000,2026-04-24T18:32:32.000000+0000,121
2026-04-24T21:34:01.000000+0000,2026-04-24T21:32:00.000000+0000,121
2026-04-25T20:55:01.000000+0000,2026-04-25T20:53:00.000000+0000,121
2026-04-26T09:25:32.000000+0000,2026-04-26T09:23:31.000000+0000,121
2026-04-26T12:33:32.000000+0000,2026-04-26T12:31:31.000000+0000,121
2026-04-27T10:47:32.000000+0000,2026-04-27T10:45:31.000000+0000,121
2026-04-28T04:17:32.000000+0000,2026-04-28T04:15:31.000000+0000,121
2026-04-29T18:47:32.000000+0000,2026-04-29T18:45:31.000000+0000,121
2026-05-01T03:09:32.000000+0000,2026-05-01T03:07:31.000000+0000,121
2026-05-02T19:25:01.000000+0000,2026-05-02T19:23:00.000000+0000,121
2026-05-02T23:47:32.000000+0000,2026-05-02T23:45:31.000000+0000,121
2026-05-03T04:51:33.000000+0000,2026-05-03T04:49:32.000000+0000,121
2026-05-03T13:59:33.000000+0000,2026-05-03T13:57:32.000000+0000,121
2026-05-04T03:47:32.000000+0000,2026-05-04T03:45:31.000000+0000,121
2026-05-04T14:27:33.000000+0000,2026-05-04T14:25:32.000000+0000,121
2026-05-05T02:53:33.000000+0000,2026-05-05T02:51:32.000000+0000,121
2026-05-06T00:41:32.000000+0000,2026-05-06T00:39:31.000000+0000,121
2026-05-06T09:11:01.000000+0000,2026-05-06T09:09:00.000000+0000,121
2026-05-06T11:58:33.000000+0000,2026-05-06T11:56:32.000000+0000,121
2026-05-06T18:47:32.000000+0000,2026-05-06T18:45:31.000000+0000,121
2026-05-07T09:19:33.000000+0000,2026-05-07T09:17:32.000000+0000,121
2026-05-07T14:24:32.000000+0000,2026-05-07T14:22:31.000000+0000,121
2026-05-09T01:23:32.000000+0000,2026-05-09T01:21:31.000000+0000,121
2026-05-09T10:51:01.000000+0000,2026-05-09T10:49:00.000000+0000,121
2026-05-09T16:58:32.000000+0000,2026-05-09T16:56:31.000000+0000,121
2026-05-09T20:18:31.000000+0000,2026-05-09T20:16:30.000000+0000,121
2026-05-09T23:47:32.000000+0000,2026-05-09T23:45:31.000000+0000,121
2026-05-10T06:06:01.000000+0000,2026-05-10T06:04:00.000000+0000,121
2026-05-10T17:18:33.000000+0000,2026-05-10T17:16:32.000000+0000,121
2026-05-11T00:17:33.000000+0000,2026-05-11T00:15:32.000000+0000,121
2026-05-12T06:56:33.000000+0000,2026-05-12T06:54:32.000000+0000,121
2026-05-13T21:05:32.000000+0000,2026-05-13T21:03:31.000000+0000,121
2026-05-14T12:08:32.000000+0000,2026-05-14T12:06:31.000000+0000,121
2026-05-15T09:18:02.000000+0000,2026-05-15T09:16:01.000000+0000,121
2026-05-16T03:19:32.000000+0000,2026-05-16T03:17:31.000000+0000,121
2026-05-16T13:07:01.000000+0000,2026-05-16T13:05:00.000000+0000,121
2026-05-18T07:29:01.000000+0000,2026-05-18T07:27:00.000000+0000,121
2026-05-19T06:13:33.000000+0000,2026-05-19T06:11:32.000000+0000,121
2026-05-19T07:48:02.000000+0000,2026-05-19T07:46:01.000000+0000,121
2026-05-19T11:07:01.000000+0000,2026-05-19T11:05:00.000000+0000,121
2026-05-19T11:18:32.000000+0000,2026-05-19T11:16:31.000000+0000,121
2026-05-19T21:58:31.000000+0000,2026-05-19T21:56:30.000000+0000,121
2026-05-20T01:23:33.000000+0000,2026-05-20T01:21:32.000000+0000,121
2026-05-20T15:49:33.000000+0000,2026-05-20T15:47:32.000000+0000,121
2026-05-20T19:35:32.000000+0000,2026-05-20T19:33:31.000000+0000,121
2026-05-21T01:47:33.000000+0000,2026-05-21T01:45:32.000000+0000,121
2026-05-23T08:34:01.000000+0000,2026-05-23T08:32:00.000000+0000,121
2026-05-24T11:16:02.000000+0000,2026-05-24T11:14:01.000000+0000,121
2026-05-25T19:43:02.000000+0000,2026-05-25T19:41:01.000000+0000,121
2026-05-26T11:44:32.000000+0000,2026-05-26T11:42:31.000000+0000,121
2026-05-26T21:48:31.000000+0000,2026-05-26T21:46:30.000000+0000,121
2026-05-27T08:07:01.000000+0000,2026-05-27T08:05:00.000000+0000,121
2026-05-27T11:05:01.000000+0000,2026-05-27T11:03:00.000000+0000,121
2026-05-27T23:51:32.000000+0000,2026-05-27T23:49:31.000000+0000,121
2026-05-28T01:48:01.000000+0000,2026-05-28T01:46:00.000000+0000,121
2026-05-28T19:07:01.000000+0000,2026-05-28T19:05:00.000000+0000,121
2026-05-29T00:11:32.000000+0000,2026-05-29T00:09:31.000000+0000,121
2026-05-29T06:27:01.000000+0000,2026-05-29T06:25:00.000000+0000,121
2026-05-29T13:07:01.000000+0000,2026-05-29T13:05:00.000000+0000,121
2026-05-30T12:13:01.000000+0000,2026-05-30T12:11:00.000000+0000,121
2026-05-31T03:37:01.000000+0000,2026-05-31T03:35:00.000000+0000,121
2026-05-31T10:37:01.000000+0000,2026-05-31T10:35:00.000000+0000,121
2026-05-31T14:07:32.000000+0000,2026-05-31T14:05:31.000000+0000,121
2026-05-31T21:18:32.000000+0000,2026-05-31T21:16:31.000000+0000,121
2026-05-31T23:13:01.000000+0000,2026-05-31T23:11:00.000000+0000,121
2026-06-01T07:37:01.000000+0000,2026-06-01T07:35:00.000000+0000,121
2026-06-01T11:07:01.000000+0000,2026-06-01T11:05:00.000000+0000,121
2026-06-01T23:38:32.000000+0000,2026-06-01T23:36:31.000000+0000,121
2026-06-02T11:37:01.000000+0000,2026-06-02T11:35:00.000000+0000,121
2026-06-02T23:51:32.000000+0000,2026-06-02T23:49:31.000000+0000,121
2026-06-03T01:37:01.000000+0000,2026-06-03T01:35:00.000000+0000,121
2025-05-11T08:29:30.000000+0000,2025-05-11T08:27:30.000000+0000,120
2025-05-12T12:29:01.000000+0000,2025-05-12T12:27:01.000000+0000,120
2025-05-13T02:51:03.000000+0000,2025-05-13T02:49:03.000000+0000,120
2025-05-13T23:41:02.000000+0000,2025-05-13T23:39:02.000000+0000,120
2025-05-21T06:29:01.000000+0000,2025-05-21T06:27:01.000000+0000,120
2025-05-25T02:31:02.000000+0000,2025-05-25T02:29:02.000000+0000,120
2025-05-25T16:41:04.000000+0000,2025-05-25T16:39:04.000000+0000,120
2025-05-26T16:39:33.000000+0000,2025-05-26T16:37:33.000000+0000,120
2025-05-26T23:39:33.000000+0000,2025-05-26T23:37:33.000000+0000,120
2025-05-28T03:39:30.000000+0000,2025-05-28T03:37:30.000000+0000,120
2025-05-28T21:56:00.000000+0000,2025-05-28T21:54:00.000000+0000,120
2025-05-31T11:58:03.000000+0000,2025-05-31T11:56:03.000000+0000,120
2025-05-31T15:39:33.000000+0000,2025-05-31T15:37:33.000000+0000,120
2025-06-01T05:39:32.000000+0000,2025-06-01T05:37:32.000000+0000,120
2025-06-01T16:32:09.000000+0000,2025-06-01T16:30:09.000000+0000,120
2025-06-02T16:28:33.000000+0000,2025-06-02T16:26:33.000000+0000,120
2025-06-03T17:09:04.000000+0000,2025-06-03T17:07:04.000000+0000,120
2025-06-03T20:39:33.000000+0000,2025-06-03T20:37:33.000000+0000,120
2025-06-04T00:09:32.000000+0000,2025-06-04T00:07:32.000000+0000,120
2025-06-04T10:49:03.000000+0000,2025-06-04T10:47:03.000000+0000,120
2025-06-04T14:09:32.000000+0000,2025-06-04T14:07:32.000000+0000,120
2025-06-04T17:39:32.000000+0000,2025-06-04T17:37:32.000000+0000,120
2025-06-05T00:39:32.000000+0000,2025-06-05T00:37:32.000000+0000,120
2025-06-05T11:09:32.000000+0000,2025-06-05T11:07:32.000000+0000,120
2025-06-07T09:11:02.000000+0000,2025-06-07T09:09:02.000000+0000,120
2025-06-09T09:59:33.000000+0000,2025-06-09T09:57:33.000000+0000,120
2025-06-11T07:09:32.000000+0000,2025-06-11T07:07:32.000000+0000,120
2025-06-11T21:09:32.000000+0000,2025-06-11T21:07:32.000000+0000,120
2025-06-20T12:18:00.000000+0000,2025-06-20T12:16:00.000000+0000,120
2025-06-26T15:18:01.000000+0000,2025-06-26T15:16:01.000000+0000,120
2025-06-27T05:55:00.000000+0000,2025-06-27T05:53:00.000000+0000,120
2025-06-27T19:28:31.000000+0000,2025-06-27T19:26:31.000000+0000,120
2025-07-01T14:18:02.000000+0000,2025-07-01T14:16:02.000000+0000,120
2025-07-03T22:18:00.000000+0000,2025-07-03T22:16:00.000000+0000,120
2025-07-06T06:29:02.000000+0000,2025-07-06T06:27:02.000000+0000,120
2025-07-06T13:18:00.000000+0000,2025-07-06T13:16:00.000000+0000,120
2025-07-07T17:29:32.000000+0000,2025-07-07T17:27:32.000000+0000,120
2025-07-08T00:18:00.000000+0000,2025-07-08T00:16:00.000000+0000,120
2025-07-08T04:41:01.000000+0000,2025-07-08T04:39:01.000000+0000,120
2025-07-09T04:29:32.000000+0000,2025-07-09T04:27:32.000000+0000,120
2025-07-12T09:29:30.000000+0000,2025-07-12T09:27:30.000000+0000,120
2025-07-16T04:18:01.000000+0000,2025-07-16T04:16:01.000000+0000,120
2025-07-17T01:18:01.000000+0000,2025-07-17T01:16:01.000000+0000,120
2025-07-19T02:28:31.000000+0000,2025-07-19T02:26:31.000000+0000,120
2025-07-19T09:18:01.000000+0000,2025-07-19T09:16:01.000000+0000,120
2025-07-21T03:29:31.000000+0000,2025-07-21T03:27:31.000000+0000,120
2025-07-22T00:29:31.000000+0000,2025-07-22T00:27:31.000000+0000,120
2025-07-22T14:18:01.000000+0000,2025-07-22T14:16:01.000000+0000,120
2025-07-23T07:38:03.000000+0000,2025-07-23T07:36:03.000000+0000,120
2025-07-23T11:18:32.000000+0000,2025-07-23T11:16:32.000000+0000,120
2025-07-23T18:18:32.000000+0000,2025-07-23T18:16:32.000000+0000,120
2025-07-24T22:18:32.000000+0000,2025-07-24T22:16:32.000000+0000,120
2025-07-25T12:29:03.000000+0000,2025-07-25T12:27:03.000000+0000,120
2025-07-27T13:18:32.000000+0000,2025-07-27T13:16:32.000000+0000,120
2025-07-28T10:29:03.000000+0000,2025-07-28T10:27:03.000000+0000,120
2025-07-29T07:18:32.000000+0000,2025-07-29T07:16:32.000000+0000,120
2025-07-30T18:18:03.000000+0000,2025-07-30T18:16:03.000000+0000,120
2025-07-31T22:18:33.000000+0000,2025-07-31T22:16:33.000000+0000,120
2025-08-01T12:29:33.000000+0000,2025-08-01T12:27:33.000000+0000,120
2025-08-02T02:18:04.000000+0000,2025-08-02T02:16:04.000000+0000,120
2025-08-02T23:55:03.000000+0000,2025-08-02T23:53:03.000000+0000,120
2025-08-03T13:55:03.000000+0000,2025-08-03T13:53:03.000000+0000,120
2025-08-03T20:55:03.000000+0000,2025-08-03T20:53:03.000000+0000,120
2025-08-04T03:18:33.000000+0000,2025-08-04T03:16:33.000000+0000,120
2025-08-06T11:18:31.000000+0000,2025-08-06T11:16:31.000000+0000,120
2025-08-06T18:18:32.000000+0000,2025-08-06T18:16:32.000000+0000,120
2025-08-07T01:18:33.000000+0000,2025-08-07T01:16:33.000000+0000,120
2025-08-07T15:18:02.000000+0000,2025-08-07T15:16:02.000000+0000,120
2025-08-08T05:18:02.000000+0000,2025-08-08T05:16:02.000000+0000,120
2025-08-08T19:29:03.000000+0000,2025-08-08T19:27:03.000000+0000,120
2025-08-09T02:55:02.000000+0000,2025-08-09T02:53:02.000000+0000,120
2025-08-09T09:18:32.000000+0000,2025-08-09T09:16:32.000000+0000,120
2025-08-09T23:18:31.000000+0000,2025-08-09T23:16:31.000000+0000,120
2025-08-10T20:18:00.000000+0000,2025-08-10T20:16:00.000000+0000,120
2025-08-11T10:29:04.000000+0000,2025-08-11T10:27:04.000000+0000,120
2025-08-12T14:18:32.000000+0000,2025-08-12T14:16:32.000000+0000,120
2025-08-15T05:29:03.000000+0000,2025-08-15T05:27:03.000000+0000,120
2025-08-16T16:55:03.000000+0000,2025-08-16T16:53:03.000000+0000,120
2025-08-16T23:18:31.000000+0000,2025-08-16T23:16:31.000000+0000,120
2025-08-18T10:18:32.000000+0000,2025-08-18T10:16:32.000000+0000,120
2025-08-20T18:18:33.000000+0000,2025-08-20T18:16:33.000000+0000,120
2025-08-22T19:18:32.000000+0000,2025-08-22T19:16:32.000000+0000,120
2025-08-23T23:18:32.000000+0000,2025-08-23T23:16:32.000000+0000,120
2025-08-24T02:48:01.000000+0000,2025-08-24T02:46:01.000000+0000,120
2025-08-24T13:18:32.000000+0000,2025-08-24T13:16:32.000000+0000,120
2025-08-26T12:54:02.000000+0000,2025-08-26T12:52:02.000000+0000,120
2025-08-27T04:18:02.000000+0000,2025-08-27T04:16:02.000000+0000,120
2025-08-27T11:18:32.000000+0000,2025-08-27T11:16:32.000000+0000,120
2025-08-27T18:18:03.000000+0000,2025-08-27T18:16:03.000000+0000,120
2025-08-29T19:18:32.000000+0000,2025-08-29T19:16:32.000000+0000,120
2025-08-30T23:18:32.000000+0000,2025-08-30T23:16:32.000000+0000,120
2025-08-31T06:18:32.000000+0000,2025-08-31T06:16:32.000000+0000,120
2025-08-31T13:18:31.000000+0000,2025-08-31T13:16:31.000000+0000,120
2025-09-01T10:18:31.000000+0000,2025-09-01T10:16:31.000000+0000,120
2025-09-01T17:18:32.000000+0000,2025-09-01T17:16:32.000000+0000,120
2025-09-11T01:18:32.000000+0000,2025-09-11T01:16:32.000000+0000,120
2025-09-11T05:09:31.000000+0000,2025-09-11T05:07:31.000000+0000,120
2025-09-11T15:18:04.000000+0000,2025-09-11T15:16:04.000000+0000,120
2025-09-11T18:58:32.000000+0000,2025-09-11T18:56:32.000000+0000,120
2025-09-12T01:58:32.000000+0000,2025-09-12T01:56:32.000000+0000,120
2025-09-12T08:58:32.000000+0000,2025-09-12T08:56:32.000000+0000,120
2025-09-12T15:58:32.000000+0000,2025-09-12T15:56:32.000000+0000,120
2025-09-14T06:18:02.000000+0000,2025-09-14T06:16:02.000000+0000,120
2025-09-14T20:44:31.000000+0000,2025-09-14T20:42:31.000000+0000,120
2025-09-14T23:58:32.000000+0000,2025-09-14T23:56:32.000000+0000,120
2025-09-15T14:09:31.000000+0000,2025-09-15T14:07:31.000000+0000,120
2025-09-15T17:44:32.000000+0000,2025-09-15T17:42:32.000000+0000,120
2025-09-17T00:58:32.000000+0000,2025-09-17T00:56:32.000000+0000,120
2025-09-19T05:29:31.000000+0000,2025-09-19T05:27:31.000000+0000,120
2025-09-19T12:07:03.000000+0000,2025-09-19T12:05:03.000000+0000,120
2025-09-20T23:44:32.000000+0000,2025-09-20T23:42:32.000000+0000,120
2025-09-21T06:55:02.000000+0000,2025-09-21T06:53:02.000000+0000,120
2025-09-21T13:18:03.000000+0000,2025-09-21T13:16:03.000000+0000,120
2025-09-22T17:28:32.000000+0000,2025-09-22T17:26:32.000000+0000,120
2025-09-23T21:18:33.000000+0000,2025-09-23T21:16:33.000000+0000,120
2025-09-26T15:59:31.000000+0000,2025-09-26T15:57:31.000000+0000,120
2025-09-29T03:28:32.000000+0000,2025-09-29T03:26:32.000000+0000,120
2025-09-29T14:09:04.000000+0000,2025-09-29T14:07:04.000000+0000,120
2025-09-29T17:29:01.000000+0000,2025-09-29T17:27:01.000000+0000,120
2025-09-30T03:58:32.000000+0000,2025-09-30T03:56:32.000000+0000,120
2025-09-30T06:14:32.000000+0000,2025-09-30T06:12:32.000000+0000,120
2025-10-11T23:39:02.000000+0000,2025-10-11T23:37:02.000000+0000,120
2025-10-12T20:29:03.000000+0000,2025-10-12T20:27:03.000000+0000,120
2025-10-13T03:29:02.000000+0000,2025-10-13T03:27:02.000000+0000,120
2025-10-15T18:39:32.000000+0000,2025-10-15T18:37:32.000000+0000,120
2025-10-16T08:07:01.000000+0000,2025-10-16T08:05:01.000000+0000,120
2025-10-16T22:07:02.000000+0000,2025-10-16T22:05:02.000000+0000,120
2025-10-19T06:18:31.000000+0000,2025-10-19T06:16:31.000000+0000,120
2025-10-20T17:18:02.000000+0000,2025-10-20T17:16:02.000000+0000,120
2025-10-21T21:18:32.000000+0000,2025-10-21T21:16:32.000000+0000,120
2025-10-22T04:18:32.000000+0000,2025-10-22T04:16:32.000000+0000,120
2025-10-22T11:07:02.000000+0000,2025-10-22T11:05:02.000000+0000,120
2025-10-23T15:07:03.000000+0000,2025-10-23T15:05:03.000000+0000,120
2025-10-24T12:18:32.000000+0000,2025-10-24T12:16:32.000000+0000,120
2025-10-24T15:37:02.000000+0000,2025-10-24T15:35:02.000000+0000,120
2025-10-25T09:07:03.000000+0000,2025-10-25T09:05:03.000000+0000,120
2025-10-26T20:18:32.000000+0000,2025-10-26T20:16:32.000000+0000,120
2025-10-28T14:18:32.000000+0000,2025-10-28T14:16:32.000000+0000,120
2025-10-29T04:07:01.000000+0000,2025-10-29T04:05:01.000000+0000,120
2025-10-30T01:44:31.000000+0000,2025-10-30T01:42:31.000000+0000,120
2025-11-02T23:58:02.000000+0000,2025-11-02T23:56:02.000000+0000,120
2025-11-03T03:28:32.000000+0000,2025-11-03T03:26:32.000000+0000,120
2025-11-03T13:58:32.000000+0000,2025-11-03T13:56:32.000000+0000,120
2025-11-03T17:44:32.000000+0000,2025-11-03T17:42:32.000000+0000,120
2025-11-09T23:58:01.000000+0000,2025-11-09T23:56:01.000000+0000,120
2025-11-10T03:29:31.000000+0000,2025-11-10T03:27:31.000000+0000,120
2025-11-14T15:59:31.000000+0000,2025-11-14T15:57:31.000000+0000,120
2025-11-15T06:29:32.000000+0000,2025-11-15T06:27:32.000000+0000,120
2025-11-15T12:58:32.000000+0000,2025-11-15T12:56:32.000000+0000,120
2025-11-19T21:56:31.000000+0000,2025-11-19T21:54:31.000000+0000,120
2025-11-20T04:19:31.000000+0000,2025-11-20T04:17:31.000000+0000,120
2025-11-22T03:55:37.000000+0000,2025-11-22T03:53:37.000000+0000,120
2025-11-23T01:58:37.000000+0000,2025-11-23T01:56:37.000000+0000,120
2025-11-23T22:58:06.000000+0000,2025-11-23T22:56:06.000000+0000,120
2025-11-24T23:28:35.000000+0000,2025-11-24T23:26:35.000000+0000,120
2025-11-26T18:52:07.000000+0000,2025-11-26T18:50:07.000000+0000,120
2025-11-27T07:28:05.000000+0000,2025-11-27T07:26:05.000000+0000,120
2025-12-03T03:28:37.000000+0000,2025-12-03T03:26:37.000000+0000,120
2025-12-03T05:13:40.000000+0000,2025-12-03T05:11:40.000000+0000,120
2025-12-11T19:43:31.000000+0000,2025-12-11T19:41:31.000000+0000,120
2025-12-12T06:24:01.000000+0000,2025-12-12T06:22:01.000000+0000,120
2025-12-13T18:58:31.000000+0000,2025-12-13T18:56:31.000000+0000,120
2025-12-14T08:58:01.000000+0000,2025-12-14T08:56:01.000000+0000,120
2025-12-14T12:44:32.000000+0000,2025-12-14T12:42:32.000000+0000,120
2025-12-14T19:44:32.000000+0000,2025-12-14T19:42:32.000000+0000,120
2025-12-14T22:58:31.000000+0000,2025-12-14T22:56:31.000000+0000,120
2025-12-16T01:29:31.000000+0000,2025-12-16T01:27:31.000000+0000,120
2025-12-17T10:49:01.000000+0000,2025-12-17T10:47:01.000000+0000,120
2025-12-17T13:58:01.000000+0000,2025-12-17T13:56:01.000000+0000,120
2025-12-17T17:28:31.000000+0000,2025-12-17T17:26:31.000000+0000,120
2025-12-18T00:44:32.000000+0000,2025-12-18T00:42:32.000000+0000,120
2025-12-19T18:44:31.000000+0000,2025-12-19T18:42:31.000000+0000,120
2025-12-22T02:28:32.000000+0000,2025-12-22T02:26:32.000000+0000,120
2025-12-23T09:58:32.000000+0000,2025-12-23T09:56:32.000000+0000,120
2025-12-24T03:44:32.000000+0000,2025-12-24T03:42:32.000000+0000,120
2025-12-26T07:58:31.000000+0000,2025-12-26T07:56:31.000000+0000,120
2025-12-26T11:29:02.000000+0000,2025-12-26T11:27:02.000000+0000,120
2025-12-27T15:44:31.000000+0000,2025-12-27T15:42:31.000000+0000,120
2025-12-29T02:29:31.000000+0000,2025-12-29T02:27:31.000000+0000,120
2025-12-29T05:59:02.000000+0000,2025-12-29T05:57:02.000000+0000,120
2025-12-29T09:18:31.000000+0000,2025-12-29T09:16:31.000000+0000,120
2025-12-30T10:09:32.000000+0000,2025-12-30T10:07:32.000000+0000,120
2025-12-30T15:13:31.000000+0000,2025-12-30T15:11:31.000000+0000,120
2025-12-31T12:24:02.000000+0000,2025-12-31T12:22:02.000000+0000,120
2026-01-01T10:58:02.000000+0000,2026-01-01T10:56:02.000000+0000,120
2026-01-02T07:59:02.000000+0000,2026-01-02T07:57:02.000000+0000,120
2026-01-02T11:18:32.000000+0000,2026-01-02T11:16:32.000000+0000,120
2026-01-02T18:18:32.000000+0000,2026-01-02T18:16:32.000000+0000,120
2026-01-03T18:58:31.000000+0000,2026-01-03T18:56:31.000000+0000,120
2026-01-03T22:18:32.000000+0000,2026-01-03T22:16:32.000000+0000,120
2026-01-04T22:58:32.000000+0000,2026-01-04T22:56:32.000000+0000,120
2026-01-05T04:13:32.000000+0000,2026-01-05T04:11:32.000000+0000,120
2026-01-05T05:59:00.000000+0000,2026-01-05T05:57:00.000000+0000,120
2026-01-05T12:58:32.000000+0000,2026-01-05T12:56:32.000000+0000,120
2026-01-06T09:58:32.000000+0000,2026-01-06T09:56:32.000000+0000,120
2026-01-06T17:09:33.000000+0000,2026-01-06T17:07:33.000000+0000,120
2026-01-07T08:54:04.000000+0000,2026-01-07T08:52:04.000000+0000,120
2026-01-08T03:59:32.000000+0000,2026-01-08T03:57:32.000000+0000,120
2026-01-08T21:44:32.000000+0000,2026-01-08T21:42:32.000000+0000,120
2026-01-09T10:25:33.000000+0000,2026-01-09T10:23:33.000000+0000,120
2026-01-09T11:49:00.000000+0000,2026-01-09T11:47:00.000000+0000,120
2026-01-11T07:23:32.000000+0000,2026-01-11T07:21:32.000000+0000,120
2026-01-11T22:59:00.000000+0000,2026-01-11T22:57:00.000000+0000,120
2026-01-13T13:28:31.000000+0000,2026-01-13T13:26:31.000000+0000,120
2026-01-14T14:48:32.000000+0000,2026-01-14T14:46:32.000000+0000,120
2026-01-16T22:58:32.000000+0000,2026-01-16T22:56:32.000000+0000,120
2026-01-17T16:18:00.000000+0000,2026-01-17T16:16:00.000000+0000,120
2026-01-20T18:09:01.000000+0000,2026-01-20T18:07:01.000000+0000,120
2026-01-21T07:58:01.000000+0000,2026-01-21T07:56:01.000000+0000,120
2026-01-21T18:44:31.000000+0000,2026-01-21T18:42:31.000000+0000,120
2026-01-22T04:47:33.000000+0000,2026-01-22T04:45:33.000000+0000,120
2026-01-22T14:41:32.000000+0000,2026-01-22T14:39:32.000000+0000,120
2026-01-23T13:26:31.000000+0000,2026-01-23T13:24:31.000000+0000,120
2026-01-24T05:58:32.000000+0000,2026-01-24T05:56:32.000000+0000,120
2026-01-25T07:05:32.000000+0000,2026-01-25T07:03:32.000000+0000,120
2026-01-29T12:25:01.000000+0000,2026-01-29T12:23:01.000000+0000,120
2026-01-30T15:48:01.000000+0000,2026-01-30T15:46:01.000000+0000,120
2026-01-30T15:59:32.000000+0000,2026-01-30T15:57:32.000000+0000,120
2026-01-31T16:44:32.000000+0000,2026-01-31T16:42:32.000000+0000,120
2026-01-31T23:55:00.000000+0000,2026-01-31T23:53:00.000000+0000,120
2026-02-06T01:58:32.000000+0000,2026-02-06T01:56:32.000000+0000,120
2026-02-06T06:05:31.000000+0000,2026-02-06T06:03:31.000000+0000,120
2026-02-06T08:47:32.000000+0000,2026-02-06T08:45:32.000000+0000,120
2026-02-07T19:37:33.000000+0000,2026-02-07T19:35:33.000000+0000,120
2026-02-08T02:58:32.000000+0000,2026-02-08T02:56:32.000000+0000,120
2026-02-11T10:24:32.000000+0000,2026-02-11T10:22:32.000000+0000,120
2026-02-12T08:44:32.000000+0000,2026-02-12T08:42:32.000000+0000,120
2026-02-12T17:03:31.000000+0000,2026-02-12T17:01:31.000000+0000,120
2026-02-13T01:37:30.000000+0000,2026-02-13T01:35:30.000000+0000,120
2026-02-13T02:14:33.000000+0000,2026-02-13T02:12:33.000000+0000,120
2026-02-13T12:17:31.000000+0000,2026-02-13T12:15:31.000000+0000,120
2026-02-13T16:14:31.000000+0000,2026-02-13T16:12:31.000000+0000,120
2026-02-13T21:29:31.000000+0000,2026-02-13T21:27:31.000000+0000,120
2026-02-14T09:06:31.000000+0000,2026-02-14T09:04:31.000000+0000,120
2026-02-15T02:59:32.000000+0000,2026-02-15T02:57:32.000000+0000,120
2026-02-16T00:14:32.000000+0000,2026-02-16T00:12:32.000000+0000,120
2026-02-16T10:17:31.000000+0000,2026-02-16T10:15:31.000000+0000,120
2026-02-16T14:25:00.000000+0000,2026-02-16T14:23:00.000000+0000,120
2026-02-16T17:18:01.000000+0000,2026-02-16T17:16:01.000000+0000,120
2026-02-18T00:47:32.000000+0000,2026-02-18T00:45:32.000000+0000,120
2026-02-18T07:38:01.000000+0000,2026-02-18T07:36:01.000000+0000,120
2026-02-19T22:17:32.000000+0000,2026-02-19T22:15:32.000000+0000,120
2026-02-21T12:47:32.000000+0000,2026-02-21T12:45:32.000000+0000,120
2026-02-22T02:49:00.000000+0000,2026-02-22T02:47:00.000000+0000,120
2026-02-25T05:31:00.000000+0000,2026-02-25T05:29:00.000000+0000,120
2026-02-26T05:14:32.000000+0000,2026-02-26T05:12:32.000000+0000,120
2026-02-28T08:25:30.000000+0000,2026-02-28T08:23:30.000000+0000,120
2026-03-02T07:09:32.000000+0000,2026-03-02T07:07:32.000000+0000,120
2026-03-04T00:37:31.000000+0000,2026-03-04T00:35:31.000000+0000,120
2026-03-04T04:18:00.000000+0000,2026-03-04T04:16:00.000000+0000,120
2026-03-04T11:18:00.000000+0000,2026-03-04T11:16:00.000000+0000,120
2026-03-04T22:19:00.000000+0000,2026-03-04T22:17:00.000000+0000,120
2026-03-05T22:49:32.000000+0000,2026-03-05T22:47:32.000000+0000,120
2026-03-06T12:46:02.000000+0000,2026-03-06T12:44:02.000000+0000,120
2026-03-07T15:01:32.000000+0000,2026-03-07T14:59:32.000000+0000,120
2026-03-07T16:56:32.000000+0000,2026-03-07T16:54:32.000000+0000,120
2026-03-08T03:16:32.000000+0000,2026-03-08T03:14:32.000000+0000,120
2026-03-08T10:16:32.000000+0000,2026-03-08T10:14:32.000000+0000,120
2026-03-08T17:16:32.000000+0000,2026-03-08T17:14:32.000000+0000,120
2026-03-08T19:01:32.000000+0000,2026-03-08T18:59:32.000000+0000,120
2026-03-08T20:57:01.000000+0000,2026-03-08T20:55:01.000000+0000,120
2026-03-09T12:43:01.000000+0000,2026-03-09T12:41:01.000000+0000,120
2026-03-10T14:57:32.000000+0000,2026-03-10T14:55:32.000000+0000,120
2026-03-11T08:27:01.000000+0000,2026-03-11T08:25:01.000000+0000,120
2026-03-11T10:01:32.000000+0000,2026-03-11T09:59:32.000000+0000,120
2026-03-12T19:38:31.000000+0000,2026-03-12T19:36:31.000000+0000,120
2026-03-13T02:58:32.000000+0000,2026-03-13T02:56:32.000000+0000,120
2026-03-13T09:59:00.000000+0000,2026-03-13T09:57:00.000000+0000,120
2026-03-13T19:57:30.000000+0000,2026-03-13T19:55:30.000000+0000,120
2026-03-14T03:19:00.000000+0000,2026-03-14T03:17:00.000000+0000,120
2026-03-14T16:58:31.000000+0000,2026-03-14T16:56:31.000000+0000,120
2026-03-14T18:42:33.000000+0000,2026-03-14T18:40:33.000000+0000,120
2026-03-14T20:26:33.000000+0000,2026-03-14T20:24:33.000000+0000,120
2026-03-15T00:29:01.000000+0000,2026-03-15T00:27:01.000000+0000,120
2026-03-16T09:33:00.000000+0000,2026-03-16T09:31:00.000000+0000,120
2026-03-17T04:37:32.000000+0000,2026-03-17T04:35:32.000000+0000,120
2026-03-17T18:16:31.000000+0000,2026-03-17T18:14:31.000000+0000,120
2026-03-18T11:46:33.000000+0000,2026-03-18T11:44:33.000000+0000,120
2026-03-18T11:58:31.000000+0000,2026-03-18T11:56:31.000000+0000,120
2026-03-19T10:21:31.000000+0000,2026-03-19T10:19:31.000000+0000,120
2026-03-19T10:58:32.000000+0000,2026-03-19T10:56:32.000000+0000,120
2026-03-20T00:43:00.000000+0000,2026-03-20T00:41:00.000000+0000,120
2026-03-20T09:49:32.000000+0000,2026-03-20T09:47:32.000000+0000,120
2026-03-20T13:07:32.000000+0000,2026-03-20T13:05:32.000000+0000,120
2026-03-20T14:43:30.000000+0000,2026-03-20T14:41:30.000000+0000,120
2026-03-21T02:57:32.000000+0000,2026-03-21T02:55:32.000000+0000,120
2026-03-21T06:06:01.000000+0000,2026-03-21T06:04:01.000000+0000,120
2026-03-21T13:16:31.000000+0000,2026-03-21T13:14:31.000000+0000,120
2026-03-21T18:31:31.000000+0000,2026-03-21T18:29:31.000000+0000,120
2026-03-21T20:27:01.000000+0000,2026-03-21T20:25:01.000000+0000,120
2026-03-22T03:54:01.000000+0000,2026-03-22T03:52:01.000000+0000,120
2026-03-22T23:03:02.000000+0000,2026-03-22T23:01:02.000000+0000,120
2026-03-23T11:18:01.000000+0000,2026-03-23T11:16:01.000000+0000,120
2026-03-23T11:55:31.000000+0000,2026-03-23T11:53:31.000000+0000,120
2026-03-23T23:12:33.000000+0000,2026-03-23T23:10:33.000000+0000,120
2026-03-24T04:37:32.000000+0000,2026-03-24T04:35:32.000000+0000,120
2026-03-24T09:27:01.000000+0000,2026-03-24T09:25:01.000000+0000,120
2026-03-24T10:04:31.000000+0000,2026-03-24T10:02:31.000000+0000,120
2026-03-24T16:16:32.000000+0000,2026-03-24T16:14:32.000000+0000,120
2026-03-24T23:27:01.000000+0000,2026-03-24T23:25:01.000000+0000,120
2026-03-25T03:49:00.000000+0000,2026-03-25T03:47:00.000000+0000,120
2026-03-25T06:16:31.000000+0000,2026-03-25T06:14:31.000000+0000,120
2026-03-25T08:11:31.000000+0000,2026-03-25T08:09:31.000000+0000,120
2026-03-25T13:27:01.000000+0000,2026-03-25T13:25:01.000000+0000,120
2026-03-25T16:46:32.000000+0000,2026-03-25T16:44:32.000000+0000,120
2026-03-26T03:16:32.000000+0000,2026-03-26T03:14:32.000000+0000,120
2026-03-26T10:54:01.000000+0000,2026-03-26T10:52:01.000000+0000,120
2026-03-26T17:16:32.000000+0000,2026-03-26T17:14:32.000000+0000,120
2026-03-26T20:46:33.000000+0000,2026-03-26T20:44:33.000000+0000,120
2026-03-26T22:31:32.000000+0000,2026-03-26T22:29:32.000000+0000,120
2026-03-27T00:06:00.000000+0000,2026-03-27T00:04:00.000000+0000,120
2026-03-27T05:16:33.000000+0000,2026-03-27T05:14:33.000000+0000,120
2026-03-27T08:46:02.000000+0000,2026-03-27T08:44:02.000000+0000,120
2026-03-27T16:24:01.000000+0000,2026-03-27T16:22:01.000000+0000,120
2026-03-28T02:16:32.000000+0000,2026-03-28T02:14:32.000000+0000,120
2026-03-28T08:04:02.000000+0000,2026-03-28T08:02:02.000000+0000,120
2026-03-28T18:39:01.000000+0000,2026-03-28T18:37:01.000000+0000,120
2026-03-28T19:25:32.000000+0000,2026-03-28T19:23:32.000000+0000,120
2026-03-29T01:01:33.000000+0000,2026-03-29T00:59:33.000000+0000,120
2026-03-29T04:31:32.000000+0000,2026-03-29T04:29:32.000000+0000,120
2026-03-29T06:28:03.000000+0000,2026-03-29T06:26:03.000000+0000,120
2026-03-29T08:01:30.000000+0000,2026-03-29T07:59:30.000000+0000,120
2026-03-29T09:46:33.000000+0000,2026-03-29T09:44:33.000000+0000,120
2026-03-29T13:05:32.000000+0000,2026-03-29T13:03:32.000000+0000,120
2026-03-30T06:46:33.000000+0000,2026-03-30T06:44:33.000000+0000,120
2026-03-30T21:24:01.000000+0000,2026-03-30T21:22:01.000000+0000,120
2026-03-30T22:31:30.000000+0000,2026-03-30T22:29:30.000000+0000,120
2026-03-31T10:57:00.000000+0000,2026-03-31T10:55:00.000000+0000,120
2026-03-31T15:04:32.000000+0000,2026-03-31T15:02:32.000000+0000,120
2026-03-31T17:46:33.000000+0000,2026-03-31T17:44:33.000000+0000,120
2026-03-31T23:01:31.000000+0000,2026-03-31T22:59:31.000000+0000,120
2026-04-01T06:01:32.000000+0000,2026-04-01T05:59:32.000000+0000,120
2026-04-01T07:46:32.000000+0000,2026-04-01T07:44:32.000000+0000,120
2026-04-01T15:24:01.000000+0000,2026-04-01T15:22:01.000000+0000,120
2026-04-01T16:31:32.000000+0000,2026-04-01T16:29:32.000000+0000,120
2026-04-03T21:19:01.000000+0000,2026-04-03T21:17:01.000000+0000,120
2026-04-04T05:31:01.000000+0000,2026-04-04T05:29:01.000000+0000,120
2026-04-04T11:49:33.000000+0000,2026-04-04T11:47:33.000000+0000,120
2026-04-04T18:59:33.000000+0000,2026-04-04T18:57:33.000000+0000,120
2026-04-04T20:55:01.000000+0000,2026-04-04T20:53:01.000000+0000,120
2026-04-04T23:34:00.000000+0000,2026-04-04T23:32:00.000000+0000,120
2026-04-05T01:19:01.000000+0000,2026-04-05T01:17:01.000000+0000,120
2026-04-05T01:31:00.000000+0000,2026-04-05T01:29:00.000000+0000,120
2026-04-05T03:29:33.000000+0000,2026-04-05T03:27:33.000000+0000,120
2026-04-05T08:19:00.000000+0000,2026-04-05T08:17:00.000000+0000,120
2026-04-05T15:49:32.000000+0000,2026-04-05T15:47:32.000000+0000,120
2026-04-05T20:46:31.000000+0000,2026-04-05T20:44:31.000000+0000,120
2026-04-06T04:47:32.000000+0000,2026-04-06T04:45:32.000000+0000,120
2026-04-06T11:25:01.000000+0000,2026-04-06T11:23:01.000000+0000,120
2026-04-06T19:19:01.000000+0000,2026-04-06T19:17:01.000000+0000,120
2026-04-06T23:25:00.000000+0000,2026-04-06T23:23:00.000000+0000,120
2026-04-07T05:26:32.000000+0000,2026-04-07T05:24:32.000000+0000,120
2026-04-07T20:19:00.000000+0000,2026-04-07T20:17:00.000000+0000,120
2026-04-08T04:11:00.000000+0000,2026-04-08T04:09:00.000000+0000,120
2026-04-08T07:51:32.000000+0000,2026-04-08T07:49:32.000000+0000,120
2026-04-08T11:21:32.000000+0000,2026-04-08T11:19:32.000000+0000,120
2026-04-08T14:51:33.000000+0000,2026-04-08T14:49:33.000000+0000,120
2026-04-09T15:21:32.000000+0000,2026-04-09T15:19:32.000000+0000,120
2026-04-09T22:31:32.000000+0000,2026-04-09T22:29:32.000000+0000,120
2026-04-10T05:21:32.000000+0000,2026-04-10T05:19:32.000000+0000,120
2026-04-10T11:45:32.000000+0000,2026-04-10T11:43:32.000000+0000,120
2026-04-10T22:51:33.000000+0000,2026-04-10T22:49:33.000000+0000,120
2026-04-11T02:53:01.000000+0000,2026-04-11T02:51:01.000000+0000,120
2026-04-11T05:51:32.000000+0000,2026-04-11T05:49:32.000000+0000,120
2026-04-12T23:51:33.000000+0000,2026-04-12T23:49:33.000000+0000,120
2026-04-14T14:21:32.000000+0000,2026-04-14T14:19:32.000000+0000,120
2026-04-14T18:13:01.000000+0000,2026-04-14T18:11:01.000000+0000,120
2026-04-14T23:16:32.000000+0000,2026-04-14T23:14:32.000000+0000,120
2026-04-15T00:51:02.000000+0000,2026-04-15T00:49:02.000000+0000,120
2026-04-15T06:16:32.000000+0000,2026-04-15T06:14:32.000000+0000,120
2026-04-15T13:54:30.000000+0000,2026-04-15T13:52:30.000000+0000,120
2026-04-15T17:24:30.000000+0000,2026-04-15T17:22:30.000000+0000,120
2026-04-16T06:16:02.000000+0000,2026-04-16T06:14:02.000000+0000,120
2026-04-16T11:51:32.000000+0000,2026-04-16T11:49:32.000000+0000,120
2026-04-16T21:24:30.000000+0000,2026-04-16T21:22:30.000000+0000,120
2026-04-16T22:43:00.000000+0000,2026-04-16T22:41:00.000000+0000,120
2026-04-18T02:53:00.000000+0000,2026-04-18T02:51:00.000000+0000,120
2026-04-18T06:23:00.000000+0000,2026-04-18T06:21:00.000000+0000,120
2026-04-19T20:53:32.000000+0000,2026-04-19T20:51:32.000000+0000,120
2026-04-19T23:51:33.000000+0000,2026-04-19T23:49:33.000000+0000,120
2026-04-20T03:53:01.000000+0000,2026-04-20T03:51:01.000000+0000,120
2026-04-20T08:21:33.000000+0000,2026-04-20T08:19:33.000000+0000,120
2026-04-20T09:29:00.000000+0000,2026-04-20T09:27:00.000000+0000,120
2026-04-20T15:47:32.000000+0000,2026-04-20T15:45:32.000000+0000,120
2026-04-20T19:39:00.000000+0000,2026-04-20T19:37:00.000000+0000,120
2026-04-21T12:57:32.000000+0000,2026-04-21T12:55:32.000000+0000,120
2026-04-21T23:17:32.000000+0000,2026-04-21T23:15:32.000000+0000,120
2026-04-22T06:54:31.000000+0000,2026-04-22T06:52:31.000000+0000,120
2026-04-22T20:23:01.000000+0000,2026-04-22T20:21:01.000000+0000,120
2026-04-23T03:59:00.000000+0000,2026-04-23T03:57:00.000000+0000,120
2026-04-23T06:46:31.000000+0000,2026-04-23T06:44:31.000000+0000,120
2026-04-23T14:18:31.000000+0000,2026-04-23T14:16:31.000000+0000,120
2026-04-23T21:29:00.000000+0000,2026-04-23T21:27:00.000000+0000,120
2026-04-24T13:35:32.000000+0000,2026-04-24T13:33:32.000000+0000,120
2026-04-24T21:46:00.000000+0000,2026-04-24T21:44:00.000000+0000,120
2026-04-25T02:37:00.000000+0000,2026-04-25T02:35:00.000000+0000,120
2026-04-25T09:59:32.000000+0000,2026-04-25T09:57:32.000000+0000,120
2026-04-25T14:05:31.000000+0000,2026-04-25T14:03:31.000000+0000,120
2026-04-25T17:09:32.000000+0000,2026-04-25T17:07:32.000000+0000,120
2026-04-26T06:37:00.000000+0000,2026-04-26T06:35:00.000000+0000,120
2026-04-26T19:16:02.000000+0000,2026-04-26T19:14:02.000000+0000,120
2026-04-28T10:14:02.000000+0000,2026-04-28T10:12:02.000000+0000,120
2026-04-28T15:09:00.000000+0000,2026-04-28T15:07:00.000000+0000,120
2026-04-28T17:25:01.000000+0000,2026-04-28T17:23:01.000000+0000,120
2026-04-29T03:55:32.000000+0000,2026-04-29T03:53:32.000000+0000,120
2026-04-30T02:14:33.000000+0000,2026-04-30T02:12:33.000000+0000,120
2026-05-01T01:25:00.000000+0000,2026-05-01T01:23:00.000000+0000,120
2026-05-01T12:58:01.000000+0000,2026-05-01T12:56:01.000000+0000,120
2026-05-01T13:35:32.000000+0000,2026-05-01T13:33:32.000000+0000,120
2026-05-01T17:05:32.000000+0000,2026-05-01T17:03:32.000000+0000,120
2026-05-01T18:55:00.000000+0000,2026-05-01T18:53:00.000000+0000,120
2026-05-02T15:55:00.000000+0000,2026-05-02T15:53:00.000000+0000,120
2026-05-03T11:31:00.000000+0000,2026-05-03T11:29:00.000000+0000,120
2026-05-03T17:59:32.000000+0000,2026-05-03T17:57:32.000000+0000,120
2026-05-03T20:27:33.000000+0000,2026-05-03T20:25:33.000000+0000,120
2026-05-03T23:04:00.000000+0000,2026-05-03T23:02:00.000000+0000,120
2026-05-04T04:25:00.000000+0000,2026-05-04T04:23:00.000000+0000,120
2026-05-04T16:24:02.000000+0000,2026-05-04T16:22:02.000000+0000,120
2026-05-04T17:58:32.000000+0000,2026-05-04T17:56:32.000000+0000,120
2026-05-07T12:44:32.000000+0000,2026-05-07T12:42:32.000000+0000,120
2026-05-07T18:15:31.000000+0000,2026-05-07T18:13:31.000000+0000,120
2026-05-08T09:44:31.000000+0000,2026-05-08T09:42:31.000000+0000,120
2026-05-08T16:18:31.000000+0000,2026-05-08T16:16:31.000000+0000,120
2026-05-08T19:48:32.000000+0000,2026-05-08T19:46:32.000000+0000,120
2026-05-08T23:44:30.000000+0000,2026-05-08T23:42:30.000000+0000,120
2026-05-09T13:44:32.000000+0000,2026-05-09T13:42:32.000000+0000,120
2026-05-10T10:18:32.000000+0000,2026-05-10T10:16:32.000000+0000,120
2026-05-10T21:19:32.000000+0000,2026-05-10T21:17:32.000000+0000,120
2026-05-11T02:34:00.000000+0000,2026-05-11T02:32:00.000000+0000,120
2026-05-11T12:01:32.000000+0000,2026-05-11T11:59:32.000000+0000,120
2026-05-12T00:58:31.000000+0000,2026-05-12T00:56:31.000000+0000,120
2026-05-12T04:39:01.000000+0000,2026-05-12T04:37:01.000000+0000,120
2026-05-12T06:44:32.000000+0000,2026-05-12T06:42:32.000000+0000,120
2026-05-12T11:18:02.000000+0000,2026-05-12T11:16:02.000000+0000,120
2026-05-14T04:25:31.000000+0000,2026-05-14T04:23:31.000000+0000,120
2026-05-14T09:09:32.000000+0000,2026-05-14T09:07:32.000000+0000,120
2026-05-14T22:59:00.000000+0000,2026-05-14T22:57:00.000000+0000,120
2026-05-15T06:19:00.000000+0000,2026-05-15T06:17:00.000000+0000,120
2026-05-15T13:35:31.000000+0000,2026-05-15T13:33:31.000000+0000,120
2026-05-15T16:06:32.000000+0000,2026-05-15T16:04:32.000000+0000,120
2026-05-16T06:44:31.000000+0000,2026-05-16T06:42:31.000000+0000,120
2026-05-16T09:59:00.000000+0000,2026-05-16T09:57:00.000000+0000,120
2026-05-17T10:07:00.000000+0000,2026-05-17T10:05:00.000000+0000,120
2026-05-17T20:58:32.000000+0000,2026-05-17T20:56:32.000000+0000,120
2026-05-17T23:56:32.000000+0000,2026-05-17T23:54:32.000000+0000,120
2026-05-18T00:08:01.000000+0000,2026-05-18T00:06:01.000000+0000,120
2026-05-18T10:58:02.000000+0000,2026-05-18T10:56:02.000000+0000,120
2026-05-19T04:29:32.000000+0000,2026-05-19T04:27:32.000000+0000,120
2026-05-20T20:55:00.000000+0000,2026-05-20T20:53:00.000000+0000,120
2026-05-21T06:53:00.000000+0000,2026-05-21T06:51:00.000000+0000,120
2026-05-21T14:55:00.000000+0000,2026-05-21T14:53:00.000000+0000,120
2026-05-22T02:49:01.000000+0000,2026-05-22T02:47:01.000000+0000,120
2026-05-22T04:24:01.000000+0000,2026-05-22T04:22:01.000000+0000,120
2026-05-22T18:23:31.000000+0000,2026-05-22T18:21:31.000000+0000,120
2026-05-22T23:49:32.000000+0000,2026-05-22T23:47:32.000000+0000,120
2026-05-23T03:19:00.000000+0000,2026-05-23T03:17:00.000000+0000,120
2026-05-23T13:07:01.000000+0000,2026-05-23T13:05:01.000000+0000,120
2026-05-23T15:55:00.000000+0000,2026-05-23T15:53:00.000000+0000,120
2026-05-24T06:58:01.000000+0000,2026-05-24T06:56:01.000000+0000,120
2026-05-24T10:38:31.000000+0000,2026-05-24T10:36:31.000000+0000,120
2026-05-24T17:28:01.000000+0000,2026-05-24T17:26:01.000000+0000,120
2026-05-24T21:29:00.000000+0000,2026-05-24T21:27:00.000000+0000,120
2026-05-25T08:05:31.000000+0000,2026-05-25T08:03:31.000000+0000,120
2026-05-25T15:41:32.000000+0000,2026-05-25T15:39:32.000000+0000,120
2026-05-25T17:36:32.000000+0000,2026-05-25T17:34:32.000000+0000,120
2026-05-26T05:31:31.000000+0000,2026-05-26T05:29:31.000000+0000,120
2026-05-26T09:43:01.000000+0000,2026-05-26T09:41:01.000000+0000,120
2026-05-26T14:48:30.000000+0000,2026-05-26T14:46:30.000000+0000,120
2026-05-27T04:58:32.000000+0000,2026-05-27T04:56:32.000000+0000,120
2026-05-27T11:43:01.000000+0000,2026-05-27T11:41:01.000000+0000,120
2026-05-27T18:59:01.000000+0000,2026-05-27T18:57:01.000000+0000,120
2026-05-27T20:53:32.000000+0000,2026-05-27T20:51:32.000000+0000,120
2026-05-28T20:31:02.000000+0000,2026-05-28T20:29:02.000000+0000,120
2026-05-28T21:08:31.000000+0000,2026-05-28T21:06:31.000000+0000,120
2026-05-29T19:25:32.000000+0000,2026-05-29T19:23:32.000000+0000,120
2026-05-30T07:35:31.000000+0000,2026-05-30T07:33:31.000000+0000,120
2026-05-30T09:46:01.000000+0000,2026-05-30T09:44:01.000000+0000,120
2026-05-30T13:37:32.000000+0000,2026-05-30T13:35:32.000000+0000,120
2026-05-30T17:49:01.000000+0000,2026-05-30T17:47:01.000000+0000,120
2026-05-31T00:17:32.000000+0000,2026-05-31T00:15:32.000000+0000,120
2026-05-31T12:59:32.000000+0000,2026-05-31T12:57:32.000000+0000,120
2026-06-01T01:09:01.000000+0000,2026-06-01T01:07:01.000000+0000,120
2026-06-01T03:35:31.000000+0000,2026-06-01T03:33:31.000000+0000,120
2026-06-01T18:19:01.000000+0000,2026-06-01T18:17:01.000000+0000,120
2026-06-01T18:44:31.000000+0000,2026-06-01T18:42:31.000000+0000,120
2026-06-02T03:23:31.000000+0000,2026-06-02T03:21:31.000000+0000,120
2026-06-02T09:20:04.000000+0000,2026-06-02T09:18:04.000000+0000,120
2026-06-02T11:49:01.000000+0000,2026-06-02T11:47:01.000000+0000,120
2026-06-02T14:04:31.000000+0000,2026-06-02T14:02:31.000000+0000,120
2026-06-02T19:08:31.000000+0000,2026-06-02T19:06:31.000000+0000,120
2026-07-21T07:12:30.000000+0000,2026-07-21T07:10:30.000000+0000,120
2026-07-21T07:22:30.000000+0000,2026-07-21T07:20:30.000000+0000,120
2025-02-10T10:51:30.000000+0000,2025-02-10T10:49:31.000000+0000,119
2025-04-09T09:33:01.000000+0000,2025-04-09T09:31:02.000000+0000,119
2025-05-12T12:41:01.000000+0000,2025-05-12T12:39:02.000000+0000,119
2025-05-17T19:05:32.000000+0000,2025-05-17T19:03:33.000000+0000,119
2025-05-20T02:51:03.000000+0000,2025-05-20T02:49:04.000000+0000,119
2025-05-21T07:05:32.000000+0000,2025-05-21T07:03:33.000000+0000,119
2025-05-22T21:39:30.000000+0000,2025-05-22T21:37:31.000000+0000,119
2025-05-23T04:39:32.000000+0000,2025-05-23T04:37:33.000000+0000,119
2025-05-24T01:39:32.000000+0000,2025-05-24T01:37:33.000000+0000,119
2025-05-27T02:58:02.000000+0000,2025-05-27T02:56:03.000000+0000,119
2025-05-27T06:39:01.000000+0000,2025-05-27T06:37:02.000000+0000,119
2025-05-27T09:58:01.000000+0000,2025-05-27T09:56:02.000000+0000,119
2025-05-27T10:09:30.000000+0000,2025-05-27T10:07:31.000000+0000,119
2025-05-28T07:56:02.000000+0000,2025-05-28T07:54:03.000000+0000,119
2025-05-29T04:19:01.000000+0000,2025-05-29T04:17:02.000000+0000,119
2025-05-30T08:24:34.000000+0000,2025-05-30T08:22:35.000000+0000,119
2025-06-01T23:45:07.000000+0000,2025-06-01T23:43:08.000000+0000,119
2025-06-02T23:28:32.000000+0000,2025-06-02T23:26:33.000000+0000,119
2025-06-06T18:39:31.000000+0000,2025-06-06T18:37:32.000000+0000,119
2025-06-06T21:59:02.000000+0000,2025-06-06T21:57:03.000000+0000,119
2025-06-08T09:09:00.000000+0000,2025-06-08T09:07:01.000000+0000,119
2025-06-09T02:39:33.000000+0000,2025-06-09T02:37:34.000000+0000,119
2025-06-09T06:19:03.000000+0000,2025-06-09T06:17:04.000000+0000,119
2025-06-09T13:09:32.000000+0000,2025-06-09T13:07:33.000000+0000,119
2025-06-10T20:39:02.000000+0000,2025-06-10T20:37:03.000000+0000,119
2025-06-11T03:29:02.000000+0000,2025-06-11T03:27:03.000000+0000,119
2025-06-16T06:19:31.000000+0000,2025-06-16T06:17:32.000000+0000,119
2025-06-24T07:18:00.000000+0000,2025-06-24T07:16:01.000000+0000,119
2025-06-28T16:18:01.000000+0000,2025-06-28T16:16:02.000000+0000,119
2025-06-28T16:55:02.000000+0000,2025-06-28T16:53:03.000000+0000,119
2025-07-02T18:18:00.000000+0000,2025-07-02T18:16:01.000000+0000,119
2025-07-05T16:18:31.000000+0000,2025-07-05T16:16:32.000000+0000,119
2025-07-11T12:18:31.000000+0000,2025-07-11T12:16:32.000000+0000,119
2025-07-14T10:29:03.000000+0000,2025-07-14T10:27:04.000000+0000,119
2025-07-24T08:18:03.000000+0000,2025-07-24T08:16:04.000000+0000,119
2025-07-24T15:55:02.000000+0000,2025-07-24T15:53:03.000000+0000,119
2025-07-26T16:18:02.000000+0000,2025-07-26T16:16:03.000000+0000,119
2025-07-27T06:18:32.000000+0000,2025-07-27T06:16:33.000000+0000,119
2025-07-29T14:18:31.000000+0000,2025-07-29T14:16:32.000000+0000,119
2025-07-30T11:18:32.000000+0000,2025-07-30T11:16:33.000000+0000,119
2025-07-31T15:18:30.000000+0000,2025-07-31T15:16:31.000000+0000,119
2025-08-01T05:18:02.000000+0000,2025-08-01T05:16:03.000000+0000,119
2025-08-01T19:29:32.000000+0000,2025-08-01T19:27:33.000000+0000,119
2025-08-03T06:18:32.000000+0000,2025-08-03T06:16:33.000000+0000,119
2025-08-10T06:18:31.000000+0000,2025-08-10T06:16:32.000000+0000,119
2025-08-11T17:18:00.000000+0000,2025-08-11T17:16:01.000000+0000,119
2025-08-12T07:18:31.000000+0000,2025-08-12T07:16:32.000000+0000,119
2025-08-15T12:18:31.000000+0000,2025-08-15T12:16:32.000000+0000,119
2025-08-18T03:18:32.000000+0000,2025-08-18T03:16:33.000000+0000,119
2025-08-18T17:18:32.000000+0000,2025-08-18T17:16:33.000000+0000,119
2025-08-19T00:18:32.000000+0000,2025-08-19T00:16:33.000000+0000,119
2025-08-19T21:55:03.000000+0000,2025-08-19T21:53:04.000000+0000,119
2025-08-20T04:18:31.000000+0000,2025-08-20T04:16:32.000000+0000,119
2025-08-21T15:18:31.000000+0000,2025-08-21T15:16:32.000000+0000,119
2025-08-21T22:18:31.000000+0000,2025-08-21T22:16:32.000000+0000,119
2025-08-22T12:18:31.000000+0000,2025-08-22T12:16:32.000000+0000,119
2025-08-23T02:18:32.000000+0000,2025-08-23T02:16:33.000000+0000,119
2025-08-26T00:18:32.000000+0000,2025-08-26T00:16:33.000000+0000,119
2025-08-26T21:18:32.000000+0000,2025-08-26T21:16:33.000000+0000,119
2025-08-28T01:18:31.000000+0000,2025-08-28T01:16:32.000000+0000,119
2025-08-28T08:18:31.000000+0000,2025-08-28T08:16:32.000000+0000,119
2025-08-28T22:18:31.000000+0000,2025-08-28T22:16:32.000000+0000,119
2025-08-29T12:18:31.000000+0000,2025-08-29T12:16:32.000000+0000,119
2025-08-30T02:18:31.000000+0000,2025-08-30T02:16:32.000000+0000,119
2025-08-30T09:18:31.000000+0000,2025-08-30T09:16:32.000000+0000,119
2025-08-30T16:18:31.000000+0000,2025-08-30T16:16:32.000000+0000,119
2025-09-01T03:18:32.000000+0000,2025-09-01T03:16:33.000000+0000,119
2025-09-02T07:29:31.000000+0000,2025-09-02T07:27:32.000000+0000,119
2025-09-10T13:13:31.000000+0000,2025-09-10T13:11:32.000000+0000,119
2025-09-10T18:18:03.000000+0000,2025-09-10T18:16:04.000000+0000,119
2025-09-10T22:09:31.000000+0000,2025-09-10T22:07:32.000000+0000,119
2025-09-11T08:18:03.000000+0000,2025-09-11T08:16:04.000000+0000,119
2025-09-11T22:18:01.000000+0000,2025-09-11T22:16:02.000000+0000,119
2025-09-12T19:18:32.000000+0000,2025-09-12T19:16:33.000000+0000,119
2025-09-13T16:07:03.000000+0000,2025-09-13T16:05:04.000000+0000,119
2025-09-13T16:18:31.000000+0000,2025-09-13T16:16:32.000000+0000,119
2025-09-14T16:58:32.000000+0000,2025-09-14T16:56:33.000000+0000,119
2025-09-15T21:09:31.000000+0000,2025-09-15T21:07:32.000000+0000,119
2025-09-16T00:18:03.000000+0000,2025-09-16T00:16:04.000000+0000,119
2025-09-16T07:18:32.000000+0000,2025-09-16T07:16:33.000000+0000,119
2025-09-16T14:18:32.000000+0000,2025-09-16T14:16:33.000000+0000,119
2025-09-17T04:07:03.000000+0000,2025-09-17T04:05:04.000000+0000,119
2025-09-17T11:18:32.000000+0000,2025-09-17T11:16:33.000000+0000,119
2025-09-19T15:59:02.000000+0000,2025-09-19T15:57:03.000000+0000,119
2025-09-22T10:18:33.000000+0000,2025-09-22T10:16:34.000000+0000,119
2025-09-23T10:58:01.000000+0000,2025-09-23T10:56:02.000000+0000,119
2025-09-24T04:29:02.000000+0000,2025-09-24T04:27:03.000000+0000,119
2025-09-24T21:58:31.000000+0000,2025-09-24T21:56:32.000000+0000,119
2025-09-25T18:58:31.000000+0000,2025-09-25T18:56:32.000000+0000,119
2025-09-26T05:55:01.000000+0000,2025-09-26T05:53:02.000000+0000,119
2025-09-26T19:17:35.000000+0000,2025-09-26T19:15:36.000000+0000,119
2025-09-28T16:58:32.000000+0000,2025-09-28T16:56:33.000000+0000,119
2025-10-01T07:58:31.000000+0000,2025-10-01T07:56:32.000000+0000,119
2025-10-01T21:59:02.000000+0000,2025-10-01T21:57:03.000000+0000,119
2025-10-02T03:24:01.000000+0000,2025-10-02T03:22:02.000000+0000,119
2025-10-08T10:41:31.000000+0000,2025-10-08T10:39:32.000000+0000,119
2025-10-11T16:44:30.000000+0000,2025-10-11T16:42:31.000000+0000,119
2025-10-12T06:07:02.000000+0000,2025-10-12T06:05:03.000000+0000,119
2025-10-13T17:07:00.000000+0000,2025-10-13T17:05:01.000000+0000,119
2025-10-14T14:28:01.000000+0000,2025-10-14T14:26:02.000000+0000,119
2025-10-18T16:07:01.000000+0000,2025-10-18T16:05:02.000000+0000,119
2025-10-21T07:44:31.000000+0000,2025-10-21T07:42:32.000000+0000,119
2025-10-22T11:44:31.000000+0000,2025-10-22T11:42:32.000000+0000,119
2025-10-25T16:07:02.000000+0000,2025-10-25T16:05:03.000000+0000,119
2025-10-25T23:18:01.000000+0000,2025-10-25T23:16:02.000000+0000,119
2025-10-26T13:44:31.000000+0000,2025-10-26T13:42:32.000000+0000,119
2025-10-27T10:18:31.000000+0000,2025-10-27T10:16:32.000000+0000,119
2025-10-29T11:44:31.000000+0000,2025-10-29T11:42:32.000000+0000,119
2025-10-30T01:07:01.000000+0000,2025-10-30T01:05:02.000000+0000,119
2025-10-30T15:07:04.000000+0000,2025-10-30T15:05:05.000000+0000,119
2025-11-01T02:07:04.000000+0000,2025-11-01T02:05:05.000000+0000,119
2025-11-01T10:52:05.000000+0000,2025-11-01T10:50:06.000000+0000,119
2025-11-02T16:58:32.000000+0000,2025-11-02T16:56:33.000000+0000,119
2025-11-03T00:35:38.000000+0000,2025-11-03T00:33:39.000000+0000,119
2025-11-04T08:52:05.000000+0000,2025-11-04T08:50:06.000000+0000,119
2025-11-06T01:07:04.000000+0000,2025-11-06T01:05:05.000000+0000,119
2025-11-07T09:19:01.000000+0000,2025-11-07T09:17:02.000000+0000,119
2025-11-08T05:58:01.000000+0000,2025-11-08T05:56:02.000000+0000,119
2025-11-09T06:44:32.000000+0000,2025-11-09T06:42:33.000000+0000,119
2025-11-11T00:44:31.000000+0000,2025-11-11T00:42:32.000000+0000,119
2025-11-12T14:06:01.000000+0000,2025-11-12T14:04:02.000000+0000,119
2025-11-13T03:24:00.000000+0000,2025-11-13T03:22:01.000000+0000,119
2025-11-13T16:52:05.000000+0000,2025-11-13T16:50:06.000000+0000,119
2025-11-13T22:44:33.000000+0000,2025-11-13T22:42:34.000000+0000,119
2025-11-14T08:58:32.000000+0000,2025-11-14T08:56:33.000000+0000,119
2025-11-14T22:58:31.000000+0000,2025-11-14T22:56:32.000000+0000,119
2025-11-15T16:44:32.000000+0000,2025-11-15T16:42:33.000000+0000,119
2025-11-15T19:58:31.000000+0000,2025-11-15T19:56:32.000000+0000,119
2025-11-16T02:58:32.000000+0000,2025-11-16T02:56:33.000000+0000,119
2025-11-16T13:28:00.000000+0000,2025-11-16T13:26:01.000000+0000,119
2025-11-17T11:52:05.000000+0000,2025-11-17T11:50:06.000000+0000,119
2025-11-17T17:07:04.000000+0000,2025-11-17T17:05:05.000000+0000,119
2025-11-17T19:13:31.000000+0000,2025-11-17T19:11:32.000000+0000,119
2025-11-18T03:58:32.000000+0000,2025-11-18T03:56:33.000000+0000,119
2025-11-18T10:58:32.000000+0000,2025-11-18T10:56:33.000000+0000,119
2025-11-18T13:07:04.000000+0000,2025-11-18T13:05:05.000000+0000,119
2025-11-19T21:19:00.000000+0000,2025-11-19T21:17:01.000000+0000,119
2025-11-20T09:13:32.000000+0000,2025-11-20T09:11:33.000000+0000,119
2025-11-21T13:55:08.000000+0000,2025-11-21T13:53:09.000000+0000,119
2025-11-21T22:19:04.000000+0000,2025-11-21T22:17:05.000000+0000,119
2025-11-26T06:58:37.000000+0000,2025-11-26T06:56:38.000000+0000,119
2025-11-29T05:09:03.000000+0000,2025-11-29T05:07:04.000000+0000,119
2025-12-04T20:26:01.000000+0000,2025-12-04T20:24:02.000000+0000,119
2025-12-09T18:44:31.000000+0000,2025-12-09T18:42:32.000000+0000,119
2025-12-11T14:44:31.000000+0000,2025-12-11T14:42:32.000000+0000,119
2025-12-12T11:49:00.000000+0000,2025-12-12T11:47:01.000000+0000,119
2025-12-14T15:58:04.000000+0000,2025-12-14T15:56:05.000000+0000,119
2025-12-15T09:44:31.000000+0000,2025-12-15T09:42:32.000000+0000,119
2025-12-15T12:58:32.000000+0000,2025-12-15T12:56:33.000000+0000,119
2025-12-15T19:58:32.000000+0000,2025-12-15T19:56:33.000000+0000,119
2025-12-15T23:44:31.000000+0000,2025-12-15T23:42:32.000000+0000,119
2025-12-19T08:19:01.000000+0000,2025-12-19T08:17:02.000000+0000,119
2025-12-19T14:11:32.000000+0000,2025-12-19T14:09:33.000000+0000,119
2025-12-20T11:58:31.000000+0000,2025-12-20T11:56:32.000000+0000,119
2025-12-22T06:08:31.000000+0000,2025-12-22T06:06:32.000000+0000,119
2025-12-22T12:58:02.000000+0000,2025-12-22T12:56:03.000000+0000,119
2025-12-27T11:59:00.000000+0000,2025-12-27T11:57:01.000000+0000,119
2025-12-28T05:18:32.000000+0000,2025-12-28T05:16:33.000000+0000,119
2026-01-01T04:09:31.000000+0000,2026-01-01T04:07:32.000000+0000,119
2026-01-01T07:18:32.000000+0000,2026-01-01T07:16:33.000000+0000,119
2026-01-01T16:13:31.000000+0000,2026-01-01T16:11:32.000000+0000,119
2026-01-01T21:18:31.000000+0000,2026-01-01T21:16:32.000000+0000,119
2026-01-03T04:58:31.000000+0000,2026-01-03T04:56:32.000000+0000,119
2026-01-07T06:58:31.000000+0000,2026-01-07T06:56:32.000000+0000,119
2026-01-08T17:59:00.000000+0000,2026-01-08T17:57:01.000000+0000,119
2026-01-10T06:54:00.000000+0000,2026-01-10T06:52:01.000000+0000,119
2026-01-12T16:49:01.000000+0000,2026-01-12T16:47:02.000000+0000,119
2026-01-13T01:24:33.000000+0000,2026-01-13T01:22:34.000000+0000,119
2026-01-13T06:18:00.000000+0000,2026-01-13T06:16:01.000000+0000,119
2026-01-15T07:25:31.000000+0000,2026-01-15T07:23:32.000000+0000,119
2026-01-17T00:43:30.000000+0000,2026-01-17T00:41:31.000000+0000,119
2026-01-17T10:05:32.000000+0000,2026-01-17T10:03:33.000000+0000,119
2026-01-20T07:17:33.000000+0000,2026-01-20T07:15:34.000000+0000,119
2026-01-21T22:14:31.000000+0000,2026-01-21T22:12:32.000000+0000,119
2026-01-22T01:18:00.000000+0000,2026-01-22T01:16:01.000000+0000,119
2026-01-22T21:14:32.000000+0000,2026-01-22T21:12:33.000000+0000,119
2026-01-24T16:19:00.000000+0000,2026-01-24T16:17:01.000000+0000,119
2026-01-25T03:08:30.000000+0000,2026-01-25T03:06:31.000000+0000,119
2026-01-25T03:46:00.000000+0000,2026-01-25T03:44:01.000000+0000,119
2026-01-25T14:05:31.000000+0000,2026-01-25T14:03:32.000000+0000,119
2026-01-25T20:17:32.000000+0000,2026-01-25T20:15:33.000000+0000,119
2026-01-26T21:09:01.000000+0000,2026-01-26T21:07:02.000000+0000,119
2026-01-27T00:17:32.000000+0000,2026-01-27T00:15:33.000000+0000,119
2026-01-27T10:58:01.000000+0000,2026-01-27T10:56:02.000000+0000,119
2026-01-27T17:48:01.000000+0000,2026-01-27T17:46:02.000000+0000,119
2026-01-28T18:44:31.000000+0000,2026-01-28T18:42:32.000000+0000,119
2026-01-29T17:03:32.000000+0000,2026-01-29T17:01:33.000000+0000,119
2026-01-29T22:18:00.000000+0000,2026-01-29T22:16:01.000000+0000,119
2026-01-30T23:14:31.000000+0000,2026-01-30T23:12:32.000000+0000,119
2026-01-31T02:49:00.000000+0000,2026-01-31T02:47:01.000000+0000,119
2026-01-31T05:47:32.000000+0000,2026-01-31T05:45:33.000000+0000,119
2026-01-31T10:05:31.000000+0000,2026-01-31T10:03:32.000000+0000,119
2026-01-31T12:58:31.000000+0000,2026-01-31T12:56:32.000000+0000,119
2026-02-01T06:29:32.000000+0000,2026-02-01T06:27:33.000000+0000,119
2026-02-01T17:08:31.000000+0000,2026-02-01T17:06:32.000000+0000,119
2026-02-01T17:46:01.000000+0000,2026-02-01T17:44:02.000000+0000,119
2026-02-01T23:47:33.000000+0000,2026-02-01T23:45:34.000000+0000,119
2026-02-02T03:38:31.000000+0000,2026-02-02T03:36:32.000000+0000,119
2026-02-03T03:59:01.000000+0000,2026-02-03T03:57:02.000000+0000,119
2026-02-04T21:37:30.000000+0000,2026-02-04T21:35:31.000000+0000,119
2026-02-05T13:54:00.000000+0000,2026-02-05T13:52:01.000000+0000,119
2026-02-08T23:06:01.000000+0000,2026-02-08T23:04:02.000000+0000,119
2026-02-10T14:44:31.000000+0000,2026-02-10T14:42:32.000000+0000,119
2026-02-10T17:48:01.000000+0000,2026-02-10T17:46:02.000000+0000,119
2026-02-11T04:06:31.000000+0000,2026-02-11T04:04:32.000000+0000,119
2026-02-12T14:35:30.000000+0000,2026-02-12T14:33:31.000000+0000,119
2026-02-13T20:52:03.000000+0000,2026-02-13T20:50:04.000000+0000,119
2026-02-14T05:37:30.000000+0000,2026-02-14T05:35:31.000000+0000,119
2026-02-14T09:18:00.000000+0000,2026-02-14T09:16:01.000000+0000,119
2026-02-14T19:36:30.000000+0000,2026-02-14T19:34:31.000000+0000,119
2026-02-14T19:48:01.000000+0000,2026-02-14T19:46:02.000000+0000,119
2026-02-14T23:06:31.000000+0000,2026-02-14T23:04:32.000000+0000,119
2026-02-15T02:48:01.000000+0000,2026-02-15T02:46:02.000000+0000,119
2026-02-15T06:18:00.000000+0000,2026-02-15T06:16:01.000000+0000,119
2026-02-18T11:18:00.000000+0000,2026-02-18T11:16:01.000000+0000,119
2026-02-20T05:29:30.000000+0000,2026-02-20T05:27:31.000000+0000,119
2026-02-20T12:18:00.000000+0000,2026-02-20T12:16:01.000000+0000,119
2026-02-20T15:48:00.000000+0000,2026-02-20T15:46:01.000000+0000,119
2026-02-21T19:36:30.000000+0000,2026-02-21T19:34:31.000000+0000,119
2026-02-24T13:25:32.000000+0000,2026-02-24T13:23:33.000000+0000,119
2026-02-24T21:18:00.000000+0000,2026-02-24T21:16:01.000000+0000,119
2026-02-26T04:37:32.000000+0000,2026-02-26T04:35:33.000000+0000,119
2026-02-27T03:42:32.000000+0000,2026-02-27T03:40:33.000000+0000,119
2026-02-27T03:54:00.000000+0000,2026-02-27T03:52:01.000000+0000,119
2026-03-01T09:58:30.000000+0000,2026-03-01T09:56:31.000000+0000,119
2026-03-01T20:06:30.000000+0000,2026-03-01T20:04:31.000000+0000,119
2026-03-02T03:18:00.000000+0000,2026-03-02T03:16:01.000000+0000,119
2026-03-02T20:37:32.000000+0000,2026-03-02T20:35:33.000000+0000,119
2026-03-04T11:06:32.000000+0000,2026-03-04T11:04:33.000000+0000,119
2026-03-05T00:25:31.000000+0000,2026-03-05T00:23:32.000000+0000,119
2026-03-05T18:26:31.000000+0000,2026-03-05T18:24:32.000000+0000,119
2026-03-06T08:06:00.000000+0000,2026-03-06T08:04:01.000000+0000,119
2026-03-06T18:01:31.000000+0000,2026-03-06T17:59:32.000000+0000,119
2026-03-06T19:57:32.000000+0000,2026-03-06T19:55:33.000000+0000,119
2026-03-06T23:16:00.000000+0000,2026-03-06T23:14:01.000000+0000,119
2026-03-07T01:13:00.000000+0000,2026-03-07T01:11:01.000000+0000,119
2026-03-07T04:42:32.000000+0000,2026-03-07T04:40:33.000000+0000,119
2026-03-08T05:01:32.000000+0000,2026-03-08T04:59:33.000000+0000,119
2026-03-08T22:31:30.000000+0000,2026-03-08T22:29:31.000000+0000,119
2026-03-09T09:01:31.000000+0000,2026-03-09T08:59:32.000000+0000,119
2026-03-09T16:01:31.000000+0000,2026-03-09T15:59:32.000000+0000,119
2026-03-09T17:56:32.000000+0000,2026-03-09T17:54:33.000000+0000,119
2026-03-10T02:52:32.000000+0000,2026-03-10T02:50:33.000000+0000,119
2026-03-10T06:01:31.000000+0000,2026-03-10T05:59:32.000000+0000,119
2026-03-10T13:01:30.000000+0000,2026-03-10T12:59:31.000000+0000,119
2026-03-11T22:16:31.000000+0000,2026-03-11T22:14:32.000000+0000,119
2026-03-11T22:54:01.000000+0000,2026-03-11T22:52:02.000000+0000,119
2026-03-12T15:57:00.000000+0000,2026-03-12T15:55:01.000000+0000,119
2026-03-13T07:11:00.000000+0000,2026-03-13T07:09:01.000000+0000,119
2026-03-14T16:46:31.000000+0000,2026-03-14T16:44:32.000000+0000,119
2026-03-15T10:16:31.000000+0000,2026-03-15T10:14:32.000000+0000,119
2026-03-16T18:59:31.000000+0000,2026-03-16T18:57:32.000000+0000,119
2026-03-16T21:28:01.000000+0000,2026-03-16T21:26:02.000000+0000,119
2026-03-17T09:31:32.000000+0000,2026-03-17T09:29:33.000000+0000,119
2026-03-17T13:01:31.000000+0000,2026-03-17T12:59:32.000000+0000,119
2026-03-18T08:28:00.000000+0000,2026-03-18T08:26:01.000000+0000,119
2026-03-18T10:01:32.000000+0000,2026-03-18T09:59:33.000000+0000,119
2026-03-18T18:46:31.000000+0000,2026-03-18T18:44:32.000000+0000,119
2026-03-20T14:31:32.000000+0000,2026-03-20T14:29:33.000000+0000,119
2026-03-20T18:54:00.000000+0000,2026-03-20T18:52:01.000000+0000,119
2026-03-20T23:16:31.000000+0000,2026-03-20T23:14:32.000000+0000,119
2026-03-20T23:54:01.000000+0000,2026-03-20T23:52:02.000000+0000,119
2026-03-21T09:46:31.000000+0000,2026-03-21T09:44:32.000000+0000,119
2026-03-22T03:16:31.000000+0000,2026-03-22T03:14:32.000000+0000,119
2026-03-22T10:37:32.000000+0000,2026-03-22T10:35:33.000000+0000,119
2026-03-22T17:16:32.000000+0000,2026-03-22T17:14:33.000000+0000,119
2026-03-22T21:18:31.000000+0000,2026-03-22T21:16:32.000000+0000,119
2026-03-23T07:28:01.000000+0000,2026-03-23T07:26:02.000000+0000,119
2026-03-23T13:56:32.000000+0000,2026-03-23T13:54:33.000000+0000,119
2026-03-23T20:13:31.000000+0000,2026-03-23T20:11:32.000000+0000,119
2026-03-24T12:46:31.000000+0000,2026-03-24T12:44:32.000000+0000,119
2026-03-25T23:46:32.000000+0000,2026-03-25T23:44:33.000000+0000,119
2026-03-26T10:16:32.000000+0000,2026-03-26T10:14:33.000000+0000,119
2026-03-26T19:01:31.000000+0000,2026-03-26T18:59:32.000000+0000,119
2026-03-27T02:39:31.000000+0000,2026-03-27T02:37:32.000000+0000,119
2026-03-27T12:59:30.000000+0000,2026-03-27T12:57:31.000000+0000,119
2026-03-27T22:57:31.000000+0000,2026-03-27T22:55:32.000000+0000,119
2026-03-28T04:01:32.000000+0000,2026-03-28T03:59:33.000000+0000,119
2026-03-28T16:16:30.000000+0000,2026-03-28T16:14:31.000000+0000,119
2026-03-29T15:01:32.000000+0000,2026-03-29T14:59:33.000000+0000,119
2026-03-30T22:43:01.000000+0000,2026-03-30T22:41:02.000000+0000,119
2026-03-31T02:01:31.000000+0000,2026-03-31T01:59:32.000000+0000,119
2026-03-31T03:46:30.000000+0000,2026-03-31T03:44:31.000000+0000,119
2026-03-31T12:31:31.000000+0000,2026-03-31T12:29:32.000000+0000,119
2026-04-01T09:31:31.000000+0000,2026-04-01T09:29:32.000000+0000,119
2026-04-01T13:12:03.000000+0000,2026-04-01T13:10:04.000000+0000,119
2026-04-01T14:46:32.000000+0000,2026-04-01T14:44:33.000000+0000,119
2026-04-01T21:46:32.000000+0000,2026-04-01T21:44:33.000000+0000,119
2026-04-02T20:49:00.000000+0000,2026-04-02T20:47:01.000000+0000,119
2026-04-03T17:37:00.000000+0000,2026-04-03T17:35:01.000000+0000,119
2026-04-04T07:05:32.000000+0000,2026-04-04T07:03:33.000000+0000,119
2026-04-05T02:51:32.000000+0000,2026-04-05T02:49:33.000000+0000,119
2026-04-05T05:04:00.000000+0000,2026-04-05T05:02:01.000000+0000,119
2026-04-05T08:31:00.000000+0000,2026-04-05T08:29:01.000000+0000,119
2026-04-05T10:04:00.000000+0000,2026-04-05T10:02:01.000000+0000,119
2026-04-05T11:26:01.000000+0000,2026-04-05T11:24:02.000000+0000,119
2026-04-05T13:53:32.000000+0000,2026-04-05T13:51:33.000000+0000,119
2026-04-05T20:22:32.000000+0000,2026-04-05T20:20:33.000000+0000,119
2026-04-05T23:41:32.000000+0000,2026-04-05T23:39:33.000000+0000,119
2026-04-06T01:36:32.000000+0000,2026-04-06T01:34:33.000000+0000,119
2026-04-06T04:35:31.000000+0000,2026-04-06T04:33:32.000000+0000,119
2026-04-06T13:31:00.000000+0000,2026-04-06T13:29:01.000000+0000,119
2026-04-06T17:01:00.000000+0000,2026-04-06T16:59:01.000000+0000,119
2026-04-06T21:03:01.000000+0000,2026-04-06T21:01:02.000000+0000,119
2026-04-07T09:18:31.000000+0000,2026-04-07T09:16:32.000000+0000,119
2026-04-07T14:01:00.000000+0000,2026-04-07T13:59:01.000000+0000,119
2026-04-07T22:14:02.000000+0000,2026-04-07T22:12:03.000000+0000,119
2026-04-07T22:25:31.000000+0000,2026-04-07T22:23:32.000000+0000,119
2026-04-08T01:55:00.000000+0000,2026-04-08T01:53:01.000000+0000,119
2026-04-08T15:15:32.000000+0000,2026-04-08T15:13:33.000000+0000,119
2026-04-08T19:14:02.000000+0000,2026-04-08T19:12:03.000000+0000,119
2026-04-09T06:46:32.000000+0000,2026-04-09T06:44:33.000000+0000,119
2026-04-09T06:58:01.000000+0000,2026-04-09T06:56:02.000000+0000,119
2026-04-09T11:51:31.000000+0000,2026-04-09T11:49:32.000000+0000,119
2026-04-09T13:46:32.000000+0000,2026-04-09T13:44:33.000000+0000,119
2026-04-09T17:28:00.000000+0000,2026-04-09T17:26:01.000000+0000,119
2026-04-09T19:01:31.000000+0000,2026-04-09T18:59:32.000000+0000,119
2026-04-10T00:28:00.000000+0000,2026-04-10T00:26:01.000000+0000,119
2026-04-10T07:28:00.000000+0000,2026-04-10T07:26:01.000000+0000,119
2026-04-10T12:43:00.000000+0000,2026-04-10T12:41:01.000000+0000,119
2026-04-10T15:51:32.000000+0000,2026-04-10T15:49:33.000000+0000,119
2026-04-11T12:31:31.000000+0000,2026-04-11T12:29:32.000000+0000,119
2026-04-11T17:35:00.000000+0000,2026-04-11T17:33:01.000000+0000,119
2026-04-12T13:53:00.000000+0000,2026-04-12T13:51:01.000000+0000,119
2026-04-12T17:55:00.000000+0000,2026-04-12T17:53:01.000000+0000,119
2026-04-13T07:23:32.000000+0000,2026-04-13T07:21:33.000000+0000,119
2026-04-14T14:59:00.000000+0000,2026-04-14T14:57:01.000000+0000,119
2026-04-16T03:49:00.000000+0000,2026-04-16T03:47:01.000000+0000,119
2026-04-16T15:21:31.000000+0000,2026-04-16T15:19:32.000000+0000,119
2026-04-17T11:09:32.000000+0000,2026-04-17T11:07:33.000000+0000,119
2026-04-17T15:51:31.000000+0000,2026-04-17T15:49:32.000000+0000,119
2026-04-17T19:53:00.000000+0000,2026-04-17T19:51:01.000000+0000,119
2026-04-18T04:59:32.000000+0000,2026-04-18T04:57:33.000000+0000,119
2026-04-18T14:04:31.000000+0000,2026-04-18T14:02:32.000000+0000,119
2026-04-18T19:51:31.000000+0000,2026-04-18T19:49:32.000000+0000,119
2026-04-19T02:51:32.000000+0000,2026-04-19T02:49:33.000000+0000,119
2026-04-19T13:53:00.000000+0000,2026-04-19T13:51:01.000000+0000,119
2026-04-20T13:51:32.000000+0000,2026-04-20T13:49:33.000000+0000,119
2026-04-21T04:08:00.000000+0000,2026-04-21T04:06:01.000000+0000,119
2026-04-21T14:21:32.000000+0000,2026-04-21T14:19:33.000000+0000,119
2026-04-21T19:58:01.000000+0000,2026-04-21T19:56:02.000000+0000,119
2026-04-22T13:48:31.000000+0000,2026-04-22T13:46:32.000000+0000,119
2026-04-23T22:53:00.000000+0000,2026-04-23T22:51:01.000000+0000,119
2026-04-25T09:47:31.000000+0000,2026-04-25T09:45:32.000000+0000,119
2026-04-25T16:58:00.000000+0000,2026-04-25T16:56:01.000000+0000,119
2026-04-26T15:53:31.000000+0000,2026-04-26T15:51:32.000000+0000,119
2026-04-26T19:04:00.000000+0000,2026-04-26T19:02:01.000000+0000,119
2026-04-27T02:23:32.000000+0000,2026-04-27T02:21:33.000000+0000,119
2026-04-27T16:23:30.000000+0000,2026-04-27T16:21:31.000000+0000,119
2026-04-28T01:35:32.000000+0000,2026-04-28T01:33:33.000000+0000,119
2026-04-28T08:35:31.000000+0000,2026-04-28T08:33:32.000000+0000,119
2026-04-28T19:41:32.000000+0000,2026-04-28T19:39:33.000000+0000,119
2026-04-29T00:04:31.000000+0000,2026-04-29T00:02:32.000000+0000,119
2026-04-29T21:04:00.000000+0000,2026-04-29T21:02:01.000000+0000,119
2026-04-29T21:41:32.000000+0000,2026-04-29T21:39:33.000000+0000,119
2026-04-30T01:37:00.000000+0000,2026-04-30T01:35:01.000000+0000,119
2026-04-30T07:34:31.000000+0000,2026-04-30T07:32:32.000000+0000,119
2026-04-30T08:58:00.000000+0000,2026-04-30T08:56:01.000000+0000,119
2026-04-30T09:35:32.000000+0000,2026-04-30T09:33:33.000000+0000,119
2026-05-01T16:27:32.000000+0000,2026-05-01T16:25:33.000000+0000,119
2026-05-03T02:41:32.000000+0000,2026-05-03T02:39:33.000000+0000,119
2026-05-03T10:18:01.000000+0000,2026-05-03T10:16:02.000000+0000,119
2026-05-04T05:43:00.000000+0000,2026-05-04T05:41:01.000000+0000,119
2026-05-05T00:58:00.000000+0000,2026-05-05T00:56:01.000000+0000,119
2026-05-05T21:59:00.000000+0000,2026-05-05T21:57:01.000000+0000,119
2026-05-06T08:59:32.000000+0000,2026-05-06T08:57:33.000000+0000,119
2026-05-08T02:18:02.000000+0000,2026-05-08T02:16:03.000000+0000,119
2026-05-08T12:58:31.000000+0000,2026-05-08T12:56:32.000000+0000,119
2026-05-11T07:28:00.000000+0000,2026-05-11T07:26:01.000000+0000,119
2026-05-11T08:05:31.000000+0000,2026-05-11T08:03:32.000000+0000,119
2026-05-13T04:58:31.000000+0000,2026-05-13T04:56:32.000000+0000,119
2026-05-13T11:59:00.000000+0000,2026-05-13T11:57:01.000000+0000,119
2026-05-14T17:54:02.000000+0000,2026-05-14T17:52:03.000000+0000,119
2026-05-14T21:13:02.000000+0000,2026-05-14T21:11:03.000000+0000,119
2026-05-15T02:06:31.000000+0000,2026-05-15T02:04:32.000000+0000,119
2026-05-15T09:06:31.000000+0000,2026-05-15T09:04:32.000000+0000,119
2026-05-16T13:44:31.000000+0000,2026-05-16T13:42:32.000000+0000,119
2026-05-16T15:55:00.000000+0000,2026-05-16T15:53:01.000000+0000,119
2026-05-16T23:58:31.000000+0000,2026-05-16T23:56:32.000000+0000,119
2026-05-17T06:59:00.000000+0000,2026-05-17T06:57:01.000000+0000,119
2026-05-18T03:58:01.000000+0000,2026-05-18T03:56:02.000000+0000,119
2026-05-20T00:46:31.000000+0000,2026-05-20T00:44:32.000000+0000,119
2026-05-20T05:35:32.000000+0000,2026-05-20T05:33:33.000000+0000,119
2026-05-20T10:55:00.000000+0000,2026-05-20T10:53:01.000000+0000,119
2026-05-21T11:47:32.000000+0000,2026-05-21T11:45:33.000000+0000,119
2026-05-21T17:59:32.000000+0000,2026-05-21T17:57:33.000000+0000,119
2026-05-23T01:34:00.000000+0000,2026-05-23T01:32:01.000000+0000,119
2026-05-23T11:11:30.000000+0000,2026-05-23T11:09:31.000000+0000,119
2026-05-24T03:28:00.000000+0000,2026-05-24T03:26:01.000000+0000,119
2026-05-24T12:44:31.000000+0000,2026-05-24T12:42:32.000000+0000,119
2026-05-24T23:25:31.000000+0000,2026-05-24T23:23:32.000000+0000,119
2026-05-25T09:13:00.000000+0000,2026-05-25T09:11:01.000000+0000,119
2026-05-25T18:14:31.000000+0000,2026-05-25T18:12:32.000000+0000,119
2026-05-26T08:09:00.000000+0000,2026-05-26T08:07:01.000000+0000,119
2026-05-27T08:44:31.000000+0000,2026-05-27T08:42:32.000000+0000,119
2026-05-27T13:23:01.000000+0000,2026-05-27T13:21:02.000000+0000,119
2026-05-27T15:18:01.000000+0000,2026-05-27T15:16:02.000000+0000,119
2026-05-27T22:28:00.000000+0000,2026-05-27T22:26:01.000000+0000,119
2026-05-28T22:26:00.000000+0000,2026-05-28T22:24:01.000000+0000,119
2026-05-29T23:26:00.000000+0000,2026-05-29T23:24:01.000000+0000,119
2026-05-30T03:07:02.000000+0000,2026-05-30T03:05:03.000000+0000,119
2026-05-31T06:35:00.000000+0000,2026-05-31T06:33:01.000000+0000,119
2026-06-02T21:56:01.000000+0000,2026-06-02T21:54:02.000000+0000,119
2025-05-12T19:29:02.000000+0000,2025-05-12T19:27:04.000000+0000,118
2025-05-13T23:29:01.000000+0000,2025-05-13T23:27:03.000000+0000,118
2025-05-15T10:29:01.000000+0000,2025-05-15T10:27:03.000000+0000,118
2025-05-22T14:39:01.000000+0000,2025-05-22T14:37:03.000000+0000,118
2025-05-26T09:39:01.000000+0000,2025-05-26T09:37:03.000000+0000,118
2025-05-27T17:09:01.000000+0000,2025-05-27T17:07:03.000000+0000,118
2025-05-27T20:39:02.000000+0000,2025-05-27T20:37:04.000000+0000,118
2025-05-30T07:48:03.000000+0000,2025-05-30T07:46:05.000000+0000,118
2025-06-02T09:49:01.000000+0000,2025-06-02T09:47:03.000000+0000,118
2025-06-03T05:14:32.000000+0000,2025-06-03T05:12:34.000000+0000,118
2025-06-06T08:08:36.000000+0000,2025-06-06T08:06:38.000000+0000,118
2025-06-10T23:58:31.000000+0000,2025-06-10T23:56:33.000000+0000,118
2025-06-11T10:49:01.000000+0000,2025-06-11T10:47:03.000000+0000,118
2025-06-14T12:31:01.000000+0000,2025-06-14T12:29:03.000000+0000,118
2025-06-23T17:18:01.000000+0000,2025-06-23T17:16:03.000000+0000,118
2025-07-02T04:18:02.000000+0000,2025-07-02T04:16:04.000000+0000,118
2025-07-03T22:55:01.000000+0000,2025-07-03T22:53:03.000000+0000,118
2025-07-06T20:18:00.000000+0000,2025-07-06T20:16:02.000000+0000,118
2025-07-10T01:18:31.000000+0000,2025-07-10T01:16:33.000000+0000,118
2025-07-13T13:18:00.000000+0000,2025-07-13T13:16:02.000000+0000,118
2025-07-19T09:55:00.000000+0000,2025-07-19T09:53:02.000000+0000,118
2025-07-19T23:29:30.000000+0000,2025-07-19T23:27:32.000000+0000,118
2025-07-25T05:18:31.000000+0000,2025-07-25T05:16:33.000000+0000,118
2025-07-28T03:55:01.000000+0000,2025-07-28T03:53:03.000000+0000,118
2025-08-02T23:18:01.000000+0000,2025-08-02T23:16:03.000000+0000,118
2025-08-04T10:29:31.000000+0000,2025-08-04T10:27:33.000000+0000,118
2025-08-14T08:29:00.000000+0000,2025-08-14T08:27:02.000000+0000,118
2025-08-14T15:18:31.000000+0000,2025-08-14T15:16:33.000000+0000,118
2025-08-14T22:18:01.000000+0000,2025-08-14T22:16:03.000000+0000,118
2025-08-16T09:18:31.000000+0000,2025-08-16T09:16:33.000000+0000,118
2025-08-19T07:18:31.000000+0000,2025-08-19T07:16:33.000000+0000,118
2025-08-19T14:18:00.000000+0000,2025-08-19T14:16:02.000000+0000,118
2025-08-21T01:18:31.000000+0000,2025-08-21T01:16:33.000000+0000,118
2025-08-22T05:29:31.000000+0000,2025-08-22T05:27:33.000000+0000,118
2025-08-24T06:29:31.000000+0000,2025-08-24T06:27:33.000000+0000,118
2025-08-24T20:28:31.000000+0000,2025-08-24T20:26:33.000000+0000,118
2025-08-25T10:18:31.000000+0000,2025-08-25T10:16:33.000000+0000,118
2025-08-28T15:18:00.000000+0000,2025-08-28T15:16:02.000000+0000,118
2025-09-02T14:18:31.000000+0000,2025-09-02T14:16:33.000000+0000,118
2025-09-10T21:58:01.000000+0000,2025-09-10T21:56:03.000000+0000,118
2025-09-12T05:18:31.000000+0000,2025-09-12T05:16:33.000000+0000,118
2025-09-12T12:18:31.000000+0000,2025-09-12T12:16:33.000000+0000,118
2025-09-13T09:18:02.000000+0000,2025-09-13T09:16:04.000000+0000,118
2025-09-15T03:19:00.000000+0000,2025-09-15T03:17:02.000000+0000,118
2025-09-18T18:58:31.000000+0000,2025-09-18T18:56:33.000000+0000,118
2025-09-19T12:18:32.000000+0000,2025-09-19T12:16:34.000000+0000,118
2025-09-22T06:58:31.000000+0000,2025-09-22T06:56:33.000000+0000,118
2025-09-22T10:07:02.000000+0000,2025-09-22T10:05:04.000000+0000,118
2025-09-23T14:19:01.000000+0000,2025-09-23T14:17:03.000000+0000,118
2025-09-24T14:58:32.000000+0000,2025-09-24T14:56:34.000000+0000,118
2025-09-27T02:18:01.000000+0000,2025-09-27T02:16:03.000000+0000,118
2025-09-28T13:18:31.000000+0000,2025-09-28T13:16:33.000000+0000,118
2025-09-29T06:59:01.000000+0000,2025-09-29T06:57:03.000000+0000,118
2025-09-30T00:28:32.000000+0000,2025-09-30T00:26:34.000000+0000,118
2025-10-02T15:18:32.000000+0000,2025-10-02T15:16:34.000000+0000,118
2025-10-08T10:15:01.000000+0000,2025-10-08T10:13:03.000000+0000,118
2025-10-12T06:44:31.000000+0000,2025-10-12T06:42:33.000000+0000,118
2025-10-12T20:17:30.000000+0000,2025-10-12T20:15:32.000000+0000,118
2025-10-14T21:07:02.000000+0000,2025-10-14T21:05:04.000000+0000,118
2025-10-16T15:18:30.000000+0000,2025-10-16T15:16:32.000000+0000,118
2025-10-23T15:44:31.000000+0000,2025-10-23T15:42:33.000000+0000,118
2025-10-25T02:07:01.000000+0000,2025-10-25T02:05:03.000000+0000,118
2025-10-25T16:44:31.000000+0000,2025-10-25T16:42:33.000000+0000,118
2025-10-31T19:07:04.000000+0000,2025-10-31T19:05:06.000000+0000,118
2025-11-03T18:52:04.000000+0000,2025-11-03T18:50:06.000000+0000,118
2025-11-05T18:07:03.000000+0000,2025-11-05T18:05:05.000000+0000,118
2025-11-06T15:44:33.000000+0000,2025-11-06T15:42:35.000000+0000,118
2025-11-08T02:18:03.000000+0000,2025-11-08T02:16:05.000000+0000,118
2025-11-08T09:07:04.000000+0000,2025-11-08T09:05:06.000000+0000,118
2025-11-08T19:59:01.000000+0000,2025-11-08T19:57:03.000000+0000,118
2025-11-11T14:07:03.000000+0000,2025-11-11T14:05:05.000000+0000,118
2025-11-12T18:07:03.000000+0000,2025-11-12T18:05:05.000000+0000,118
2025-11-14T00:13:31.000000+0000,2025-11-14T00:11:33.000000+0000,118
2025-11-14T06:52:04.000000+0000,2025-11-14T06:50:06.000000+0000,118
2025-11-14T20:52:04.000000+0000,2025-11-14T20:50:06.000000+0000,118
2025-11-16T06:07:03.000000+0000,2025-11-16T06:05:05.000000+0000,118
2025-11-25T18:54:05.000000+0000,2025-11-25T18:52:07.000000+0000,118
2025-12-01T16:49:31.000000+0000,2025-12-01T16:47:33.000000+0000,118
2025-12-12T09:53:31.000000+0000,2025-12-12T09:51:33.000000+0000,118
2025-12-13T15:49:01.000000+0000,2025-12-13T15:47:03.000000+0000,118
2025-12-14T05:28:00.000000+0000,2025-12-14T05:26:02.000000+0000,118
2025-12-15T23:07:03.000000+0000,2025-12-15T23:05:05.000000+0000,118
2025-12-20T08:07:03.000000+0000,2025-12-20T08:05:05.000000+0000,118
2025-12-20T15:18:31.000000+0000,2025-12-20T15:16:33.000000+0000,118
2025-12-22T18:24:01.000000+0000,2025-12-22T18:22:03.000000+0000,118
2025-12-24T03:07:03.000000+0000,2025-12-24T03:05:05.000000+0000,118
2025-12-25T21:49:00.000000+0000,2025-12-25T21:47:02.000000+0000,118
2025-12-30T02:47:36.000000+0000,2025-12-30T02:45:38.000000+0000,118
2025-12-30T06:49:30.000000+0000,2025-12-30T06:47:32.000000+0000,118
2026-01-02T02:53:31.000000+0000,2026-01-02T02:51:33.000000+0000,118
2026-01-04T08:59:00.000000+0000,2026-01-04T08:57:02.000000+0000,118
2026-01-05T11:13:31.000000+0000,2026-01-05T11:11:33.000000+0000,118
2026-01-05T14:54:00.000000+0000,2026-01-05T14:52:02.000000+0000,118
2026-01-05T23:18:32.000000+0000,2026-01-05T23:16:34.000000+0000,118
2026-01-11T03:54:04.000000+0000,2026-01-11T03:52:06.000000+0000,118
2026-01-12T05:47:36.000000+0000,2026-01-12T05:45:38.000000+0000,118
2026-01-12T12:58:32.000000+0000,2026-01-12T12:56:34.000000+0000,118
2026-01-13T04:54:31.000000+0000,2026-01-13T04:52:33.000000+0000,118
2026-01-16T05:49:31.000000+0000,2026-01-16T05:47:33.000000+0000,118
2026-01-16T12:07:03.000000+0000,2026-01-16T12:05:05.000000+0000,118
2026-01-24T23:29:00.000000+0000,2026-01-24T23:27:02.000000+0000,118
2026-01-26T17:44:30.000000+0000,2026-01-26T17:42:32.000000+0000,118
2026-01-28T11:17:32.000000+0000,2026-01-28T11:15:34.000000+0000,118
2026-01-29T11:48:00.000000+0000,2026-01-29T11:46:02.000000+0000,118
2026-01-31T19:47:03.000000+0000,2026-01-31T19:45:05.000000+0000,118
2026-01-31T23:18:00.000000+0000,2026-01-31T23:16:02.000000+0000,118
2026-02-01T20:18:00.000000+0000,2026-02-01T20:16:02.000000+0000,118
2026-02-03T09:23:31.000000+0000,2026-02-03T09:21:33.000000+0000,118
2026-02-08T18:22:31.000000+0000,2026-02-08T18:20:33.000000+0000,118
2026-02-09T10:44:31.000000+0000,2026-02-09T10:42:33.000000+0000,118
2026-02-09T15:22:32.000000+0000,2026-02-09T15:20:34.000000+0000,118
2026-02-13T08:47:30.000000+0000,2026-02-13T08:45:32.000000+0000,118
2026-02-13T22:37:31.000000+0000,2026-02-13T22:35:33.000000+0000,118
2026-02-17T14:07:02.000000+0000,2026-02-17T14:05:04.000000+0000,118
2026-02-18T07:26:31.000000+0000,2026-02-18T07:24:33.000000+0000,118
2026-02-22T00:52:02.000000+0000,2026-02-22T00:50:04.000000+0000,118
2026-02-24T10:48:00.000000+0000,2026-02-24T10:46:02.000000+0000,118
2026-02-26T02:52:02.000000+0000,2026-02-26T02:50:04.000000+0000,118
2026-03-02T03:29:30.000000+0000,2026-03-02T03:27:32.000000+0000,118
2026-03-04T04:06:30.000000+0000,2026-03-04T04:04:32.000000+0000,118
2026-03-07T22:01:31.000000+0000,2026-03-07T21:59:33.000000+0000,118
2026-03-08T06:57:30.000000+0000,2026-03-08T06:55:32.000000+0000,118
2026-03-09T02:01:31.000000+0000,2026-03-09T01:59:33.000000+0000,118
2026-03-09T23:01:31.000000+0000,2026-03-09T22:59:33.000000+0000,118
2026-03-10T09:31:31.000000+0000,2026-03-10T09:29:33.000000+0000,118
2026-03-10T16:42:31.000000+0000,2026-03-10T16:40:33.000000+0000,118
2026-03-10T18:54:01.000000+0000,2026-03-10T18:52:03.000000+0000,118
2026-03-12T00:22:02.000000+0000,2026-03-12T00:20:04.000000+0000,118
2026-03-13T13:24:00.000000+0000,2026-03-13T13:22:02.000000+0000,118
2026-03-13T21:42:31.000000+0000,2026-03-13T21:40:33.000000+0000,118
2026-03-14T09:46:31.000000+0000,2026-03-14T09:44:33.000000+0000,118
2026-03-15T10:54:00.000000+0000,2026-03-15T10:52:02.000000+0000,118
2026-03-15T14:18:00.000000+0000,2026-03-15T14:16:02.000000+0000,118
2026-03-15T14:55:30.000000+0000,2026-03-15T14:53:32.000000+0000,118
2026-03-16T19:11:00.000000+0000,2026-03-16T19:09:02.000000+0000,118
2026-03-18T03:12:31.000000+0000,2026-03-18T03:10:33.000000+0000,118
2026-03-19T22:46:31.000000+0000,2026-03-19T22:44:33.000000+0000,118
2026-03-20T03:46:30.000000+0000,2026-03-20T03:44:32.000000+0000,118
2026-03-20T16:48:01.000000+0000,2026-03-20T16:46:03.000000+0000,118
2026-03-21T01:01:30.000000+0000,2026-03-21T00:59:32.000000+0000,118
2026-03-21T11:42:31.000000+0000,2026-03-21T11:40:33.000000+0000,118
2026-03-22T06:46:31.000000+0000,2026-03-22T06:44:33.000000+0000,118
2026-03-22T07:24:00.000000+0000,2026-03-22T07:22:02.000000+0000,118
2026-03-22T12:22:31.000000+0000,2026-03-22T12:20:33.000000+0000,118
2026-03-24T11:01:30.000000+0000,2026-03-24T10:59:32.000000+0000,118
2026-03-24T14:31:30.000000+0000,2026-03-24T14:29:32.000000+0000,118
2026-03-25T18:31:31.000000+0000,2026-03-25T18:29:33.000000+0000,118
2026-03-26T08:52:02.000000+0000,2026-03-26T08:50:04.000000+0000,118
2026-03-28T11:01:30.000000+0000,2026-03-28T10:59:32.000000+0000,118
2026-03-28T12:57:30.000000+0000,2026-03-28T12:55:32.000000+0000,118
2026-03-28T18:01:30.000000+0000,2026-03-28T17:59:32.000000+0000,118
2026-03-28T23:16:31.000000+0000,2026-03-28T23:14:33.000000+0000,118
2026-03-29T06:16:30.000000+0000,2026-03-29T06:14:32.000000+0000,118
2026-03-29T11:42:31.000000+0000,2026-03-29T11:40:33.000000+0000,118
2026-03-30T14:18:01.000000+0000,2026-03-30T14:16:03.000000+0000,118
2026-03-31T14:27:00.000000+0000,2026-03-31T14:25:02.000000+0000,118
2026-04-01T11:16:31.000000+0000,2026-04-01T11:14:33.000000+0000,118
2026-04-03T05:01:30.000000+0000,2026-04-03T04:59:32.000000+0000,118
2026-04-07T09:06:31.000000+0000,2026-04-07T09:04:33.000000+0000,118
2026-04-10T11:08:00.000000+0000,2026-04-10T11:06:02.000000+0000,118
2026-04-11T01:24:31.000000+0000,2026-04-11T01:22:33.000000+0000,118
2026-04-12T09:42:02.000000+0000,2026-04-12T09:40:04.000000+0000,118
2026-04-13T19:38:01.000000+0000,2026-04-13T19:36:03.000000+0000,118
2026-04-14T10:51:31.000000+0000,2026-04-14T10:49:33.000000+0000,118
2026-04-15T15:12:03.000000+0000,2026-04-15T15:10:05.000000+0000,118
2026-04-16T10:44:01.000000+0000,2026-04-16T10:42:03.000000+0000,118
2026-04-17T02:44:00.000000+0000,2026-04-17T02:42:02.000000+0000,118
2026-04-17T22:51:31.000000+0000,2026-04-17T22:49:33.000000+0000,118
2026-04-19T09:51:31.000000+0000,2026-04-19T09:49:33.000000+0000,118
2026-04-21T10:51:30.000000+0000,2026-04-21T10:49:32.000000+0000,118
2026-04-21T21:53:00.000000+0000,2026-04-21T21:51:02.000000+0000,118
2026-04-22T14:26:00.000000+0000,2026-04-22T14:24:02.000000+0000,118
2026-04-22T19:45:31.000000+0000,2026-04-22T19:43:33.000000+0000,118
2026-04-23T10:38:00.000000+0000,2026-04-23T10:36:02.000000+0000,118
2026-04-23T12:23:00.000000+0000,2026-04-23T12:21:02.000000+0000,118
2026-04-23T15:53:00.000000+0000,2026-04-23T15:51:02.000000+0000,118
2026-04-25T05:35:31.000000+0000,2026-04-25T05:33:33.000000+0000,118
2026-04-25T20:29:31.000000+0000,2026-04-25T20:27:33.000000+0000,118
2026-04-27T07:17:32.000000+0000,2026-04-27T07:15:34.000000+0000,118
2026-04-28T00:58:00.000000+0000,2026-04-28T00:56:02.000000+0000,118
2026-05-03T20:16:01.000000+0000,2026-05-03T20:14:03.000000+0000,118
2026-05-05T07:05:31.000000+0000,2026-05-05T07:03:33.000000+0000,118
2026-05-05T14:58:01.000000+0000,2026-05-05T14:56:03.000000+0000,118
2026-05-12T21:58:01.000000+0000,2026-05-12T21:56:03.000000+0000,118
2026-05-14T14:13:02.000000+0000,2026-05-14T14:11:04.000000+0000,118
2026-05-15T03:52:03.000000+0000,2026-05-15T03:50:05.000000+0000,118
2026-05-16T18:12:03.000000+0000,2026-05-16T18:10:05.000000+0000,118
2026-05-17T04:52:03.000000+0000,2026-05-17T04:50:05.000000+0000,118
2026-05-19T14:47:30.000000+0000,2026-05-19T14:45:32.000000+0000,118
2026-05-20T04:58:00.000000+0000,2026-05-20T04:56:02.000000+0000,118
2026-05-20T15:38:00.000000+0000,2026-05-20T15:36:02.000000+0000,118
2026-05-20T18:58:01.000000+0000,2026-05-20T18:56:03.000000+0000,118
2026-05-21T08:58:30.000000+0000,2026-05-21T08:56:32.000000+0000,118
2026-05-22T01:14:01.000000+0000,2026-05-22T01:12:03.000000+0000,118
2026-05-22T01:26:01.000000+0000,2026-05-22T01:24:03.000000+0000,118
2026-05-23T09:11:30.000000+0000,2026-05-23T09:09:32.000000+0000,118
2026-05-24T05:34:00.000000+0000,2026-05-24T05:32:02.000000+0000,118
2026-05-24T15:23:00.000000+0000,2026-05-24T15:21:02.000000+0000,118
2026-05-25T12:12:34.000000+0000,2026-05-25T12:10:36.000000+0000,118
2026-05-26T18:07:01.000000+0000,2026-05-26T18:05:03.000000+0000,118
2026-05-28T22:38:00.000000+0000,2026-05-28T22:36:02.000000+0000,118
2026-05-29T16:47:02.000000+0000,2026-05-29T16:45:04.000000+0000,118
2026-05-29T17:25:00.000000+0000,2026-05-29T17:23:02.000000+0000,118
2026-05-31T05:12:02.000000+0000,2026-05-31T05:10:04.000000+0000,118
2026-05-31T09:02:04.000000+0000,2026-05-31T09:00:06.000000+0000,118
2026-06-01T05:09:32.000000+0000,2026-06-01T05:07:34.000000+0000,118
2026-06-02T08:34:00.000000+0000,2026-06-02T08:32:02.000000+0000,118
2026-06-02T12:14:30.000000+0000,2026-06-02T12:12:32.000000+0000,118
2025-02-10T11:57:28.000000+0000,2025-02-10T11:55:31.000000+0000,117
2025-05-19T11:37:01.000000+0000,2025-05-19T11:35:04.000000+0000,117
2025-06-01T19:38:32.000000+0000,2025-06-01T19:36:35.000000+0000,117
2025-06-02T12:58:01.000000+0000,2025-06-02T12:56:04.000000+0000,117
2025-06-04T03:28:32.000000+0000,2025-06-04T03:26:35.000000+0000,117
2025-06-04T11:00:59.000000+0000,2025-06-04T10:59:02.000000+0000,117
2025-06-08T12:39:01.000000+0000,2025-06-08T12:37:04.000000+0000,117
2025-06-08T16:34:36.000000+0000,2025-06-08T16:32:39.000000+0000,117
2025-06-09T00:17:04.000000+0000,2025-06-09T00:15:07.000000+0000,117
2025-06-11T11:00:59.000000+0000,2025-06-11T10:59:02.000000+0000,117
2025-07-03T08:18:00.000000+0000,2025-07-03T08:16:03.000000+0000,117
2025-07-03T08:55:00.000000+0000,2025-07-03T08:53:03.000000+0000,117
2025-07-07T07:09:01.000000+0000,2025-07-07T07:07:04.000000+0000,117
2025-07-08T07:55:00.000000+0000,2025-07-08T07:53:03.000000+0000,117
2025-07-13T20:18:01.000000+0000,2025-07-13T20:16:04.000000+0000,117
2025-07-29T21:18:01.000000+0000,2025-07-29T21:16:04.000000+0000,117
2025-08-10T13:18:00.000000+0000,2025-08-10T13:16:03.000000+0000,117
2025-08-11T03:18:00.000000+0000,2025-08-11T03:16:03.000000+0000,117
2025-08-12T00:29:30.000000+0000,2025-08-12T00:27:33.000000+0000,117
2025-08-12T21:18:01.000000+0000,2025-08-12T21:16:04.000000+0000,117
2025-08-13T04:18:01.000000+0000,2025-08-13T04:16:04.000000+0000,117
2025-08-18T10:55:01.000000+0000,2025-08-18T10:53:04.000000+0000,117
2025-08-26T08:42:03.000000+0000,2025-08-26T08:40:06.000000+0000,117
2025-09-13T23:07:03.000000+0000,2025-09-13T23:05:06.000000+0000,117
2025-09-15T03:07:03.000000+0000,2025-09-15T03:05:06.000000+0000,117
2025-09-16T21:18:01.000000+0000,2025-09-16T21:16:04.000000+0000,117
2025-09-17T11:07:00.000000+0000,2025-09-17T11:05:03.000000+0000,117
2025-09-18T01:18:33.000000+0000,2025-09-18T01:16:36.000000+0000,117
2025-09-18T08:18:32.000000+0000,2025-09-18T08:16:35.000000+0000,117
2025-09-18T22:18:32.000000+0000,2025-09-18T22:16:35.000000+0000,117
2025-09-19T22:48:03.000000+0000,2025-09-19T22:46:06.000000+0000,117
2025-09-20T09:18:32.000000+0000,2025-09-20T09:16:35.000000+0000,117
2025-09-22T03:18:01.000000+0000,2025-09-22T03:16:04.000000+0000,117
2025-09-28T20:18:02.000000+0000,2025-09-28T20:16:05.000000+0000,117
2025-10-02T11:58:01.000000+0000,2025-10-02T11:56:04.000000+0000,117
2025-10-23T22:18:00.000000+0000,2025-10-23T22:16:03.000000+0000,117
2025-10-24T01:47:32.000000+0000,2025-10-24T01:45:35.000000+0000,117
2025-10-26T13:07:00.000000+0000,2025-10-26T13:05:03.000000+0000,117
2025-10-30T08:07:02.000000+0000,2025-10-30T08:05:05.000000+0000,117
2025-11-01T23:18:33.000000+0000,2025-11-01T23:16:36.000000+0000,117
2025-11-03T05:24:02.000000+0000,2025-11-03T05:22:05.000000+0000,117
2025-11-05T06:13:31.000000+0000,2025-11-05T06:11:34.000000+0000,117
2025-11-07T05:38:31.000000+0000,2025-11-07T05:36:34.000000+0000,117
2025-11-08T23:07:02.000000+0000,2025-11-08T23:05:05.000000+0000,117
2025-11-10T14:56:32.000000+0000,2025-11-10T14:54:35.000000+0000,117
2025-11-10T17:44:32.000000+0000,2025-11-10T17:42:35.000000+0000,117
2025-11-11T15:52:03.000000+0000,2025-11-11T15:50:06.000000+0000,117
2025-11-11T21:18:33.000000+0000,2025-11-11T21:16:36.000000+0000,117
2025-11-12T11:18:32.000000+0000,2025-11-12T11:16:35.000000+0000,117
2025-11-13T01:18:02.000000+0000,2025-11-13T01:16:05.000000+0000,117
2025-11-13T22:07:02.000000+0000,2025-11-13T22:05:05.000000+0000,117
2025-11-14T05:18:32.000000+0000,2025-11-14T05:16:35.000000+0000,117
2025-11-16T20:07:02.000000+0000,2025-11-16T20:05:05.000000+0000,117
2025-11-17T03:18:33.000000+0000,2025-11-17T03:16:36.000000+0000,117
2025-11-17T10:18:33.000000+0000,2025-11-17T10:16:36.000000+0000,117
2025-11-17T14:14:31.000000+0000,2025-11-17T14:12:34.000000+0000,117
2025-11-25T11:54:05.000000+0000,2025-11-25T11:52:08.000000+0000,117
2025-11-29T20:43:35.000000+0000,2025-11-29T20:41:38.000000+0000,117
2025-12-03T20:59:32.000000+0000,2025-12-03T20:57:35.000000+0000,117
2025-12-04T05:54:00.000000+0000,2025-12-04T05:52:03.000000+0000,117
2025-12-11T02:34:31.000000+0000,2025-12-11T02:32:34.000000+0000,117
2025-12-13T22:18:02.000000+0000,2025-12-13T22:16:05.000000+0000,117
2025-12-15T09:07:02.000000+0000,2025-12-15T09:05:05.000000+0000,117
2025-12-20T01:18:02.000000+0000,2025-12-20T01:16:05.000000+0000,117
2025-12-22T09:18:01.000000+0000,2025-12-22T09:16:04.000000+0000,117
2025-12-25T14:07:02.000000+0000,2025-12-25T14:05:05.000000+0000,117
2025-12-31T03:07:02.000000+0000,2025-12-31T03:05:05.000000+0000,117
2026-01-01T00:07:02.000000+0000,2026-01-01T00:05:05.000000+0000,117
2026-01-02T14:59:30.000000+0000,2026-01-02T14:57:33.000000+0000,117
2026-01-04T05:07:02.000000+0000,2026-01-04T05:05:05.000000+0000,117
2026-01-05T19:47:33.000000+0000,2026-01-05T19:45:36.000000+0000,117
2026-01-06T01:24:00.000000+0000,2026-01-06T01:22:03.000000+0000,117
2026-01-08T07:18:00.000000+0000,2026-01-08T07:16:03.000000+0000,117
2026-01-12T14:55:01.000000+0000,2026-01-12T14:53:04.000000+0000,117
2026-01-21T11:17:30.000000+0000,2026-01-21T11:15:33.000000+0000,117
2026-01-21T14:47:31.000000+0000,2026-01-21T14:45:34.000000+0000,117
2026-01-22T14:04:01.000000+0000,2026-01-22T14:02:04.000000+0000,117
2026-01-25T09:47:02.000000+0000,2026-01-25T09:45:05.000000+0000,117
2026-01-26T10:44:30.000000+0000,2026-01-26T10:42:33.000000+0000,117
2026-01-27T03:47:31.000000+0000,2026-01-27T03:45:34.000000+0000,117
2026-01-27T21:07:02.000000+0000,2026-01-27T21:05:05.000000+0000,117
2026-02-01T13:29:30.000000+0000,2026-02-01T13:27:33.000000+0000,117
2026-02-01T23:59:00.000000+0000,2026-02-01T23:57:03.000000+0000,117
2026-02-08T02:47:01.000000+0000,2026-02-08T02:45:04.000000+0000,117
2026-02-09T17:07:01.000000+0000,2026-02-09T17:05:04.000000+0000,117
2026-02-10T14:07:01.000000+0000,2026-02-10T14:05:04.000000+0000,117
2026-02-10T21:07:01.000000+0000,2026-02-10T21:05:04.000000+0000,117
2026-02-13T19:07:01.000000+0000,2026-02-13T19:05:04.000000+0000,117
2026-02-14T02:07:01.000000+0000,2026-02-14T02:05:04.000000+0000,117
2026-02-16T13:47:01.000000+0000,2026-02-16T13:45:04.000000+0000,117
2026-02-17T00:17:01.000000+0000,2026-02-17T00:15:04.000000+0000,117
2026-02-19T08:07:01.000000+0000,2026-02-19T08:05:04.000000+0000,117
2026-02-19T15:07:01.000000+0000,2026-02-19T15:05:04.000000+0000,117
2026-02-20T19:07:01.000000+0000,2026-02-20T19:05:04.000000+0000,117
2026-02-21T23:07:01.000000+0000,2026-02-21T23:05:04.000000+0000,117
2026-02-22T02:37:01.000000+0000,2026-02-22T02:35:04.000000+0000,117
2026-02-23T17:07:01.000000+0000,2026-02-23T17:05:04.000000+0000,117
2026-02-24T07:07:01.000000+0000,2026-02-24T07:05:04.000000+0000,117
2026-02-25T11:07:01.000000+0000,2026-02-25T11:05:04.000000+0000,117
2026-02-26T15:07:01.000000+0000,2026-02-26T15:05:04.000000+0000,117
2026-02-27T00:55:30.000000+0000,2026-02-27T00:53:33.000000+0000,117
2026-03-02T17:07:01.000000+0000,2026-03-02T17:05:04.000000+0000,117
2026-03-05T11:48:00.000000+0000,2026-03-05T11:46:03.000000+0000,117
2026-03-06T11:12:01.000000+0000,2026-03-06T11:10:04.000000+0000,117
2026-03-07T08:12:01.000000+0000,2026-03-07T08:10:04.000000+0000,117
2026-03-07T11:42:01.000000+0000,2026-03-07T11:40:04.000000+0000,117
2026-03-09T00:54:00.000000+0000,2026-03-09T00:52:03.000000+0000,117
2026-03-09T19:42:01.000000+0000,2026-03-09T19:40:04.000000+0000,117
2026-03-10T23:42:01.000000+0000,2026-03-10T23:40:04.000000+0000,117
2026-03-12T14:22:02.000000+0000,2026-03-12T14:20:05.000000+0000,117
2026-03-12T17:42:30.000000+0000,2026-03-12T17:40:33.000000+0000,117
2026-03-13T18:12:01.000000+0000,2026-03-13T18:10:04.000000+0000,117
2026-03-14T03:07:01.000000+0000,2026-03-14T03:05:04.000000+0000,117
2026-03-14T08:12:01.000000+0000,2026-03-14T08:10:04.000000+0000,117
2026-03-15T05:12:01.000000+0000,2026-03-15T05:10:04.000000+0000,117
2026-03-15T08:42:31.000000+0000,2026-03-15T08:40:34.000000+0000,117
2026-03-15T12:12:30.000000+0000,2026-03-15T12:10:33.000000+0000,117
2026-03-15T19:12:01.000000+0000,2026-03-15T19:10:04.000000+0000,117
2026-03-18T06:42:01.000000+0000,2026-03-18T06:40:04.000000+0000,117
2026-03-18T13:42:01.000000+0000,2026-03-18T13:40:04.000000+0000,117
2026-03-18T20:42:30.000000+0000,2026-03-18T20:40:33.000000+0000,117
2026-03-19T00:22:31.000000+0000,2026-03-19T00:20:34.000000+0000,117
2026-03-19T14:24:00.000000+0000,2026-03-19T14:22:03.000000+0000,117
2026-03-20T21:42:01.000000+0000,2026-03-20T21:40:04.000000+0000,117
2026-03-21T15:22:02.000000+0000,2026-03-21T15:20:05.000000+0000,117
2026-03-22T08:42:01.000000+0000,2026-03-22T08:40:04.000000+0000,117
2026-03-23T05:42:01.000000+0000,2026-03-23T05:40:04.000000+0000,117
2026-03-23T16:23:00.000000+0000,2026-03-23T16:21:03.000000+0000,117
2026-03-24T02:42:01.000000+0000,2026-03-24T02:40:04.000000+0000,117
2026-03-24T03:19:30.000000+0000,2026-03-24T03:17:33.000000+0000,117
2026-03-25T22:12:01.000000+0000,2026-03-25T22:10:04.000000+0000,117
2026-03-26T05:12:01.000000+0000,2026-03-26T05:10:04.000000+0000,117
2026-03-26T12:12:01.000000+0000,2026-03-26T12:10:04.000000+0000,117
2026-03-27T10:42:30.000000+0000,2026-03-27T10:40:33.000000+0000,117
2026-03-29T13:17:01.000000+0000,2026-03-29T13:15:04.000000+0000,117
2026-03-29T23:17:01.000000+0000,2026-03-29T23:15:04.000000+0000,117
2026-03-31T05:42:01.000000+0000,2026-03-31T05:40:04.000000+0000,117
2026-03-31T16:12:01.000000+0000,2026-03-31T16:10:04.000000+0000,117
2026-04-01T23:42:30.000000+0000,2026-04-01T23:40:33.000000+0000,117
2026-04-03T15:52:01.000000+0000,2026-04-03T15:50:04.000000+0000,117
2026-04-03T16:16:00.000000+0000,2026-04-03T16:14:03.000000+0000,117
2026-04-05T01:07:01.000000+0000,2026-04-05T01:05:04.000000+0000,117
2026-04-05T09:52:01.000000+0000,2026-04-05T09:50:04.000000+0000,117
2026-04-05T22:07:01.000000+0000,2026-04-05T22:05:04.000000+0000,117
2026-04-06T19:07:01.000000+0000,2026-04-06T19:05:04.000000+0000,117
2026-04-07T07:22:01.000000+0000,2026-04-07T07:20:04.000000+0000,117
2026-04-08T23:47:01.000000+0000,2026-04-08T23:45:04.000000+0000,117
2026-04-11T00:47:01.000000+0000,2026-04-11T00:45:04.000000+0000,117
2026-04-11T04:17:01.000000+0000,2026-04-11T04:15:04.000000+0000,117
2026-04-11T09:22:02.000000+0000,2026-04-11T09:20:05.000000+0000,117
2026-04-13T22:47:01.000000+0000,2026-04-13T22:45:04.000000+0000,117
2026-04-14T05:47:01.000000+0000,2026-04-14T05:45:04.000000+0000,117
2026-04-14T16:17:01.000000+0000,2026-04-14T16:15:04.000000+0000,117
2026-04-15T09:47:31.000000+0000,2026-04-15T09:45:34.000000+0000,117
2026-04-17T10:58:00.000000+0000,2026-04-17T10:56:03.000000+0000,117
2026-04-17T17:57:30.000000+0000,2026-04-17T17:55:33.000000+0000,117
2026-04-20T07:44:00.000000+0000,2026-04-20T07:42:03.000000+0000,117
2026-04-22T04:52:33.000000+0000,2026-04-22T04:50:36.000000+0000,117
2026-04-22T08:12:02.000000+0000,2026-04-22T08:10:05.000000+0000,117
2026-04-23T06:58:00.000000+0000,2026-04-23T06:56:03.000000+0000,117
2026-04-23T19:03:00.000000+0000,2026-04-23T19:01:03.000000+0000,117
2026-04-24T04:24:30.000000+0000,2026-04-24T04:22:33.000000+0000,117
2026-04-25T15:34:00.000000+0000,2026-04-25T15:32:03.000000+0000,117
2026-04-26T13:58:00.000000+0000,2026-04-26T13:56:03.000000+0000,117
2026-04-28T23:53:00.000000+0000,2026-04-28T23:51:03.000000+0000,117
2026-05-01T23:07:01.000000+0000,2026-05-01T23:05:04.000000+0000,117
2026-05-04T12:43:00.000000+0000,2026-05-04T12:41:03.000000+0000,117
2026-05-04T19:43:00.000000+0000,2026-05-04T19:41:03.000000+0000,117
2026-05-05T18:07:01.000000+0000,2026-05-05T18:05:04.000000+0000,117
2026-05-13T15:07:02.000000+0000,2026-05-13T15:05:05.000000+0000,117
2026-05-14T06:52:02.000000+0000,2026-05-14T06:50:05.000000+0000,117
2026-05-15T07:43:00.000000+0000,2026-05-15T07:41:03.000000+0000,117
2026-05-15T18:02:04.000000+0000,2026-05-15T18:00:07.000000+0000,117
2026-05-16T09:47:02.000000+0000,2026-05-16T09:45:05.000000+0000,117
2026-05-18T14:17:33.000000+0000,2026-05-18T14:15:36.000000+0000,117
2026-05-20T03:13:00.000000+0000,2026-05-20T03:11:03.000000+0000,117
2026-05-22T19:58:02.000000+0000,2026-05-22T19:56:05.000000+0000,117
2026-05-29T07:52:01.000000+0000,2026-05-29T07:50:04.000000+0000,117
2026-06-01T18:07:01.000000+0000,2026-06-01T18:05:04.000000+0000,117
2026-06-02T01:07:01.000000+0000,2026-06-02T01:05:04.000000+0000,117
2026-06-02T07:56:02.000000+0000,2026-06-02T07:54:05.000000+0000,117
2025-05-30T00:17:03.000000+0000,2025-05-30T00:15:07.000000+0000,116
2025-05-30T15:08:33.000000+0000,2025-05-30T15:06:37.000000+0000,116
2025-06-02T05:58:32.000000+0000,2025-06-02T05:56:36.000000+0000,116
2025-06-02T19:58:01.000000+0000,2025-06-02T19:56:05.000000+0000,116
2025-06-09T19:17:03.000000+0000,2025-06-09T19:15:07.000000+0000,116
2025-06-23T10:18:00.000000+0000,2025-06-23T10:16:04.000000+0000,116
2025-06-29T13:55:00.000000+0000,2025-06-29T13:53:04.000000+0000,116
2025-09-13T19:47:33.000000+0000,2025-09-13T19:45:37.000000+0000,116
2025-09-14T20:07:02.000000+0000,2025-09-14T20:05:06.000000+0000,116
2025-09-15T17:07:02.000000+0000,2025-09-15T17:05:06.000000+0000,116
2025-09-30T21:07:02.000000+0000,2025-09-30T21:05:06.000000+0000,116
2025-10-23T18:47:32.000000+0000,2025-10-23T18:45:36.000000+0000,116
2025-10-27T06:47:32.000000+0000,2025-10-27T06:45:36.000000+0000,116
2025-10-30T22:18:01.000000+0000,2025-10-30T22:16:05.000000+0000,116
2025-10-31T05:07:01.000000+0000,2025-10-31T05:05:05.000000+0000,116
2025-10-31T08:58:31.000000+0000,2025-10-31T08:56:35.000000+0000,116
2025-11-01T09:07:01.000000+0000,2025-11-01T09:05:05.000000+0000,116
2025-11-01T16:18:01.000000+0000,2025-11-01T16:16:05.000000+0000,116
2025-11-03T17:07:01.000000+0000,2025-11-03T17:05:05.000000+0000,116
2025-11-05T04:18:02.000000+0000,2025-11-05T04:16:06.000000+0000,116
2025-11-06T08:28:31.000000+0000,2025-11-06T08:26:35.000000+0000,116
2025-11-06T15:07:01.000000+0000,2025-11-06T15:05:05.000000+0000,116
2025-11-07T12:18:32.000000+0000,2025-11-07T12:16:36.000000+0000,116
2025-11-08T16:18:32.000000+0000,2025-11-08T16:16:36.000000+0000,116
2025-11-09T06:07:01.000000+0000,2025-11-09T06:05:05.000000+0000,116
2025-11-10T10:18:01.000000+0000,2025-11-10T10:16:05.000000+0000,116
2025-11-10T17:07:01.000000+0000,2025-11-10T17:05:05.000000+0000,116
2025-11-12T14:43:01.000000+0000,2025-11-12T14:41:05.000000+0000,116
2025-11-13T15:44:33.000000+0000,2025-11-13T15:42:37.000000+0000,116
2025-11-14T12:07:01.000000+0000,2025-11-14T12:05:05.000000+0000,116
2025-11-14T19:18:33.000000+0000,2025-11-14T19:16:37.000000+0000,116
2025-11-15T16:07:01.000000+0000,2025-11-15T16:05:05.000000+0000,116
2025-11-15T23:07:01.000000+0000,2025-11-15T23:05:05.000000+0000,116
2025-11-18T00:07:01.000000+0000,2025-11-18T00:05:05.000000+0000,116
2025-11-19T00:08:32.000000+0000,2025-11-19T00:06:36.000000+0000,116
2025-11-20T00:07:01.000000+0000,2025-11-20T00:05:05.000000+0000,116
2025-11-21T02:42:46.000000+0000,2025-11-21T02:40:50.000000+0000,116
2025-11-25T02:58:02.000000+0000,2025-11-25T02:56:06.000000+0000,116
2025-11-26T00:19:03.000000+0000,2025-11-26T00:17:07.000000+0000,116
2025-11-26T21:35:37.000000+0000,2025-11-26T21:33:41.000000+0000,116
2025-11-29T01:18:05.000000+0000,2025-11-29T01:16:09.000000+0000,116
2025-12-02T05:05:06.000000+0000,2025-12-02T05:03:10.000000+0000,116
2025-12-11T14:07:01.000000+0000,2025-12-11T14:05:05.000000+0000,116
2025-12-12T23:32:47.000000+0000,2025-12-12T23:30:51.000000+0000,116
2025-12-14T12:07:01.000000+0000,2025-12-14T12:05:05.000000+0000,116
2025-12-14T19:07:01.000000+0000,2025-12-14T19:05:05.000000+0000,116
2025-12-15T16:07:01.000000+0000,2025-12-15T16:05:05.000000+0000,116
2025-12-18T00:07:01.000000+0000,2025-12-18T00:05:05.000000+0000,116
2025-12-18T14:07:01.000000+0000,2025-12-18T14:05:05.000000+0000,116
2025-12-21T08:58:00.000000+0000,2025-12-21T08:56:04.000000+0000,116
2025-12-22T16:07:01.000000+0000,2025-12-22T16:05:05.000000+0000,116
2025-12-22T23:07:01.000000+0000,2025-12-22T23:05:05.000000+0000,116
2025-12-28T12:07:01.000000+0000,2025-12-28T12:05:05.000000+0000,116
2025-12-29T14:00:57.000000+0000,2025-12-29T13:59:01.000000+0000,116
2025-12-31T17:18:01.000000+0000,2025-12-31T17:16:05.000000+0000,116
2026-01-03T01:07:01.000000+0000,2026-01-03T01:05:05.000000+0000,116
2026-01-03T08:17:32.000000+0000,2026-01-03T08:15:36.000000+0000,116
2026-01-04T12:17:32.000000+0000,2026-01-04T12:15:36.000000+0000,116
2026-01-05T02:17:32.000000+0000,2026-01-05T02:15:36.000000+0000,116
2026-01-07T03:17:32.000000+0000,2026-01-07T03:15:36.000000+0000,116
2026-01-08T00:17:32.000000+0000,2026-01-08T00:15:36.000000+0000,116
2026-01-08T14:17:32.000000+0000,2026-01-08T14:15:36.000000+0000,116
2026-01-08T21:07:01.000000+0000,2026-01-08T21:05:05.000000+0000,116
2026-01-09T07:48:01.000000+0000,2026-01-09T07:46:05.000000+0000,116
2026-01-09T14:47:32.000000+0000,2026-01-09T14:45:36.000000+0000,116
2026-01-10T01:07:01.000000+0000,2026-01-10T01:05:05.000000+0000,116
2026-01-11T15:47:33.000000+0000,2026-01-11T15:45:37.000000+0000,116
2026-01-12T19:58:01.000000+0000,2026-01-12T19:56:05.000000+0000,116
2026-01-20T14:17:30.000000+0000,2026-01-20T14:15:34.000000+0000,116
2026-01-23T19:07:01.000000+0000,2026-01-23T19:05:05.000000+0000,116
2026-01-25T16:37:01.000000+0000,2026-01-25T16:35:05.000000+0000,116
2026-01-26T17:07:01.000000+0000,2026-01-26T17:05:05.000000+0000,116
2026-01-28T00:47:31.000000+0000,2026-01-28T00:45:35.000000+0000,116
2026-01-28T18:07:01.000000+0000,2026-01-28T18:05:05.000000+0000,116
2026-01-29T04:47:30.000000+0000,2026-01-29T04:45:34.000000+0000,116
2026-01-29T16:52:01.000000+0000,2026-01-29T16:50:05.000000+0000,116
2026-01-30T08:37:01.000000+0000,2026-01-30T08:35:05.000000+0000,116
2026-01-30T19:07:01.000000+0000,2026-01-30T19:05:05.000000+0000,116
2026-02-02T06:47:01.000000+0000,2026-02-02T06:45:05.000000+0000,116
2026-02-06T01:47:00.000000+0000,2026-02-06T01:45:04.000000+0000,116
2026-02-09T10:07:00.000000+0000,2026-02-09T10:05:04.000000+0000,116
2026-02-10T07:07:00.000000+0000,2026-02-10T07:05:04.000000+0000,116
2026-02-11T21:37:00.000000+0000,2026-02-11T21:35:04.000000+0000,116
2026-02-12T08:07:00.000000+0000,2026-02-12T08:05:04.000000+0000,116
2026-02-12T22:07:00.000000+0000,2026-02-12T22:05:04.000000+0000,116
2026-02-13T15:37:00.000000+0000,2026-02-13T15:35:04.000000+0000,116
2026-02-15T23:37:00.000000+0000,2026-02-15T23:35:04.000000+0000,116
2026-02-18T18:07:00.000000+0000,2026-02-18T18:05:04.000000+0000,116
2026-02-19T01:07:00.000000+0000,2026-02-19T01:05:04.000000+0000,116
2026-02-21T02:07:00.000000+0000,2026-02-21T02:05:04.000000+0000,116
2026-02-21T05:37:00.000000+0000,2026-02-21T05:35:04.000000+0000,116
2026-02-24T03:47:00.000000+0000,2026-02-24T03:45:04.000000+0000,116
2026-02-25T07:37:00.000000+0000,2026-02-25T07:35:04.000000+0000,116
2026-02-26T01:07:00.000000+0000,2026-02-26T01:05:04.000000+0000,116
2026-02-27T08:47:00.000000+0000,2026-02-27T08:45:04.000000+0000,116
2026-02-28T05:37:00.000000+0000,2026-02-28T05:35:04.000000+0000,116
2026-02-28T16:07:00.000000+0000,2026-02-28T16:05:04.000000+0000,116
2026-02-28T23:17:31.000000+0000,2026-02-28T23:15:35.000000+0000,116
2026-03-03T00:07:00.000000+0000,2026-03-03T00:05:04.000000+0000,116
2026-03-03T07:07:00.000000+0000,2026-03-03T07:05:04.000000+0000,116
2026-03-06T14:42:01.000000+0000,2026-03-06T14:40:05.000000+0000,116
2026-03-07T18:42:00.000000+0000,2026-03-07T18:40:04.000000+0000,116
2026-03-08T12:12:00.000000+0000,2026-03-08T12:10:04.000000+0000,116
2026-03-11T20:42:00.000000+0000,2026-03-11T20:40:04.000000+0000,116
2026-03-12T03:42:00.000000+0000,2026-03-12T03:40:04.000000+0000,116
2026-03-13T00:42:30.000000+0000,2026-03-13T00:40:34.000000+0000,116
2026-03-13T14:42:01.000000+0000,2026-03-13T14:40:05.000000+0000,116
2026-03-16T02:12:00.000000+0000,2026-03-16T02:10:04.000000+0000,116
2026-03-16T05:42:01.000000+0000,2026-03-16T05:40:05.000000+0000,116
2026-03-16T23:12:00.000000+0000,2026-03-16T23:10:04.000000+0000,116
2026-03-17T06:12:00.000000+0000,2026-03-17T06:10:04.000000+0000,116
2026-03-19T14:12:00.000000+0000,2026-03-19T14:10:04.000000+0000,116
2026-03-21T08:12:00.000000+0000,2026-03-21T08:10:04.000000+0000,116
2026-03-22T01:42:00.000000+0000,2026-03-22T01:40:04.000000+0000,116
2026-03-22T05:12:00.000000+0000,2026-03-22T05:10:04.000000+0000,116
2026-03-22T19:12:00.000000+0000,2026-03-22T19:10:04.000000+0000,116
2026-03-23T02:12:00.000000+0000,2026-03-23T02:10:04.000000+0000,116
2026-03-23T21:37:00.000000+0000,2026-03-23T21:35:04.000000+0000,116
2026-03-24T18:12:00.000000+0000,2026-03-24T18:10:04.000000+0000,116
2026-03-26T01:42:00.000000+0000,2026-03-26T01:40:04.000000+0000,116
2026-03-26T15:42:01.000000+0000,2026-03-26T15:40:05.000000+0000,116
2026-03-27T02:12:00.000000+0000,2026-03-27T02:10:04.000000+0000,116
2026-03-27T07:12:00.000000+0000,2026-03-27T07:10:04.000000+0000,116
2026-03-29T18:42:00.000000+0000,2026-03-29T18:40:04.000000+0000,116
2026-03-29T23:42:00.000000+0000,2026-03-29T23:40:04.000000+0000,116
2026-03-30T08:42:00.000000+0000,2026-03-30T08:40:04.000000+0000,116
2026-03-30T12:12:00.000000+0000,2026-03-30T12:10:04.000000+0000,116
2026-03-30T15:42:00.000000+0000,2026-03-30T15:40:04.000000+0000,116
2026-04-03T14:07:00.000000+0000,2026-04-03T14:05:04.000000+0000,116
2026-04-03T21:07:00.000000+0000,2026-04-03T21:05:04.000000+0000,116
2026-04-04T23:22:00.000000+0000,2026-04-04T23:20:04.000000+0000,116
2026-04-05T08:07:00.000000+0000,2026-04-05T08:05:04.000000+0000,116
2026-04-08T13:17:00.000000+0000,2026-04-08T13:15:04.000000+0000,116
2026-04-09T10:17:00.000000+0000,2026-04-09T10:15:04.000000+0000,116
2026-04-10T14:17:00.000000+0000,2026-04-10T14:15:04.000000+0000,116
2026-04-10T17:47:00.000000+0000,2026-04-10T17:45:04.000000+0000,116
2026-04-10T19:32:33.000000+0000,2026-04-10T19:30:37.000000+0000,116
2026-04-12T04:47:00.000000+0000,2026-04-12T04:45:04.000000+0000,116
2026-04-12T22:17:00.000000+0000,2026-04-12T22:15:04.000000+0000,116
2026-04-13T01:47:00.000000+0000,2026-04-13T01:45:04.000000+0000,116
2026-04-14T12:47:00.000000+0000,2026-04-14T12:45:04.000000+0000,116
2026-04-15T13:17:01.000000+0000,2026-04-15T13:15:05.000000+0000,116
2026-04-16T13:47:01.000000+0000,2026-04-16T13:45:05.000000+0000,116
2026-04-17T00:17:01.000000+0000,2026-04-17T00:15:05.000000+0000,116
2026-04-17T21:17:01.000000+0000,2026-04-17T21:15:05.000000+0000,116
2026-04-18T09:42:01.000000+0000,2026-04-18T09:40:05.000000+0000,116
2026-04-18T20:03:00.000000+0000,2026-04-18T20:01:04.000000+0000,116
2026-04-19T01:17:01.000000+0000,2026-04-19T01:15:05.000000+0000,116
2026-04-20T01:47:01.000000+0000,2026-04-20T01:45:05.000000+0000,116
2026-04-20T12:17:01.000000+0000,2026-04-20T12:15:05.000000+0000,116
2026-04-21T07:12:32.000000+0000,2026-04-21T07:10:36.000000+0000,116
2026-04-22T01:03:00.000000+0000,2026-04-22T01:01:04.000000+0000,116
2026-04-22T22:03:01.000000+0000,2026-04-22T22:01:05.000000+0000,116
2026-04-28T21:37:00.000000+0000,2026-04-28T21:35:04.000000+0000,116
2026-04-30T05:07:00.000000+0000,2026-04-30T05:05:04.000000+0000,116
2026-05-01T05:37:00.000000+0000,2026-05-01T05:35:04.000000+0000,116
2026-05-01T21:12:31.000000+0000,2026-05-01T21:10:35.000000+0000,116
2026-05-02T09:47:00.000000+0000,2026-05-02T09:45:04.000000+0000,116
2026-05-04T21:07:00.000000+0000,2026-05-04T21:05:04.000000+0000,116
2026-05-05T21:47:01.000000+0000,2026-05-05T21:45:05.000000+0000,116
2026-05-06T11:47:01.000000+0000,2026-05-06T11:45:05.000000+0000,116
2026-05-06T15:07:00.000000+0000,2026-05-06T15:05:04.000000+0000,116
2026-05-08T09:07:00.000000+0000,2026-05-08T09:05:04.000000+0000,116
2026-05-12T18:07:00.000000+0000,2026-05-12T18:05:04.000000+0000,116
2026-05-13T18:47:31.000000+0000,2026-05-13T18:45:35.000000+0000,116
2026-05-13T20:53:33.000000+0000,2026-05-13T20:51:37.000000+0000,116
2026-05-15T04:29:31.000000+0000,2026-05-15T04:27:35.000000+0000,116
2026-05-17T06:47:01.000000+0000,2026-05-17T06:45:05.000000+0000,116
2026-05-17T13:47:32.000000+0000,2026-05-17T13:45:36.000000+0000,116
2026-05-19T18:07:01.000000+0000,2026-05-19T18:05:05.000000+0000,116
2026-05-21T17:22:01.000000+0000,2026-05-21T17:20:05.000000+0000,116
2026-05-24T18:52:32.000000+0000,2026-05-24T18:50:36.000000+0000,116
2026-05-26T23:53:01.000000+0000,2026-05-26T23:51:05.000000+0000,116
2026-05-28T14:56:01.000000+0000,2026-05-28T14:54:05.000000+0000,116
2026-05-31T12:22:01.000000+0000,2026-05-31T12:20:05.000000+0000,116
2026-06-01T05:47:31.000000+0000,2026-06-01T05:45:35.000000+0000,116
2025-05-23T12:00:55.000000+0000,2025-05-23T11:59:00.000000+0000,115
2025-05-31T01:28:00.000000+0000,2025-05-31T01:26:05.000000+0000,115
2025-06-12T00:28:00.000000+0000,2025-06-12T00:26:05.000000+0000,115
2025-09-11T11:58:32.000000+0000,2025-09-11T11:56:37.000000+0000,115
2025-09-13T05:47:32.000000+0000,2025-09-13T05:45:37.000000+0000,115
2025-09-20T02:17:33.000000+0000,2025-09-20T02:15:38.000000+0000,115
2025-09-20T16:07:01.000000+0000,2025-09-20T16:05:06.000000+0000,115
2025-09-20T23:07:01.000000+0000,2025-09-20T23:05:06.000000+0000,115
2025-09-23T07:07:01.000000+0000,2025-09-23T07:05:06.000000+0000,115
2025-09-23T14:07:01.000000+0000,2025-09-23T14:05:06.000000+0000,115
2025-09-25T01:17:32.000000+0000,2025-09-25T01:15:37.000000+0000,115
2025-09-26T01:47:33.000000+0000,2025-09-26T01:45:38.000000+0000,115
2025-09-28T06:17:33.000000+0000,2025-09-28T06:15:38.000000+0000,115
2025-09-29T12:13:32.000000+0000,2025-09-29T12:11:37.000000+0000,115
2025-09-30T17:47:35.000000+0000,2025-09-30T17:45:40.000000+0000,115
2025-10-01T14:59:01.000000+0000,2025-10-01T14:57:06.000000+0000,115
2025-10-28T21:17:30.000000+0000,2025-10-28T21:15:35.000000+0000,115
2025-10-31T19:44:31.000000+0000,2025-10-31T19:42:36.000000+0000,115
2025-10-31T22:47:33.000000+0000,2025-10-31T22:45:38.000000+0000,115
2025-11-02T09:47:33.000000+0000,2025-11-02T09:45:38.000000+0000,115
2025-11-04T14:44:31.000000+0000,2025-11-04T14:42:36.000000+0000,115
2025-11-06T22:18:32.000000+0000,2025-11-06T22:16:37.000000+0000,115
2025-11-07T19:18:00.000000+0000,2025-11-07T19:16:05.000000+0000,115
2025-11-11T00:07:00.000000+0000,2025-11-11T00:05:05.000000+0000,115
2025-11-15T09:07:00.000000+0000,2025-11-15T09:05:05.000000+0000,115
2025-11-15T09:44:31.000000+0000,2025-11-15T09:42:36.000000+0000,115
2025-11-17T13:37:00.000000+0000,2025-11-17T13:35:05.000000+0000,115
2025-11-18T22:13:32.000000+0000,2025-11-18T22:11:37.000000+0000,115
2025-11-19T10:07:00.000000+0000,2025-11-19T10:05:05.000000+0000,115
2025-11-19T17:07:00.000000+0000,2025-11-19T17:05:05.000000+0000,115
2025-11-22T22:18:05.000000+0000,2025-11-22T22:16:10.000000+0000,115
2025-11-28T09:38:32.000000+0000,2025-11-28T09:36:37.000000+0000,115
2025-12-01T22:04:09.000000+0000,2025-12-01T22:02:14.000000+0000,115
2025-12-02T01:34:36.000000+0000,2025-12-02T01:32:41.000000+0000,115
2025-12-12T18:07:00.000000+0000,2025-12-12T18:05:05.000000+0000,115
2025-12-13T08:07:00.000000+0000,2025-12-13T08:05:05.000000+0000,115
2025-12-15T02:07:00.000000+0000,2025-12-15T02:05:05.000000+0000,115
2025-12-16T13:18:00.000000+0000,2025-12-16T13:16:05.000000+0000,115
2025-12-17T03:07:00.000000+0000,2025-12-17T03:05:05.000000+0000,115
2025-12-18T07:07:00.000000+0000,2025-12-18T07:05:05.000000+0000,115
2025-12-19T04:18:00.000000+0000,2025-12-19T04:16:05.000000+0000,115
2025-12-19T13:34:00.000000+0000,2025-12-19T13:32:05.000000+0000,115
2025-12-19T18:07:00.000000+0000,2025-12-19T18:05:05.000000+0000,115
2025-12-21T12:07:00.000000+0000,2025-12-21T12:05:05.000000+0000,115
2025-12-21T19:18:00.000000+0000,2025-12-21T19:16:05.000000+0000,115
2025-12-27T08:07:00.000000+0000,2025-12-27T08:05:05.000000+0000,115
2025-12-27T15:07:00.000000+0000,2025-12-27T15:05:05.000000+0000,115
2025-12-28T19:18:00.000000+0000,2025-12-28T19:16:05.000000+0000,115
2025-12-31T10:18:00.000000+0000,2025-12-31T10:16:05.000000+0000,115
2026-01-03T15:07:00.000000+0000,2026-01-03T15:05:05.000000+0000,115
2026-01-04T14:24:00.000000+0000,2026-01-04T14:22:05.000000+0000,115
2026-01-06T20:18:00.000000+0000,2026-01-06T20:16:05.000000+0000,115
2026-01-07T17:18:31.000000+0000,2026-01-07T17:16:36.000000+0000,115
2026-01-10T22:17:31.000000+0000,2026-01-10T22:15:36.000000+0000,115
2026-01-11T19:17:31.000000+0000,2026-01-11T19:15:36.000000+0000,115
2026-01-12T09:18:01.000000+0000,2026-01-12T09:16:06.000000+0000,115
2026-01-21T18:07:00.000000+0000,2026-01-21T18:05:05.000000+0000,115
2026-01-21T21:37:00.000000+0000,2026-01-21T21:35:05.000000+0000,115
2026-01-22T08:07:00.000000+0000,2026-01-22T08:05:05.000000+0000,115
2026-01-22T18:37:00.000000+0000,2026-01-22T18:35:05.000000+0000,115
2026-01-23T05:07:00.000000+0000,2026-01-23T05:05:05.000000+0000,115
2026-01-24T05:47:00.000000+0000,2026-01-24T05:45:05.000000+0000,115
2026-01-24T16:07:00.000000+0000,2026-01-24T16:05:05.000000+0000,115
2026-01-26T06:37:00.000000+0000,2026-01-26T06:35:05.000000+0000,115
2026-01-26T10:07:00.000000+0000,2026-01-26T10:05:05.000000+0000,115
2026-01-28T04:07:00.000000+0000,2026-01-28T04:05:05.000000+0000,115
2026-01-28T21:37:00.000000+0000,2026-01-28T21:35:05.000000+0000,115
2026-01-29T08:07:00.000000+0000,2026-01-29T08:05:05.000000+0000,115
2026-01-29T18:37:00.000000+0000,2026-01-29T18:35:05.000000+0000,115
2026-01-30T05:07:00.000000+0000,2026-01-30T05:05:05.000000+0000,115
2026-01-30T12:07:00.000000+0000,2026-01-30T12:05:05.000000+0000,115
2026-01-30T22:37:00.000000+0000,2026-01-30T22:35:05.000000+0000,115
2026-01-31T16:07:00.000000+0000,2026-01-31T16:05:05.000000+0000,115
2026-02-26T11:47:30.000000+0000,2026-02-26T11:45:35.000000+0000,115
2026-03-06T21:42:00.000000+0000,2026-03-06T21:40:05.000000+0000,115
2026-03-12T10:42:00.000000+0000,2026-03-12T10:40:05.000000+0000,115
2026-03-14T11:42:00.000000+0000,2026-03-14T11:40:05.000000+0000,115
2026-03-19T03:42:00.000000+0000,2026-03-19T03:40:05.000000+0000,115
2026-03-19T17:42:00.000000+0000,2026-03-19T17:40:05.000000+0000,115
2026-03-25T11:42:00.000000+0000,2026-03-25T11:40:05.000000+0000,115
2026-04-15T16:47:00.000000+0000,2026-04-15T16:45:05.000000+0000,115
2026-04-15T23:47:00.000000+0000,2026-04-15T23:45:05.000000+0000,115
2026-04-16T10:07:00.000000+0000,2026-04-16T10:05:05.000000+0000,115
2026-04-16T17:17:00.000000+0000,2026-04-16T17:15:05.000000+0000,115
2026-04-16T20:47:00.000000+0000,2026-04-16T20:45:05.000000+0000,115
2026-04-17T07:17:00.000000+0000,2026-04-17T07:15:05.000000+0000,115
2026-04-17T09:02:01.000000+0000,2026-04-17T09:00:06.000000+0000,115
2026-04-18T00:47:00.000000+0000,2026-04-18T00:45:05.000000+0000,115
2026-04-18T07:47:00.000000+0000,2026-04-18T07:45:05.000000+0000,115
2026-04-18T21:47:00.000000+0000,2026-04-18T21:45:05.000000+0000,115
2026-04-19T04:47:00.000000+0000,2026-04-19T04:45:05.000000+0000,115
2026-04-19T08:17:00.000000+0000,2026-04-19T08:15:05.000000+0000,115
2026-04-19T11:47:00.000000+0000,2026-04-19T11:45:05.000000+0000,115
2026-04-19T18:47:00.000000+0000,2026-04-19T18:45:05.000000+0000,115
2026-04-20T10:52:32.000000+0000,2026-04-20T10:50:37.000000+0000,115
2026-04-20T22:47:00.000000+0000,2026-04-20T22:45:05.000000+0000,115
2026-04-21T05:47:00.000000+0000,2026-04-21T05:45:05.000000+0000,115
2026-04-22T06:17:00.000000+0000,2026-04-22T06:15:05.000000+0000,115
2026-04-22T11:22:31.000000+0000,2026-04-22T11:20:36.000000+0000,115
2026-04-22T16:47:00.000000+0000,2026-04-22T16:45:05.000000+0000,115
2026-04-22T23:47:00.000000+0000,2026-04-22T23:45:05.000000+0000,115
2026-04-23T07:22:31.000000+0000,2026-04-23T07:20:36.000000+0000,115
2026-04-24T00:17:00.000000+0000,2026-04-24T00:15:05.000000+0000,115
2026-04-24T02:12:31.000000+0000,2026-04-24T02:10:36.000000+0000,115
2026-04-24T03:47:00.000000+0000,2026-04-24T03:45:05.000000+0000,115
2026-04-24T09:02:01.000000+0000,2026-04-24T09:00:06.000000+0000,115
2026-04-24T21:22:00.000000+0000,2026-04-24T21:20:05.000000+0000,115
2026-04-26T18:52:00.000000+0000,2026-04-26T18:50:05.000000+0000,115
2026-04-27T21:07:00.000000+0000,2026-04-27T21:05:05.000000+0000,115
2026-04-28T10:52:00.000000+0000,2026-04-28T10:50:05.000000+0000,115
2026-04-29T13:22:00.000000+0000,2026-04-29T13:20:05.000000+0000,115
2026-04-29T15:07:00.000000+0000,2026-04-29T15:05:05.000000+0000,115
2026-04-30T10:22:00.000000+0000,2026-04-30T10:20:05.000000+0000,115
2026-04-30T12:07:00.000000+0000,2026-04-30T12:05:05.000000+0000,115
2026-05-03T08:22:00.000000+0000,2026-05-03T08:20:05.000000+0000,115
2026-05-04T00:17:00.000000+0000,2026-05-04T00:15:05.000000+0000,115
2026-05-05T09:12:30.000000+0000,2026-05-05T09:10:35.000000+0000,115
2026-05-07T01:47:00.000000+0000,2026-05-07T01:45:05.000000+0000,115
2026-05-07T12:07:00.000000+0000,2026-05-07T12:05:05.000000+0000,115
2026-05-07T15:47:00.000000+0000,2026-05-07T15:45:05.000000+0000,115
2026-05-07T22:47:00.000000+0000,2026-05-07T22:45:05.000000+0000,115
2026-05-10T03:07:00.000000+0000,2026-05-10T03:05:05.000000+0000,115
2026-05-14T01:47:00.000000+0000,2026-05-14T01:45:05.000000+0000,115
2026-05-14T15:47:30.000000+0000,2026-05-14T15:45:35.000000+0000,115
2026-05-14T22:47:00.000000+0000,2026-05-14T22:45:05.000000+0000,115
2026-05-15T00:43:00.000000+0000,2026-05-15T00:41:05.000000+0000,115
2026-05-15T19:47:00.000000+0000,2026-05-15T19:45:05.000000+0000,115
2026-05-16T06:07:00.000000+0000,2026-05-16T06:05:05.000000+0000,115
2026-05-16T19:57:00.000000+0000,2026-05-16T19:55:05.000000+0000,115
2026-05-19T16:22:00.000000+0000,2026-05-19T16:20:05.000000+0000,115
2026-05-25T22:52:31.000000+0000,2026-05-25T22:50:36.000000+0000,115
2026-05-26T02:12:31.000000+0000,2026-05-26T02:10:36.000000+0000,115
2026-05-30T04:52:31.000000+0000,2026-05-30T04:50:36.000000+0000,115
2026-05-31T17:37:34.000000+0000,2026-05-31T17:35:39.000000+0000,115
2026-06-01T13:02:02.000000+0000,2026-06-01T13:00:07.000000+0000,115
2026-06-02T09:32:01.000000+0000,2026-06-02T09:30:06.000000+0000,115
2025-09-15T06:47:31.000000+0000,2025-09-15T06:45:37.000000+0000,114
2025-09-21T06:17:32.000000+0000,2025-09-21T06:15:38.000000+0000,114
2025-09-26T12:17:33.000000+0000,2025-09-26T12:15:39.000000+0000,114
2025-09-26T15:47:33.000000+0000,2025-09-26T15:45:39.000000+0000,114
2025-09-27T23:17:31.000000+0000,2025-09-27T23:15:37.000000+0000,114
2025-09-28T23:47:33.000000+0000,2025-09-28T23:45:39.000000+0000,114
2025-10-30T18:47:32.000000+0000,2025-10-30T18:45:38.000000+0000,114
2025-10-31T15:47:32.000000+0000,2025-10-31T15:45:38.000000+0000,114
2025-11-02T20:23:32.000000+0000,2025-11-02T20:21:38.000000+0000,114
2025-11-03T10:17:32.000000+0000,2025-11-03T10:15:38.000000+0000,114
2025-11-04T03:47:32.000000+0000,2025-11-04T03:45:38.000000+0000,114
2025-11-04T07:17:32.000000+0000,2025-11-04T07:15:38.000000+0000,114
2025-11-04T14:07:00.000000+0000,2025-11-04T14:05:06.000000+0000,114
2025-11-06T18:47:32.000000+0000,2025-11-06T18:45:38.000000+0000,114
2025-11-10T20:47:32.000000+0000,2025-11-10T20:45:38.000000+0000,114
2025-11-12T00:47:32.000000+0000,2025-11-12T00:45:38.000000+0000,114
2025-11-14T12:44:31.000000+0000,2025-11-14T12:42:37.000000+0000,114
2025-11-18T07:18:00.000000+0000,2025-11-18T07:16:06.000000+0000,114
2025-11-20T10:47:32.000000+0000,2025-11-20T10:45:38.000000+0000,114
2025-11-23T07:13:33.000000+0000,2025-11-23T07:11:39.000000+0000,114
2025-11-24T13:19:03.000000+0000,2025-11-24T13:17:09.000000+0000,114
2025-11-26T23:04:40.000000+0000,2025-11-26T23:02:46.000000+0000,114
2025-11-27T09:34:35.000000+0000,2025-11-27T09:32:41.000000+0000,114
2025-11-28T00:58:34.000000+0000,2025-11-28T00:56:40.000000+0000,114
2025-11-29T03:14:35.000000+0000,2025-11-29T03:12:41.000000+0000,114
2025-12-01T02:28:35.000000+0000,2025-12-01T02:26:41.000000+0000,114
2025-12-01T18:34:39.000000+0000,2025-12-01T18:32:45.000000+0000,114
2025-12-12T14:47:30.000000+0000,2025-12-12T14:45:36.000000+0000,114
2025-12-12T21:47:31.000000+0000,2025-12-12T21:45:37.000000+0000,114
2025-12-13T11:47:31.000000+0000,2025-12-13T11:45:37.000000+0000,114
2025-12-16T00:52:00.000000+0000,2025-12-16T00:50:06.000000+0000,114
2025-12-16T23:47:32.000000+0000,2025-12-16T23:45:38.000000+0000,114
2025-12-28T15:47:31.000000+0000,2025-12-28T15:45:37.000000+0000,114
2026-01-01T14:17:31.000000+0000,2026-01-01T14:15:37.000000+0000,114
2026-01-04T19:17:30.000000+0000,2026-01-04T19:15:36.000000+0000,114
2026-01-09T18:17:30.000000+0000,2026-01-09T18:15:36.000000+0000,114
2026-01-11T08:00:54.000000+0000,2026-01-11T07:59:00.000000+0000,114
2026-02-11T18:07:00.000000+0000,2026-02-11T18:05:06.000000+0000,114
2026-04-13T21:02:00.000000+0000,2026-04-13T21:00:06.000000+0000,114
2026-04-28T13:02:00.000000+0000,2026-04-28T13:00:06.000000+0000,114
2026-05-21T20:42:31.000000+0000,2026-05-21T20:40:37.000000+0000,114
2026-05-24T01:22:31.000000+0000,2026-05-24T01:20:37.000000+0000,114
2026-05-28T06:52:30.000000+0000,2026-05-28T06:50:36.000000+0000,114
2026-05-30T01:32:00.000000+0000,2026-05-30T01:30:06.000000+0000,114
2026-06-08T06:32:00.000000+0000,2026-06-08T06:30:06.000000+0000,114
2025-03-28T09:32:00.000000+0000,2025-03-28T09:30:07.000000+0000,113
2025-06-06T00:27:35.000000+0000,2025-06-06T00:25:42.000000+0000,113
2025-09-13T02:17:31.000000+0000,2025-09-13T02:15:38.000000+0000,113
2025-09-17T07:47:31.000000+0000,2025-09-17T07:45:38.000000+0000,113
2025-09-18T15:17:31.000000+0000,2025-09-18T15:15:38.000000+0000,113
2025-09-19T05:17:31.000000+0000,2025-09-19T05:15:38.000000+0000,113
2025-09-21T20:17:31.000000+0000,2025-09-21T20:15:38.000000+0000,113
2025-09-23T00:17:31.000000+0000,2025-09-23T00:15:38.000000+0000,113
2025-09-25T08:17:31.000000+0000,2025-09-25T08:15:38.000000+0000,113
2025-09-26T05:17:31.000000+0000,2025-09-26T05:15:38.000000+0000,113
2025-09-27T16:17:31.000000+0000,2025-09-27T16:15:38.000000+0000,113
2025-10-01T04:17:32.000000+0000,2025-10-01T04:15:39.000000+0000,113
2025-10-02T01:17:32.000000+0000,2025-10-02T01:15:39.000000+0000,113
2025-10-30T11:47:31.000000+0000,2025-10-30T11:45:38.000000+0000,113
2025-11-03T20:47:32.000000+0000,2025-11-03T20:45:39.000000+0000,113
2025-11-04T00:18:33.000000+0000,2025-11-04T00:16:40.000000+0000,113
2025-11-08T02:06:32.000000+0000,2025-11-08T02:04:39.000000+0000,113
2025-11-08T19:47:31.000000+0000,2025-11-08T19:45:38.000000+0000,113
2025-11-10T22:33:02.000000+0000,2025-11-10T22:31:09.000000+0000,113
2025-11-11T07:17:31.000000+0000,2025-11-11T07:15:38.000000+0000,113
2025-11-17T06:47:31.000000+0000,2025-11-17T06:45:38.000000+0000,113
2025-11-23T03:54:05.000000+0000,2025-11-23T03:52:12.000000+0000,113
2025-11-23T09:19:03.000000+0000,2025-11-23T09:17:10.000000+0000,113
2025-11-23T19:17:40.000000+0000,2025-11-23T19:15:47.000000+0000,113
2025-11-25T15:34:07.000000+0000,2025-11-25T15:32:14.000000+0000,113
2025-11-26T05:02:57.000000+0000,2025-11-26T05:01:04.000000+0000,113
2025-11-28T03:05:09.000000+0000,2025-11-28T03:03:16.000000+0000,113
2025-11-28T09:01:25.000000+0000,2025-11-28T08:59:32.000000+0000,113
2025-12-01T05:58:32.000000+0000,2025-12-01T05:56:39.000000+0000,113
2025-12-02T22:12:45.000000+0000,2025-12-02T22:10:52.000000+0000,113
2025-12-16T02:47:30.000000+0000,2025-12-16T02:45:37.000000+0000,113
2025-12-16T16:47:31.000000+0000,2025-12-16T16:45:38.000000+0000,113
2025-12-27T11:47:32.000000+0000,2025-12-27T11:45:39.000000+0000,113
2026-01-03T11:47:31.000000+0000,2026-01-03T11:45:38.000000+0000,113
2026-01-12T14:43:31.000000+0000,2026-01-12T14:41:38.000000+0000,113
2026-05-18T12:32:00.000000+0000,2026-05-18T12:30:07.000000+0000,113
2026-05-25T05:12:30.000000+0000,2026-05-25T05:10:37.000000+0000,113
2025-05-22T08:00:55.000000+0000,2025-05-22T07:59:03.000000+0000,112
2025-06-07T05:08:53.000000+0000,2025-06-07T05:07:01.000000+0000,112
2025-09-25T15:17:30.000000+0000,2025-09-25T15:15:38.000000+0000,112
2025-09-29T20:47:32.000000+0000,2025-09-29T20:45:40.000000+0000,112
2025-10-01T00:47:31.000000+0000,2025-10-01T00:45:39.000000+0000,112
2025-11-11T16:03:37.000000+0000,2025-11-11T16:01:45.000000+0000,112
2025-11-15T02:17:33.000000+0000,2025-11-15T02:15:41.000000+0000,112
2025-11-20T07:07:32.000000+0000,2025-11-20T07:05:40.000000+0000,112
2025-11-20T17:18:40.000000+0000,2025-11-20T17:16:48.000000+0000,112
2025-11-21T07:18:05.000000+0000,2025-11-21T07:16:13.000000+0000,112
2025-11-22T18:47:40.000000+0000,2025-11-22T18:45:48.000000+0000,112
2025-11-24T18:03:00.000000+0000,2025-11-24T18:01:08.000000+0000,112
2025-11-26T20:58:32.000000+0000,2025-11-26T20:56:40.000000+0000,112
2025-11-29T11:47:37.000000+0000,2025-11-29T11:45:45.000000+0000,112
2025-11-29T17:24:01.000000+0000,2025-11-29T17:22:09.000000+0000,112
2025-11-30T10:33:40.000000+0000,2025-11-30T10:31:48.000000+0000,112
2025-12-01T07:54:01.000000+0000,2025-12-01T07:52:09.000000+0000,112
2025-12-02T18:01:25.000000+0000,2025-12-02T17:59:33.000000+0000,112
2025-12-26T11:17:33.000000+0000,2025-12-26T11:15:41.000000+0000,112
2026-01-05T09:17:31.000000+0000,2026-01-05T09:15:39.000000+0000,112
2026-03-25T01:32:31.000000+0000,2026-03-25T01:30:39.000000+0000,112
2026-04-09T08:32:32.000000+0000,2026-04-09T08:30:40.000000+0000,112
2025-06-09T19:05:38.000000+0000,2025-06-09T19:03:47.000000+0000,111
2025-06-09T23:48:52.000000+0000,2025-06-09T23:47:01.000000+0000,111
2025-06-12T01:04:34.000000+0000,2025-06-12T01:02:43.000000+0000,111
2025-09-27T09:17:32.000000+0000,2025-09-27T09:15:41.000000+0000,111
2025-10-02T03:35:37.000000+0000,2025-10-02T03:33:46.000000+0000,111
2025-10-02T08:17:31.000000+0000,2025-10-02T08:15:40.000000+0000,111
2025-11-01T12:47:32.000000+0000,2025-11-01T12:45:41.000000+0000,111
2025-11-01T19:47:33.000000+0000,2025-11-01T19:45:42.000000+0000,111
2025-11-02T02:47:32.000000+0000,2025-11-02T02:45:41.000000+0000,111
2025-11-05T11:17:32.000000+0000,2025-11-05T11:15:41.000000+0000,111
2025-11-16T09:58:31.000000+0000,2025-11-16T09:56:40.000000+0000,111
2025-11-21T11:17:36.000000+0000,2025-11-21T11:15:45.000000+0000,111
2025-11-24T05:47:36.000000+0000,2025-11-24T05:45:45.000000+0000,111
2025-11-24T11:02:01.000000+0000,2025-11-24T11:00:10.000000+0000,111
2025-11-25T09:47:36.000000+0000,2025-11-25T09:45:45.000000+0000,111
2025-12-16T04:42:35.000000+0000,2025-12-16T04:40:44.000000+0000,111
2025-12-20T22:17:31.000000+0000,2025-12-20T22:15:40.000000+0000,111
2025-12-28T01:47:31.000000+0000,2025-12-28T01:45:40.000000+0000,111
2025-12-29T14:12:32.000000+0000,2025-12-29T14:10:41.000000+0000,111
2026-01-05T18:12:32.000000+0000,2026-01-05T18:10:41.000000+0000,111
2026-01-06T01:12:32.000000+0000,2026-01-06T01:10:41.000000+0000,111
2026-01-08T16:12:32.000000+0000,2026-01-08T16:10:41.000000+0000,111
2026-05-16T00:52:32.000000+0000,2026-05-16T00:50:41.000000+0000,111
2025-06-04T07:08:52.000000+0000,2025-06-04T07:07:02.000000+0000,110
2025-10-31T01:47:31.000000+0000,2025-10-31T01:45:41.000000+0000,110
2025-11-01T05:47:32.000000+0000,2025-11-01T05:45:42.000000+0000,110
2025-11-02T13:17:31.000000+0000,2025-11-02T13:15:41.000000+0000,110
2025-11-04T10:47:31.000000+0000,2025-11-04T10:45:41.000000+0000,110
2025-11-04T21:17:31.000000+0000,2025-11-04T21:15:41.000000+0000,110
2025-11-05T00:47:31.000000+0000,2025-11-05T00:45:41.000000+0000,110
2025-11-05T14:47:32.000000+0000,2025-11-05T14:45:42.000000+0000,110
2025-11-12T07:47:31.000000+0000,2025-11-12T07:45:41.000000+0000,110
2025-11-19T13:47:31.000000+0000,2025-11-19T13:45:41.000000+0000,110
2025-11-22T14:04:07.000000+0000,2025-11-22T14:02:17.000000+0000,110
2025-11-23T15:47:36.000000+0000,2025-11-23T15:45:46.000000+0000,110
2025-11-24T01:03:49.000000+0000,2025-11-24T01:01:59.000000+0000,110
2025-11-24T17:50:54.000000+0000,2025-11-24T17:49:04.000000+0000,110
2025-11-25T21:50:54.000000+0000,2025-11-25T21:49:04.000000+0000,110
2025-11-27T02:12:43.000000+0000,2025-11-27T02:10:53.000000+0000,110
2025-11-27T15:05:08.000000+0000,2025-11-27T15:03:18.000000+0000,110
2025-11-27T23:23:31.000000+0000,2025-11-27T23:21:41.000000+0000,110
2025-12-02T20:17:35.000000+0000,2025-12-02T20:15:45.000000+0000,110
2025-12-12T04:17:30.000000+0000,2025-12-12T04:15:40.000000+0000,110
2025-12-23T23:47:31.000000+0000,2025-12-23T23:45:41.000000+0000,110
2026-01-06T08:12:31.000000+0000,2026-01-06T08:10:41.000000+0000,110
2026-01-08T01:52:31.000000+0000,2026-01-08T01:50:41.000000+0000,110
2026-04-22T06:32:31.000000+0000,2026-04-22T06:30:41.000000+0000,110
2026-05-23T16:32:32.000000+0000,2026-05-23T16:30:42.000000+0000,110
2025-05-30T02:53:55.000000+0000,2025-05-30T02:52:06.000000+0000,109
2025-06-09T16:48:36.000000+0000,2025-06-09T16:46:47.000000+0000,109
2025-06-11T13:57:32.000000+0000,2025-06-11T13:55:43.000000+0000,109
2025-11-04T17:47:30.000000+0000,2025-11-04T17:45:41.000000+0000,109
2025-11-12T02:20:49.000000+0000,2025-11-12T02:19:00.000000+0000,109
2025-11-14T15:47:31.000000+0000,2025-11-14T15:45:42.000000+0000,109
2025-11-18T20:17:31.000000+0000,2025-11-18T20:15:42.000000+0000,109
2025-11-20T14:23:07.000000+0000,2025-11-20T14:21:18.000000+0000,109
2025-11-20T23:02:00.000000+0000,2025-11-20T23:00:11.000000+0000,109
2025-11-21T20:23:33.000000+0000,2025-11-21T20:21:44.000000+0000,109
2025-11-22T01:17:34.000000+0000,2025-11-22T01:15:45.000000+0000,109
2025-11-22T08:17:33.000000+0000,2025-11-22T08:15:44.000000+0000,109
2025-12-02T04:53:33.000000+0000,2025-12-02T04:51:44.000000+0000,109
2025-12-02T15:44:35.000000+0000,2025-12-02T15:42:46.000000+0000,109
2025-12-03T17:17:36.000000+0000,2025-12-03T17:15:47.000000+0000,109
2025-12-03T20:47:35.000000+0000,2025-12-03T20:45:46.000000+0000,109
2026-01-13T04:42:33.000000+0000,2026-01-13T04:40:44.000000+0000,109
2026-01-26T08:00:50.000000+0000,2026-01-26T07:59:01.000000+0000,109
2026-04-15T01:02:32.000000+0000,2026-04-15T01:00:43.000000+0000,109
2026-05-25T05:00:49.000000+0000,2026-05-25T04:59:00.000000+0000,109
2026-05-26T02:00:50.000000+0000,2026-05-26T01:59:01.000000+0000,109
2025-09-21T13:06:33.000000+0000,2025-09-21T13:04:45.000000+0000,108
2025-11-05T07:47:30.000000+0000,2025-11-05T07:45:42.000000+0000,108
2025-11-08T00:42:36.000000+0000,2025-11-08T00:40:48.000000+0000,108
2025-11-17T01:42:34.000000+0000,2025-11-17T01:40:46.000000+0000,108
2025-11-19T12:12:33.000000+0000,2025-11-19T12:10:45.000000+0000,108
2025-11-21T17:03:50.000000+0000,2025-11-21T17:02:02.000000+0000,108
2025-11-26T17:17:32.000000+0000,2025-11-26T17:15:44.000000+0000,108
2025-11-27T14:27:32.000000+0000,2025-11-27T14:25:44.000000+0000,108
2025-12-03T05:01:59.000000+0000,2025-12-03T05:00:11.000000+0000,108
2025-12-04T02:03:22.000000+0000,2025-12-04T02:01:34.000000+0000,108
2025-12-25T19:42:32.000000+0000,2025-12-25T19:40:44.000000+0000,108
2026-01-04T10:42:32.000000+0000,2026-01-04T10:40:44.000000+0000,108
2026-01-05T00:42:32.000000+0000,2026-01-05T00:40:44.000000+0000,108
2026-04-10T02:02:32.000000+0000,2026-04-10T02:00:44.000000+0000,108
2026-04-14T04:02:32.000000+0000,2026-04-14T04:00:44.000000+0000,108
2026-04-22T16:00:48.000000+0000,2026-04-22T15:59:00.000000+0000,108
2025-05-28T07:30:48.000000+0000,2025-05-28T07:29:01.000000+0000,107
2025-10-26T06:06:32.000000+0000,2025-10-26T06:04:45.000000+0000,107
2025-10-31T03:42:33.000000+0000,2025-10-31T03:40:46.000000+0000,107
2025-11-02T11:42:33.000000+0000,2025-11-02T11:40:46.000000+0000,107
2025-11-25T08:01:58.000000+0000,2025-11-25T08:00:11.000000+0000,107
2025-11-27T19:32:45.000000+0000,2025-11-27T19:30:58.000000+0000,107
2025-11-28T02:53:32.000000+0000,2025-11-28T02:51:45.000000+0000,107
2025-11-30T17:32:44.000000+0000,2025-11-30T17:30:57.000000+0000,107
2025-12-22T14:42:32.000000+0000,2025-12-22T14:40:45.000000+0000,107
2026-01-05T07:32:37.000000+0000,2026-01-05T07:30:50.000000+0000,107
2026-04-10T09:02:31.000000+0000,2026-04-10T09:00:44.000000+0000,107
2026-04-23T13:00:47.000000+0000,2026-04-23T12:59:00.000000+0000,107
2026-04-25T04:00:47.000000+0000,2026-04-25T03:59:00.000000+0000,107
2026-05-01T21:00:47.000000+0000,2026-05-01T20:59:00.000000+0000,107
2026-05-05T09:00:47.000000+0000,2026-05-05T08:59:00.000000+0000,107
2026-05-08T21:00:47.000000+0000,2026-05-08T20:59:00.000000+0000,107
2026-05-25T12:00:48.000000+0000,2026-05-25T11:59:01.000000+0000,107
2025-06-01T02:08:48.000000+0000,2025-06-01T02:07:02.000000+0000,106
2025-06-06T07:56:52.000000+0000,2025-06-06T07:55:06.000000+0000,106
2025-09-25T04:32:32.000000+0000,2025-09-25T04:30:46.000000+0000,106
2025-11-17T18:50:46.000000+0000,2025-11-17T18:49:00.000000+0000,106
2025-11-23T07:01:56.000000+0000,2025-11-23T07:00:10.000000+0000,106
2025-11-23T17:44:34.000000+0000,2025-11-23T17:42:48.000000+0000,106
2025-11-28T20:23:34.000000+0000,2025-11-28T20:21:48.000000+0000,106
2025-11-30T02:08:34.000000+0000,2025-11-30T02:06:48.000000+0000,106
2025-12-09T18:32:35.000000+0000,2025-12-09T18:30:49.000000+0000,106
2025-12-31T01:32:35.000000+0000,2025-12-31T01:30:49.000000+0000,106
2026-01-12T11:12:32.000000+0000,2026-01-12T11:10:46.000000+0000,106
2026-05-26T20:02:32.000000+0000,2026-05-26T20:00:46.000000+0000,106
2025-02-10T09:51:18.000000+0000,2025-02-10T09:49:33.000000+0000,105
2025-06-07T19:08:48.000000+0000,2025-06-07T19:07:03.000000+0000,105
2025-09-13T12:32:34.000000+0000,2025-09-13T12:30:49.000000+0000,105
2025-11-04T23:02:41.000000+0000,2025-11-04T23:00:56.000000+0000,105
2025-11-12T02:32:36.000000+0000,2025-11-12T02:30:51.000000+0000,105
2025-11-18T14:50:47.000000+0000,2025-11-18T14:49:02.000000+0000,105
2025-11-19T05:02:41.000000+0000,2025-11-19T05:00:56.000000+0000,105
2025-11-27T16:01:55.000000+0000,2025-11-27T16:00:10.000000+0000,105
2025-11-27T16:13:33.000000+0000,2025-11-27T16:11:48.000000+0000,105
2025-12-03T10:38:36.000000+0000,2025-12-03T10:36:51.000000+0000,105
2025-12-04T01:51:51.000000+0000,2025-12-04T01:50:06.000000+0000,105
2025-12-15T14:20:46.000000+0000,2025-12-15T14:19:01.000000+0000,105
2026-01-01T12:32:34.000000+0000,2026-01-01T12:30:49.000000+0000,105
2026-01-03T13:32:34.000000+0000,2026-01-03T13:30:49.000000+0000,105
2026-01-05T21:20:46.000000+0000,2026-01-05T21:19:01.000000+0000,105
2026-01-05T21:32:34.000000+0000,2026-01-05T21:30:49.000000+0000,105
2026-01-09T23:32:33.000000+0000,2026-01-09T23:30:48.000000+0000,105
2026-04-29T07:02:31.000000+0000,2026-04-29T07:00:46.000000+0000,105
2026-05-13T21:30:45.000000+0000,2026-05-13T21:29:00.000000+0000,105
2026-05-14T18:30:45.000000+0000,2026-05-14T18:29:00.000000+0000,105
2026-05-19T13:02:33.000000+0000,2026-05-19T13:00:48.000000+0000,105
2026-06-01T21:00:46.000000+0000,2026-06-01T20:59:01.000000+0000,105
2025-06-02T05:46:51.000000+0000,2025-06-02T05:45:07.000000+0000,104
2025-10-02T12:35:38.000000+0000,2025-10-02T12:33:54.000000+0000,104
2025-11-17T22:01:14.000000+0000,2025-11-17T21:59:30.000000+0000,104
2025-11-18T22:50:44.000000+0000,2025-11-18T22:49:00.000000+0000,104
2025-11-29T03:02:49.000000+0000,2025-11-29T03:01:05.000000+0000,104
2025-12-12T23:20:45.000000+0000,2025-12-12T23:19:01.000000+0000,104
2025-12-15T14:32:34.000000+0000,2025-12-15T14:30:50.000000+0000,104
2025-12-19T23:20:45.000000+0000,2025-12-19T23:19:01.000000+0000,104
2025-12-19T23:32:34.000000+0000,2025-12-19T23:30:50.000000+0000,104
2025-12-24T05:02:37.000000+0000,2025-12-24T05:00:53.000000+0000,104
2025-12-31T01:20:44.000000+0000,2025-12-31T01:19:00.000000+0000,104
2026-01-03T13:20:44.000000+0000,2026-01-03T13:19:00.000000+0000,104
2026-01-13T01:12:32.000000+0000,2026-01-13T01:10:48.000000+0000,104
2026-03-15T12:00:44.000000+0000,2026-03-15T11:59:00.000000+0000,104
2026-03-18T03:00:44.000000+0000,2026-03-18T02:59:00.000000+0000,104
2026-04-06T10:00:44.000000+0000,2026-04-06T09:59:00.000000+0000,104
2025-11-13T15:06:48.000000+0000,2025-11-13T15:05:05.000000+0000,103
2025-11-18T06:20:46.000000+0000,2025-11-18T06:19:03.000000+0000,103
2025-11-20T08:50:43.000000+0000,2025-11-20T08:49:00.000000+0000,103
2025-11-26T01:41:50.000000+0000,2025-11-26T01:40:07.000000+0000,103
2025-12-02T08:02:49.000000+0000,2025-12-02T08:01:06.000000+0000,103
2025-12-03T15:21:50.000000+0000,2025-12-03T15:20:07.000000+0000,103
2025-12-24T04:50:46.000000+0000,2025-12-24T04:49:03.000000+0000,103
2026-01-01T12:20:44.000000+0000,2026-01-01T12:19:01.000000+0000,103
2026-01-05T07:20:44.000000+0000,2026-01-05T07:19:01.000000+0000,103
2026-01-07T19:02:37.000000+0000,2026-01-07T19:00:54.000000+0000,103
2026-01-08T01:40:45.000000+0000,2026-01-08T01:39:02.000000+0000,103
2026-03-23T23:00:43.000000+0000,2026-03-23T22:59:00.000000+0000,103
2026-04-12T20:00:43.000000+0000,2026-04-12T19:59:00.000000+0000,103
2026-04-28T18:02:30.000000+0000,2026-04-28T18:00:47.000000+0000,103
2026-05-05T13:02:31.000000+0000,2026-05-05T13:00:48.000000+0000,103
2026-05-25T02:02:31.000000+0000,2026-05-25T02:00:48.000000+0000,103
2025-05-29T15:15:45.000000+0000,2025-05-29T15:14:03.000000+0000,102
2025-11-20T13:45:47.000000+0000,2025-11-20T13:44:05.000000+0000,102
2025-11-25T04:41:49.000000+0000,2025-11-25T04:40:07.000000+0000,102
2025-11-30T17:21:13.000000+0000,2025-11-30T17:19:31.000000+0000,102
2025-12-11T20:20:44.000000+0000,2025-12-11T20:19:02.000000+0000,102
2025-12-11T23:02:35.000000+0000,2025-12-11T23:00:53.000000+0000,102
2026-01-10T03:02:36.000000+0000,2026-01-10T03:00:54.000000+0000,102
2026-01-10T10:02:36.000000+0000,2026-01-10T10:00:54.000000+0000,102
2026-01-11T20:50:43.000000+0000,2026-01-11T20:49:01.000000+0000,102
2026-01-16T23:35:44.000000+0000,2026-01-16T23:34:02.000000+0000,102
2026-04-21T18:02:30.000000+0000,2026-04-21T18:00:48.000000+0000,102
2026-05-06T02:30:42.000000+0000,2026-05-06T02:29:00.000000+0000,102
2025-06-11T17:47:45.000000+0000,2025-06-11T17:46:04.000000+0000,101
2025-11-17T19:01:51.000000+0000,2025-11-17T19:00:10.000000+0000,101
2025-11-22T01:05:48.000000+0000,2025-11-22T01:04:07.000000+0000,101
2025-11-28T12:15:44.000000+0000,2025-11-28T12:14:03.000000+0000,101
2025-11-30T02:45:46.000000+0000,2025-11-30T02:44:05.000000+0000,101
2025-12-03T17:05:53.000000+0000,2025-12-03T17:04:12.000000+0000,101
2025-12-25T10:58:42.000000+0000,2025-12-25T10:57:01.000000+0000,101
2026-01-10T09:50:41.000000+0000,2026-01-10T09:49:00.000000+0000,101
2026-01-11T21:02:34.000000+0000,2026-01-11T21:00:53.000000+0000,101
2026-04-17T20:30:41.000000+0000,2026-04-17T20:29:00.000000+0000,101
2026-04-18T03:30:41.000000+0000,2026-04-18T03:29:00.000000+0000,101
2026-04-20T04:30:41.000000+0000,2026-04-20T04:29:00.000000+0000,101
2026-04-21T03:30:41.000000+0000,2026-04-21T03:29:00.000000+0000,101
2026-04-23T16:30:41.000000+0000,2026-04-23T16:29:00.000000+0000,101
2026-05-03T16:30:41.000000+0000,2026-05-03T16:29:00.000000+0000,101
2026-05-14T21:50:41.000000+0000,2026-05-14T21:49:00.000000+0000,101
2026-05-15T01:20:41.000000+0000,2026-05-15T01:19:00.000000+0000,101
2026-05-16T00:40:41.000000+0000,2026-05-16T00:39:00.000000+0000,101
2026-05-21T20:30:41.000000+0000,2026-05-21T20:29:00.000000+0000,101
2025-11-04T22:50:43.000000+0000,2025-11-04T22:49:03.000000+0000,100
2025-11-05T06:01:50.000000+0000,2025-11-05T06:00:10.000000+0000,100
2025-11-07T06:15:41.000000+0000,2025-11-07T06:14:01.000000+0000,100
2025-11-14T00:01:50.000000+0000,2025-11-14T00:00:10.000000+0000,100
2025-11-19T04:50:43.000000+0000,2025-11-19T04:49:03.000000+0000,100
2025-11-19T13:35:40.000000+0000,2025-11-19T13:34:00.000000+0000,100
2025-11-24T15:55:46.000000+0000,2025-11-24T15:54:06.000000+0000,100
2025-11-29T20:31:48.000000+0000,2025-11-29T20:30:08.000000+0000,100
2025-12-09T18:20:42.000000+0000,2025-12-09T18:19:02.000000+0000,100
2025-12-11T22:50:42.000000+0000,2025-12-11T22:49:02.000000+0000,100
2026-01-05T03:50:41.000000+0000,2026-01-05T03:49:01.000000+0000,100
2026-01-10T02:50:41.000000+0000,2026-01-10T02:49:01.000000+0000,100
2026-03-13T00:30:40.000000+0000,2026-03-13T00:29:00.000000+0000,100
2026-03-15T08:30:40.000000+0000,2026-03-15T08:29:00.000000+0000,100
2026-04-19T14:30:41.000000+0000,2026-04-19T14:29:01.000000+0000,100
2026-04-23T23:30:40.000000+0000,2026-04-23T23:29:00.000000+0000,100
2026-05-14T14:50:41.000000+0000,2026-05-14T14:49:01.000000+0000,100
2026-05-15T08:20:40.000000+0000,2026-05-15T08:19:00.000000+0000,100
2025-11-06T10:02:39.000000+0000,2025-11-06T10:01:00.000000+0000,99
2025-11-21T11:05:53.000000+0000,2025-11-21T11:04:14.000000+0000,99
2025-11-22T08:05:46.000000+0000,2025-11-22T08:04:07.000000+0000,99
2025-11-23T17:21:46.000000+0000,2025-11-23T17:20:07.000000+0000,99
2025-11-24T09:06:48.000000+0000,2025-11-24T09:05:09.000000+0000,99
2025-11-24T21:21:46.000000+0000,2025-11-24T21:20:07.000000+0000,99
2025-11-26T12:33:47.000000+0000,2025-11-26T12:32:08.000000+0000,99
2025-11-27T12:21:46.000000+0000,2025-11-27T12:20:07.000000+0000,99
2025-12-03T11:15:46.000000+0000,2025-12-03T11:14:07.000000+0000,99
2026-01-09T23:20:41.000000+0000,2026-01-09T23:19:02.000000+0000,99
2026-03-07T04:30:39.000000+0000,2026-03-07T04:29:00.000000+0000,99
2026-03-12T17:30:39.000000+0000,2026-03-12T17:29:00.000000+0000,99
2026-04-05T14:30:39.000000+0000,2026-04-05T14:29:00.000000+0000,99
2026-05-14T05:02:31.000000+0000,2026-05-14T05:00:52.000000+0000,99
2026-05-22T21:20:39.000000+0000,2026-05-22T21:19:00.000000+0000,99
2025-11-11T07:05:39.000000+0000,2025-11-11T07:04:01.000000+0000,98
2025-11-19T00:45:38.000000+0000,2025-11-19T00:44:00.000000+0000,98
2025-11-20T09:01:48.000000+0000,2025-11-20T09:00:10.000000+0000,98
2025-11-21T07:42:45.000000+0000,2025-11-21T07:41:07.000000+0000,98
2025-11-23T01:46:44.000000+0000,2025-11-23T01:45:06.000000+0000,98
2025-11-23T12:16:45.000000+0000,2025-11-23T12:15:07.000000+0000,98
2025-11-28T00:46:45.000000+0000,2025-11-28T00:45:07.000000+0000,98
2025-12-01T06:35:43.000000+0000,2025-12-01T06:34:05.000000+0000,98
2025-12-01T22:41:10.000000+0000,2025-12-01T22:39:32.000000+0000,98
2025-12-02T11:31:46.000000+0000,2025-12-02T11:30:08.000000+0000,98
2026-01-07T18:50:40.000000+0000,2026-01-07T18:49:02.000000+0000,98
2026-03-10T16:30:39.000000+0000,2026-03-10T16:29:01.000000+0000,98
2026-04-27T12:20:39.000000+0000,2026-04-27T12:19:01.000000+0000,98
2026-05-24T01:10:38.000000+0000,2026-05-24T01:09:00.000000+0000,98
2026-05-25T22:40:39.000000+0000,2026-05-25T22:39:01.000000+0000,98
2026-05-28T17:20:39.000000+0000,2026-05-28T17:19:01.000000+0000,98
2026-05-31T23:50:40.000000+0000,2026-05-31T23:49:02.000000+0000,98
2025-05-22T01:00:08.000000+0000,2025-05-22T00:58:31.000000+0000,97
2025-06-02T10:00:09.000000+0000,2025-06-02T09:58:32.000000+0000,97
2025-06-06T00:15:41.000000+0000,2025-06-06T00:14:04.000000+0000,97
2025-06-08T13:15:40.000000+0000,2025-06-08T13:14:03.000000+0000,97
2025-07-09T12:10:40.000000+0000,2025-07-09T12:09:03.000000+0000,97
2025-09-11T12:35:37.000000+0000,2025-09-11T12:34:00.000000+0000,97
2025-09-16T13:55:10.000000+0000,2025-09-16T13:53:33.000000+0000,97
2025-09-18T15:05:37.000000+0000,2025-09-18T15:04:00.000000+0000,97
2025-09-29T20:35:38.000000+0000,2025-09-29T20:34:01.000000+0000,97
2025-09-30T17:35:38.000000+0000,2025-09-30T17:34:01.000000+0000,97
2025-10-30T11:35:37.000000+0000,2025-10-30T11:34:00.000000+0000,97
2025-11-02T02:35:37.000000+0000,2025-11-02T02:34:00.000000+0000,97
2025-11-02T09:35:37.000000+0000,2025-11-02T09:34:00.000000+0000,97
2025-11-03T20:35:40.000000+0000,2025-11-03T20:34:03.000000+0000,97
2025-11-04T03:35:37.000000+0000,2025-11-04T03:34:00.000000+0000,97
2025-11-04T07:05:40.000000+0000,2025-11-04T07:04:03.000000+0000,97
2025-11-15T02:05:37.000000+0000,2025-11-15T02:04:00.000000+0000,97
2025-11-18T22:01:44.000000+0000,2025-11-18T22:00:07.000000+0000,97
2025-11-22T06:21:44.000000+0000,2025-11-22T06:20:07.000000+0000,97
2025-11-26T20:46:43.000000+0000,2025-11-26T20:45:06.000000+0000,97
2025-12-01T18:11:45.000000+0000,2025-12-01T18:10:08.000000+0000,97
2025-12-22T06:45:38.000000+0000,2025-12-22T06:44:01.000000+0000,97
2026-03-13T21:30:37.000000+0000,2026-03-13T21:29:00.000000+0000,97
2026-03-15T22:30:37.000000+0000,2026-03-15T22:29:00.000000+0000,97
2026-03-24T21:30:37.000000+0000,2026-03-24T21:29:00.000000+0000,97
2026-03-27T10:30:37.000000+0000,2026-03-27T10:29:00.000000+0000,97
2026-03-29T11:30:37.000000+0000,2026-03-29T11:29:00.000000+0000,97
2026-04-03T21:30:37.000000+0000,2026-04-03T21:29:00.000000+0000,97
2026-04-15T21:50:38.000000+0000,2026-04-15T21:49:01.000000+0000,97
2026-05-04T20:20:37.000000+0000,2026-05-04T20:19:00.000000+0000,97
2026-05-05T01:35:37.000000+0000,2026-05-05T01:34:00.000000+0000,97
2026-05-24T18:40:37.000000+0000,2026-05-24T18:39:00.000000+0000,97
2026-05-25T01:50:37.000000+0000,2026-05-25T01:49:00.000000+0000,97
2026-05-30T04:40:38.000000+0000,2026-05-30T04:39:01.000000+0000,97
2025-05-20T03:15:36.000000+0000,2025-05-20T03:14:00.000000+0000,96
2025-05-31T05:08:36.000000+0000,2025-05-31T05:07:00.000000+0000,96
2025-06-06T08:45:08.000000+0000,2025-06-06T08:43:32.000000+0000,96
2025-06-15T23:30:07.000000+0000,2025-06-15T23:28:31.000000+0000,96
2025-08-26T08:30:07.000000+0000,2025-08-26T08:28:31.000000+0000,96
2025-09-15T02:55:09.000000+0000,2025-09-15T02:53:33.000000+0000,96
2025-09-18T12:35:37.000000+0000,2025-09-18T12:34:01.000000+0000,96
2025-09-25T01:05:37.000000+0000,2025-09-25T01:04:01.000000+0000,96
2025-09-26T01:35:37.000000+0000,2025-09-26T01:34:01.000000+0000,96
2025-09-27T16:55:06.000000+0000,2025-09-27T16:53:30.000000+0000,96
2025-09-29T03:05:38.000000+0000,2025-09-29T03:04:02.000000+0000,96
2025-09-29T12:01:45.000000+0000,2025-09-29T12:00:09.000000+0000,96
2025-10-31T01:35:40.000000+0000,2025-10-31T01:34:04.000000+0000,96
2025-11-02T13:05:40.000000+0000,2025-11-02T13:04:04.000000+0000,96
2025-11-05T00:35:40.000000+0000,2025-11-05T00:34:04.000000+0000,96
2025-11-05T14:35:40.000000+0000,2025-11-05T14:34:04.000000+0000,96
2025-11-10T22:21:06.000000+0000,2025-11-10T22:19:30.000000+0000,96
2025-11-16T14:05:40.000000+0000,2025-11-16T14:04:04.000000+0000,96
2025-11-21T21:01:08.000000+0000,2025-11-21T20:59:32.000000+0000,96
2025-11-23T09:56:42.000000+0000,2025-11-23T09:55:06.000000+0000,96
2025-11-25T02:46:11.000000+0000,2025-11-25T02:44:35.000000+0000,96
2025-11-26T17:05:43.000000+0000,2025-11-26T17:04:07.000000+0000,96
2026-03-14T18:30:37.000000+0000,2026-03-14T18:29:01.000000+0000,96
2026-03-18T20:30:37.000000+0000,2026-03-18T20:29:01.000000+0000,96
2026-03-27T17:30:37.000000+0000,2026-03-27T17:29:01.000000+0000,96
2026-04-01T23:30:37.000000+0000,2026-04-01T23:29:01.000000+0000,96
2026-04-06T19:30:37.000000+0000,2026-04-06T19:29:01.000000+0000,96
2026-04-12T14:30:37.000000+0000,2026-04-12T14:29:01.000000+0000,96
2026-04-21T17:50:36.000000+0000,2026-04-21T17:49:00.000000+0000,96
2026-05-04T06:20:36.000000+0000,2026-05-04T06:19:00.000000+0000,96
2026-05-04T13:20:36.000000+0000,2026-05-04T13:19:00.000000+0000,96
2026-05-16T18:00:07.000000+0000,2026-05-16T17:58:31.000000+0000,96
2026-05-20T03:50:36.000000+0000,2026-05-20T03:49:00.000000+0000,96
2026-05-31T05:00:07.000000+0000,2026-05-31T04:58:31.000000+0000,96
2025-05-24T12:21:05.000000+0000,2025-05-24T12:19:30.000000+0000,95
2025-05-30T15:45:07.000000+0000,2025-05-30T15:43:32.000000+0000,95
2025-06-01T13:15:37.000000+0000,2025-06-01T13:14:02.000000+0000,95
2025-06-03T23:46:08.000000+0000,2025-06-03T23:44:33.000000+0000,95
2025-06-04T04:05:07.000000+0000,2025-06-04T04:03:32.000000+0000,95
2025-06-04T07:45:07.000000+0000,2025-06-04T07:43:32.000000+0000,95
2025-06-04T11:25:38.000000+0000,2025-06-04T11:24:03.000000+0000,95
2025-06-07T13:06:08.000000+0000,2025-06-07T13:04:33.000000+0000,95
2025-06-08T23:40:07.000000+0000,2025-06-08T23:38:32.000000+0000,95
2025-09-19T05:05:37.000000+0000,2025-09-19T05:04:02.000000+0000,95
2025-09-19T19:05:37.000000+0000,2025-09-19T19:04:02.000000+0000,95
2025-09-20T08:55:06.000000+0000,2025-09-20T08:53:31.000000+0000,95
2025-09-26T19:05:37.000000+0000,2025-09-26T19:04:02.000000+0000,95
2025-09-28T09:35:37.000000+0000,2025-09-28T09:34:02.000000+0000,95
2025-09-29T06:35:38.000000+0000,2025-09-29T06:34:03.000000+0000,95
2025-10-01T14:35:37.000000+0000,2025-10-01T14:34:02.000000+0000,95
2025-11-02T10:25:05.000000+0000,2025-11-02T10:23:30.000000+0000,95
2025-11-03T16:55:05.000000+0000,2025-11-03T16:53:30.000000+0000,95
2025-11-04T23:40:06.000000+0000,2025-11-04T23:38:31.000000+0000,95
2025-11-06T10:40:06.000000+0000,2025-11-06T10:38:31.000000+0000,95
2025-11-08T01:55:05.000000+0000,2025-11-08T01:53:30.000000+0000,95
2025-11-08T10:40:06.000000+0000,2025-11-08T10:38:31.000000+0000,95
2025-11-08T10:51:41.000000+0000,2025-11-08T10:50:06.000000+0000,95
2025-11-09T11:31:42.000000+0000,2025-11-09T11:30:07.000000+0000,95
2025-11-11T08:40:06.000000+0000,2025-11-11T08:38:31.000000+0000,95
2025-11-11T15:40:06.000000+0000,2025-11-11T15:38:31.000000+0000,95
2025-11-13T08:16:06.000000+0000,2025-11-13T08:14:31.000000+0000,95
2025-11-13T14:55:05.000000+0000,2025-11-13T14:53:30.000000+0000,95
2025-11-14T15:35:40.000000+0000,2025-11-14T15:34:05.000000+0000,95
2025-11-14T20:40:06.000000+0000,2025-11-14T20:38:31.000000+0000,95
2025-11-16T21:40:06.000000+0000,2025-11-16T21:38:31.000000+0000,95
2025-11-17T09:55:05.000000+0000,2025-11-17T09:53:30.000000+0000,95
2025-11-18T05:31:42.000000+0000,2025-11-18T05:30:07.000000+0000,95
2025-11-18T20:55:05.000000+0000,2025-11-18T20:53:30.000000+0000,95
2025-11-19T05:40:06.000000+0000,2025-11-19T05:38:31.000000+0000,95
2025-11-20T06:55:38.000000+0000,2025-11-20T06:54:03.000000+0000,95
2025-11-20T10:35:39.000000+0000,2025-11-20T10:34:04.000000+0000,95
2025-11-21T20:11:41.000000+0000,2025-11-21T20:10:06.000000+0000,95
2025-11-28T20:11:42.000000+0000,2025-11-28T20:10:07.000000+0000,95
2025-11-29T17:01:07.000000+0000,2025-11-29T16:59:32.000000+0000,95
2025-11-30T19:16:41.000000+0000,2025-11-30T19:15:06.000000+0000,95
2025-12-02T22:01:07.000000+0000,2025-12-02T21:59:32.000000+0000,95
2025-12-12T17:55:05.000000+0000,2025-12-12T17:53:30.000000+0000,95
2025-12-13T07:55:05.000000+0000,2025-12-13T07:53:30.000000+0000,95
2025-12-15T15:10:06.000000+0000,2025-12-15T15:08:31.000000+0000,95
2025-12-15T15:55:05.000000+0000,2025-12-15T15:53:30.000000+0000,95
2025-12-16T00:40:06.000000+0000,2025-12-16T00:38:31.000000+0000,95
2025-12-17T23:55:05.000000+0000,2025-12-17T23:53:30.000000+0000,95
2025-12-18T13:55:05.000000+0000,2025-12-18T13:53:30.000000+0000,95
2025-12-24T14:35:35.000000+0000,2025-12-24T14:34:00.000000+0000,95
2025-12-24T17:05:35.000000+0000,2025-12-24T17:04:00.000000+0000,95
2025-12-26T04:05:35.000000+0000,2025-12-26T04:04:00.000000+0000,95
2025-12-27T11:35:35.000000+0000,2025-12-27T11:34:00.000000+0000,95
2025-12-28T01:35:36.000000+0000,2025-12-28T01:34:01.000000+0000,95
2025-12-31T02:10:06.000000+0000,2025-12-31T02:08:31.000000+0000,95
2026-01-01T14:55:05.000000+0000,2026-01-01T14:53:30.000000+0000,95
2026-01-03T14:55:05.000000+0000,2026-01-03T14:53:30.000000+0000,95
2026-01-05T08:10:06.000000+0000,2026-01-05T08:08:31.000000+0000,95
2026-01-07T03:55:05.000000+0000,2026-01-07T03:53:30.000000+0000,95
2026-01-07T21:45:36.000000+0000,2026-01-07T21:44:01.000000+0000,95
2026-03-06T11:00:06.000000+0000,2026-03-06T10:58:31.000000+0000,95
2026-03-15T19:00:06.000000+0000,2026-03-15T18:58:31.000000+0000,95
2026-03-16T23:00:06.000000+0000,2026-03-16T22:58:31.000000+0000,95
2026-03-17T06:00:06.000000+0000,2026-03-17T05:58:31.000000+0000,95
2026-03-21T11:30:37.000000+0000,2026-03-21T11:29:02.000000+0000,95
2026-03-22T13:00:06.000000+0000,2026-03-22T12:58:31.000000+0000,95
2026-03-23T02:00:06.000000+0000,2026-03-23T01:58:31.000000+0000,95
2026-03-25T08:00:06.000000+0000,2026-03-25T07:58:31.000000+0000,95
2026-03-25T22:00:06.000000+0000,2026-03-25T21:58:31.000000+0000,95
2026-03-26T01:30:05.000000+0000,2026-03-26T01:28:30.000000+0000,95
2026-03-27T02:00:06.000000+0000,2026-03-27T01:58:31.000000+0000,95
2026-04-01T13:00:06.000000+0000,2026-04-01T12:58:31.000000+0000,95
2026-04-22T08:00:07.000000+0000,2026-04-22T07:58:32.000000+0000,95
2026-04-22T11:10:36.000000+0000,2026-04-22T11:09:01.000000+0000,95
2026-04-24T21:10:05.000000+0000,2026-04-24T21:08:30.000000+0000,95
2026-04-26T14:20:36.000000+0000,2026-04-26T14:19:01.000000+0000,95
2026-05-18T01:30:06.000000+0000,2026-05-18T01:28:31.000000+0000,95
2026-05-19T12:50:36.000000+0000,2026-05-19T12:49:01.000000+0000,95
2026-05-26T19:50:37.000000+0000,2026-05-26T19:49:02.000000+0000,95
2026-05-28T06:40:36.000000+0000,2026-05-28T06:39:01.000000+0000,95
2026-05-30T12:50:36.000000+0000,2026-05-30T12:49:01.000000+0000,95
2026-06-01T17:20:40.000000+0000,2026-06-01T17:19:05.000000+0000,95
2025-02-10T06:34:11.000000+0000,2025-02-10T06:32:37.000000+0000,94
2025-05-27T21:15:36.000000+0000,2025-05-27T21:14:02.000000+0000,94
2025-05-30T07:36:07.000000+0000,2025-05-30T07:34:33.000000+0000,94
2025-05-31T11:46:07.000000+0000,2025-05-31T11:44:33.000000+0000,94
2025-06-01T05:16:07.000000+0000,2025-06-01T05:14:33.000000+0000,94
2025-06-01T12:38:36.000000+0000,2025-06-01T12:37:02.000000+0000,94
2025-06-02T03:15:07.000000+0000,2025-06-02T03:13:33.000000+0000,94
2025-06-02T23:16:41.000000+0000,2025-06-02T23:15:07.000000+0000,94
2025-06-04T17:16:07.000000+0000,2025-06-04T17:14:33.000000+0000,94
2025-06-08T09:45:06.000000+0000,2025-06-08T09:43:32.000000+0000,94
2025-06-08T15:46:36.000000+0000,2025-06-08T15:45:02.000000+0000,94
2025-06-09T12:57:35.000000+0000,2025-06-09T12:56:01.000000+0000,94
2025-06-11T20:46:06.000000+0000,2025-06-11T20:44:32.000000+0000,94
2025-06-12T18:40:06.000000+0000,2025-06-12T18:38:32.000000+0000,94
2025-06-15T09:40:06.000000+0000,2025-06-15T09:38:32.000000+0000,94
2025-06-15T16:28:36.000000+0000,2025-06-15T16:27:02.000000+0000,94
2025-09-15T16:55:06.000000+0000,2025-09-15T16:53:32.000000+0000,94
2025-09-17T07:35:37.000000+0000,2025-09-17T07:34:03.000000+0000,94
2025-09-17T08:25:05.000000+0000,2025-09-17T08:23:31.000000+0000,94
2025-09-18T00:55:06.000000+0000,2025-09-18T00:53:32.000000+0000,94
2025-09-24T00:35:36.000000+0000,2025-09-24T00:34:02.000000+0000,94
2025-09-24T04:05:35.000000+0000,2025-09-24T04:04:01.000000+0000,94
2025-09-25T18:35:36.000000+0000,2025-09-25T18:34:02.000000+0000,94
2025-09-27T16:05:37.000000+0000,2025-09-27T16:04:03.000000+0000,94
2025-09-27T23:05:36.000000+0000,2025-09-27T23:04:02.000000+0000,94
2025-09-30T00:16:35.000000+0000,2025-09-30T00:15:01.000000+0000,94
2025-10-01T07:35:37.000000+0000,2025-10-01T07:34:03.000000+0000,94
2025-10-30T07:55:05.000000+0000,2025-10-30T07:53:31.000000+0000,94
2025-10-30T12:25:05.000000+0000,2025-10-30T12:23:31.000000+0000,94
2025-10-31T02:25:05.000000+0000,2025-10-31T02:23:31.000000+0000,94
2025-10-31T23:25:05.000000+0000,2025-10-31T23:23:31.000000+0000,94
2025-11-01T05:35:34.000000+0000,2025-11-01T05:34:00.000000+0000,94
2025-11-01T10:40:06.000000+0000,2025-11-01T10:38:32.000000+0000,94
2025-11-01T13:25:05.000000+0000,2025-11-01T13:23:31.000000+0000,94
2025-11-01T20:25:05.000000+0000,2025-11-01T20:23:31.000000+0000,94
2025-11-02T05:55:05.000000+0000,2025-11-02T05:53:31.000000+0000,94
2025-11-02T13:55:05.000000+0000,2025-11-02T13:53:31.000000+0000,94
2025-11-03T10:05:37.000000+0000,2025-11-03T10:04:03.000000+0000,94
2025-11-03T10:55:05.000000+0000,2025-11-03T10:53:31.000000+0000,94
2025-11-03T18:40:06.000000+0000,2025-11-03T18:38:32.000000+0000,94
2025-11-03T21:25:05.000000+0000,2025-11-03T21:23:31.000000+0000,94
2025-11-04T08:40:06.000000+0000,2025-11-04T08:38:32.000000+0000,94
2025-11-04T17:35:37.000000+0000,2025-11-04T17:34:03.000000+0000,94
2025-11-04T18:25:05.000000+0000,2025-11-04T18:23:31.000000+0000,94
2025-11-04T21:55:05.000000+0000,2025-11-04T21:53:31.000000+0000,94
2025-11-06T05:35:37.000000+0000,2025-11-06T05:34:03.000000+0000,94
2025-11-06T14:55:05.000000+0000,2025-11-06T14:53:31.000000+0000,94
2025-11-06T19:25:05.000000+0000,2025-11-06T19:23:31.000000+0000,94
2025-11-08T05:46:05.000000+0000,2025-11-08T05:44:31.000000+0000,94
2025-11-08T15:55:05.000000+0000,2025-11-08T15:53:31.000000+0000,94
2025-11-08T19:35:37.000000+0000,2025-11-08T19:34:03.000000+0000,94
2025-11-09T23:46:05.000000+0000,2025-11-09T23:44:31.000000+0000,94
2025-11-10T16:55:05.000000+0000,2025-11-10T16:53:31.000000+0000,94
2025-11-10T23:55:05.000000+0000,2025-11-10T23:53:31.000000+0000,94
2025-11-11T08:51:39.000000+0000,2025-11-11T08:50:05.000000+0000,94
2025-11-11T20:55:05.000000+0000,2025-11-11T20:53:31.000000+0000,94
2025-11-12T03:10:06.000000+0000,2025-11-12T03:08:32.000000+0000,94
2025-11-12T04:16:05.000000+0000,2025-11-12T04:14:31.000000+0000,94
2025-11-13T01:06:05.000000+0000,2025-11-13T01:04:31.000000+0000,94
2025-11-13T16:40:06.000000+0000,2025-11-13T16:38:32.000000+0000,94
2025-11-13T21:55:05.000000+0000,2025-11-13T21:53:31.000000+0000,94
2025-11-14T06:40:06.000000+0000,2025-11-14T06:38:32.000000+0000,94
2025-11-14T18:55:05.000000+0000,2025-11-14T18:53:31.000000+0000,94
2025-11-15T15:55:06.000000+0000,2025-11-15T15:53:32.000000+0000,94
2025-11-15T22:55:05.000000+0000,2025-11-15T22:53:31.000000+0000,94
2025-11-17T11:40:06.000000+0000,2025-11-17T11:38:32.000000+0000,94
2025-11-18T01:40:06.000000+0000,2025-11-18T01:38:32.000000+0000,94
2025-11-18T04:35:37.000000+0000,2025-11-18T04:34:03.000000+0000,94
2025-11-18T20:05:34.000000+0000,2025-11-18T20:04:00.000000+0000,94
2025-11-19T16:55:05.000000+0000,2025-11-19T16:53:31.000000+0000,94
2025-11-23T19:05:44.000000+0000,2025-11-23T19:04:10.000000+0000,94
2025-11-24T05:35:45.000000+0000,2025-11-24T05:34:11.000000+0000,94
2025-11-24T23:16:41.000000+0000,2025-11-24T23:15:07.000000+0000,94
2025-11-26T06:46:40.000000+0000,2025-11-26T06:45:06.000000+0000,94
2025-11-28T11:26:39.000000+0000,2025-11-28T11:25:05.000000+0000,94
2025-11-29T12:25:06.000000+0000,2025-11-29T12:23:32.000000+0000,94
2025-11-30T22:56:39.000000+0000,2025-11-30T22:55:05.000000+0000,94
2025-12-01T05:46:40.000000+0000,2025-12-01T05:45:06.000000+0000,94
2025-12-03T03:16:40.000000+0000,2025-12-03T03:15:06.000000+0000,94
2025-12-04T00:16:55.000000+0000,2025-12-04T00:15:21.000000+0000,94
2025-12-11T13:55:05.000000+0000,2025-12-11T13:53:31.000000+0000,94
2025-12-11T23:40:06.000000+0000,2025-12-11T23:38:32.000000+0000,94
2025-12-12T04:55:05.000000+0000,2025-12-12T04:53:31.000000+0000,94
2025-12-12T22:25:05.000000+0000,2025-12-12T22:23:31.000000+0000,94
2025-12-13T00:10:06.000000+0000,2025-12-13T00:08:32.000000+0000,94
2025-12-13T21:55:05.000000+0000,2025-12-13T21:53:31.000000+0000,94
2025-12-14T09:35:34.000000+0000,2025-12-14T09:34:00.000000+0000,94
2025-12-17T02:55:05.000000+0000,2025-12-17T02:53:31.000000+0000,94
2025-12-17T06:46:05.000000+0000,2025-12-17T06:44:31.000000+0000,94
2025-12-17T13:46:05.000000+0000,2025-12-17T13:44:31.000000+0000,94
2025-12-18T06:55:05.000000+0000,2025-12-18T06:53:31.000000+0000,94
2025-12-19T17:55:05.000000+0000,2025-12-19T17:53:31.000000+0000,94
2025-12-20T00:10:06.000000+0000,2025-12-20T00:08:32.000000+0000,94
2025-12-20T07:55:05.000000+0000,2025-12-20T07:53:31.000000+0000,94
2025-12-22T12:46:05.000000+0000,2025-12-22T12:44:31.000000+0000,94
2025-12-22T15:55:05.000000+0000,2025-12-22T15:53:31.000000+0000,94
2025-12-23T23:35:36.000000+0000,2025-12-23T23:34:02.000000+0000,94
2025-12-24T02:55:05.000000+0000,2025-12-24T02:53:31.000000+0000,94
2025-12-24T05:40:06.000000+0000,2025-12-24T05:38:32.000000+0000,94
2025-12-27T14:55:05.000000+0000,2025-12-27T14:53:31.000000+0000,94
2025-12-28T04:55:05.000000+0000,2025-12-28T04:53:31.000000+0000,94
2025-12-28T11:55:05.000000+0000,2025-12-28T11:53:31.000000+0000,94
2025-12-30T03:25:05.000000+0000,2025-12-30T03:23:31.000000+0000,94
2025-12-31T02:55:05.000000+0000,2025-12-31T02:53:31.000000+0000,94
2026-01-02T11:55:05.000000+0000,2026-01-02T11:53:31.000000+0000,94
2026-01-04T08:35:36.000000+0000,2026-01-04T08:34:02.000000+0000,94
2026-01-04T12:55:05.000000+0000,2026-01-04T12:53:31.000000+0000,94
2026-01-05T05:35:34.000000+0000,2026-01-05T05:34:00.000000+0000,94
2026-01-05T11:01:41.000000+0000,2026-01-05T11:00:07.000000+0000,94
2026-01-06T06:05:34.000000+0000,2026-01-06T06:04:00.000000+0000,94
2026-01-07T19:40:06.000000+0000,2026-01-07T19:38:32.000000+0000,94
2026-01-08T00:55:05.000000+0000,2026-01-08T00:53:31.000000+0000,94
2026-01-09T15:25:05.000000+0000,2026-01-09T15:23:31.000000+0000,94
2026-01-10T00:10:06.000000+0000,2026-01-10T00:08:32.000000+0000,94
2026-01-10T00:55:05.000000+0000,2026-01-10T00:53:31.000000+0000,94
2026-01-10T11:46:06.000000+0000,2026-01-10T11:44:32.000000+0000,94
2026-01-10T15:16:05.000000+0000,2026-01-10T15:14:31.000000+0000,94
2026-01-11T16:25:05.000000+0000,2026-01-11T16:23:31.000000+0000,94
2026-01-11T21:40:06.000000+0000,2026-01-11T21:38:32.000000+0000,94
2026-01-12T23:05:34.000000+0000,2026-01-12T23:04:00.000000+0000,94
2026-01-29T16:40:05.000000+0000,2026-01-29T16:38:31.000000+0000,94
2026-02-18T09:00:06.000000+0000,2026-02-18T08:58:32.000000+0000,94
2026-03-06T14:30:05.000000+0000,2026-03-06T14:28:31.000000+0000,94
2026-03-07T08:00:06.000000+0000,2026-03-07T07:58:32.000000+0000,94
2026-03-07T18:30:05.000000+0000,2026-03-07T18:28:31.000000+0000,94
2026-03-08T12:00:06.000000+0000,2026-03-08T11:58:32.000000+0000,94
2026-03-11T20:30:05.000000+0000,2026-03-11T20:28:31.000000+0000,94
2026-03-13T18:00:06.000000+0000,2026-03-13T17:58:32.000000+0000,94
2026-03-14T08:00:06.000000+0000,2026-03-14T07:58:32.000000+0000,94
2026-03-14T11:30:05.000000+0000,2026-03-14T11:28:31.000000+0000,94
2026-03-19T01:00:06.000000+0000,2026-03-19T00:58:32.000000+0000,94
2026-03-20T21:30:05.000000+0000,2026-03-20T21:28:31.000000+0000,94
2026-03-21T08:00:06.000000+0000,2026-03-21T07:58:32.000000+0000,94
2026-03-22T05:00:06.000000+0000,2026-03-22T04:58:32.000000+0000,94
2026-03-23T16:00:06.000000+0000,2026-03-23T15:58:32.000000+0000,94
2026-03-24T18:00:06.000000+0000,2026-03-24T17:58:32.000000+0000,94
2026-03-25T09:00:06.000000+0000,2026-03-25T08:58:32.000000+0000,94
2026-03-26T12:00:06.000000+0000,2026-03-26T11:58:32.000000+0000,94
2026-03-28T07:30:05.000000+0000,2026-03-28T07:28:31.000000+0000,94
2026-03-30T08:30:05.000000+0000,2026-03-30T08:28:31.000000+0000,94
2026-03-30T12:00:06.000000+0000,2026-03-30T11:58:32.000000+0000,94
2026-03-30T15:30:05.000000+0000,2026-03-30T15:28:31.000000+0000,94
2026-03-31T16:00:06.000000+0000,2026-03-31T15:58:32.000000+0000,94
2026-04-13T10:20:34.000000+0000,2026-04-13T10:19:00.000000+0000,94
2026-04-15T11:31:05.000000+0000,2026-04-15T11:29:31.000000+0000,94
2026-04-16T01:31:05.000000+0000,2026-04-16T01:29:31.000000+0000,94
2026-04-16T13:35:05.000000+0000,2026-04-16T13:33:31.000000+0000,94
2026-04-16T17:05:05.000000+0000,2026-04-16T17:03:31.000000+0000,94
2026-04-17T10:35:05.000000+0000,2026-04-17T10:33:31.000000+0000,94
2026-04-19T20:30:06.000000+0000,2026-04-19T20:28:32.000000+0000,94
2026-04-20T03:30:06.000000+0000,2026-04-20T03:28:32.000000+0000,94
2026-04-24T12:35:05.000000+0000,2026-04-24T12:33:31.000000+0000,94
2026-04-26T18:40:05.000000+0000,2026-04-26T18:38:31.000000+0000,94
2026-04-29T13:10:05.000000+0000,2026-04-29T13:08:31.000000+0000,94
2026-04-29T23:30:06.000000+0000,2026-04-29T23:28:32.000000+0000,94
2026-04-30T10:10:05.000000+0000,2026-04-30T10:08:31.000000+0000,94
2026-05-03T08:10:05.000000+0000,2026-05-03T08:08:31.000000+0000,94
2026-05-07T06:20:05.000000+0000,2026-05-07T06:18:31.000000+0000,94
2026-05-15T22:45:05.000000+0000,2026-05-15T22:43:31.000000+0000,94
2026-05-17T23:45:05.000000+0000,2026-05-17T23:43:31.000000+0000,94
2026-05-18T17:15:36.000000+0000,2026-05-18T17:14:02.000000+0000,94
2026-05-20T23:30:06.000000+0000,2026-05-20T23:28:32.000000+0000,94
2026-05-21T13:20:05.000000+0000,2026-05-21T13:18:31.000000+0000,94
2026-05-26T09:31:05.000000+0000,2026-05-26T09:29:31.000000+0000,94
2026-05-26T16:31:05.000000+0000,2026-05-26T16:29:31.000000+0000,94
2026-05-27T10:53:05.000000+0000,2026-05-27T10:51:31.000000+0000,94
2026-06-01T03:23:34.000000+0000,2026-06-01T03:22:00.000000+0000,94
2026-06-01T14:14:05.000000+0000,2026-06-01T14:12:31.000000+0000,94
2025-05-16T14:16:33.000000+0000,2025-05-16T14:15:00.000000+0000,93
2025-05-21T14:19:33.000000+0000,2025-05-21T14:18:00.000000+0000,93
2025-05-22T04:19:03.000000+0000,2025-05-22T04:17:30.000000+0000,93
2025-05-22T07:49:03.000000+0000,2025-05-22T07:47:30.000000+0000,93
2025-05-24T12:45:36.000000+0000,2025-05-24T12:44:03.000000+0000,93
2025-05-25T23:18:33.000000+0000,2025-05-25T23:17:00.000000+0000,93
2025-05-26T02:38:04.000000+0000,2025-05-26T02:36:31.000000+0000,93
2025-05-28T07:19:04.000000+0000,2025-05-28T07:17:31.000000+0000,93
2025-05-28T21:19:04.000000+0000,2025-05-28T21:17:31.000000+0000,93
2025-05-31T15:27:37.000000+0000,2025-05-31T15:26:04.000000+0000,93
2025-06-03T20:16:08.000000+0000,2025-06-03T20:14:35.000000+0000,93
2025-06-06T04:01:41.000000+0000,2025-06-06T04:00:08.000000+0000,93
2025-06-07T05:45:36.000000+0000,2025-06-07T05:44:03.000000+0000,93
2025-06-10T16:46:05.000000+0000,2025-06-10T16:44:32.000000+0000,93
2025-06-11T00:35:06.000000+0000,2025-06-11T00:33:33.000000+0000,93
2025-06-14T12:07:33.000000+0000,2025-06-14T12:06:00.000000+0000,93
2025-06-14T12:19:04.000000+0000,2025-06-14T12:17:31.000000+0000,93
2025-06-23T17:06:04.000000+0000,2025-06-23T17:04:31.000000+0000,93
2025-07-02T18:06:03.000000+0000,2025-07-02T18:04:30.000000+0000,93
2025-07-09T04:06:03.000000+0000,2025-07-09T04:04:30.000000+0000,93
2025-07-09T11:48:04.000000+0000,2025-07-09T11:46:31.000000+0000,93
2025-07-11T19:06:04.000000+0000,2025-07-11T19:04:31.000000+0000,93
2025-07-12T09:06:04.000000+0000,2025-07-12T09:04:31.000000+0000,93
2025-07-17T15:17:33.000000+0000,2025-07-17T15:16:00.000000+0000,93
2025-07-23T11:06:33.000000+0000,2025-07-23T11:05:00.000000+0000,93
2025-07-23T18:06:33.000000+0000,2025-07-23T18:05:00.000000+0000,93
2025-07-25T12:06:04.000000+0000,2025-07-25T12:04:31.000000+0000,93
2025-07-26T23:06:04.000000+0000,2025-07-26T23:04:31.000000+0000,93
2025-07-27T06:06:33.000000+0000,2025-07-27T06:05:00.000000+0000,93
2025-07-30T11:06:33.000000+0000,2025-07-30T11:05:00.000000+0000,93
2025-08-02T16:17:33.000000+0000,2025-08-02T16:16:00.000000+0000,93
2025-08-04T17:06:04.000000+0000,2025-08-04T17:04:31.000000+0000,93
2025-08-06T04:06:34.000000+0000,2025-08-06T04:05:01.000000+0000,93
2025-08-07T08:06:33.000000+0000,2025-08-07T08:05:00.000000+0000,93
2025-08-16T23:06:33.000000+0000,2025-08-16T23:05:00.000000+0000,93
2025-08-19T21:17:33.000000+0000,2025-08-19T21:16:00.000000+0000,93
2025-08-21T15:06:33.000000+0000,2025-08-21T15:05:00.000000+0000,93
2025-08-22T01:58:04.000000+0000,2025-08-22T01:56:31.000000+0000,93
2025-08-22T18:55:04.000000+0000,2025-08-22T18:53:31.000000+0000,93
2025-08-24T06:17:33.000000+0000,2025-08-24T06:16:00.000000+0000,93
2025-08-25T03:06:33.000000+0000,2025-08-25T03:05:00.000000+0000,93
2025-08-27T04:06:04.000000+0000,2025-08-27T04:04:31.000000+0000,93
2025-08-28T22:06:33.000000+0000,2025-08-28T22:05:00.000000+0000,93
2025-08-30T08:55:03.000000+0000,2025-08-30T08:53:30.000000+0000,93
2025-09-03T10:55:04.000000+0000,2025-09-03T10:53:31.000000+0000,93
2025-09-12T04:55:04.000000+0000,2025-09-12T04:53:31.000000+0000,93
2025-09-13T11:55:04.000000+0000,2025-09-13T11:53:31.000000+0000,93
2025-09-15T10:06:33.000000+0000,2025-09-15T10:05:00.000000+0000,93
2025-09-17T10:55:04.000000+0000,2025-09-17T10:53:31.000000+0000,93
2025-09-21T12:55:04.000000+0000,2025-09-21T12:53:31.000000+0000,93
2025-09-25T03:55:03.000000+0000,2025-09-25T03:53:30.000000+0000,93
2025-09-25T08:05:36.000000+0000,2025-09-25T08:04:03.000000+0000,93
2025-09-25T08:55:06.000000+0000,2025-09-25T08:53:33.000000+0000,93
2025-09-26T08:57:33.000000+0000,2025-09-26T08:56:00.000000+0000,93
2025-09-26T12:05:36.000000+0000,2025-09-26T12:04:03.000000+0000,93
2025-09-27T19:46:34.000000+0000,2025-09-27T19:45:01.000000+0000,93
2025-09-28T06:55:04.000000+0000,2025-09-28T06:53:31.000000+0000,93
2025-09-30T14:06:33.000000+0000,2025-09-30T14:05:00.000000+0000,93
2025-10-02T01:06:05.000000+0000,2025-10-02T01:04:32.000000+0000,93
2025-10-02T01:55:04.000000+0000,2025-10-02T01:53:31.000000+0000,93
2025-10-02T08:05:37.000000+0000,2025-10-02T08:04:04.000000+0000,93
2025-10-02T11:46:05.000000+0000,2025-10-02T11:44:32.000000+0000,93
2025-10-22T17:55:04.000000+0000,2025-10-22T17:53:31.000000+0000,93
2025-10-24T12:06:33.000000+0000,2025-10-24T12:05:00.000000+0000,93
2025-10-27T07:25:03.000000+0000,2025-10-27T07:23:30.000000+0000,93
2025-10-28T21:55:04.000000+0000,2025-10-28T21:53:31.000000+0000,93
2025-10-30T14:55:05.000000+0000,2025-10-30T14:53:32.000000+0000,93
2025-10-30T18:35:34.000000+0000,2025-10-30T18:34:01.000000+0000,93
2025-10-31T04:55:05.000000+0000,2025-10-31T04:53:32.000000+0000,93
2025-11-01T01:55:05.000000+0000,2025-11-01T01:53:32.000000+0000,93
2025-11-01T08:55:05.000000+0000,2025-11-01T08:53:32.000000+0000,93
2025-11-01T12:35:37.000000+0000,2025-11-01T12:34:04.000000+0000,93
2025-11-01T16:06:05.000000+0000,2025-11-01T16:04:32.000000+0000,93
2025-11-01T22:55:05.000000+0000,2025-11-01T22:53:32.000000+0000,93
2025-11-03T23:55:05.000000+0000,2025-11-03T23:53:32.000000+0000,93
2025-11-04T07:55:05.000000+0000,2025-11-04T07:53:32.000000+0000,93
2025-11-04T11:25:05.000000+0000,2025-11-04T11:23:32.000000+0000,93
2025-11-04T13:55:05.000000+0000,2025-11-04T13:53:32.000000+0000,93
2025-11-05T01:25:05.000000+0000,2025-11-05T01:23:32.000000+0000,93
2025-11-05T07:35:37.000000+0000,2025-11-05T07:34:04.000000+0000,93
2025-11-05T08:25:05.000000+0000,2025-11-05T08:23:32.000000+0000,93
2025-11-05T11:55:05.000000+0000,2025-11-05T11:53:32.000000+0000,93
2025-11-05T22:18:33.000000+0000,2025-11-05T22:17:00.000000+0000,93
2025-11-06T21:55:05.000000+0000,2025-11-06T21:53:32.000000+0000,93
2025-11-07T11:55:05.000000+0000,2025-11-07T11:53:32.000000+0000,93
2025-11-09T05:55:05.000000+0000,2025-11-09T05:53:32.000000+0000,93
2025-11-10T20:35:34.000000+0000,2025-11-10T20:34:01.000000+0000,93
2025-11-12T00:35:36.000000+0000,2025-11-12T00:34:03.000000+0000,93
2025-11-12T10:55:05.000000+0000,2025-11-12T10:53:32.000000+0000,93
2025-11-12T17:55:05.000000+0000,2025-11-12T17:53:32.000000+0000,93
2025-11-13T11:46:05.000000+0000,2025-11-13T11:44:32.000000+0000,93
2025-11-14T02:20:07.000000+0000,2025-11-14T02:18:34.000000+0000,93
2025-11-14T04:55:05.000000+0000,2025-11-14T04:53:32.000000+0000,93
2025-11-14T11:55:05.000000+0000,2025-11-14T11:53:32.000000+0000,93
2025-11-15T08:55:05.000000+0000,2025-11-15T08:53:32.000000+0000,93
2025-11-16T05:55:05.000000+0000,2025-11-16T05:53:32.000000+0000,93
2025-11-16T13:16:05.000000+0000,2025-11-16T13:14:32.000000+0000,93
2025-11-16T19:55:05.000000+0000,2025-11-16T19:53:32.000000+0000,93
2025-11-17T00:35:37.000000+0000,2025-11-17T00:34:04.000000+0000,93
2025-11-17T07:25:05.000000+0000,2025-11-17T07:23:32.000000+0000,93
2025-11-17T13:25:05.000000+0000,2025-11-17T13:23:32.000000+0000,93
2025-11-17T16:55:05.000000+0000,2025-11-17T16:53:32.000000+0000,93
2025-11-17T23:55:05.000000+0000,2025-11-17T23:53:32.000000+0000,93
2025-11-18T12:55:05.000000+0000,2025-11-18T12:53:32.000000+0000,93
2025-11-23T16:25:06.000000+0000,2025-11-23T16:23:33.000000+0000,93
2025-11-29T02:51:06.000000+0000,2025-11-29T02:49:33.000000+0000,93
2025-11-29T11:35:40.000000+0000,2025-11-29T11:34:07.000000+0000,93
2025-11-30T01:56:39.000000+0000,2025-11-30T01:55:06.000000+0000,93
2025-11-30T10:21:40.000000+0000,2025-11-30T10:20:07.000000+0000,93
2025-12-01T02:16:39.000000+0000,2025-12-01T02:15:06.000000+0000,93
2025-12-11T19:31:40.000000+0000,2025-12-11T19:30:07.000000+0000,93
2025-12-12T04:05:35.000000+0000,2025-12-12T04:04:02.000000+0000,93
2025-12-12T15:25:05.000000+0000,2025-12-12T15:23:32.000000+0000,93
2025-12-14T05:16:05.000000+0000,2025-12-14T05:14:32.000000+0000,93
2025-12-14T06:05:35.000000+0000,2025-12-14T06:04:02.000000+0000,93
2025-12-14T08:46:05.000000+0000,2025-12-14T08:44:32.000000+0000,93
2025-12-14T11:55:05.000000+0000,2025-12-14T11:53:32.000000+0000,93
2025-12-14T15:46:05.000000+0000,2025-12-14T15:44:32.000000+0000,93
2025-12-15T01:55:05.000000+0000,2025-12-15T01:53:32.000000+0000,93
2025-12-15T22:55:05.000000+0000,2025-12-15T22:53:32.000000+0000,93
2025-12-16T03:25:05.000000+0000,2025-12-16T03:23:32.000000+0000,93
2025-12-16T13:06:05.000000+0000,2025-12-16T13:04:32.000000+0000,93
2025-12-16T16:35:33.000000+0000,2025-12-16T16:34:00.000000+0000,93
2025-12-16T20:16:05.000000+0000,2025-12-16T20:14:32.000000+0000,93
2025-12-17T14:35:35.000000+0000,2025-12-17T14:34:02.000000+0000,93
2025-12-20T14:55:05.000000+0000,2025-12-20T14:53:32.000000+0000,93
2025-12-20T22:05:35.000000+0000,2025-12-20T22:04:02.000000+0000,93
2025-12-20T22:55:04.000000+0000,2025-12-20T22:53:31.000000+0000,93
2025-12-21T09:35:35.000000+0000,2025-12-21T09:34:02.000000+0000,93
2025-12-21T11:55:05.000000+0000,2025-12-21T11:53:32.000000+0000,93
2025-12-22T13:35:33.000000+0000,2025-12-22T13:34:00.000000+0000,93
2025-12-22T22:55:05.000000+0000,2025-12-22T22:53:32.000000+0000,93
2025-12-24T00:25:05.000000+0000,2025-12-24T00:23:32.000000+0000,93
2025-12-25T18:35:35.000000+0000,2025-12-25T18:34:02.000000+0000,93
2025-12-29T08:55:05.000000+0000,2025-12-29T08:53:32.000000+0000,93
2025-12-30T15:01:40.000000+0000,2025-12-30T15:00:07.000000+0000,93
2025-12-31T03:44:33.000000+0000,2025-12-31T03:43:00.000000+0000,93
2025-12-31T23:55:05.000000+0000,2025-12-31T23:53:32.000000+0000,93
2026-01-01T11:35:35.000000+0000,2026-01-01T11:34:02.000000+0000,93
2026-01-01T13:10:06.000000+0000,2026-01-01T13:08:33.000000+0000,93
2026-01-01T14:05:35.000000+0000,2026-01-01T14:04:02.000000+0000,93
2026-01-01T16:01:40.000000+0000,2026-01-01T16:00:07.000000+0000,93
2026-01-02T07:35:34.000000+0000,2026-01-02T07:34:01.000000+0000,93
2026-01-02T10:55:05.000000+0000,2026-01-02T10:53:32.000000+0000,93
2026-01-03T11:35:33.000000+0000,2026-01-03T11:34:00.000000+0000,93
2026-01-03T14:10:06.000000+0000,2026-01-03T14:08:33.000000+0000,93
2026-01-04T01:35:34.000000+0000,2026-01-04T01:34:01.000000+0000,93
2026-01-04T12:05:35.000000+0000,2026-01-04T12:04:02.000000+0000,93
2026-01-05T02:05:35.000000+0000,2026-01-05T02:04:02.000000+0000,93
2026-01-05T20:25:05.000000+0000,2026-01-05T20:23:32.000000+0000,93
2026-01-10T10:40:05.000000+0000,2026-01-10T10:38:32.000000+0000,93
2026-01-11T19:05:35.000000+0000,2026-01-11T19:04:02.000000+0000,93
2026-01-11T22:35:33.000000+0000,2026-01-11T22:34:00.000000+0000,93
2026-01-12T12:46:38.000000+0000,2026-01-12T12:45:05.000000+0000,93
2026-01-12T19:46:05.000000+0000,2026-01-12T19:44:32.000000+0000,93
2026-01-12T23:55:05.000000+0000,2026-01-12T23:53:32.000000+0000,93
2026-01-15T07:13:33.000000+0000,2026-01-15T07:12:00.000000+0000,93
2026-01-16T05:37:33.000000+0000,2026-01-16T05:36:00.000000+0000,93
2026-01-18T00:05:33.000000+0000,2026-01-18T00:04:00.000000+0000,93
2026-01-26T07:14:33.000000+0000,2026-01-26T07:13:00.000000+0000,93
2026-01-26T13:57:33.000000+0000,2026-01-26T13:56:00.000000+0000,93
2026-01-28T21:25:03.000000+0000,2026-01-28T21:23:30.000000+0000,93
2026-02-07T20:14:33.000000+0000,2026-02-07T20:13:00.000000+0000,93
2026-02-10T21:44:33.000000+0000,2026-02-10T21:43:00.000000+0000,93
2026-02-12T16:40:04.000000+0000,2026-02-12T16:38:31.000000+0000,93
2026-02-13T01:25:33.000000+0000,2026-02-13T01:24:00.000000+0000,93
2026-02-13T20:40:05.000000+0000,2026-02-13T20:38:32.000000+0000,93
2026-02-21T14:10:04.000000+0000,2026-02-21T14:08:31.000000+0000,93
2026-02-22T00:40:04.000000+0000,2026-02-22T00:38:31.000000+0000,93
2026-03-05T18:14:33.000000+0000,2026-03-05T18:13:00.000000+0000,93
2026-03-06T01:15:04.000000+0000,2026-03-06T01:13:31.000000+0000,93
2026-03-06T21:30:05.000000+0000,2026-03-06T21:28:32.000000+0000,93
2026-03-06T22:19:33.000000+0000,2026-03-06T22:18:00.000000+0000,93
2026-03-07T00:49:33.000000+0000,2026-03-07T00:48:00.000000+0000,93
2026-03-07T11:30:05.000000+0000,2026-03-07T11:28:32.000000+0000,93
2026-03-07T14:49:33.000000+0000,2026-03-07T14:48:00.000000+0000,93
2026-03-07T19:19:33.000000+0000,2026-03-07T19:18:00.000000+0000,93
2026-03-08T04:49:33.000000+0000,2026-03-08T04:48:00.000000+0000,93
2026-03-09T01:49:33.000000+0000,2026-03-09T01:48:00.000000+0000,93
2026-03-09T19:30:05.000000+0000,2026-03-09T19:28:32.000000+0000,93
2026-03-10T23:30:05.000000+0000,2026-03-10T23:28:32.000000+0000,93
2026-03-12T03:30:05.000000+0000,2026-03-12T03:28:32.000000+0000,93
2026-03-13T14:19:33.000000+0000,2026-03-13T14:18:00.000000+0000,93
2026-03-14T08:49:33.000000+0000,2026-03-14T08:48:00.000000+0000,93
2026-03-15T05:00:06.000000+0000,2026-03-15T04:58:33.000000+0000,93
2026-03-15T05:49:33.000000+0000,2026-03-15T05:48:00.000000+0000,93
2026-03-16T02:00:06.000000+0000,2026-03-16T01:58:33.000000+0000,93
2026-03-16T02:49:33.000000+0000,2026-03-16T02:48:00.000000+0000,93
2026-03-18T02:49:33.000000+0000,2026-03-18T02:48:00.000000+0000,93
2026-03-18T06:30:05.000000+0000,2026-03-18T06:28:32.000000+0000,93
2026-03-18T13:30:05.000000+0000,2026-03-18T13:28:32.000000+0000,93
2026-03-19T03:30:05.000000+0000,2026-03-19T03:28:32.000000+0000,93
2026-03-19T17:30:05.000000+0000,2026-03-19T17:28:32.000000+0000,93
2026-03-20T13:45:04.000000+0000,2026-03-20T13:43:31.000000+0000,93
2026-03-20T23:04:33.000000+0000,2026-03-20T23:03:00.000000+0000,93
2026-03-21T00:49:33.000000+0000,2026-03-21T00:48:00.000000+0000,93
2026-03-21T08:49:33.000000+0000,2026-03-21T08:48:00.000000+0000,93
2026-03-21T18:19:33.000000+0000,2026-03-21T18:18:00.000000+0000,93
2026-03-22T01:30:05.000000+0000,2026-03-22T01:28:32.000000+0000,93
2026-03-22T02:19:33.000000+0000,2026-03-22T02:18:00.000000+0000,93
2026-03-22T05:49:33.000000+0000,2026-03-22T05:48:00.000000+0000,93
2026-03-22T09:19:33.000000+0000,2026-03-22T09:18:00.000000+0000,93
2026-03-22T19:00:06.000000+0000,2026-03-22T18:58:33.000000+0000,93
2026-03-23T05:30:05.000000+0000,2026-03-23T05:28:32.000000+0000,93
2026-03-24T23:15:04.000000+0000,2026-03-24T23:13:31.000000+0000,93
2026-03-25T11:30:06.000000+0000,2026-03-25T11:28:33.000000+0000,93
2026-03-25T12:19:33.000000+0000,2026-03-25T12:18:00.000000+0000,93
2026-03-25T14:49:33.000000+0000,2026-03-25T14:48:00.000000+0000,93
2026-03-26T05:00:06.000000+0000,2026-03-26T04:58:33.000000+0000,93
2026-03-28T17:49:33.000000+0000,2026-03-28T17:48:00.000000+0000,93
2026-03-29T00:49:33.000000+0000,2026-03-29T00:48:00.000000+0000,93
2026-03-29T16:24:33.000000+0000,2026-03-29T16:23:00.000000+0000,93
2026-03-29T18:30:05.000000+0000,2026-03-29T18:28:32.000000+0000,93
2026-03-31T05:30:05.000000+0000,2026-03-31T05:28:32.000000+0000,93
2026-03-31T06:19:33.000000+0000,2026-03-31T06:18:00.000000+0000,93
2026-03-31T18:24:03.000000+0000,2026-03-31T18:22:30.000000+0000,93
2026-03-31T22:49:33.000000+0000,2026-03-31T22:48:00.000000+0000,93
2026-04-01T14:34:33.000000+0000,2026-04-01T14:33:00.000000+0000,93
2026-04-04T02:10:33.000000+0000,2026-04-04T02:09:00.000000+0000,93
2026-04-05T19:59:33.000000+0000,2026-04-05T19:58:00.000000+0000,93
2026-04-05T20:10:33.000000+0000,2026-04-05T20:09:00.000000+0000,93
2026-04-05T22:44:33.000000+0000,2026-04-05T22:43:00.000000+0000,93
2026-04-06T04:23:33.000000+0000,2026-04-06T04:22:00.000000+0000,93
2026-04-06T22:36:33.000000+0000,2026-04-06T22:35:00.000000+0000,93
2026-04-07T08:33:33.000000+0000,2026-04-07T08:32:00.000000+0000,93
2026-04-08T06:05:04.000000+0000,2026-04-08T06:03:31.000000+0000,93
2026-04-08T23:58:33.000000+0000,2026-04-08T23:57:00.000000+0000,93
2026-04-09T08:09:33.000000+0000,2026-04-09T08:08:00.000000+0000,93
2026-04-09T08:20:33.000000+0000,2026-04-09T08:19:00.000000+0000,93
2026-04-10T01:28:33.000000+0000,2026-04-10T01:27:00.000000+0000,93
2026-04-10T01:50:33.000000+0000,2026-04-10T01:49:00.000000+0000,93
2026-04-10T05:09:33.000000+0000,2026-04-10T05:08:00.000000+0000,93
2026-04-10T19:20:34.000000+0000,2026-04-10T19:19:01.000000+0000,93
2026-04-11T19:50:33.000000+0000,2026-04-11T19:49:00.000000+0000,93
2026-04-12T05:24:33.000000+0000,2026-04-12T05:23:00.000000+0000,93
2026-04-12T13:30:05.000000+0000,2026-04-12T13:28:32.000000+0000,93
2026-04-13T07:00:06.000000+0000,2026-04-13T06:58:33.000000+0000,93
2026-04-13T20:50:04.000000+0000,2026-04-13T20:48:31.000000+0000,93
2026-04-14T01:22:33.000000+0000,2026-04-14T01:21:00.000000+0000,93
2026-04-14T03:28:33.000000+0000,2026-04-14T03:27:00.000000+0000,93
2026-04-14T03:50:33.000000+0000,2026-04-14T03:49:00.000000+0000,93
2026-04-15T07:50:33.000000+0000,2026-04-15T07:49:00.000000+0000,93
2026-04-15T13:05:05.000000+0000,2026-04-15T13:03:32.000000+0000,93
2026-04-17T00:05:05.000000+0000,2026-04-17T00:03:32.000000+0000,93
2026-04-17T08:50:05.000000+0000,2026-04-17T08:48:32.000000+0000,93
2026-04-19T01:05:05.000000+0000,2026-04-19T01:03:32.000000+0000,93
2026-04-19T02:39:33.000000+0000,2026-04-19T02:38:00.000000+0000,93
2026-04-20T12:05:05.000000+0000,2026-04-20T12:03:32.000000+0000,93
2026-04-21T16:05:05.000000+0000,2026-04-21T16:03:32.000000+0000,93
2026-04-23T10:15:05.000000+0000,2026-04-23T10:13:32.000000+0000,93
2026-04-24T00:05:05.000000+0000,2026-04-24T00:03:32.000000+0000,93
2026-04-24T06:34:33.000000+0000,2026-04-24T06:33:00.000000+0000,93
2026-04-24T08:50:05.000000+0000,2026-04-24T08:48:32.000000+0000,93
2026-04-24T23:17:33.000000+0000,2026-04-24T23:16:00.000000+0000,93
2026-04-25T05:23:33.000000+0000,2026-04-25T05:22:00.000000+0000,93
2026-04-26T01:20:05.000000+0000,2026-04-26T01:18:32.000000+0000,93
2026-04-27T04:38:33.000000+0000,2026-04-27T04:37:00.000000+0000,93
2026-04-27T12:43:33.000000+0000,2026-04-27T12:42:00.000000+0000,93
2026-04-28T12:39:33.000000+0000,2026-04-28T12:38:00.000000+0000,93
2026-04-30T03:10:05.000000+0000,2026-04-30T03:08:32.000000+0000,93
2026-05-01T12:35:04.000000+0000,2026-05-01T12:33:31.000000+0000,93
2026-05-02T01:40:05.000000+0000,2026-05-02T01:38:32.000000+0000,93
2026-05-07T05:06:33.000000+0000,2026-05-07T05:05:00.000000+0000,93
2026-05-07T05:58:33.000000+0000,2026-05-07T05:57:00.000000+0000,93
2026-05-08T23:06:33.000000+0000,2026-05-08T23:05:00.000000+0000,93
2026-05-14T06:40:05.000000+0000,2026-05-14T06:38:32.000000+0000,93
2026-05-15T07:31:05.000000+0000,2026-05-15T07:29:32.000000+0000,93
2026-05-15T12:57:33.000000+0000,2026-05-15T12:56:00.000000+0000,93
2026-05-15T14:31:06.000000+0000,2026-05-15T14:29:33.000000+0000,93
2026-05-16T19:45:05.000000+0000,2026-05-16T19:43:32.000000+0000,93
2026-05-17T04:40:05.000000+0000,2026-05-17T04:38:32.000000+0000,93
2026-05-18T17:53:33.000000+0000,2026-05-18T17:52:00.000000+0000,93
2026-05-19T13:40:05.000000+0000,2026-05-19T13:38:32.000000+0000,93
2026-05-19T16:10:05.000000+0000,2026-05-19T16:08:32.000000+0000,93
2026-05-20T02:50:05.000000+0000,2026-05-20T02:48:32.000000+0000,93
2026-05-20T08:48:33.000000+0000,2026-05-20T08:47:00.000000+0000,93
2026-05-23T19:14:05.000000+0000,2026-05-23T19:12:32.000000+0000,93
2026-05-25T07:27:34.000000+0000,2026-05-25T07:26:01.000000+0000,93
2026-05-25T08:50:04.000000+0000,2026-05-25T08:48:31.000000+0000,93
2026-05-28T01:36:05.000000+0000,2026-05-28T01:34:32.000000+0000,93
2026-05-28T22:14:05.000000+0000,2026-05-28T22:12:32.000000+0000,93
2026-05-29T07:40:04.000000+0000,2026-05-29T07:38:31.000000+0000,93
2026-05-29T13:44:34.000000+0000,2026-05-29T13:43:01.000000+0000,93
2026-05-29T14:40:04.000000+0000,2026-05-29T14:38:31.000000+0000,93
2026-05-30T01:20:05.000000+0000,2026-05-30T01:18:32.000000+0000,93
2026-05-30T12:01:05.000000+0000,2026-05-30T11:59:32.000000+0000,93
2026-06-02T11:14:05.000000+0000,2026-06-02T11:12:32.000000+0000,93
2025-05-13T02:39:02.000000+0000,2025-05-13T02:37:30.000000+0000,92
2025-05-17T04:27:03.000000+0000,2025-05-17T04:25:31.000000+0000,92
2025-05-19T11:25:03.000000+0000,2025-05-19T11:23:31.000000+0000,92
2025-05-20T02:16:32.000000+0000,2025-05-20T02:15:00.000000+0000,92
2025-05-22T17:57:04.000000+0000,2025-05-22T17:55:32.000000+0000,92
2025-05-23T04:27:32.000000+0000,2025-05-23T04:26:00.000000+0000,92
2025-05-23T11:37:33.000000+0000,2025-05-23T11:36:01.000000+0000,92
2025-05-23T11:49:02.000000+0000,2025-05-23T11:47:30.000000+0000,92
2025-05-25T02:19:03.000000+0000,2025-05-25T02:17:31.000000+0000,92
2025-05-25T12:38:03.000000+0000,2025-05-25T12:36:31.000000+0000,92
2025-05-27T09:46:02.000000+0000,2025-05-27T09:44:30.000000+0000,92
2025-05-28T10:27:04.000000+0000,2025-05-28T10:25:32.000000+0000,92
2025-05-29T04:07:04.000000+0000,2025-05-29T04:05:32.000000+0000,92
2025-05-30T11:38:33.000000+0000,2025-05-30T11:37:01.000000+0000,92
2025-06-01T05:27:33.000000+0000,2025-06-01T05:26:01.000000+0000,92
2025-06-01T15:56:36.000000+0000,2025-06-01T15:55:04.000000+0000,92
2025-06-01T19:26:38.000000+0000,2025-06-01T19:25:06.000000+0000,92
2025-06-03T03:18:33.000000+0000,2025-06-03T03:17:01.000000+0000,92
2025-06-03T23:57:34.000000+0000,2025-06-03T23:56:02.000000+0000,92
2025-06-05T10:57:32.000000+0000,2025-06-05T10:56:00.000000+0000,92
2025-06-07T01:48:33.000000+0000,2025-06-07T01:47:01.000000+0000,92
2025-06-07T12:29:32.000000+0000,2025-06-07T12:28:00.000000+0000,92
2025-06-07T15:27:33.000000+0000,2025-06-07T15:26:01.000000+0000,92
2025-06-10T06:59:03.000000+0000,2025-06-10T06:57:31.000000+0000,92
2025-06-20T19:17:32.000000+0000,2025-06-20T19:16:00.000000+0000,92
2025-06-23T10:06:03.000000+0000,2025-06-23T10:04:31.000000+0000,92
2025-06-24T00:17:33.000000+0000,2025-06-24T00:16:01.000000+0000,92
2025-06-24T07:06:04.000000+0000,2025-06-24T07:04:32.000000+0000,92
2025-06-29T13:06:03.000000+0000,2025-06-29T13:04:31.000000+0000,92
2025-06-30T17:06:03.000000+0000,2025-06-30T17:04:31.000000+0000,92
2025-07-05T16:06:33.000000+0000,2025-07-05T16:05:01.000000+0000,92
2025-07-06T13:06:03.000000+0000,2025-07-06T13:04:31.000000+0000,92
2025-07-08T07:06:04.000000+0000,2025-07-08T07:04:32.000000+0000,92
2025-07-09T11:07:04.000000+0000,2025-07-09T11:05:32.000000+0000,92
2025-07-11T12:06:33.000000+0000,2025-07-11T12:05:01.000000+0000,92
2025-07-12T02:16:33.000000+0000,2025-07-12T02:15:01.000000+0000,92
2025-07-18T05:06:32.000000+0000,2025-07-18T05:05:00.000000+0000,92
2025-07-19T03:05:33.000000+0000,2025-07-19T03:04:01.000000+0000,92
2025-07-21T00:49:33.000000+0000,2025-07-21T00:48:01.000000+0000,92
2025-07-21T03:06:02.000000+0000,2025-07-21T03:04:30.000000+0000,92
2025-07-23T03:55:03.000000+0000,2025-07-23T03:53:31.000000+0000,92
2025-07-25T05:06:33.000000+0000,2025-07-25T05:05:01.000000+0000,92
2025-07-27T13:06:32.000000+0000,2025-07-27T13:05:00.000000+0000,92
2025-07-28T16:55:04.000000+0000,2025-07-28T16:53:32.000000+0000,92
2025-07-28T17:06:03.000000+0000,2025-07-28T17:04:31.000000+0000,92
2025-08-02T01:55:03.000000+0000,2025-08-02T01:53:31.000000+0000,92
2025-08-05T00:28:03.000000+0000,2025-08-05T00:26:31.000000+0000,92
2025-08-06T18:06:33.000000+0000,2025-08-06T18:05:01.000000+0000,92
2025-08-09T01:55:03.000000+0000,2025-08-09T01:53:31.000000+0000,92
2025-08-09T16:06:03.000000+0000,2025-08-09T16:04:31.000000+0000,92
2025-08-09T23:06:32.000000+0000,2025-08-09T23:05:00.000000+0000,92
2025-08-12T07:06:33.000000+0000,2025-08-12T07:05:01.000000+0000,92
2025-08-12T14:06:33.000000+0000,2025-08-12T14:05:01.000000+0000,92
2025-08-13T00:58:04.000000+0000,2025-08-13T00:56:32.000000+0000,92
2025-08-13T11:06:03.000000+0000,2025-08-13T11:04:31.000000+0000,92
2025-08-14T15:06:32.000000+0000,2025-08-14T15:05:00.000000+0000,92
2025-08-15T12:06:32.000000+0000,2025-08-15T12:05:00.000000+0000,92
2025-08-16T02:06:03.000000+0000,2025-08-16T02:04:31.000000+0000,92
2025-08-16T08:55:04.000000+0000,2025-08-16T08:53:32.000000+0000,92
2025-08-16T09:06:32.000000+0000,2025-08-16T09:05:00.000000+0000,92
2025-08-17T13:06:33.000000+0000,2025-08-17T13:05:01.000000+0000,92
2025-08-17T20:06:03.000000+0000,2025-08-17T20:04:31.000000+0000,92
2025-08-18T17:06:32.000000+0000,2025-08-18T17:05:00.000000+0000,92
2025-08-19T00:06:33.000000+0000,2025-08-19T00:05:01.000000+0000,92
2025-08-19T00:55:03.000000+0000,2025-08-19T00:53:31.000000+0000,92
2025-08-19T07:06:32.000000+0000,2025-08-19T07:05:00.000000+0000,92
2025-08-20T18:06:33.000000+0000,2025-08-20T18:05:01.000000+0000,92
2025-08-21T22:06:33.000000+0000,2025-08-21T22:05:01.000000+0000,92
2025-08-25T17:06:03.000000+0000,2025-08-25T17:04:31.000000+0000,92
2025-08-28T01:06:32.000000+0000,2025-08-28T01:05:00.000000+0000,92
2025-08-29T12:06:32.000000+0000,2025-08-29T12:05:00.000000+0000,92
2025-08-29T19:06:32.000000+0000,2025-08-29T19:05:00.000000+0000,92
2025-08-30T02:06:33.000000+0000,2025-08-30T02:05:01.000000+0000,92
2025-08-30T09:06:33.000000+0000,2025-08-30T09:05:01.000000+0000,92
2025-08-30T23:06:32.000000+0000,2025-08-30T23:05:00.000000+0000,92
2025-09-01T17:06:32.000000+0000,2025-09-01T17:05:00.000000+0000,92
2025-09-02T07:17:33.000000+0000,2025-09-02T07:16:01.000000+0000,92
2025-09-03T11:06:34.000000+0000,2025-09-03T11:05:02.000000+0000,92
2025-09-11T15:06:04.000000+0000,2025-09-11T15:04:32.000000+0000,92
2025-09-13T06:25:03.000000+0000,2025-09-13T06:23:31.000000+0000,92
2025-09-15T13:57:33.000000+0000,2025-09-15T13:56:01.000000+0000,92
2025-09-15T20:57:32.000000+0000,2025-09-15T20:56:00.000000+0000,92
2025-09-18T07:55:05.000000+0000,2025-09-18T07:53:33.000000+0000,92
2025-09-18T11:35:33.000000+0000,2025-09-18T11:34:01.000000+0000,92
2025-09-18T15:55:03.000000+0000,2025-09-18T15:53:31.000000+0000,92
2025-09-20T02:05:33.000000+0000,2025-09-20T02:04:01.000000+0000,92
2025-09-20T02:55:03.000000+0000,2025-09-20T02:53:31.000000+0000,92
2025-09-23T00:55:04.000000+0000,2025-09-23T00:53:32.000000+0000,92
2025-09-25T03:43:33.000000+0000,2025-09-25T03:42:01.000000+0000,92
2025-09-27T09:05:34.000000+0000,2025-09-27T09:04:02.000000+0000,92
2025-09-28T12:55:02.000000+0000,2025-09-28T12:53:30.000000+0000,92
2025-09-28T16:35:34.000000+0000,2025-09-28T16:34:02.000000+0000,92
2025-10-02T22:16:33.000000+0000,2025-10-02T22:15:01.000000+0000,92
2025-10-17T19:06:03.000000+0000,2025-10-17T19:04:31.000000+0000,92
2025-10-20T17:06:04.000000+0000,2025-10-20T17:04:32.000000+0000,92
2025-10-20T20:36:32.000000+0000,2025-10-20T20:35:00.000000+0000,92
2025-10-22T10:55:04.000000+0000,2025-10-22T10:53:32.000000+0000,92
2025-10-23T01:06:33.000000+0000,2025-10-23T01:05:01.000000+0000,92
2025-10-23T22:06:03.000000+0000,2025-10-23T22:04:31.000000+0000,92
2025-10-25T19:36:33.000000+0000,2025-10-25T19:35:01.000000+0000,92
2025-10-27T06:35:32.000000+0000,2025-10-27T06:34:00.000000+0000,92
2025-10-27T16:55:04.000000+0000,2025-10-27T16:53:32.000000+0000,92
2025-10-30T19:25:05.000000+0000,2025-10-30T19:23:33.000000+0000,92
2025-10-30T22:06:04.000000+0000,2025-10-30T22:04:32.000000+0000,92
2025-10-31T15:35:34.000000+0000,2025-10-31T15:34:02.000000+0000,92
2025-10-31T18:55:05.000000+0000,2025-10-31T18:53:33.000000+0000,92
2025-10-31T22:35:36.000000+0000,2025-10-31T22:34:04.000000+0000,92
2025-11-01T02:44:32.000000+0000,2025-11-01T02:43:00.000000+0000,92
2025-11-01T19:35:37.000000+0000,2025-11-01T19:34:05.000000+0000,92
2025-11-02T03:25:05.000000+0000,2025-11-02T03:23:33.000000+0000,92
2025-11-03T03:16:37.000000+0000,2025-11-03T03:15:05.000000+0000,92
2025-11-04T04:25:05.000000+0000,2025-11-04T04:23:33.000000+0000,92
2025-11-04T10:35:34.000000+0000,2025-11-04T10:34:02.000000+0000,92
2025-11-05T15:25:05.000000+0000,2025-11-05T15:23:33.000000+0000,92
2025-11-05T17:55:05.000000+0000,2025-11-05T17:53:33.000000+0000,92
2025-11-06T00:55:05.000000+0000,2025-11-06T00:53:33.000000+0000,92
2025-11-08T22:55:05.000000+0000,2025-11-08T22:53:33.000000+0000,92
2025-11-10T00:35:37.000000+0000,2025-11-10T00:34:05.000000+0000,92
2025-11-11T07:55:05.000000+0000,2025-11-11T07:53:33.000000+0000,92
2025-11-11T14:44:32.000000+0000,2025-11-11T14:43:00.000000+0000,92
2025-11-12T07:35:34.000000+0000,2025-11-12T07:34:02.000000+0000,92
2025-11-12T08:25:05.000000+0000,2025-11-12T08:23:33.000000+0000,92
2025-11-12T11:06:37.000000+0000,2025-11-12T11:05:05.000000+0000,92
2025-11-13T08:27:32.000000+0000,2025-11-13T08:26:00.000000+0000,92
2025-11-13T19:18:32.000000+0000,2025-11-13T19:17:00.000000+0000,92
2025-11-15T02:55:05.000000+0000,2025-11-15T02:53:33.000000+0000,92
2025-11-15T23:44:32.000000+0000,2025-11-15T23:43:00.000000+0000,92
2025-11-16T20:44:32.000000+0000,2025-11-16T20:43:00.000000+0000,92
2025-11-17T02:55:05.000000+0000,2025-11-17T02:53:33.000000+0000,92
2025-11-17T06:35:34.000000+0000,2025-11-17T06:34:02.000000+0000,92
2025-11-17T17:44:32.000000+0000,2025-11-17T17:43:00.000000+0000,92
2025-11-19T23:55:05.000000+0000,2025-11-19T23:53:33.000000+0000,92
2025-11-20T00:44:32.000000+0000,2025-11-20T00:43:00.000000+0000,92
2025-11-20T17:06:38.000000+0000,2025-11-20T17:05:06.000000+0000,92
2025-11-21T06:55:06.000000+0000,2025-11-21T06:53:34.000000+0000,92
2025-11-22T06:10:07.000000+0000,2025-11-22T06:08:35.000000+0000,92
2025-11-23T15:35:40.000000+0000,2025-11-23T15:34:08.000000+0000,92
2025-11-24T18:40:07.000000+0000,2025-11-24T18:38:35.000000+0000,92
2025-11-25T09:35:40.000000+0000,2025-11-25T09:34:08.000000+0000,92
2025-11-26T18:40:06.000000+0000,2025-11-26T18:38:34.000000+0000,92
2025-11-27T07:16:08.000000+0000,2025-11-27T07:14:36.000000+0000,92
2025-11-28T13:01:04.000000+0000,2025-11-28T12:59:32.000000+0000,92
2025-11-29T08:48:38.000000+0000,2025-11-29T08:47:06.000000+0000,92
2025-12-02T04:41:39.000000+0000,2025-12-02T04:40:07.000000+0000,92
2025-12-03T12:43:39.000000+0000,2025-12-03T12:42:07.000000+0000,92
2025-12-03T20:35:41.000000+0000,2025-12-03T20:34:09.000000+0000,92
2025-12-12T14:35:36.000000+0000,2025-12-12T14:34:04.000000+0000,92
2025-12-13T12:25:05.000000+0000,2025-12-13T12:23:33.000000+0000,92
2025-12-16T17:25:05.000000+0000,2025-12-16T17:23:33.000000+0000,92
2025-12-18T07:44:32.000000+0000,2025-12-18T07:43:00.000000+0000,92
2025-12-21T08:46:05.000000+0000,2025-12-21T08:44:33.000000+0000,92
2025-12-24T10:48:32.000000+0000,2025-12-24T10:47:00.000000+0000,92
2025-12-25T17:46:04.000000+0000,2025-12-25T17:44:32.000000+0000,92
2025-12-27T07:55:05.000000+0000,2025-12-27T07:53:33.000000+0000,92
2025-12-28T12:44:33.000000+0000,2025-12-28T12:43:01.000000+0000,92
2025-12-29T06:35:33.000000+0000,2025-12-29T06:34:01.000000+0000,92
2025-12-30T09:57:33.000000+0000,2025-12-30T09:56:01.000000+0000,92
2026-01-01T03:46:03.000000+0000,2026-01-01T03:44:31.000000+0000,92
2026-01-01T23:43:32.000000+0000,2026-01-01T23:42:00.000000+0000,92
2026-01-02T17:55:03.000000+0000,2026-01-02T17:53:31.000000+0000,92
2026-01-03T00:55:03.000000+0000,2026-01-03T00:53:31.000000+0000,92
2026-01-03T08:05:35.000000+0000,2026-01-03T08:04:03.000000+0000,92
2026-01-04T19:55:03.000000+0000,2026-01-04T19:53:31.000000+0000,92
2026-01-05T04:01:41.000000+0000,2026-01-05T04:00:09.000000+0000,92
2026-01-05T09:55:05.000000+0000,2026-01-05T09:53:33.000000+0000,92
2026-01-06T13:27:32.000000+0000,2026-01-06T13:26:00.000000+0000,92
2026-01-06T16:46:03.000000+0000,2026-01-06T16:44:31.000000+0000,92
2026-01-06T23:35:33.000000+0000,2026-01-06T23:34:01.000000+0000,92
2026-01-08T03:36:05.000000+0000,2026-01-08T03:34:33.000000+0000,92
2026-01-08T14:05:35.000000+0000,2026-01-08T14:04:03.000000+0000,92
2026-01-09T04:28:03.000000+0000,2026-01-09T04:26:31.000000+0000,92
2026-01-09T18:05:33.000000+0000,2026-01-09T18:04:01.000000+0000,92
2026-01-12T02:16:03.000000+0000,2026-01-12T02:14:31.000000+0000,92
2026-01-14T10:05:33.000000+0000,2026-01-14T10:04:01.000000+0000,92
2026-01-21T17:55:03.000000+0000,2026-01-21T17:53:31.000000+0000,92
2026-01-21T21:25:03.000000+0000,2026-01-21T21:23:31.000000+0000,92
2026-01-23T12:48:32.000000+0000,2026-01-23T12:47:00.000000+0000,92
2026-01-23T15:46:03.000000+0000,2026-01-23T15:44:31.000000+0000,92
2026-01-24T12:57:32.000000+0000,2026-01-24T12:56:00.000000+0000,92
2026-01-25T13:16:02.000000+0000,2026-01-25T13:14:30.000000+0000,92
2026-01-25T17:14:32.000000+0000,2026-01-25T17:13:00.000000+0000,92
2026-01-27T00:05:32.000000+0000,2026-01-27T00:04:00.000000+0000,92
2026-01-27T21:44:32.000000+0000,2026-01-27T21:43:00.000000+0000,92
2026-01-28T01:25:03.000000+0000,2026-01-28T01:23:31.000000+0000,92
2026-01-28T22:14:32.000000+0000,2026-01-28T22:13:00.000000+0000,92
2026-01-29T00:55:32.000000+0000,2026-01-29T00:54:00.000000+0000,92
2026-01-31T22:55:03.000000+0000,2026-01-31T22:53:31.000000+0000,92
2026-02-02T20:14:32.000000+0000,2026-02-02T20:13:00.000000+0000,92
2026-02-05T08:37:32.000000+0000,2026-02-05T08:36:00.000000+0000,92
2026-02-10T07:44:32.000000+0000,2026-02-10T07:43:00.000000+0000,92
2026-02-11T19:50:04.000000+0000,2026-02-11T19:48:32.000000+0000,92
2026-02-11T22:14:32.000000+0000,2026-02-11T22:13:00.000000+0000,92
2026-02-13T08:35:33.000000+0000,2026-02-13T08:34:01.000000+0000,92
2026-02-14T02:44:32.000000+0000,2026-02-14T02:43:00.000000+0000,92
2026-02-17T10:57:32.000000+0000,2026-02-17T10:56:00.000000+0000,92
2026-02-17T13:44:03.000000+0000,2026-02-17T13:42:31.000000+0000,92
2026-02-17T14:44:32.000000+0000,2026-02-17T14:43:00.000000+0000,92
2026-02-18T00:24:32.000000+0000,2026-02-18T00:23:00.000000+0000,92
2026-02-20T05:17:33.000000+0000,2026-02-20T05:16:01.000000+0000,92
2026-02-21T14:21:03.000000+0000,2026-02-21T14:19:31.000000+0000,92
2026-02-21T16:17:33.000000+0000,2026-02-21T16:16:01.000000+0000,92
2026-02-22T05:54:32.000000+0000,2026-02-22T05:53:00.000000+0000,92
2026-02-24T13:13:32.000000+0000,2026-02-24T13:12:00.000000+0000,92
2026-02-26T02:40:04.000000+0000,2026-02-26T02:38:32.000000+0000,92
2026-02-26T18:14:33.000000+0000,2026-02-26T18:13:01.000000+0000,92
2026-02-26T19:04:02.000000+0000,2026-02-26T19:02:30.000000+0000,92
2026-02-28T08:13:32.000000+0000,2026-02-28T08:12:00.000000+0000,92
2026-03-03T03:26:02.000000+0000,2026-03-03T03:24:30.000000+0000,92
2026-03-04T22:56:32.000000+0000,2026-03-04T22:55:00.000000+0000,92
2026-03-05T00:13:32.000000+0000,2026-03-05T00:12:00.000000+0000,92
2026-03-06T17:49:32.000000+0000,2026-03-06T17:48:00.000000+0000,92
2026-03-06T19:45:34.000000+0000,2026-03-06T19:44:02.000000+0000,92
2026-03-07T01:01:02.000000+0000,2026-03-07T00:59:30.000000+0000,92
2026-03-07T05:19:33.000000+0000,2026-03-07T05:18:01.000000+0000,92
2026-03-07T08:49:32.000000+0000,2026-03-07T08:48:00.000000+0000,92
2026-03-07T12:19:32.000000+0000,2026-03-07T12:18:00.000000+0000,92
2026-03-07T21:49:32.000000+0000,2026-03-07T21:48:00.000000+0000,92
2026-03-08T06:23:33.000000+0000,2026-03-08T06:22:01.000000+0000,92
2026-03-08T09:53:33.000000+0000,2026-03-08T09:52:01.000000+0000,92
2026-03-08T18:49:33.000000+0000,2026-03-08T18:48:01.000000+0000,92
2026-03-08T21:34:33.000000+0000,2026-03-08T21:33:01.000000+0000,92
2026-03-08T22:19:32.000000+0000,2026-03-08T22:18:00.000000+0000,92
2026-03-09T12:19:32.000000+0000,2026-03-09T12:18:00.000000+0000,92
2026-03-09T12:31:02.000000+0000,2026-03-09T12:29:30.000000+0000,92
2026-03-09T15:49:32.000000+0000,2026-03-09T15:48:00.000000+0000,92
2026-03-09T20:19:32.000000+0000,2026-03-09T20:18:00.000000+0000,92
2026-03-09T20:53:33.000000+0000,2026-03-09T20:52:01.000000+0000,92
2026-03-09T21:15:04.000000+0000,2026-03-09T21:13:32.000000+0000,92
2026-03-10T14:23:32.000000+0000,2026-03-10T14:22:00.000000+0000,92
2026-03-10T14:45:32.000000+0000,2026-03-10T14:44:00.000000+0000,92
2026-03-10T19:49:32.000000+0000,2026-03-10T19:48:00.000000+0000,92
2026-03-11T08:15:04.000000+0000,2026-03-11T08:13:32.000000+0000,92
2026-03-11T21:19:32.000000+0000,2026-03-11T21:18:00.000000+0000,92
2026-03-12T01:45:04.000000+0000,2026-03-12T01:43:32.000000+0000,92
2026-03-12T10:30:05.000000+0000,2026-03-12T10:28:33.000000+0000,92
2026-03-12T11:53:33.000000+0000,2026-03-12T11:52:01.000000+0000,92
2026-03-12T15:45:04.000000+0000,2026-03-12T15:43:32.000000+0000,92
2026-03-12T19:26:32.000000+0000,2026-03-12T19:25:00.000000+0000,92
2026-03-13T05:10:33.000000+0000,2026-03-13T05:09:01.000000+0000,92
2026-03-13T15:19:32.000000+0000,2026-03-13T15:18:00.000000+0000,92
2026-03-14T12:19:32.000000+0000,2026-03-14T12:18:00.000000+0000,92
2026-03-14T21:49:33.000000+0000,2026-03-14T21:48:01.000000+0000,92
2026-03-15T02:53:33.000000+0000,2026-03-15T02:52:01.000000+0000,92
2026-03-15T08:19:33.000000+0000,2026-03-15T08:18:01.000000+0000,92
2026-03-15T10:04:32.000000+0000,2026-03-15T10:03:00.000000+0000,92
2026-03-15T11:49:33.000000+0000,2026-03-15T11:48:01.000000+0000,92
2026-03-15T22:19:33.000000+0000,2026-03-15T22:18:01.000000+0000,92
2026-03-16T00:04:33.000000+0000,2026-03-16T00:03:01.000000+0000,92
2026-03-16T05:30:05.000000+0000,2026-03-16T05:28:33.000000+0000,92
2026-03-16T07:15:04.000000+0000,2026-03-16T07:13:32.000000+0000,92
2026-03-16T13:43:32.000000+0000,2026-03-16T13:42:00.000000+0000,92
2026-03-16T20:53:33.000000+0000,2026-03-16T20:52:01.000000+0000,92
2026-03-17T07:45:04.000000+0000,2026-03-17T07:43:32.000000+0000,92
2026-03-18T04:46:02.000000+0000,2026-03-18T04:44:30.000000+0000,92
2026-03-18T18:23:33.000000+0000,2026-03-18T18:22:01.000000+0000,92
2026-03-18T20:19:33.000000+0000,2026-03-18T20:18:01.000000+0000,92
2026-03-18T22:15:32.000000+0000,2026-03-18T22:14:00.000000+0000,92
2026-03-19T01:55:33.000000+0000,2026-03-19T01:54:01.000000+0000,92
2026-03-19T04:19:33.000000+0000,2026-03-19T04:18:01.000000+0000,92
2026-03-19T12:15:04.000000+0000,2026-03-19T12:13:32.000000+0000,92
2026-03-19T22:35:04.000000+0000,2026-03-19T22:33:32.000000+0000,92
2026-03-20T00:19:33.000000+0000,2026-03-20T00:18:01.000000+0000,92
2026-03-20T00:31:02.000000+0000,2026-03-20T00:29:30.000000+0000,92
2026-03-20T02:15:04.000000+0000,2026-03-20T02:13:32.000000+0000,92
2026-03-20T17:25:33.000000+0000,2026-03-20T17:24:01.000000+0000,92
2026-03-20T22:19:32.000000+0000,2026-03-20T22:18:00.000000+0000,92
2026-03-20T22:53:33.000000+0000,2026-03-20T22:52:01.000000+0000,92
2026-03-21T06:43:32.000000+0000,2026-03-21T06:42:00.000000+0000,92
2026-03-21T11:08:33.000000+0000,2026-03-21T11:07:01.000000+0000,92
2026-03-22T08:30:05.000000+0000,2026-03-22T08:28:33.000000+0000,92
2026-03-22T11:15:04.000000+0000,2026-03-22T11:13:32.000000+0000,92
2026-03-22T12:10:33.000000+0000,2026-03-22T12:09:01.000000+0000,92
2026-03-22T13:56:32.000000+0000,2026-03-22T13:55:00.000000+0000,92
2026-03-22T23:40:33.000000+0000,2026-03-22T23:39:01.000000+0000,92
2026-03-23T03:34:32.000000+0000,2026-03-23T03:33:00.000000+0000,92
2026-03-23T06:19:32.000000+0000,2026-03-23T06:18:00.000000+0000,92
2026-03-23T13:44:32.000000+0000,2026-03-23T13:43:00.000000+0000,92
2026-03-23T22:49:32.000000+0000,2026-03-23T22:48:00.000000+0000,92
2026-03-24T02:30:05.000000+0000,2026-03-24T02:28:33.000000+0000,92
2026-03-24T05:15:04.000000+0000,2026-03-24T05:13:32.000000+0000,92
2026-03-24T09:15:04.000000+0000,2026-03-24T09:13:32.000000+0000,92
2026-03-24T18:49:32.000000+0000,2026-03-24T18:48:00.000000+0000,92
2026-03-25T05:53:33.000000+0000,2026-03-25T05:52:01.000000+0000,92
2026-03-25T09:34:33.000000+0000,2026-03-25T09:33:01.000000+0000,92
2026-03-25T13:15:04.000000+0000,2026-03-25T13:13:32.000000+0000,92
2026-03-25T22:49:32.000000+0000,2026-03-25T22:48:00.000000+0000,92
2026-03-25T23:23:33.000000+0000,2026-03-25T23:22:01.000000+0000,92
2026-03-25T23:34:33.000000+0000,2026-03-25T23:33:01.000000+0000,92
2026-03-26T02:19:32.000000+0000,2026-03-26T02:18:00.000000+0000,92
2026-03-26T03:04:32.000000+0000,2026-03-26T03:03:00.000000+0000,92
2026-03-26T05:49:32.000000+0000,2026-03-26T05:48:00.000000+0000,92
2026-03-26T06:34:33.000000+0000,2026-03-26T06:33:01.000000+0000,92
2026-03-26T15:30:05.000000+0000,2026-03-26T15:28:33.000000+0000,92
2026-03-27T00:43:33.000000+0000,2026-03-27T00:42:01.000000+0000,92
2026-03-27T15:34:33.000000+0000,2026-03-27T15:33:01.000000+0000,92
2026-03-27T19:15:04.000000+0000,2026-03-27T19:13:32.000000+0000,92
2026-03-28T00:19:32.000000+0000,2026-03-28T00:18:00.000000+0000,92
2026-03-28T01:53:33.000000+0000,2026-03-28T01:52:01.000000+0000,92
2026-03-28T03:49:32.000000+0000,2026-03-28T03:48:00.000000+0000,92
2026-03-28T07:41:03.000000+0000,2026-03-28T07:39:31.000000+0000,92
2026-03-28T19:13:32.000000+0000,2026-03-28T19:12:00.000000+0000,92
2026-03-29T02:02:33.000000+0000,2026-03-29T02:01:01.000000+0000,92
2026-03-29T06:04:33.000000+0000,2026-03-29T06:03:01.000000+0000,92
2026-03-29T07:49:32.000000+0000,2026-03-29T07:48:00.000000+0000,92
2026-03-29T11:19:32.000000+0000,2026-03-29T11:18:00.000000+0000,92
2026-03-29T22:53:33.000000+0000,2026-03-29T22:52:01.000000+0000,92
2026-03-30T06:34:32.000000+0000,2026-03-30T06:33:00.000000+0000,92
2026-03-30T10:04:32.000000+0000,2026-03-30T10:03:00.000000+0000,92
2026-03-30T20:34:32.000000+0000,2026-03-30T20:33:00.000000+0000,92
2026-03-30T22:19:32.000000+0000,2026-03-30T22:18:00.000000+0000,92
2026-03-31T01:38:33.000000+0000,2026-03-31T01:37:01.000000+0000,92
2026-03-31T10:45:04.000000+0000,2026-03-31T10:43:32.000000+0000,92
2026-03-31T17:23:33.000000+0000,2026-03-31T17:22:01.000000+0000,92
2026-04-01T07:34:32.000000+0000,2026-04-01T07:33:00.000000+0000,92
2026-04-01T14:23:33.000000+0000,2026-04-01T14:22:01.000000+0000,92
2026-04-01T21:34:32.000000+0000,2026-04-01T21:33:00.000000+0000,92
2026-04-01T23:08:33.000000+0000,2026-04-01T23:07:01.000000+0000,92
2026-04-02T18:26:32.000000+0000,2026-04-02T18:25:00.000000+0000,92
2026-04-02T22:10:04.000000+0000,2026-04-02T22:08:32.000000+0000,92
2026-04-03T04:38:33.000000+0000,2026-04-03T04:37:01.000000+0000,92
2026-04-03T07:48:03.000000+0000,2026-04-03T07:46:31.000000+0000,92
2026-04-03T15:40:04.000000+0000,2026-04-03T15:38:32.000000+0000,92
2026-04-04T00:14:32.000000+0000,2026-04-04T00:13:00.000000+0000,92
2026-04-04T03:44:32.000000+0000,2026-04-04T03:43:00.000000+0000,92
2026-04-04T06:08:32.000000+0000,2026-04-04T06:07:00.000000+0000,92
2026-04-04T06:53:33.000000+0000,2026-04-04T06:52:01.000000+0000,92
2026-04-04T10:05:33.000000+0000,2026-04-04T10:04:01.000000+0000,92
2026-04-04T18:47:33.000000+0000,2026-04-04T18:46:01.000000+0000,92
2026-04-04T23:10:04.000000+0000,2026-04-04T23:08:32.000000+0000,92
2026-04-05T04:14:33.000000+0000,2026-04-05T04:13:01.000000+0000,92
2026-04-05T06:38:33.000000+0000,2026-04-05T06:37:01.000000+0000,92
2026-04-05T09:40:04.000000+0000,2026-04-05T09:38:32.000000+0000,92
2026-04-05T11:03:33.000000+0000,2026-04-05T11:02:01.000000+0000,92
2026-04-05T11:14:33.000000+0000,2026-04-05T11:13:01.000000+0000,92
2026-04-05T15:26:32.000000+0000,2026-04-05T15:25:00.000000+0000,92
2026-04-06T20:40:04.000000+0000,2026-04-06T20:38:32.000000+0000,92
2026-04-07T05:03:33.000000+0000,2026-04-07T05:02:01.000000+0000,92
2026-04-07T05:14:33.000000+0000,2026-04-07T05:13:01.000000+0000,92
2026-04-07T07:10:04.000000+0000,2026-04-07T07:08:32.000000+0000,92
2026-04-07T14:38:33.000000+0000,2026-04-07T14:37:01.000000+0000,92
2026-04-07T15:44:32.000000+0000,2026-04-07T15:43:00.000000+0000,92
2026-04-08T14:05:04.000000+0000,2026-04-08T14:03:32.000000+0000,92
2026-04-08T14:39:32.000000+0000,2026-04-08T14:38:00.000000+0000,92
2026-04-08T21:36:32.000000+0000,2026-04-08T21:35:00.000000+0000,92
2026-04-09T00:10:04.000000+0000,2026-04-09T00:08:32.000000+0000,92
2026-04-09T04:50:32.000000+0000,2026-04-09T04:49:00.000000+0000,92
2026-04-09T06:35:04.000000+0000,2026-04-09T06:33:32.000000+0000,92
2026-04-09T07:58:32.000000+0000,2026-04-09T07:57:00.000000+0000,92
2026-04-09T14:58:32.000000+0000,2026-04-09T14:57:00.000000+0000,92
2026-04-10T00:05:04.000000+0000,2026-04-10T00:03:32.000000+0000,92
2026-04-10T08:05:04.000000+0000,2026-04-10T08:03:32.000000+0000,92
2026-04-10T08:50:33.000000+0000,2026-04-10T08:49:01.000000+0000,92
2026-04-10T10:45:04.000000+0000,2026-04-10T10:43:32.000000+0000,92
2026-04-10T15:28:32.000000+0000,2026-04-10T15:27:00.000000+0000,92
2026-04-10T15:39:33.000000+0000,2026-04-10T15:38:01.000000+0000,92
2026-04-10T22:28:32.000000+0000,2026-04-10T22:27:00.000000+0000,92
2026-04-10T22:39:32.000000+0000,2026-04-10T22:38:00.000000+0000,92
2026-04-11T04:54:32.000000+0000,2026-04-11T04:53:00.000000+0000,92
2026-04-11T09:10:04.000000+0000,2026-04-11T09:08:32.000000+0000,92
2026-04-12T09:30:05.000000+0000,2026-04-12T09:28:33.000000+0000,92
2026-04-12T23:28:32.000000+0000,2026-04-12T23:27:00.000000+0000,92
2026-04-13T01:35:03.000000+0000,2026-04-13T01:33:31.000000+0000,92
2026-04-13T09:58:32.000000+0000,2026-04-13T09:57:00.000000+0000,92
2026-04-14T05:35:04.000000+0000,2026-04-14T05:33:32.000000+0000,92
2026-04-14T07:30:05.000000+0000,2026-04-14T07:28:33.000000+0000,92
2026-04-14T10:39:33.000000+0000,2026-04-14T10:38:01.000000+0000,92
2026-04-14T12:35:04.000000+0000,2026-04-14T12:33:32.000000+0000,92
2026-04-14T16:05:04.000000+0000,2026-04-14T16:03:32.000000+0000,92
2026-04-14T17:50:04.000000+0000,2026-04-14T17:48:32.000000+0000,92
2026-04-15T06:05:04.000000+0000,2026-04-15T06:03:32.000000+0000,92
2026-04-15T09:35:32.000000+0000,2026-04-15T09:34:00.000000+0000,92
2026-04-15T19:03:33.000000+0000,2026-04-15T19:02:01.000000+0000,92
2026-04-15T21:28:32.000000+0000,2026-04-15T21:27:00.000000+0000,92
2026-04-16T11:39:33.000000+0000,2026-04-16T11:38:01.000000+0000,92
2026-04-16T15:09:32.000000+0000,2026-04-16T15:08:00.000000+0000,92
2026-04-16T19:01:05.000000+0000,2026-04-16T18:59:33.000000+0000,92
2026-04-16T23:54:03.000000+0000,2026-04-16T23:52:31.000000+0000,92
2026-04-17T07:05:05.000000+0000,2026-04-17T07:03:33.000000+0000,92
2026-04-17T21:54:32.000000+0000,2026-04-17T21:53:00.000000+0000,92
2026-04-17T22:39:33.000000+0000,2026-04-17T22:38:01.000000+0000,92
2026-04-18T01:24:32.000000+0000,2026-04-18T01:23:00.000000+0000,92
2026-04-18T18:05:05.000000+0000,2026-04-18T18:03:33.000000+0000,92
2026-04-19T06:52:32.000000+0000,2026-04-19T06:51:00.000000+0000,92
2026-04-19T08:05:04.000000+0000,2026-04-19T08:03:32.000000+0000,92
2026-04-19T09:39:32.000000+0000,2026-04-19T09:38:00.000000+0000,92
2026-04-19T16:39:32.000000+0000,2026-04-19T16:38:00.000000+0000,92
2026-04-20T01:24:03.000000+0000,2026-04-20T01:22:31.000000+0000,92
2026-04-20T02:24:32.000000+0000,2026-04-20T02:23:00.000000+0000,92
2026-04-20T12:54:32.000000+0000,2026-04-20T12:53:00.000000+0000,92
2026-04-21T05:35:04.000000+0000,2026-04-21T05:33:32.000000+0000,92
2026-04-21T06:35:05.000000+0000,2026-04-21T06:33:33.000000+0000,92
2026-04-21T13:58:32.000000+0000,2026-04-21T13:57:00.000000+0000,92
2026-04-21T14:09:33.000000+0000,2026-04-21T14:08:01.000000+0000,92
2026-04-21T23:54:32.000000+0000,2026-04-21T23:53:00.000000+0000,92
2026-04-22T00:39:32.000000+0000,2026-04-22T00:38:00.000000+0000,92
2026-04-22T06:05:05.000000+0000,2026-04-22T06:03:33.000000+0000,92
2026-04-23T18:39:33.000000+0000,2026-04-23T18:38:01.000000+0000,92
2026-04-24T00:54:32.000000+0000,2026-04-24T00:53:00.000000+0000,92
2026-04-24T11:34:02.000000+0000,2026-04-24T11:32:30.000000+0000,92
2026-04-24T16:17:32.000000+0000,2026-04-24T16:16:00.000000+0000,92
2026-04-25T04:38:32.000000+0000,2026-04-25T04:37:00.000000+0000,92
2026-04-25T13:27:32.000000+0000,2026-04-25T13:26:00.000000+0000,92
2026-04-26T03:58:33.000000+0000,2026-04-26T03:57:01.000000+0000,92
2026-04-26T07:14:32.000000+0000,2026-04-26T07:13:00.000000+0000,92
2026-04-26T08:38:32.000000+0000,2026-04-26T08:37:00.000000+0000,92
2026-04-26T20:36:33.000000+0000,2026-04-26T20:35:01.000000+0000,92
2026-04-27T01:50:05.000000+0000,2026-04-27T01:48:33.000000+0000,92
2026-04-27T09:12:33.000000+0000,2026-04-27T09:11:01.000000+0000,92
2026-04-27T18:18:03.000000+0000,2026-04-27T18:16:31.000000+0000,92
2026-04-28T07:35:04.000000+0000,2026-04-28T07:33:32.000000+0000,92
2026-04-28T07:57:33.000000+0000,2026-04-28T07:56:01.000000+0000,92
2026-04-29T03:08:32.000000+0000,2026-04-29T03:07:00.000000+0000,92
2026-04-29T05:38:32.000000+0000,2026-04-29T05:37:00.000000+0000,92
2026-04-29T11:15:34.000000+0000,2026-04-29T11:14:02.000000+0000,92
2026-04-29T18:35:32.000000+0000,2026-04-29T18:34:00.000000+0000,92
2026-04-30T10:59:32.000000+0000,2026-04-30T10:58:00.000000+0000,92
2026-04-30T12:44:32.000000+0000,2026-04-30T12:43:00.000000+0000,92
2026-05-02T18:17:32.000000+0000,2026-05-02T18:16:00.000000+0000,92
2026-05-02T23:35:32.000000+0000,2026-05-02T23:34:00.000000+0000,92
2026-05-03T02:03:32.000000+0000,2026-05-03T02:02:00.000000+0000,92
2026-05-04T16:01:04.000000+0000,2026-05-04T15:59:32.000000+0000,92
2026-05-04T20:55:04.000000+0000,2026-05-04T20:53:32.000000+0000,92
2026-05-05T04:58:32.000000+0000,2026-05-05T04:57:00.000000+0000,92
2026-05-06T04:46:02.000000+0000,2026-05-06T04:44:30.000000+0000,92
2026-05-06T06:42:32.000000+0000,2026-05-06T06:41:00.000000+0000,92
2026-05-07T01:35:32.000000+0000,2026-05-07T01:34:00.000000+0000,92
2026-05-07T05:47:32.000000+0000,2026-05-07T05:46:00.000000+0000,92
2026-05-07T22:35:32.000000+0000,2026-05-07T22:34:00.000000+0000,92
2026-05-08T16:55:04.000000+0000,2026-05-08T16:53:32.000000+0000,92
2026-05-09T13:06:32.000000+0000,2026-05-09T13:05:00.000000+0000,92
2026-05-09T17:35:32.000000+0000,2026-05-09T17:34:00.000000+0000,92
2026-05-09T23:35:32.000000+0000,2026-05-09T23:34:00.000000+0000,92
2026-05-13T04:35:33.000000+0000,2026-05-13T04:34:01.000000+0000,92
2026-05-13T15:44:32.000000+0000,2026-05-13T15:43:00.000000+0000,92
2026-05-13T16:50:05.000000+0000,2026-05-13T16:48:33.000000+0000,92
2026-05-14T11:45:05.000000+0000,2026-05-14T11:43:33.000000+0000,92
2026-05-15T03:40:05.000000+0000,2026-05-15T03:38:33.000000+0000,92
2026-05-15T06:07:03.000000+0000,2026-05-15T06:05:31.000000+0000,92
2026-05-15T06:56:32.000000+0000,2026-05-15T06:55:00.000000+0000,92
2026-05-15T22:56:32.000000+0000,2026-05-15T22:55:00.000000+0000,92
2026-05-16T02:56:32.000000+0000,2026-05-16T02:55:00.000000+0000,92
2026-05-16T04:31:03.000000+0000,2026-05-16T04:29:31.000000+0000,92
2026-05-17T17:06:32.000000+0000,2026-05-17T17:05:00.000000+0000,92
2026-05-18T05:31:05.000000+0000,2026-05-18T05:29:33.000000+0000,92
2026-05-18T10:35:05.000000+0000,2026-05-18T10:33:33.000000+0000,92
2026-05-19T04:17:32.000000+0000,2026-05-19T04:16:00.000000+0000,92
2026-05-19T14:35:33.000000+0000,2026-05-19T14:34:01.000000+0000,92
2026-05-20T00:34:32.000000+0000,2026-05-20T00:33:00.000000+0000,92
2026-05-21T04:14:03.000000+0000,2026-05-21T04:12:31.000000+0000,92
2026-05-21T09:35:32.000000+0000,2026-05-21T09:34:00.000000+0000,92
2026-05-22T09:48:32.000000+0000,2026-05-22T09:47:00.000000+0000,92
2026-05-23T13:44:32.000000+0000,2026-05-23T13:43:00.000000+0000,92
2026-05-26T19:39:32.000000+0000,2026-05-26T19:38:00.000000+0000,92
2026-05-27T01:37:34.000000+0000,2026-05-27T01:36:02.000000+0000,92
2026-05-27T12:59:32.000000+0000,2026-05-27T12:58:00.000000+0000,92
2026-05-28T14:32:34.000000+0000,2026-05-28T14:31:02.000000+0000,92
2026-05-29T08:29:32.000000+0000,2026-05-29T08:28:00.000000+0000,92
2026-05-29T16:35:32.000000+0000,2026-05-29T16:34:00.000000+0000,92
2026-05-29T19:13:34.000000+0000,2026-05-29T19:12:02.000000+0000,92
2026-05-30T06:46:02.000000+0000,2026-05-30T06:44:30.000000+0000,92
2026-05-31T00:05:32.000000+0000,2026-05-31T00:04:00.000000+0000,92
2026-05-31T01:40:04.000000+0000,2026-05-31T01:38:32.000000+0000,92
2026-05-31T08:39:32.000000+0000,2026-05-31T08:38:00.000000+0000,92
2026-05-31T12:10:04.000000+0000,2026-05-31T12:08:32.000000+0000,92
2026-05-31T15:40:04.000000+0000,2026-05-31T15:38:32.000000+0000,92
2026-05-31T23:01:04.000000+0000,2026-05-31T22:59:32.000000+0000,92
2026-06-01T14:25:32.000000+0000,2026-06-01T14:24:00.000000+0000,92
2026-06-02T18:56:32.000000+0000,2026-06-02T18:55:00.000000+0000,92
2026-06-02T20:09:32.000000+0000,2026-06-02T20:08:00.000000+0000,92
2026-06-02T20:21:02.000000+0000,2026-06-02T20:19:30.000000+0000,92
2026-06-02T21:10:04.000000+0000,2026-06-02T21:08:32.000000+0000,92
2025-02-10T02:33:11.000000+0000,2025-02-10T02:31:40.000000+0000,91
2025-05-11T08:17:31.000000+0000,2025-05-11T08:16:00.000000+0000,91
2025-05-13T23:06:02.000000+0000,2025-05-13T23:04:31.000000+0000,91
2025-05-15T10:06:02.000000+0000,2025-05-15T10:04:31.000000+0000,91
2025-05-15T17:16:32.000000+0000,2025-05-15T17:15:01.000000+0000,91
2025-05-16T00:06:03.000000+0000,2025-05-16T00:04:32.000000+0000,91
2025-05-16T00:28:33.000000+0000,2025-05-16T00:27:02.000000+0000,91
2025-05-17T04:38:31.000000+0000,2025-05-17T04:37:00.000000+0000,91
2025-05-17T11:27:02.000000+0000,2025-05-17T11:25:31.000000+0000,91
2025-05-19T19:28:31.000000+0000,2025-05-19T19:27:00.000000+0000,91
2025-05-21T06:06:02.000000+0000,2025-05-21T06:04:31.000000+0000,91
2025-05-21T13:56:33.000000+0000,2025-05-21T13:55:02.000000+0000,91
2025-05-22T00:37:03.000000+0000,2025-05-22T00:35:32.000000+0000,91
2025-05-22T00:48:32.000000+0000,2025-05-22T00:47:01.000000+0000,91
2025-05-22T04:07:31.000000+0000,2025-05-22T04:06:00.000000+0000,91
2025-05-22T14:27:02.000000+0000,2025-05-22T14:25:31.000000+0000,91
2025-05-24T16:41:02.000000+0000,2025-05-24T16:39:31.000000+0000,91
2025-05-25T02:07:33.000000+0000,2025-05-25T02:06:02.000000+0000,91
2025-05-26T09:27:03.000000+0000,2025-05-26T09:25:32.000000+0000,91
2025-05-26T16:16:02.000000+0000,2025-05-26T16:14:31.000000+0000,91
2025-05-26T23:16:02.000000+0000,2025-05-26T23:14:31.000000+0000,91
2025-05-28T14:08:31.000000+0000,2025-05-28T14:07:00.000000+0000,91
2025-05-29T07:27:02.000000+0000,2025-05-29T07:25:31.000000+0000,91
2025-05-29T10:57:03.000000+0000,2025-05-29T10:55:32.000000+0000,91
2025-05-29T11:08:33.000000+0000,2025-05-29T11:07:02.000000+0000,91
2025-05-29T14:38:32.000000+0000,2025-05-29T14:37:01.000000+0000,91
2025-05-30T12:15:07.000000+0000,2025-05-30T12:13:36.000000+0000,91
2025-05-30T19:15:05.000000+0000,2025-05-30T19:13:34.000000+0000,91
2025-05-30T20:33:35.000000+0000,2025-05-30T20:32:04.000000+0000,91
2025-06-01T08:56:34.000000+0000,2025-06-01T08:55:03.000000+0000,91
2025-06-05T00:27:32.000000+0000,2025-06-05T00:26:01.000000+0000,91
2025-06-05T14:48:33.000000+0000,2025-06-05T14:47:02.000000+0000,91
2025-06-05T17:46:05.000000+0000,2025-06-05T17:44:34.000000+0000,91
2025-06-06T21:35:34.000000+0000,2025-06-06T21:34:03.000000+0000,91
2025-06-07T22:48:33.000000+0000,2025-06-07T22:47:02.000000+0000,91
2025-06-08T23:28:32.000000+0000,2025-06-08T23:27:01.000000+0000,91
2025-06-12T02:33:33.000000+0000,2025-06-12T02:32:02.000000+0000,91
2025-06-15T23:18:31.000000+0000,2025-06-15T23:17:00.000000+0000,91
2025-06-16T00:06:31.000000+0000,2025-06-16T00:05:00.000000+0000,91
2025-06-17T11:14:32.000000+0000,2025-06-17T11:13:01.000000+0000,91
2025-06-20T19:06:02.000000+0000,2025-06-20T19:04:31.000000+0000,91
2025-06-26T08:17:32.000000+0000,2025-06-26T08:16:01.000000+0000,91
2025-06-28T16:06:02.000000+0000,2025-06-28T16:04:31.000000+0000,91
2025-06-30T10:06:32.000000+0000,2025-06-30T10:05:01.000000+0000,91
2025-07-01T14:06:03.000000+0000,2025-07-01T14:04:32.000000+0000,91
2025-07-03T08:06:02.000000+0000,2025-07-03T08:04:31.000000+0000,91
2025-07-04T12:06:02.000000+0000,2025-07-04T12:04:31.000000+0000,91
2025-07-05T02:06:02.000000+0000,2025-07-05T02:04:31.000000+0000,91
2025-07-08T04:29:03.000000+0000,2025-07-08T04:27:32.000000+0000,91
2025-07-09T11:59:03.000000+0000,2025-07-09T11:57:32.000000+0000,91
2025-07-10T01:06:32.000000+0000,2025-07-10T01:05:01.000000+0000,91
2025-07-13T06:06:02.000000+0000,2025-07-13T06:04:31.000000+0000,91
2025-07-15T00:06:03.000000+0000,2025-07-15T00:04:32.000000+0000,91
2025-07-17T01:06:01.000000+0000,2025-07-17T01:04:30.000000+0000,91
2025-07-19T09:06:02.000000+0000,2025-07-19T09:04:31.000000+0000,91
2025-07-19T23:06:02.000000+0000,2025-07-19T23:04:31.000000+0000,91
2025-07-21T03:17:31.000000+0000,2025-07-21T03:16:00.000000+0000,91
2025-07-23T04:06:02.000000+0000,2025-07-23T04:04:31.000000+0000,91
2025-07-23T17:55:03.000000+0000,2025-07-23T17:53:32.000000+0000,91
2025-07-24T07:55:03.000000+0000,2025-07-24T07:53:32.000000+0000,91
2025-07-24T08:06:02.000000+0000,2025-07-24T08:04:31.000000+0000,91
2025-07-24T15:06:02.000000+0000,2025-07-24T15:04:31.000000+0000,91
2025-07-26T23:17:31.000000+0000,2025-07-26T23:16:00.000000+0000,91
2025-07-27T05:55:04.000000+0000,2025-07-27T05:53:33.000000+0000,91
2025-07-28T10:06:03.000000+0000,2025-07-28T10:04:32.000000+0000,91
2025-07-29T07:06:32.000000+0000,2025-07-29T07:05:01.000000+0000,91
2025-07-29T14:06:32.000000+0000,2025-07-29T14:05:01.000000+0000,91
2025-07-29T21:06:02.000000+0000,2025-07-29T21:04:31.000000+0000,91
2025-07-31T07:55:03.000000+0000,2025-07-31T07:53:32.000000+0000,91
2025-07-31T08:06:02.000000+0000,2025-07-31T08:04:31.000000+0000,91
2025-08-01T05:06:02.000000+0000,2025-08-01T05:04:31.000000+0000,91
2025-08-01T19:06:02.000000+0000,2025-08-01T19:04:31.000000+0000,91
2025-08-02T23:06:03.000000+0000,2025-08-02T23:04:32.000000+0000,91
2025-08-03T12:55:03.000000+0000,2025-08-03T12:53:32.000000+0000,91
2025-08-03T13:06:02.000000+0000,2025-08-03T13:04:31.000000+0000,91
2025-08-04T03:06:32.000000+0000,2025-08-04T03:05:01.000000+0000,91
2025-08-05T07:06:02.000000+0000,2025-08-05T07:04:31.000000+0000,91
2025-08-06T03:55:04.000000+0000,2025-08-06T03:53:33.000000+0000,91
2025-08-06T17:55:03.000000+0000,2025-08-06T17:53:32.000000+0000,91
2025-08-07T15:06:02.000000+0000,2025-08-07T15:04:31.000000+0000,91
2025-08-07T15:55:03.000000+0000,2025-08-07T15:53:32.000000+0000,91
2025-08-09T09:06:32.000000+0000,2025-08-09T09:05:01.000000+0000,91
2025-08-09T22:55:03.000000+0000,2025-08-09T22:53:32.000000+0000,91
2025-08-10T05:55:04.000000+0000,2025-08-10T05:53:33.000000+0000,91
2025-08-10T13:55:03.000000+0000,2025-08-10T13:53:32.000000+0000,91
2025-08-10T20:06:04.000000+0000,2025-08-10T20:04:33.000000+0000,91
2025-08-12T00:17:32.000000+0000,2025-08-12T00:16:01.000000+0000,91
2025-08-13T17:55:04.000000+0000,2025-08-13T17:53:33.000000+0000,91
2025-08-15T04:55:02.000000+0000,2025-08-15T04:53:31.000000+0000,91
2025-08-15T05:06:02.000000+0000,2025-08-15T05:04:31.000000+0000,91
2025-08-16T01:55:01.000000+0000,2025-08-16T01:53:30.000000+0000,91
2025-08-16T16:18:02.000000+0000,2025-08-16T16:16:31.000000+0000,91
2025-08-20T00:58:32.000000+0000,2025-08-20T00:57:01.000000+0000,91
2025-08-20T11:06:33.000000+0000,2025-08-20T11:05:02.000000+0000,91
2025-08-21T01:06:33.000000+0000,2025-08-21T01:05:02.000000+0000,91
2025-08-22T05:17:32.000000+0000,2025-08-22T05:16:01.000000+0000,91
2025-08-22T12:06:32.000000+0000,2025-08-22T12:05:01.000000+0000,91
2025-08-22T19:55:04.000000+0000,2025-08-22T19:53:33.000000+0000,91
2025-08-23T01:55:02.000000+0000,2025-08-23T01:53:31.000000+0000,91
2025-08-23T15:55:03.000000+0000,2025-08-23T15:53:32.000000+0000,91
2025-08-23T16:06:32.000000+0000,2025-08-23T16:05:01.000000+0000,91
2025-08-23T23:06:33.000000+0000,2025-08-23T23:05:02.000000+0000,91
2025-08-24T02:25:02.000000+0000,2025-08-24T02:23:31.000000+0000,91
2025-08-24T13:06:33.000000+0000,2025-08-24T13:05:02.000000+0000,91
2025-08-24T20:05:32.000000+0000,2025-08-24T20:04:01.000000+0000,91
2025-08-25T02:55:02.000000+0000,2025-08-25T02:53:31.000000+0000,91
2025-08-25T10:06:32.000000+0000,2025-08-25T10:05:01.000000+0000,91
2025-08-25T23:55:03.000000+0000,2025-08-25T23:53:32.000000+0000,91
2025-08-29T11:55:04.000000+0000,2025-08-29T11:53:33.000000+0000,91
2025-08-30T01:55:04.000000+0000,2025-08-30T01:53:33.000000+0000,91
2025-08-30T16:06:32.000000+0000,2025-08-30T16:05:01.000000+0000,91
2025-08-30T22:55:03.000000+0000,2025-08-30T22:53:32.000000+0000,91
2025-08-31T05:55:03.000000+0000,2025-08-31T05:53:32.000000+0000,91
2025-08-31T06:06:33.000000+0000,2025-08-31T06:05:02.000000+0000,91
2025-08-31T06:55:02.000000+0000,2025-08-31T06:53:31.000000+0000,91
2025-08-31T12:55:03.000000+0000,2025-08-31T12:53:32.000000+0000,91
2025-08-31T20:06:02.000000+0000,2025-08-31T20:04:31.000000+0000,91
2025-09-01T10:06:32.000000+0000,2025-09-01T10:05:01.000000+0000,91
2025-09-10T12:50:34.000000+0000,2025-09-10T12:49:03.000000+0000,91
2025-09-11T08:06:04.000000+0000,2025-09-11T08:04:33.000000+0000,91
2025-09-11T18:46:32.000000+0000,2025-09-11T18:45:01.000000+0000,91
2025-09-12T01:35:33.000000+0000,2025-09-12T01:34:02.000000+0000,91
2025-09-12T05:06:33.000000+0000,2025-09-12T05:05:02.000000+0000,91
2025-09-12T12:06:32.000000+0000,2025-09-12T12:05:01.000000+0000,91
2025-09-12T19:06:32.000000+0000,2025-09-12T19:05:01.000000+0000,91
2025-09-13T22:55:02.000000+0000,2025-09-13T22:53:31.000000+0000,91
2025-09-14T10:08:33.000000+0000,2025-09-14T10:07:02.000000+0000,91
2025-09-14T19:55:02.000000+0000,2025-09-14T19:53:31.000000+0000,91
2025-09-16T00:06:02.000000+0000,2025-09-16T00:04:31.000000+0000,91
2025-09-16T07:06:37.000000+0000,2025-09-16T07:05:06.000000+0000,91
2025-09-16T21:06:02.000000+0000,2025-09-16T21:04:31.000000+0000,91
2025-09-18T08:06:33.000000+0000,2025-09-18T08:05:02.000000+0000,91
2025-09-18T21:55:04.000000+0000,2025-09-18T21:53:33.000000+0000,91
2025-09-19T11:55:04.000000+0000,2025-09-19T11:53:33.000000+0000,91
2025-09-20T20:08:32.000000+0000,2025-09-20T20:07:01.000000+0000,91
2025-09-21T02:46:32.000000+0000,2025-09-21T02:45:01.000000+0000,91
2025-09-22T06:46:38.000000+0000,2025-09-22T06:45:07.000000+0000,91
2025-09-22T09:55:03.000000+0000,2025-09-22T09:53:32.000000+0000,91
2025-09-23T13:55:03.000000+0000,2025-09-23T13:53:32.000000+0000,91
2025-09-23T20:55:01.000000+0000,2025-09-23T20:53:30.000000+0000,91
2025-09-24T11:48:32.000000+0000,2025-09-24T11:47:01.000000+0000,91
2025-09-24T14:46:32.000000+0000,2025-09-24T14:45:01.000000+0000,91
2025-09-24T18:16:34.000000+0000,2025-09-24T18:15:03.000000+0000,91
2025-09-25T01:55:02.000000+0000,2025-09-25T01:53:31.000000+0000,91
2025-09-25T15:06:03.000000+0000,2025-09-25T15:04:32.000000+0000,91
2025-09-26T15:35:33.000000+0000,2025-09-26T15:34:02.000000+0000,91
2025-09-27T19:58:02.000000+0000,2025-09-27T19:56:31.000000+0000,91
2025-09-28T06:06:02.000000+0000,2025-09-28T06:04:31.000000+0000,91
2025-09-29T17:06:04.000000+0000,2025-09-29T17:04:33.000000+0000,91
2025-09-30T18:25:03.000000+0000,2025-09-30T18:23:32.000000+0000,91
2025-09-30T20:55:03.000000+0000,2025-09-30T20:53:32.000000+0000,91
2025-10-01T04:06:03.000000+0000,2025-10-01T04:04:32.000000+0000,91
2025-10-13T03:05:33.000000+0000,2025-10-13T03:04:02.000000+0000,91
2025-10-13T03:17:03.000000+0000,2025-10-13T03:15:32.000000+0000,91
2025-10-13T17:44:33.000000+0000,2025-10-13T17:43:02.000000+0000,91
2025-10-14T14:16:03.000000+0000,2025-10-14T14:14:32.000000+0000,91
2025-10-15T04:06:02.000000+0000,2025-10-15T04:04:31.000000+0000,91
2025-10-17T05:44:32.000000+0000,2025-10-17T05:43:01.000000+0000,91
2025-10-20T10:06:02.000000+0000,2025-10-20T10:04:31.000000+0000,91
2025-10-20T13:25:04.000000+0000,2025-10-20T13:23:33.000000+0000,91
2025-10-21T14:06:03.000000+0000,2025-10-21T14:04:32.000000+0000,91
2025-10-21T14:17:33.000000+0000,2025-10-21T14:16:02.000000+0000,91
2025-10-23T00:55:02.000000+0000,2025-10-23T00:53:31.000000+0000,91
2025-10-23T18:35:33.000000+0000,2025-10-23T18:34:02.000000+0000,91
2025-10-24T19:06:32.000000+0000,2025-10-24T19:05:01.000000+0000,91
2025-10-26T05:55:02.000000+0000,2025-10-26T05:53:31.000000+0000,91
2025-10-26T19:55:04.000000+0000,2025-10-26T19:53:33.000000+0000,91
2025-10-27T02:55:02.000000+0000,2025-10-27T02:53:31.000000+0000,91
2025-10-28T14:06:32.000000+0000,2025-10-28T14:05:01.000000+0000,91
2025-10-31T08:46:36.000000+0000,2025-10-31T08:45:05.000000+0000,91
2025-10-31T12:48:32.000000+0000,2025-10-31T12:47:01.000000+0000,91
2025-10-31T16:25:03.000000+0000,2025-10-31T16:23:32.000000+0000,91
2025-11-01T09:44:32.000000+0000,2025-11-01T09:43:01.000000+0000,91
2025-11-03T13:46:36.000000+0000,2025-11-03T13:45:05.000000+0000,91
2025-11-04T00:06:36.000000+0000,2025-11-04T00:05:05.000000+0000,91
2025-11-06T01:44:31.000000+0000,2025-11-06T01:43:00.000000+0000,91
2025-11-06T08:16:36.000000+0000,2025-11-06T08:15:05.000000+0000,91
2025-11-06T18:35:34.000000+0000,2025-11-06T18:34:03.000000+0000,91
2025-11-08T06:35:34.000000+0000,2025-11-08T06:34:03.000000+0000,91
2025-11-09T13:27:32.000000+0000,2025-11-09T13:26:01.000000+0000,91
2025-11-09T19:24:32.000000+0000,2025-11-09T19:23:01.000000+0000,91
2025-11-10T03:06:03.000000+0000,2025-11-10T03:04:32.000000+0000,91
2025-11-12T18:44:31.000000+0000,2025-11-12T18:43:00.000000+0000,91
2025-11-15T12:46:37.000000+0000,2025-11-15T12:45:06.000000+0000,91
2025-11-16T06:44:32.000000+0000,2025-11-16T06:43:01.000000+0000,91
2025-11-16T09:46:36.000000+0000,2025-11-16T09:45:05.000000+0000,91
2025-11-16T23:46:37.000000+0000,2025-11-16T23:45:06.000000+0000,91
2025-11-17T21:49:32.000000+0000,2025-11-17T21:48:01.000000+0000,91
2025-11-18T03:46:37.000000+0000,2025-11-18T03:45:06.000000+0000,91
2025-11-18T10:46:37.000000+0000,2025-11-18T10:45:06.000000+0000,91
2025-11-19T10:44:31.000000+0000,2025-11-19T10:43:00.000000+0000,91
2025-11-20T16:43:43.000000+0000,2025-11-20T16:42:12.000000+0000,91
2025-11-22T08:54:39.000000+0000,2025-11-22T08:53:08.000000+0000,91
2025-11-23T03:20:08.000000+0000,2025-11-23T03:18:37.000000+0000,91
2025-11-24T21:10:06.000000+0000,2025-11-24T21:08:35.000000+0000,91
2025-11-26T05:40:06.000000+0000,2025-11-26T05:38:35.000000+0000,91
2025-11-27T23:11:38.000000+0000,2025-11-27T23:10:07.000000+0000,91
2025-11-30T12:58:32.000000+0000,2025-11-30T12:57:01.000000+0000,91
2025-11-30T15:35:39.000000+0000,2025-11-30T15:34:08.000000+0000,91
2025-12-02T01:22:41.000000+0000,2025-12-02T01:21:10.000000+0000,91
2025-12-12T21:35:33.000000+0000,2025-12-12T21:34:02.000000+0000,91
2025-12-13T08:44:32.000000+0000,2025-12-13T08:43:01.000000+0000,91
2025-12-13T11:35:33.000000+0000,2025-12-13T11:34:02.000000+0000,91
2025-12-15T02:44:32.000000+0000,2025-12-15T02:43:01.000000+0000,91
2025-12-16T02:35:33.000000+0000,2025-12-16T02:34:02.000000+0000,91
2025-12-16T06:48:31.000000+0000,2025-12-16T06:47:00.000000+0000,91
2025-12-16T20:27:31.000000+0000,2025-12-16T20:26:00.000000+0000,91
2025-12-20T08:44:31.000000+0000,2025-12-20T08:43:00.000000+0000,91
2025-12-21T12:44:31.000000+0000,2025-12-21T12:43:00.000000+0000,91
2025-12-22T09:06:03.000000+0000,2025-12-22T09:04:32.000000+0000,91
2025-12-22T16:44:31.000000+0000,2025-12-22T16:43:00.000000+0000,91
2025-12-22T23:44:31.000000+0000,2025-12-22T23:43:00.000000+0000,91
2025-12-23T19:24:32.000000+0000,2025-12-23T19:23:01.000000+0000,91
2025-12-24T09:13:31.000000+0000,2025-12-24T09:12:00.000000+0000,91
2025-12-24T13:58:02.000000+0000,2025-12-24T13:56:31.000000+0000,91
2025-12-25T13:55:02.000000+0000,2025-12-25T13:53:31.000000+0000,91
2025-12-26T14:46:03.000000+0000,2025-12-26T14:44:32.000000+0000,91
2025-12-29T05:35:33.000000+0000,2025-12-29T05:34:02.000000+0000,91
2025-12-29T13:49:02.000000+0000,2025-12-29T13:47:31.000000+0000,91
2025-12-29T23:48:31.000000+0000,2025-12-29T23:47:00.000000+0000,91
2025-12-30T02:35:33.000000+0000,2025-12-30T02:34:02.000000+0000,91
2025-12-30T09:46:04.000000+0000,2025-12-30T09:44:33.000000+0000,91
2025-12-30T16:35:33.000000+0000,2025-12-30T16:34:02.000000+0000,91
2025-12-30T18:53:32.000000+0000,2025-12-30T18:52:01.000000+0000,91
2025-12-31T09:55:04.000000+0000,2025-12-31T09:53:33.000000+0000,91
2026-01-01T00:44:31.000000+0000,2026-01-01T00:43:00.000000+0000,91
2026-01-01T10:46:03.000000+0000,2026-01-01T10:44:32.000000+0000,91
2026-01-01T18:35:32.000000+0000,2026-01-01T18:34:01.000000+0000,91
2026-01-02T14:36:03.000000+0000,2026-01-02T14:34:32.000000+0000,91
2026-01-03T08:55:02.000000+0000,2026-01-03T08:53:31.000000+0000,91
2026-01-03T15:44:31.000000+0000,2026-01-03T15:43:00.000000+0000,91
2026-01-04T19:05:33.000000+0000,2026-01-04T19:04:02.000000+0000,91
2026-01-05T19:35:33.000000+0000,2026-01-05T19:34:02.000000+0000,91
2026-01-06T16:57:31.000000+0000,2026-01-06T16:56:00.000000+0000,91
2026-01-07T03:05:33.000000+0000,2026-01-07T03:04:02.000000+0000,91
2026-01-07T06:46:36.000000+0000,2026-01-07T06:45:05.000000+0000,91
2026-01-08T00:05:33.000000+0000,2026-01-08T00:04:02.000000+0000,91
2026-01-09T10:13:33.000000+0000,2026-01-09T10:12:02.000000+0000,91
2026-01-09T14:35:33.000000+0000,2026-01-09T14:34:02.000000+0000,91
2026-01-10T11:57:31.000000+0000,2026-01-10T11:56:00.000000+0000,91
2026-01-10T18:35:32.000000+0000,2026-01-10T18:34:01.000000+0000,91
2026-01-10T22:05:33.000000+0000,2026-01-10T22:04:02.000000+0000,91
2026-01-11T15:35:33.000000+0000,2026-01-11T15:34:02.000000+0000,91
2026-01-12T14:31:38.000000+0000,2026-01-12T14:30:07.000000+0000,91
2026-01-13T14:05:32.000000+0000,2026-01-13T14:04:01.000000+0000,91
2026-01-20T07:05:32.000000+0000,2026-01-20T07:04:01.000000+0000,91
2026-01-20T14:05:32.000000+0000,2026-01-20T14:04:01.000000+0000,91
2026-01-20T17:57:02.000000+0000,2026-01-20T17:55:31.000000+0000,91
2026-01-21T14:35:32.000000+0000,2026-01-21T14:34:01.000000+0000,91
2026-01-21T15:25:02.000000+0000,2026-01-21T15:23:31.000000+0000,91
2026-01-22T07:55:02.000000+0000,2026-01-22T07:53:31.000000+0000,91
2026-01-24T09:28:02.000000+0000,2026-01-24T09:26:31.000000+0000,91
2026-01-24T19:32:31.000000+0000,2026-01-24T19:31:00.000000+0000,91
2026-01-25T02:57:02.000000+0000,2026-01-25T02:55:31.000000+0000,91
2026-01-25T23:56:31.000000+0000,2026-01-25T23:55:00.000000+0000,91
2026-01-26T08:38:32.000000+0000,2026-01-26T08:37:01.000000+0000,91
2026-01-27T00:55:01.000000+0000,2026-01-27T00:53:30.000000+0000,91
2026-01-27T03:35:32.000000+0000,2026-01-27T03:34:01.000000+0000,91
2026-01-28T04:44:32.000000+0000,2026-01-28T04:43:01.000000+0000,91
2026-01-28T08:35:31.000000+0000,2026-01-28T08:34:00.000000+0000,91
2026-01-29T04:35:33.000000+0000,2026-01-29T04:34:02.000000+0000,91
2026-01-29T22:06:02.000000+0000,2026-01-29T22:04:31.000000+0000,91
2026-01-30T12:44:31.000000+0000,2026-01-30T12:43:00.000000+0000,91
2026-01-30T19:44:32.000000+0000,2026-01-30T19:43:01.000000+0000,91
2026-01-31T09:27:32.000000+0000,2026-01-31T09:26:01.000000+0000,91
2026-02-01T02:58:03.000000+0000,2026-02-01T02:56:32.000000+0000,91
2026-02-01T06:17:32.000000+0000,2026-02-01T06:16:01.000000+0000,91
2026-02-01T09:46:02.000000+0000,2026-02-01T09:44:31.000000+0000,91
2026-02-01T09:57:31.000000+0000,2026-02-01T09:56:00.000000+0000,91
2026-02-01T13:17:32.000000+0000,2026-02-01T13:16:01.000000+0000,91
2026-02-04T00:37:01.000000+0000,2026-02-04T00:35:30.000000+0000,91
2026-02-04T22:14:32.000000+0000,2026-02-04T22:13:01.000000+0000,91
2026-02-05T01:48:31.000000+0000,2026-02-05T01:47:00.000000+0000,91
2026-02-05T18:24:31.000000+0000,2026-02-05T18:23:00.000000+0000,91
2026-02-06T09:25:01.000000+0000,2026-02-06T09:23:30.000000+0000,91
2026-02-08T18:10:33.000000+0000,2026-02-08T18:09:02.000000+0000,91
2026-02-09T15:10:33.000000+0000,2026-02-09T15:09:02.000000+0000,91
2026-02-10T10:35:04.000000+0000,2026-02-10T10:33:33.000000+0000,91
2026-02-10T10:46:02.000000+0000,2026-02-10T10:44:31.000000+0000,91
2026-02-10T10:57:32.000000+0000,2026-02-10T10:56:01.000000+0000,91
2026-02-11T00:24:32.000000+0000,2026-02-11T00:23:01.000000+0000,91
2026-02-11T00:35:32.000000+0000,2026-02-11T00:34:01.000000+0000,91
2026-02-11T18:44:31.000000+0000,2026-02-11T18:43:00.000000+0000,91
2026-02-12T15:13:01.000000+0000,2026-02-12T15:11:30.000000+0000,91
2026-02-12T21:55:03.000000+0000,2026-02-12T21:53:32.000000+0000,91
2026-02-12T22:44:32.000000+0000,2026-02-12T22:43:01.000000+0000,91
2026-02-13T05:27:02.000000+0000,2026-02-13T05:25:31.000000+0000,91
2026-02-13T11:54:32.000000+0000,2026-02-13T11:53:01.000000+0000,91
2026-02-13T12:55:01.000000+0000,2026-02-13T12:53:30.000000+0000,91
2026-02-13T19:44:31.000000+0000,2026-02-13T19:43:00.000000+0000,91
2026-02-13T22:25:32.000000+0000,2026-02-13T22:24:01.000000+0000,91
2026-02-14T05:25:31.000000+0000,2026-02-14T05:24:00.000000+0000,91
2026-02-18T07:14:32.000000+0000,2026-02-18T07:13:01.000000+0000,91
2026-02-18T15:38:32.000000+0000,2026-02-18T15:37:01.000000+0000,91
2026-02-18T16:28:02.000000+0000,2026-02-18T16:26:31.000000+0000,91
2026-02-19T01:44:31.000000+0000,2026-02-19T01:43:00.000000+0000,91
2026-02-19T22:05:32.000000+0000,2026-02-19T22:04:01.000000+0000,91
2026-02-21T02:44:32.000000+0000,2026-02-21T02:43:01.000000+0000,91
2026-02-21T06:14:32.000000+0000,2026-02-21T06:13:01.000000+0000,91
2026-02-21T16:06:01.000000+0000,2026-02-21T16:04:30.000000+0000,91
2026-02-21T22:55:01.000000+0000,2026-02-21T22:53:30.000000+0000,91
2026-02-22T01:29:33.000000+0000,2026-02-22T01:28:02.000000+0000,91
2026-02-22T06:55:01.000000+0000,2026-02-22T06:53:30.000000+0000,91
2026-02-25T00:56:32.000000+0000,2026-02-25T00:55:01.000000+0000,91
2026-02-25T01:08:01.000000+0000,2026-02-25T01:06:30.000000+0000,91
2026-02-25T05:08:02.000000+0000,2026-02-25T05:06:31.000000+0000,91
2026-02-25T06:08:32.000000+0000,2026-02-25T06:07:01.000000+0000,91
2026-02-25T08:14:31.000000+0000,2026-02-25T08:13:00.000000+0000,91
2026-02-26T01:44:32.000000+0000,2026-02-26T01:43:01.000000+0000,91
2026-02-26T04:25:31.000000+0000,2026-02-26T04:24:00.000000+0000,91
2026-02-26T11:35:33.000000+0000,2026-02-26T11:34:02.000000+0000,91
2026-02-27T00:43:32.000000+0000,2026-02-27T00:42:01.000000+0000,91
2026-02-28T23:05:32.000000+0000,2026-02-28T23:04:01.000000+0000,91
2026-03-02T06:57:32.000000+0000,2026-03-02T06:56:01.000000+0000,91
2026-03-02T17:44:32.000000+0000,2026-03-02T17:43:01.000000+0000,91
2026-03-02T23:55:03.000000+0000,2026-03-02T23:53:32.000000+0000,91
2026-03-03T03:14:32.000000+0000,2026-03-03T03:13:01.000000+0000,91
2026-03-04T22:07:02.000000+0000,2026-03-04T22:05:31.000000+0000,91
2026-03-05T05:28:03.000000+0000,2026-03-05T05:26:32.000000+0000,91
2026-03-05T22:37:32.000000+0000,2026-03-05T22:36:01.000000+0000,91
2026-03-06T11:49:31.000000+0000,2026-03-06T11:48:00.000000+0000,91
2026-03-06T18:39:01.000000+0000,2026-03-06T18:37:30.000000+0000,91
2026-03-06T19:34:33.000000+0000,2026-03-06T19:33:02.000000+0000,91
2026-03-06T22:53:33.000000+0000,2026-03-06T22:52:02.000000+0000,91
2026-03-07T06:15:04.000000+0000,2026-03-07T06:13:33.000000+0000,91
2026-03-07T06:26:03.000000+0000,2026-03-07T06:24:32.000000+0000,91
2026-03-07T09:34:33.000000+0000,2026-03-07T09:33:02.000000+0000,91
2026-03-07T09:46:02.000000+0000,2026-03-07T09:44:31.000000+0000,91
2026-03-07T12:53:32.000000+0000,2026-03-07T12:52:01.000000+0000,91
2026-03-07T15:39:02.000000+0000,2026-03-07T15:37:31.000000+0000,91
2026-03-07T16:23:32.000000+0000,2026-03-07T16:22:01.000000+0000,91
2026-03-07T19:53:33.000000+0000,2026-03-07T19:52:02.000000+0000,91
2026-03-07T22:39:02.000000+0000,2026-03-07T22:37:31.000000+0000,91
2026-03-08T14:17:32.000000+0000,2026-03-08T14:16:01.000000+0000,91
2026-03-08T16:53:32.000000+0000,2026-03-08T16:52:01.000000+0000,91
2026-03-08T17:04:33.000000+0000,2026-03-08T17:03:02.000000+0000,91
2026-03-08T20:34:32.000000+0000,2026-03-08T20:33:01.000000+0000,91
2026-03-08T23:53:31.000000+0000,2026-03-08T23:52:00.000000+0000,91
2026-03-09T03:34:32.000000+0000,2026-03-09T03:33:01.000000+0000,91
2026-03-09T07:15:04.000000+0000,2026-03-09T07:13:33.000000+0000,91
2026-03-09T08:49:32.000000+0000,2026-03-09T08:48:01.000000+0000,91
2026-03-09T10:45:32.000000+0000,2026-03-09T10:44:01.000000+0000,91
2026-03-09T17:23:33.000000+0000,2026-03-09T17:22:02.000000+0000,91
2026-03-09T17:45:04.000000+0000,2026-03-09T17:43:33.000000+0000,91
2026-03-09T22:49:31.000000+0000,2026-03-09T22:48:00.000000+0000,91
2026-03-10T02:29:32.000000+0000,2026-03-10T02:28:01.000000+0000,91
2026-03-10T02:40:33.000000+0000,2026-03-10T02:39:02.000000+0000,91
2026-03-10T05:49:32.000000+0000,2026-03-10T05:48:01.000000+0000,91
2026-03-10T12:49:32.000000+0000,2026-03-10T12:48:01.000000+0000,91
2026-03-10T16:19:31.000000+0000,2026-03-10T16:18:00.000000+0000,91
2026-03-10T20:01:02.000000+0000,2026-03-10T19:59:31.000000+0000,91
2026-03-11T09:49:32.000000+0000,2026-03-11T09:48:01.000000+0000,91
2026-03-11T11:34:33.000000+0000,2026-03-11T11:33:02.000000+0000,91
2026-03-11T16:49:32.000000+0000,2026-03-11T16:48:01.000000+0000,91
2026-03-11T21:53:33.000000+0000,2026-03-11T21:52:02.000000+0000,91
2026-03-11T23:59:33.000000+0000,2026-03-11T23:58:02.000000+0000,91
2026-03-12T02:34:33.000000+0000,2026-03-12T02:33:02.000000+0000,91
2026-03-12T05:15:32.000000+0000,2026-03-12T05:14:01.000000+0000,91
2026-03-12T08:23:33.000000+0000,2026-03-12T08:22:02.000000+0000,91
2026-03-12T08:45:32.000000+0000,2026-03-12T08:44:01.000000+0000,91
2026-03-12T12:04:32.000000+0000,2026-03-12T12:03:01.000000+0000,91
2026-03-12T13:59:33.000000+0000,2026-03-12T13:58:02.000000+0000,91
2026-03-12T17:19:32.000000+0000,2026-03-12T17:18:01.000000+0000,91
2026-03-12T19:15:04.000000+0000,2026-03-12T19:13:33.000000+0000,91
2026-03-12T22:34:32.000000+0000,2026-03-12T22:33:01.000000+0000,91
2026-03-13T00:08:31.000000+0000,2026-03-13T00:07:00.000000+0000,91
2026-03-13T00:19:31.000000+0000,2026-03-13T00:18:00.000000+0000,91
2026-03-13T03:36:01.000000+0000,2026-03-13T03:34:30.000000+0000,91
2026-03-13T04:10:04.000000+0000,2026-03-13T04:08:33.000000+0000,91
2026-03-13T04:21:03.000000+0000,2026-03-13T04:19:32.000000+0000,91
2026-03-13T12:23:32.000000+0000,2026-03-13T12:22:01.000000+0000,91
2026-03-13T18:49:32.000000+0000,2026-03-13T18:48:01.000000+0000,91
2026-03-14T02:55:31.000000+0000,2026-03-14T02:54:00.000000+0000,91
2026-03-14T12:53:32.000000+0000,2026-03-14T12:52:01.000000+0000,91
2026-03-14T13:04:33.000000+0000,2026-03-14T13:03:02.000000+0000,91
2026-03-14T14:49:31.000000+0000,2026-03-14T14:48:00.000000+0000,91
2026-03-14T16:23:32.000000+0000,2026-03-14T16:22:01.000000+0000,91
2026-03-14T16:34:32.000000+0000,2026-03-14T16:33:01.000000+0000,91
2026-03-14T18:19:31.000000+0000,2026-03-14T18:18:00.000000+0000,91
2026-03-15T06:45:32.000000+0000,2026-03-15T06:44:01.000000+0000,91
2026-03-15T16:53:32.000000+0000,2026-03-15T16:52:01.000000+0000,91
2026-03-15T19:49:32.000000+0000,2026-03-15T19:48:01.000000+0000,91
2026-03-16T06:19:32.000000+0000,2026-03-16T06:18:01.000000+0000,91
2026-03-16T09:21:03.000000+0000,2026-03-16T09:19:32.000000+0000,91
2026-03-16T10:10:33.000000+0000,2026-03-16T10:09:02.000000+0000,91
2026-03-16T10:45:04.000000+0000,2026-03-16T10:43:33.000000+0000,91
2026-03-16T13:54:31.000000+0000,2026-03-16T13:53:00.000000+0000,91
2026-03-16T21:04:31.000000+0000,2026-03-16T21:03:00.000000+0000,91
2026-03-16T21:16:02.000000+0000,2026-03-16T21:14:31.000000+0000,91
2026-03-16T23:49:31.000000+0000,2026-03-16T23:48:00.000000+0000,91
2026-03-17T00:34:31.000000+0000,2026-03-17T00:33:00.000000+0000,91
2026-03-17T04:14:32.000000+0000,2026-03-17T04:13:01.000000+0000,91
2026-03-17T06:49:32.000000+0000,2026-03-17T06:48:01.000000+0000,91
2026-03-17T07:56:01.000000+0000,2026-03-17T07:54:30.000000+0000,91
2026-03-17T09:19:32.000000+0000,2026-03-17T09:18:01.000000+0000,91
2026-03-17T12:49:32.000000+0000,2026-03-17T12:48:01.000000+0000,91
2026-03-17T13:39:02.000000+0000,2026-03-17T13:37:31.000000+0000,91
2026-03-17T14:34:33.000000+0000,2026-03-17T14:33:02.000000+0000,91
2026-03-17T14:45:32.000000+0000,2026-03-17T14:44:01.000000+0000,91
2026-03-17T17:53:32.000000+0000,2026-03-17T17:52:01.000000+0000,91
2026-03-18T00:23:33.000000+0000,2026-03-18T00:22:02.000000+0000,91
2026-03-18T04:23:32.000000+0000,2026-03-18T04:22:01.000000+0000,91
2026-03-18T08:04:32.000000+0000,2026-03-18T08:03:01.000000+0000,91
2026-03-18T14:19:32.000000+0000,2026-03-18T14:18:01.000000+0000,91
2026-03-18T15:15:32.000000+0000,2026-03-18T15:14:01.000000+0000,91
2026-03-18T21:53:32.000000+0000,2026-03-18T21:52:01.000000+0000,91
2026-03-19T09:58:32.000000+0000,2026-03-19T09:57:01.000000+0000,91
2026-03-19T10:09:32.000000+0000,2026-03-19T10:08:01.000000+0000,91
2026-03-19T15:45:04.000000+0000,2026-03-19T15:43:33.000000+0000,91
2026-03-19T18:19:31.000000+0000,2026-03-19T18:18:00.000000+0000,91
2026-03-19T19:15:31.000000+0000,2026-03-19T19:14:00.000000+0000,91
2026-03-20T02:26:32.000000+0000,2026-03-20T02:25:01.000000+0000,91
2026-03-20T06:59:32.000000+0000,2026-03-20T06:58:01.000000+0000,91
2026-03-21T02:45:32.000000+0000,2026-03-21T02:44:01.000000+0000,91
2026-03-21T16:45:32.000000+0000,2026-03-21T16:44:01.000000+0000,91
2026-03-21T20:15:04.000000+0000,2026-03-21T20:13:33.000000+0000,91
2026-03-22T03:04:32.000000+0000,2026-03-22T03:03:01.000000+0000,91
2026-03-22T11:59:33.000000+0000,2026-03-22T11:58:02.000000+0000,91
2026-03-22T13:45:04.000000+0000,2026-03-22T13:43:33.000000+0000,91
2026-03-22T19:49:31.000000+0000,2026-03-22T19:48:00.000000+0000,91
2026-03-22T20:55:31.000000+0000,2026-03-22T20:54:00.000000+0000,91
2026-03-23T00:15:04.000000+0000,2026-03-23T00:13:33.000000+0000,91
2026-03-23T02:49:32.000000+0000,2026-03-23T02:48:01.000000+0000,91
2026-03-23T03:23:32.000000+0000,2026-03-23T03:22:01.000000+0000,91
2026-03-23T18:55:31.000000+0000,2026-03-23T18:54:00.000000+0000,91
2026-03-24T00:45:04.000000+0000,2026-03-24T00:43:33.000000+0000,91
2026-03-24T12:23:32.000000+0000,2026-03-24T12:22:01.000000+0000,91
2026-03-24T14:19:32.000000+0000,2026-03-24T14:18:01.000000+0000,91
2026-03-24T16:04:32.000000+0000,2026-03-24T16:03:01.000000+0000,91
2026-03-25T00:04:32.000000+0000,2026-03-25T00:03:01.000000+0000,91
2026-03-25T06:04:32.000000+0000,2026-03-25T06:03:01.000000+0000,91
2026-03-25T06:54:01.000000+0000,2026-03-25T06:52:30.000000+0000,91
2026-03-25T16:23:32.000000+0000,2026-03-25T16:22:01.000000+0000,91
2026-03-25T19:53:32.000000+0000,2026-03-25T19:52:01.000000+0000,91
2026-03-25T20:15:32.000000+0000,2026-03-25T20:14:01.000000+0000,91
2026-03-26T02:53:33.000000+0000,2026-03-26T02:52:02.000000+0000,91
2026-03-26T07:34:32.000000+0000,2026-03-26T07:33:01.000000+0000,91
2026-03-26T18:49:32.000000+0000,2026-03-26T18:48:01.000000+0000,91
2026-03-26T19:39:01.000000+0000,2026-03-26T19:37:30.000000+0000,91
2026-03-26T22:19:32.000000+0000,2026-03-26T22:18:01.000000+0000,91
2026-03-27T08:23:32.000000+0000,2026-03-27T08:22:01.000000+0000,91
2026-03-27T15:23:33.000000+0000,2026-03-27T15:22:02.000000+0000,91
2026-03-27T20:04:33.000000+0000,2026-03-27T20:03:02.000000+0000,91
2026-03-27T20:49:32.000000+0000,2026-03-27T20:48:01.000000+0000,91
2026-03-27T21:39:02.000000+0000,2026-03-27T21:37:31.000000+0000,91
2026-03-27T23:34:31.000000+0000,2026-03-27T23:33:00.000000+0000,91
2026-03-28T02:04:33.000000+0000,2026-03-28T02:03:02.000000+0000,91
2026-03-28T09:15:04.000000+0000,2026-03-28T09:13:33.000000+0000,91
2026-03-28T09:26:32.000000+0000,2026-03-28T09:25:01.000000+0000,91
2026-03-28T10:15:04.000000+0000,2026-03-28T10:13:33.000000+0000,91
2026-03-28T10:38:32.000000+0000,2026-03-28T10:37:01.000000+0000,91
2026-03-28T10:49:32.000000+0000,2026-03-28T10:48:01.000000+0000,91
2026-03-28T12:23:32.000000+0000,2026-03-28T12:22:01.000000+0000,91
2026-03-28T12:34:32.000000+0000,2026-03-28T12:33:01.000000+0000,91
2026-03-28T15:53:33.000000+0000,2026-03-28T15:52:02.000000+0000,91
2026-03-28T19:02:32.000000+0000,2026-03-28T19:01:01.000000+0000,91
2026-03-29T09:23:33.000000+0000,2026-03-29T09:22:02.000000+0000,91
2026-03-29T14:38:31.000000+0000,2026-03-29T14:37:00.000000+0000,91
2026-03-29T14:49:32.000000+0000,2026-03-29T14:48:01.000000+0000,91
2026-03-29T19:19:31.000000+0000,2026-03-29T19:18:00.000000+0000,91
2026-03-29T19:53:32.000000+0000,2026-03-29T19:52:01.000000+0000,91
2026-03-30T04:07:01.000000+0000,2026-03-30T04:05:30.000000+0000,91
2026-03-30T07:24:01.000000+0000,2026-03-30T07:22:30.000000+0000,91
2026-03-30T12:49:31.000000+0000,2026-03-30T12:48:00.000000+0000,91
2026-03-30T22:08:32.000000+0000,2026-03-30T22:07:01.000000+0000,91
2026-03-30T23:53:32.000000+0000,2026-03-30T23:52:01.000000+0000,91
2026-03-31T00:04:32.000000+0000,2026-03-31T00:03:01.000000+0000,91
2026-03-31T01:49:32.000000+0000,2026-03-31T01:48:01.000000+0000,91
2026-03-31T03:23:31.000000+0000,2026-03-31T03:22:00.000000+0000,91
2026-03-31T13:09:02.000000+0000,2026-03-31T13:07:31.000000+0000,91
2026-03-31T14:15:04.000000+0000,2026-03-31T14:13:33.000000+0000,91
2026-03-31T23:39:01.000000+0000,2026-03-31T23:37:30.000000+0000,91
2026-04-01T00:23:32.000000+0000,2026-04-01T00:22:01.000000+0000,91
2026-04-01T00:34:32.000000+0000,2026-04-01T00:33:01.000000+0000,91
2026-04-01T05:04:32.000000+0000,2026-04-01T05:03:01.000000+0000,91
2026-04-01T05:38:32.000000+0000,2026-04-01T05:37:01.000000+0000,91
2026-04-01T11:04:32.000000+0000,2026-04-01T11:03:01.000000+0000,91
2026-04-01T11:54:03.000000+0000,2026-04-01T11:52:32.000000+0000,91
2026-04-01T16:19:33.000000+0000,2026-04-01T16:18:02.000000+0000,91
2026-04-02T01:15:04.000000+0000,2026-04-02T01:13:33.000000+0000,91
2026-04-03T00:47:32.000000+0000,2026-04-03T00:46:01.000000+0000,91
2026-04-03T02:54:31.000000+0000,2026-04-03T02:53:00.000000+0000,91
2026-04-03T04:27:32.000000+0000,2026-04-03T04:26:01.000000+0000,91
2026-04-03T22:40:04.000000+0000,2026-04-03T22:38:33.000000+0000,91
2026-04-04T00:26:01.000000+0000,2026-04-04T00:24:30.000000+0000,91
2026-04-04T11:05:04.000000+0000,2026-04-04T11:03:33.000000+0000,91
2026-04-05T02:29:32.000000+0000,2026-04-05T02:28:01.000000+0000,91
2026-04-05T15:05:04.000000+0000,2026-04-05T15:03:33.000000+0000,91
2026-04-05T18:03:32.000000+0000,2026-04-05T18:02:01.000000+0000,91
2026-04-07T01:02:32.000000+0000,2026-04-07T01:01:01.000000+0000,91
2026-04-07T01:13:33.000000+0000,2026-04-07T01:12:02.000000+0000,91
2026-04-07T12:03:31.000000+0000,2026-04-07T12:02:00.000000+0000,91
2026-04-08T04:48:32.000000+0000,2026-04-08T04:47:01.000000+0000,91
2026-04-08T07:28:32.000000+0000,2026-04-08T07:27:01.000000+0000,91
2026-04-08T09:24:03.000000+0000,2026-04-08T09:22:32.000000+0000,91
2026-04-08T09:35:04.000000+0000,2026-04-08T09:33:33.000000+0000,91
2026-04-08T11:09:32.000000+0000,2026-04-08T11:08:01.000000+0000,91
2026-04-08T13:05:04.000000+0000,2026-04-08T13:03:33.000000+0000,91
2026-04-08T13:40:04.000000+0000,2026-04-08T13:38:33.000000+0000,91
2026-04-09T10:05:04.000000+0000,2026-04-09T10:03:33.000000+0000,91
2026-04-09T11:28:31.000000+0000,2026-04-09T11:27:00.000000+0000,91
2026-04-09T11:39:32.000000+0000,2026-04-09T11:38:01.000000+0000,91
2026-04-09T15:09:32.000000+0000,2026-04-09T15:08:01.000000+0000,91
2026-04-09T22:19:33.000000+0000,2026-04-09T22:18:02.000000+0000,91
2026-04-09T23:54:03.000000+0000,2026-04-09T23:52:32.000000+0000,91
2026-04-10T14:05:04.000000+0000,2026-04-10T14:03:33.000000+0000,91
2026-04-10T20:54:03.000000+0000,2026-04-10T20:52:32.000000+0000,91
2026-04-11T04:05:04.000000+0000,2026-04-11T04:03:33.000000+0000,91
2026-04-11T05:28:31.000000+0000,2026-04-11T05:27:00.000000+0000,91
2026-04-11T16:48:32.000000+0000,2026-04-11T16:47:01.000000+0000,91
2026-04-12T11:35:03.000000+0000,2026-04-12T11:33:32.000000+0000,91
2026-04-12T22:05:04.000000+0000,2026-04-12T22:03:33.000000+0000,91
2026-04-12T23:39:32.000000+0000,2026-04-12T23:38:01.000000+0000,91
2026-04-13T02:24:31.000000+0000,2026-04-13T02:23:00.000000+0000,91
2026-04-13T03:19:32.000000+0000,2026-04-13T03:18:01.000000+0000,91
2026-04-13T08:24:03.000000+0000,2026-04-13T08:22:32.000000+0000,91
2026-04-13T10:09:31.000000+0000,2026-04-13T10:08:00.000000+0000,91
2026-04-13T16:58:32.000000+0000,2026-04-13T16:57:01.000000+0000,91
2026-04-13T17:09:32.000000+0000,2026-04-13T17:08:01.000000+0000,91
2026-04-13T19:15:04.000000+0000,2026-04-13T19:13:33.000000+0000,91
2026-04-14T13:24:31.000000+0000,2026-04-14T13:23:00.000000+0000,91
2026-04-14T13:58:32.000000+0000,2026-04-14T13:57:01.000000+0000,91
2026-04-14T14:09:32.000000+0000,2026-04-14T14:08:01.000000+0000,91
2026-04-15T00:28:32.000000+0000,2026-04-15T00:27:01.000000+0000,91
2026-04-15T02:45:32.000000+0000,2026-04-15T02:44:01.000000+0000,91
2026-04-15T11:19:33.000000+0000,2026-04-15T11:18:02.000000+0000,91
2026-04-15T12:54:03.000000+0000,2026-04-15T12:52:32.000000+0000,91
2026-04-16T08:27:32.000000+0000,2026-04-16T08:26:01.000000+0000,91
2026-04-16T11:28:31.000000+0000,2026-04-16T11:27:00.000000+0000,91
2026-04-16T22:31:04.000000+0000,2026-04-16T22:29:33.000000+0000,91
2026-04-17T10:46:03.000000+0000,2026-04-17T10:44:32.000000+0000,91
2026-04-17T21:05:04.000000+0000,2026-04-17T21:03:33.000000+0000,91
2026-04-18T04:47:32.000000+0000,2026-04-18T04:46:01.000000+0000,91
2026-04-18T08:24:31.000000+0000,2026-04-18T08:23:00.000000+0000,91
2026-04-19T01:54:31.000000+0000,2026-04-19T01:53:00.000000+0000,91
2026-04-19T05:24:31.000000+0000,2026-04-19T05:23:00.000000+0000,91
2026-04-19T19:24:31.000000+0000,2026-04-19T19:23:00.000000+0000,91
2026-04-19T23:05:04.000000+0000,2026-04-19T23:03:33.000000+0000,91
2026-04-19T23:28:31.000000+0000,2026-04-19T23:27:00.000000+0000,91
2026-04-19T23:39:31.000000+0000,2026-04-19T23:38:00.000000+0000,91
2026-04-20T13:28:31.000000+0000,2026-04-20T13:27:00.000000+0000,91
2026-04-20T13:39:32.000000+0000,2026-04-20T13:38:01.000000+0000,91
2026-04-20T17:19:33.000000+0000,2026-04-20T17:18:02.000000+0000,91
2026-04-20T17:31:02.000000+0000,2026-04-20T17:29:31.000000+0000,91
2026-04-20T23:24:31.000000+0000,2026-04-20T23:23:00.000000+0000,91
2026-04-21T12:45:32.000000+0000,2026-04-21T12:44:01.000000+0000,91
2026-04-21T16:16:02.000000+0000,2026-04-21T16:14:31.000000+0000,91
2026-04-21T18:39:32.000000+0000,2026-04-21T18:38:01.000000+0000,91
2026-04-22T02:35:01.000000+0000,2026-04-22T02:33:30.000000+0000,91
2026-04-22T06:47:32.000000+0000,2026-04-22T06:46:01.000000+0000,91
2026-04-22T19:22:31.000000+0000,2026-04-22T19:21:00.000000+0000,91
2026-04-22T19:33:32.000000+0000,2026-04-22T19:32:01.000000+0000,91
2026-04-24T08:39:32.000000+0000,2026-04-24T08:38:01.000000+0000,91
2026-04-24T12:46:02.000000+0000,2026-04-24T12:44:31.000000+0000,91
2026-04-24T12:57:33.000000+0000,2026-04-24T12:56:02.000000+0000,91
2026-04-25T00:39:32.000000+0000,2026-04-25T00:38:01.000000+0000,91
2026-04-25T02:14:03.000000+0000,2026-04-25T02:12:32.000000+0000,91
2026-04-25T09:35:31.000000+0000,2026-04-25T09:34:00.000000+0000,91
2026-04-26T03:47:32.000000+0000,2026-04-26T03:46:01.000000+0000,91
2026-04-27T00:17:32.000000+0000,2026-04-27T00:16:01.000000+0000,91
2026-04-27T07:05:31.000000+0000,2026-04-27T07:04:00.000000+0000,91
2026-04-27T09:01:03.000000+0000,2026-04-27T08:59:32.000000+0000,91
2026-04-27T10:35:31.000000+0000,2026-04-27T10:34:00.000000+0000,91
2026-04-27T12:09:31.000000+0000,2026-04-27T12:08:00.000000+0000,91
2026-04-27T21:44:31.000000+0000,2026-04-27T21:43:00.000000+0000,91
2026-04-28T04:05:31.000000+0000,2026-04-28T04:04:00.000000+0000,91
2026-04-28T19:29:32.000000+0000,2026-04-28T19:28:01.000000+0000,91
2026-04-29T03:43:32.000000+0000,2026-04-29T03:42:01.000000+0000,91
2026-04-29T05:27:31.000000+0000,2026-04-29T05:26:00.000000+0000,91
2026-04-29T08:47:32.000000+0000,2026-04-29T08:46:01.000000+0000,91
2026-04-29T23:18:31.000000+0000,2026-04-29T23:17:00.000000+0000,91
2026-04-30T01:14:03.000000+0000,2026-04-30T01:12:32.000000+0000,91
2026-04-30T08:35:04.000000+0000,2026-04-30T08:33:33.000000+0000,91
2026-04-30T17:38:31.000000+0000,2026-04-30T17:37:00.000000+0000,91
2026-04-30T19:18:02.000000+0000,2026-04-30T19:16:31.000000+0000,91
2026-04-30T22:36:03.000000+0000,2026-04-30T22:34:32.000000+0000,91
2026-05-01T06:14:31.000000+0000,2026-05-01T06:13:00.000000+0000,91
2026-05-02T02:36:02.000000+0000,2026-05-02T02:34:31.000000+0000,91
2026-05-02T08:12:31.000000+0000,2026-05-02T08:11:00.000000+0000,91
2026-05-02T12:24:03.000000+0000,2026-05-02T12:22:32.000000+0000,91
2026-05-03T06:35:31.000000+0000,2026-05-03T06:34:00.000000+0000,91
2026-05-03T13:36:02.000000+0000,2026-05-03T13:34:31.000000+0000,91
2026-05-04T00:05:04.000000+0000,2026-05-04T00:03:33.000000+0000,91
2026-05-04T03:35:31.000000+0000,2026-05-04T03:34:00.000000+0000,91
2026-05-04T09:54:31.000000+0000,2026-05-04T09:53:00.000000+0000,91
2026-05-04T16:12:32.000000+0000,2026-05-04T16:11:01.000000+0000,91
2026-05-04T21:44:31.000000+0000,2026-05-04T21:43:00.000000+0000,91
2026-05-05T04:47:32.000000+0000,2026-05-05T04:46:01.000000+0000,91
2026-05-05T06:53:32.000000+0000,2026-05-05T06:52:01.000000+0000,91
2026-05-05T21:35:32.000000+0000,2026-05-05T21:34:01.000000+0000,91
2026-05-06T00:03:31.000000+0000,2026-05-06T00:02:00.000000+0000,91
2026-05-06T08:48:02.000000+0000,2026-05-06T08:46:31.000000+0000,91
2026-05-06T15:44:31.000000+0000,2026-05-06T15:43:00.000000+0000,91
2026-05-06T18:36:02.000000+0000,2026-05-06T18:34:31.000000+0000,91
2026-05-06T22:06:31.000000+0000,2026-05-06T22:05:00.000000+0000,91
2026-05-07T18:03:33.000000+0000,2026-05-07T18:02:02.000000+0000,91
2026-05-08T02:06:31.000000+0000,2026-05-08T02:05:00.000000+0000,91
2026-05-08T12:35:31.000000+0000,2026-05-08T12:34:00.000000+0000,91
2026-05-08T19:36:31.000000+0000,2026-05-08T19:35:00.000000+0000,91
2026-05-09T20:06:31.000000+0000,2026-05-09T20:05:00.000000+0000,91
2026-05-10T03:44:32.000000+0000,2026-05-10T03:43:01.000000+0000,91
2026-05-10T05:54:02.000000+0000,2026-05-10T05:52:31.000000+0000,91
2026-05-11T11:38:31.000000+0000,2026-05-11T11:37:00.000000+0000,91
2026-05-12T18:44:32.000000+0000,2026-05-12T18:43:01.000000+0000,91
2026-05-12T22:35:31.000000+0000,2026-05-12T22:34:00.000000+0000,91
2026-05-13T17:12:32.000000+0000,2026-05-13T17:11:01.000000+0000,91
2026-05-14T04:13:33.000000+0000,2026-05-14T04:12:02.000000+0000,91
2026-05-14T08:57:32.000000+0000,2026-05-14T08:56:01.000000+0000,91
2026-05-16T03:07:32.000000+0000,2026-05-16T03:06:01.000000+0000,91
2026-05-16T22:01:38.000000+0000,2026-05-16T22:00:07.000000+0000,91
2026-05-17T03:06:02.000000+0000,2026-05-17T03:04:31.000000+0000,91
2026-05-17T13:35:32.000000+0000,2026-05-17T13:34:01.000000+0000,91
2026-05-18T05:42:32.000000+0000,2026-05-18T05:41:01.000000+0000,91
2026-05-19T07:36:03.000000+0000,2026-05-19T07:34:32.000000+0000,91
2026-05-19T16:59:32.000000+0000,2026-05-19T16:58:01.000000+0000,91
2026-05-19T18:44:31.000000+0000,2026-05-19T18:43:00.000000+0000,91
2026-05-20T07:13:33.000000+0000,2026-05-20T07:12:02.000000+0000,91
2026-05-20T18:46:02.000000+0000,2026-05-20T18:44:31.000000+0000,91
2026-05-21T06:29:33.000000+0000,2026-05-21T06:28:02.000000+0000,91
2026-05-21T11:35:32.000000+0000,2026-05-21T11:34:01.000000+0000,91
2026-05-22T08:03:32.000000+0000,2026-05-22T08:02:01.000000+0000,91
2026-05-22T20:35:31.000000+0000,2026-05-22T20:34:00.000000+0000,91
2026-05-23T02:56:02.000000+0000,2026-05-23T02:54:31.000000+0000,91
2026-05-23T10:59:32.000000+0000,2026-05-23T10:58:01.000000+0000,91
2026-05-23T12:44:01.000000+0000,2026-05-23T12:42:30.000000+0000,91
2026-05-24T03:05:03.000000+0000,2026-05-24T03:03:32.000000+0000,91
2026-05-24T12:33:01.000000+0000,2026-05-24T12:31:30.000000+0000,91
2026-05-24T18:05:33.000000+0000,2026-05-24T18:04:02.000000+0000,91
2026-05-25T07:16:01.000000+0000,2026-05-25T07:14:30.000000+0000,91
2026-05-25T09:01:03.000000+0000,2026-05-25T08:59:32.000000+0000,91
2026-05-25T15:29:31.000000+0000,2026-05-25T15:28:00.000000+0000,91
2026-05-27T15:06:05.000000+0000,2026-05-27T15:04:34.000000+0000,91
2026-05-27T23:05:32.000000+0000,2026-05-27T23:04:01.000000+0000,91
2026-05-27T23:39:31.000000+0000,2026-05-27T23:38:00.000000+0000,91
2026-05-28T08:35:31.000000+0000,2026-05-28T08:34:00.000000+0000,91
2026-05-28T17:09:31.000000+0000,2026-05-28T17:08:00.000000+0000,91
2026-05-28T20:19:01.000000+0000,2026-05-28T20:17:30.000000+0000,91
2026-05-28T23:59:31.000000+0000,2026-05-28T23:58:00.000000+0000,91
2026-05-29T06:03:31.000000+0000,2026-05-29T06:02:00.000000+0000,91
2026-05-29T23:14:02.000000+0000,2026-05-29T23:12:31.000000+0000,91
2026-05-30T09:23:02.000000+0000,2026-05-30T09:21:31.000000+0000,91
2026-05-31T01:29:02.000000+0000,2026-05-31T01:27:31.000000+0000,91
2026-05-31T08:50:36.000000+0000,2026-05-31T08:49:05.000000+0000,91
2026-05-31T17:14:01.000000+0000,2026-05-31T17:12:30.000000+0000,91
2026-05-31T18:49:02.000000+0000,2026-05-31T18:47:31.000000+0000,91
2026-06-01T22:49:01.000000+0000,2026-06-01T22:47:30.000000+0000,91
2026-06-02T15:48:32.000000+0000,2026-06-02T15:47:01.000000+0000,91
2026-06-02T20:32:31.000000+0000,2026-06-02T20:31:00.000000+0000,91
2026-06-02T23:39:31.000000+0000,2026-06-02T23:38:00.000000+0000,91
2026-06-08T07:02:02.000000+0000,2026-06-08T07:00:31.000000+0000,91
2026-06-12T06:32:02.000000+0000,2026-06-12T06:30:31.000000+0000,91
2026-06-12T06:42:02.000000+0000,2026-06-12T06:40:31.000000+0000,91
2026-06-12T06:52:02.000000+0000,2026-06-12T06:50:31.000000+0000,91
2026-06-12T07:22:02.000000+0000,2026-06-12T07:20:31.000000+0000,91
2026-07-08T06:32:02.000000+0000,2026-07-08T06:30:31.000000+0000,91
2026-07-08T06:42:02.000000+0000,2026-07-08T06:40:31.000000+0000,91
2026-07-08T07:02:02.000000+0000,2026-07-08T07:00:31.000000+0000,91
2026-07-08T07:12:02.000000+0000,2026-07-08T07:10:31.000000+0000,91
2026-07-08T07:22:02.000000+0000,2026-07-08T07:20:31.000000+0000,91
