config,model,fset,h,task,fold,train_start,train_end,valid_start,valid_end,n_train,n_features,n,auc_ovr_macro,log_loss,log_loss_baseline,share_neutral,auc_up_vs_down_excl_neutral,ic_spearman,base_rate,auc,brier,accuracy,precision,recall,f1,ece,pred_up_share,mae_bps,mae_zero_bps,rmse_bps,rmse_mean_bps,hit_rate_sign
lgbm3_E_all_h15,lgbm,E_all,15,cls3,F1,2023-03-01,2024-02-29,2024-03-01,2024-06-01,105117,47,132465,0.6107789626161424,1.0608283797555849,1.1714127480000942,0.3580794926961839,0.549935020922826,0.06497405263127853,,,,,,,,,,,,,,
lgbm3_E_all_h15,lgbm,E_all,15,cls3,F2,2023-03-01,2024-05-31,2024-06-01,2024-09-01,131613,47,132465,0.6431019792437146,1.0226658046267656,1.0955632010262377,0.424542331936738,0.5484969390708262,0.06525037275555018,,,,,,,,,,,,,,
lgbm3_E_all_h15,lgbm,E_all,15,cls3,F3,2023-03-01,2024-08-31,2024-09-01,2024-12-01,158109,47,131025,0.6245876910088269,1.045488784284794,1.114172007672383,0.3895058195000954,0.5490335829354238,0.06422518959567926,,,,,,,,,,,,,,
lgbm3_E_all_h15,lgbm,E_all,15,cls3,F4,2023-03-01,2024-11-30,2024-12-01,2025-03-01,184317,47,129585,0.600733082320899,1.0669080654849938,1.1516528786589917,0.3190338387930702,0.5311624498168852,0.038197864780982624,,,,,,,,,,,,,,
lgbm3_E_all_h15,lgbm,E_all,15,cls3,F5,2023-03-01,2025-02-28,2025-03-01,2025-06-01,210237,47,132465,0.6047986958208714,1.0692707352180184,1.143079376860886,0.3125580341977126,0.5423240049622926,0.05656649908017662,,,,,,,,,,,,,,
lgbm3_E_all_h15,lgbm,E_all,15,cls3,F6,2023-03-01,2025-05-31,2025-06-01,2025-09-01,236733,47,132465,0.5956784192778349,1.0701732667035455,1.1178932034417928,0.3460461253916129,0.5348804321347107,0.04699927902548093,,,,,,,,,,,,,,
lgbm3_E_all_h15,lgbm,E_all,15,cls3,F7,2023-03-01,2025-08-31,2025-09-01,2025-10-01,263229,47,43185,0.6156169440928226,1.0331676521206823,1.0700988023047557,0.44962371193701517,0.5632035877866639,0.0869651256964067,,,,,,,,,,,,,,
lgbm_A_price_h15,lgbm,A_price,15,binary,F1,2023-03-01,2024-02-29,2024-03-01,2024-06-01,105117,16,132465,,0.6916833078924074,0.6931185141219184,,,0.052131694658831294,0.5037859057109425,0.535776362336896,0.24926019795085597,0.5248858188955573,0.5254783052029947,0.5868972337938682,0.5544921709091939,0.014979358265464374,0.5626693843656815,,,,,
lgbm_A_price_h15,lgbm,A_price,15,binary,F2,2023-03-01,2024-05-31,2024-06-01,2024-09-01,131613,16,132465,,0.6905714915685918,0.6931428242189998,,,0.06722495377616257,0.4985241384516665,0.5441792434335457,0.24870867523053214,0.5314007473672291,0.5271373021523632,0.5830064963581023,0.5536660602705055,0.008485377407806785,0.5513607367983996,,,,,
lgbm_A_price_h15,lgbm,A_price,15,binary,F3,2023-03-01,2024-08-31,2024-09-01,2024-12-01,158109,16,131025,,0.6905332568257476,0.6930974274714531,,,0.06368938156079267,0.5049875977866819,0.5414992681626847,0.2486950771582883,0.5293417286777332,0.5321102227298686,0.5632651210591543,0.5472446147746796,0.005794152783741615,0.5345544743369586,,,,,
lgbm_A_price_h15,lgbm,A_price,15,binary,F4,2023-03-01,2024-11-30,2024-12-01,2025-03-01,184317,16,129585,,0.6929344295714176,0.6931423447265447,,,0.03696324099118955,0.5015549639232936,0.5280731084518534,0.2498852602584876,0.5202376818304588,0.5188236548818855,0.5987937348062898,0.555947602245618,0.017383138231782273,0.5788632943627735,,,,,
lgbm_A_price_h15,lgbm,A_price,15,binary,F5,2023-03-01,2025-02-28,2025-03-01,2025-06-01,210237,16,132465,,0.6915718960323979,0.6930467858577042,,,0.0450546272110694,0.5070848903483939,0.5330125386849895,0.24921094387013806,0.5227343071754803,0.5260547215113057,0.5936490449747659,0.5578116147804131,0.011510822976962471,0.5722417242290416,,,,,
lgbm_A_price_h15,lgbm,A_price,15,binary,F6,2023-03-01,2025-05-31,2025-06-01,2025-09-01,236733,16,132465,,0.6918046626752795,0.6928742019962586,,,0.04558320423440461,0.5116823311818216,0.5299068224331488,0.2493292030371293,0.5211716302419507,0.529635279056465,0.573753319563293,0.5508122884296701,0.013785334248219537,0.5543049107311365,,,,,
lgbm_A_price_h15,lgbm,A_price,15,binary,F7,2023-03-01,2025-08-31,2025-09-01,2025-10-01,263229,16,43185,,0.6893485985574408,0.6931462472877765,,,0.08060176323643453,0.5006831075604955,0.5501189017939114,0.2481065075237204,0.5339122380456177,0.5322010518148116,0.5709925076311164,0.5509147701918786,0.008785607437653673,0.5371772606229015,,,,,
lgbm_A_price_h30,lgbm,A_price,30,binary,F1,2023-03-01,2024-02-29,2024-03-01,2024-06-01,105114,16,132450,,0.6913298198717222,0.6930188366048314,,,0.06122672247254945,0.508010570026425,0.5403743959576799,0.24907787086933186,0.5288335220838052,0.5321517986559494,0.6001991498974527,0.5641308599206571,0.015104173058860165,0.5729709324273311,,,,,
lgbm_A_price_h30,lgbm,A_price,30,binary,F2,2023-03-01,2024-05-31,2024-06-01,2024-09-01,131610,16,132450,,0.6910457536057952,0.6931467423224703,,,0.0710971422111791,0.500468101170253,0.5430153319195927,0.24893562714713993,0.529920724801812,0.5267701557657262,0.5974172914749498,0.5598738901770062,0.014067859344109075,0.5675877689694224,,,,,
lgbm_A_price_h30,lgbm,A_price,30,binary,F3,2023-03-01,2024-08-31,2024-09-01,2024-12-01,158106,16,131010,,0.6902704984098046,0.6929589286213148,,,0.06679701930061668,0.5097015495000382,0.543215781394535,0.24856358159456204,0.5326234638577207,0.5385685469847673,0.5797741703606086,0.5584122428079994,0.008161151273440154,0.5486985726280437,,,,,
lgbm_A_price_h30,lgbm,A_price,30,binary,F4,2023-03-01,2024-11-30,2024-12-01,2025-03-01,184314,16,129570,,0.6942361885777596,0.6931443184593842,,,0.03456741447155374,0.4988037354325847,0.5269920557954662,0.2505149250859212,0.5181291965732808,0.5141680012398615,0.615983289494043,0.5604893775781723,0.02398884516003512,0.5975765995214942,,,,,
lgbm_A_price_h30,lgbm,A_price,30,binary,F5,2023-03-01,2025-02-28,2025-03-01,2025-06-01,210234,16,132450,,0.6924726268663294,0.6928542022079306,,,0.03970899098448679,0.5121026802567007,0.5279603549460162,0.24965570446805205,0.5207323518308796,0.5275242712302064,0.6144365158931415,0.5676730390721305,0.017117137213776897,0.5964741411853529,,,,,
lgbm_A_price_h30,lgbm,A_price,30,binary,F6,2023-03-01,2025-05-31,2025-06-01,2025-09-01,236730,16,132450,,0.6917282494923525,0.6924952826134679,,,0.045210531326874075,0.5180520951302379,0.5299131854131214,0.24928913785568138,0.5224537561343904,0.5342824645034314,0.6092748047102716,0.5693197061206703,0.015355401308061418,0.5907663269158173,,,,,
lgbm_A_price_h30,lgbm,A_price,30,binary,F7,2023-03-01,2025-08-31,2025-09-01,2025-10-01,263226,16,43170,,0.6885501128104146,0.693143815115394,,,0.08932103564330905,0.501297197127635,0.5577709152611101,0.24770524140579622,0.5404215890664813,0.5372215103542347,0.6005729864608844,0.5671335689662695,0.01701079097508572,0.5604123233727125,,,,,
lgbm_A_price_h5,lgbm,A_price,5,binary,F1,2023-03-01,2024-02-29,2024-03-01,2024-06-01,105119,16,132475,,0.6921654710657268,0.6931392678631599,,,0.04527018847613724,0.5019890545385922,0.5300005919946463,0.249505243418327,0.5209284770711455,0.5202508004268943,0.5864272717703494,0.5513604456351927,0.009667732122722001,0.5658426118135498,,,,,
lgbm_A_price_h5,lgbm,A_price,5,binary,F2,2023-03-01,2024-05-31,2024-06-01,2024-09-01,131615,16,132475,,0.6920527122754236,0.6931470203001078,,,0.047284059402142,0.4997169277222117,0.5287532941454003,0.24945167550328282,0.5198641253066616,0.5179754414169693,0.5645619335347432,0.5402662734723969,0.00817042307613402,0.5446612568409134,,,,,
lgbm_A_price_h5,lgbm,A_price,5,binary,F3,2023-03-01,2024-08-31,2024-09-01,2024-12-01,158111,16,131035,,0.6912598190811963,0.6931364511876832,,,0.05241946432624987,0.50231617506773,0.5345384819928698,0.24905770179712078,0.5230205670240775,0.5242434863885967,0.5453578645113262,0.5345922721214061,0.006279430320136349,0.5225474109970618,,,,,
lgbm_A_price_h5,lgbm,A_price,5,binary,F4,2023-03-01,2024-11-30,2024-12-01,2025-03-01,184319,16,129595,,0.6923849444968694,0.6931470838339433,,,0.033708356423621036,0.5002199158918168,0.5257496542405395,0.24961809050154765,0.5185153748215595,0.5170952206607148,0.5664548175114923,0.540650765606596,0.010238592140370845,0.54796867163085,,,,,
lgbm_A_price_h5,lgbm,A_price,5,binary,F5,2023-03-01,2025-02-28,2025-03-01,2025-06-01,210239,16,132475,,0.6916093701241184,0.6931309400970994,,,0.04606539130222325,0.5028495942630685,0.5305535749741428,0.24923227557126637,0.5203849782977921,0.5214974158402012,0.5604443443668843,0.5402698889331066,0.007574918146082795,0.540403849782978,,,,,
lgbm_A_price_h5,lgbm,A_price,5,binary,F6,2023-03-01,2025-05-31,2025-06-01,2025-09-01,236735,16,132475,,0.691593617155957,0.6931160677502244,,,0.046257042646811554,0.5039441404038498,0.5304326438990892,0.24922482257034867,0.5204529156444612,0.5230212547723517,0.5499400838825644,0.5361429948304565,0.004508042514157242,0.5298811096433289,,,,,
lgbm_A_price_h5,lgbm,A_price,5,binary,F7,2023-03-01,2025-08-31,2025-09-01,2025-10-01,263231,16,43195,,0.691419772496046,0.6931321282927577,,,0.057379401962675346,0.4972566269244125,0.5319958207775729,0.24913893710785961,0.5223289732607941,0.5184877622377623,0.552306904418269,0.534863274645506,0.0063903350116099366,0.5296909364509781,,,,,
lgbm_A_price_h60,lgbm,A_price,60,binary,F1,2023-03-01,2024-02-29,2024-03-01,2024-06-01,105108,16,132420,,0.6918502581246315,0.6928692291536834,,,0.06805972660563925,0.5117882495091376,0.5394707781547863,0.24932034246135515,0.5281377435432714,0.5317541351848071,0.6531997462041286,0.5862534763607469,0.027333070311953013,0.6286739163268389,,,,,
lgbm_A_price_h60,lgbm,A_price,60,binary,F2,2023-03-01,2024-05-31,2024-06-01,2024-09-01,131604,16,132420,,0.6919294772104009,0.6931312266056867,,,0.06772998086908938,0.49717565322458845,0.5438895155398247,0.24934732687578476,0.5282887781301918,0.5211591074521222,0.6307643234704418,0.5707472615071675,0.019866503287142862,0.6017368977495846,,,,,
lgbm_A_price_h60,lgbm,A_price,60,binary,F3,2023-03-01,2024-08-31,2024-09-01,2024-12-01,158100,16,130980,,0.6897448709036478,0.6928082444339908,,,0.06894617470416,0.5130172545426783,0.5462508789669105,0.24829833468695617,0.5296152084287677,0.5378637880061841,0.5902373688518491,0.5628348222204878,0.01872665194018179,0.5629714460222934,,,,,
lgbm_A_price_h60,lgbm,A_price,60,binary,F4,2023-03-01,2024-11-30,2024-12-01,2025-03-01,184308,16,129540,,0.6948600156944862,0.693133240121265,,,0.025029962267005806,0.5026401111625752,0.523802794427361,0.250819478226604,0.5164196387216304,0.5156097869381046,0.6262593684727854,0.5655734862722526,0.03043819651358767,0.6105064072873244,,,,,
lgbm_A_price_h60,lgbm,A_price,60,binary,F5,2023-03-01,2025-02-28,2025-03-01,2025-06-01,210228,16,132420,,0.6939554483638108,0.6924790669799286,,,0.03574230593818716,0.518275185017369,0.5216315468459968,0.2503793020059775,0.5179731158435281,0.5286409852498926,0.6454611685851669,0.5812394210961385,0.022522766999934152,0.632804712279112,,,,,
lgbm_A_price_h60,lgbm,A_price,60,binary,F6,2023-03-01,2025-05-31,2025-06-01,2025-09-01,236724,16,132420,,0.692573843304085,0.6921770317569074,,,0.036308035045327626,0.522020842772995,0.5248123642014171,0.24970592780604314,0.5189019785530886,0.5334180243959595,0.6256546017417469,0.5758663160347525,0.01795548831626772,0.612286663645975,,,,,
lgbm_A_price_h60,lgbm,A_price,60,binary,F7,2023-03-01,2025-08-31,2025-09-01,2025-10-01,263220,16,43140,,0.6895912210402175,0.6931344125104256,,,0.07232771276855698,0.5025266573945294,0.5493205053227177,0.24822722660106902,0.5329160871580899,0.5309702248328945,0.6045943078555284,0.5653955655249763,0.007659622809480072,0.5722067686601762,,,,,
lgbm_B_price_volume_h15,lgbm,B_price_volume,15,binary,F1,2023-03-01,2024-02-29,2024-03-01,2024-06-01,105117,22,132465,,0.6916688202068738,0.6931185141219184,,,0.0558246634806567,0.5037859057109425,0.5371811252366713,0.24925082475978044,0.525172687124901,0.524061621838619,0.6259777624599154,0.5705038034497357,0.015531145032445362,0.6017589551957121,,,,,
lgbm_B_price_volume_h15,lgbm,B_price_volume,15,binary,F2,2023-03-01,2024-05-31,2024-06-01,2024-09-01,131613,22,132465,,0.6908869046411925,0.6931428242189998,,,0.06365070406893837,0.4985241384516665,0.541976257215347,0.24886449066674912,0.528124410221568,0.5235088840938757,0.595181489165165,0.5570492151791092,0.011892888658812831,0.5667761295436531,,,,,
lgbm_B_price_volume_h15,lgbm,B_price_volume,15,binary,F3,2023-03-01,2024-08-31,2024-09-01,2024-12-01,158109,22,131025,,0.6903986902606055,0.6930974274714531,,,0.06494828951502814,0.5049875977866819,0.5424379856253667,0.24862825830389015,0.5307384087006296,0.5334132796550888,0.5647009037874438,0.5486113660223326,0.0065099372928959015,0.5346078992558672,,,,,
lgbm_B_price_volume_h15,lgbm,B_price_volume,15,binary,F4,2023-03-01,2024-11-30,2024-12-01,2025-03-01,184317,22,129585,,0.6927353533223009,0.6931423447265447,,,0.03834004867214291,0.5015549639232936,0.5290670217946603,0.24978710313422015,0.5206235289578269,0.5193072499596926,0.5946856632919962,0.5544462136535123,0.01741507278053437,0.5743565999151137,,,,,
lgbm_B_price_volume_h15,lgbm,B_price_volume,15,binary,F5,2023-03-01,2025-02-28,2025-03-01,2025-06-01,210237,22,132465,,0.6915112830788255,0.6930467858577042,,,0.04680981805060612,0.5070848903483939,0.5335572773945073,0.24918104411163486,0.5230060770769637,0.5256294848383529,0.6085066472138274,0.5640399356944243,0.010859522031261589,0.5870380855320273,,,,,
lgbm_B_price_volume_h15,lgbm,B_price_volume,15,binary,F6,2023-03-01,2025-05-31,2025-06-01,2025-09-01,236733,22,132465,,0.6918523811361746,0.6928742019962586,,,0.04550697995237393,0.5116823311818216,0.5299002199710685,0.24935285307851127,0.5219189974710301,0.5303230553322524,0.5742401888462674,0.5514085554603217,0.013882374153340392,0.5540557883214434,,,,,
lgbm_B_price_volume_h15,lgbm,B_price_volume,15,binary,F7,2023-03-01,2025-08-31,2025-09-01,2025-10-01,263229,22,43185,,0.6893408266784932,0.6931462472877765,,,0.08129729807104687,0.5006831075604955,0.5505904642297847,0.24810225100455272,0.535787889313419,0.5339717872395496,0.5724724817315697,0.5525522844452381,0.010216961525633443,0.5367836054185481,,,,,
lgbm_C_plus_flow_h15,lgbm,C_plus_flow,15,binary,F1,2023-03-01,2024-02-29,2024-03-01,2024-06-01,105117,35,132465,,0.6905614210585218,0.6931185141219184,,,0.060226295403585726,0.5037859057109425,0.5401507317821381,0.24871019017008453,0.5265164383044578,0.5288776978417267,0.5507986933197471,0.5396156612886651,0.008160387656865952,0.5246668931415845,,,,,
lgbm_C_plus_flow_h15,lgbm,C_plus_flow,15,binary,F2,2023-03-01,2024-05-31,2024-06-01,2024-09-01,131613,35,132465,,0.6908383123682216,0.6931428242189998,,,0.060555512974363304,0.4985241384516665,0.5412688305913568,0.2488420274715589,0.5270826255992149,0.5232583653318705,0.5777972954555779,0.549177083558223,0.010507451805698943,0.5504850337825086,,,,,
lgbm_C_plus_flow_h15,lgbm,C_plus_flow,15,binary,F3,2023-03-01,2024-08-31,2024-09-01,2024-12-01,158109,35,131025,,0.6904440219997622,0.6930974274714531,,,0.06285889203175511,0.5049875977866819,0.5415004661231196,0.248652326810921,0.5288074794886473,0.5309762990737891,0.5735725296980322,0.551453065969195,0.005382294525146476,0.54549895058195,,,,,
lgbm_C_plus_flow_h15,lgbm,C_plus_flow,15,binary,F4,2023-03-01,2024-11-30,2024-12-01,2025-03-01,184317,35,129585,,0.6925789246806233,0.6931423447265447,,,0.0393984241205805,0.5015549639232936,0.5292427873197991,0.24971048910555413,0.5222440868927731,0.5205539708352217,0.6008708496168877,0.5578362472860244,0.01582519494036587,0.5789404637882472,,,,,
lgbm_C_plus_flow_h15,lgbm,C_plus_flow,15,binary,F5,2023-03-01,2025-02-28,2025-03-01,2025-06-01,210237,35,132465,,0.6915258362857756,0.6930467858577042,,,0.046856948706436675,0.5070848903483939,0.5335886877443959,0.2491880697617806,0.5231344128637754,0.5258161462162546,0.6068988104985783,0.5634554250172771,0.011953880206625047,0.5852791303363153,,,,,
lgbm_C_plus_flow_h15,lgbm,C_plus_flow,15,binary,F6,2023-03-01,2025-05-31,2025-06-01,2025-09-01,236733,35,132465,,0.6917579750211996,0.6928742019962586,,,0.047074811936307526,0.5116823311818216,0.5307410721130271,0.24930554835272348,0.5233910844373986,0.531869066564232,0.5719828858070227,0.5511971110100091,0.013191804369043353,0.5502736571924659,,,,,
lgbm_C_plus_flow_h15,lgbm,C_plus_flow,15,binary,F7,2023-03-01,2025-08-31,2025-09-01,2025-10-01,263229,35,43185,,0.6896984007566817,0.6931462472877765,,,0.07795444724967623,0.5006831075604955,0.5492670237891484,0.24827877159270412,0.5352784531666088,0.5334828166098917,0.5721949865877347,0.5521612032222792,0.00919697541641375,0.5370151673034619,,,,,
lgbm_C_plus_flow_h30,lgbm,C_plus_flow,30,binary,F1,2023-03-01,2024-02-29,2024-03-01,2024-06-01,105114,35,132450,,0.690196153321961,0.6930188366048314,,,0.07066873663347555,0.508010570026425,0.543533199801394,0.24852808512631355,0.5310607776519441,0.535832490894739,0.5750527598608923,0.554750281368058,0.01124121730655962,0.5451944129860324,,,,,
lgbm_C_plus_flow_h30,lgbm,C_plus_flow,30,binary,F2,2023-03-01,2024-05-31,2024-06-01,2024-09-01,131610,35,132450,,0.6913239314700826,0.6931467423224703,,,0.06579046198631737,0.500468101170253,0.5404245410993782,0.24907436548424813,0.5286976217440543,0.5258156350659592,0.5934949537616727,0.5576091732456451,0.013155736457605843,0.5648848622121555,,,,,
lgbm_C_plus_flow_h30,lgbm,C_plus_flow,30,binary,F3,2023-03-01,2024-08-31,2024-09-01,2024-12-01,158106,35,131010,,0.6903766207253216,0.6929589286213148,,,0.06397380237490186,0.5097015495000382,0.5415925171304545,0.24861760391501855,0.5299061140370964,0.5353536729938545,0.5883550976398706,0.5606044391173134,0.009351856700612022,0.560163346309442,,,,,
lgbm_C_plus_flow_h30,lgbm,C_plus_flow,30,binary,F4,2023-03-01,2024-11-30,2024-12-01,2025-03-01,184314,35,129570,,0.6939410616415003,0.6931443184593842,,,0.03517649903528751,0.4988037354325847,0.526767808283117,0.25037482747203293,0.5195569962182603,0.5150123051681706,0.6313940894321523,0.5672957286344837,0.02201133948451584,0.6115227290267808,,,,,
lgbm_C_plus_flow_h30,lgbm,C_plus_flow,30,binary,F5,2023-03-01,2025-02-28,2025-03-01,2025-06-01,210234,35,132450,,0.6925535741378562,0.6928542022079306,,,0.0376729124354066,0.5121026802567007,0.5269332381138421,0.2496958457124341,0.5228161570403926,0.5277248258581209,0.6489502860175739,0.5820930063410409,0.019826682153864173,0.6297395243488109,,,,,
lgbm_C_plus_flow_h30,lgbm,C_plus_flow,30,binary,F6,2023-03-01,2025-05-31,2025-06-01,2025-09-01,236730,35,132450,,0.6913813426219186,0.6924952826134679,,,0.049493098071042615,0.5180520951302379,0.5317509478529716,0.2491171159481817,0.5250132125330313,0.5355504587155964,0.6261513349656057,0.5773179252889008,0.012886253830335656,0.6056927142317856,,,,,
lgbm_C_plus_flow_h30,lgbm,C_plus_flow,30,binary,F7,2023-03-01,2025-08-31,2025-09-01,2025-10-01,263226,35,43170,,0.6888745709772617,0.693143815115394,,,0.08898327869292436,0.501297197127635,0.5571376629658323,0.24786541801550457,0.5400509613157285,0.536344015962862,0.6086132803474885,0.5701978440625135,0.015221345476332682,0.5688441047023396,,,,,
lgbm_C_plus_flow_h5,lgbm,C_plus_flow,5,binary,F1,2023-03-01,2024-02-29,2024-03-01,2024-06-01,105119,35,132475,,0.6928503728394458,0.6931392678631599,,,0.04671511497143891,0.5019890545385922,0.5303119659575071,0.24984693344768202,0.520022645782223,0.51423828125,0.7918377167260643,0.623536864790617,0.02227203605035038,0.7729760332138139,,,,,
lgbm_C_plus_flow_h5,lgbm,C_plus_flow,5,binary,F2,2023-03-01,2024-05-31,2024-06-01,2024-09-01,131615,35,132475,,0.6919168562014406,0.6931470203001078,,,0.04857784707459081,0.4997169277222117,0.5294892176582741,0.24938475194631876,0.5206944706548405,0.517614717148292,0.6001359516616315,0.555829147837766,0.007369699034752425,0.5793847895829402,,,,,
lgbm_C_plus_flow_h5,lgbm,C_plus_flow,5,binary,F3,2023-03-01,2024-08-31,2024-09-01,2024-12-01,158111,35,131035,,0.6912361707948741,0.6931364511876832,,,0.05304304158516034,0.50231617506773,0.5344591007665515,0.24904636184945605,0.5238676689434121,0.523885771570989,0.5716412695036539,0.5467226573284317,0.004799479008533973,0.5481054680047316,,,,,
lgbm_C_plus_flow_h5,lgbm,C_plus_flow,5,binary,F4,2023-03-01,2024-11-30,2024-12-01,2025-03-01,184319,35,129595,,0.6923965245402693,0.6931470838339433,,,0.03316278625515113,0.5002199158918168,0.5254955130447936,0.24962359269033335,0.5170184034877889,0.5157665923270192,0.5636627279178108,0.5386520431629224,0.009200034932596548,0.5466723253211929,,,,,
lgbm_C_plus_flow_h5,lgbm,C_plus_flow,5,binary,F5,2023-03-01,2025-02-28,2025-03-01,2025-06-01,210239,35,132475,,0.6914338326947398,0.6931309400970994,,,0.04920271458358266,0.5028495942630685,0.5317597691125897,0.24914543624009003,0.5205585959615022,0.5220790316838733,0.550371537941905,0.5358520900321544,0.009340842976203377,0.5301000188714852,,,,,
lgbm_C_plus_flow_h5,lgbm,C_plus_flow,5,binary,F6,2023-03-01,2025-05-31,2025-06-01,2025-09-01,236735,35,132475,,0.691414564625315,0.6931160677502244,,,0.04925826645227097,0.5039441404038498,0.5322250506446875,0.2491353829285548,0.5215852047556143,0.523623257243441,0.5614439784301978,0.5418744849720258,0.005391696229296139,0.5403434610303831,,,,,
lgbm_C_plus_flow_h5,lgbm,C_plus_flow,5,binary,F7,2023-03-01,2025-08-31,2025-09-01,2025-10-01,263231,35,43195,,0.6915721740810181,0.6931321282927577,,,0.0559717988598867,0.4972566269244125,0.5312444228917867,0.24921443228297727,0.5227688389859938,0.5191346281467062,0.5463010382233809,0.5323714894968468,0.006357179208848601,0.5232781571941197,,,,,
lgbm_C_plus_flow_h60,lgbm,C_plus_flow,60,binary,F1,2023-03-01,2024-02-29,2024-03-01,2024-06-01,105108,35,132420,,0.6895921406117931,0.6928692291536834,,,0.08086321421887012,0.5117882495091376,0.5456643686246666,0.2482320242632199,0.5323138498716206,0.5350498139479054,0.6577297073969692,0.5900808175746785,0.018597121606911484,0.6291345718169461,,,,,
lgbm_C_plus_flow_h60,lgbm,C_plus_flow,60,binary,F2,2023-03-01,2024-05-31,2024-06-01,2024-09-01,131604,35,132420,,0.6918229487664926,0.6931312266056867,,,0.06585909690778985,0.49717565322458845,0.5436817464762691,0.2493044439313976,0.5316115390424407,0.5239651963989338,0.6329667659031533,0.573331132023554,0.020065280782197874,0.6006041383476817,,,,,
lgbm_C_plus_flow_h60,lgbm,C_plus_flow,60,binary,F3,2023-03-01,2024-08-31,2024-09-01,2024-12-01,158100,35,130980,,0.6900153987594754,0.6928082444339908,,,0.06448835955044488,0.5130172545426783,0.5446399771425002,0.24843572122232344,0.5312643151626203,0.5389052857526161,0.5978123372274723,0.5668324690443434,0.012151271713710892,0.5690945182470606,,,,,
lgbm_C_plus_flow_h60,lgbm,C_plus_flow,60,binary,F4,2023-03-01,2024-11-30,2024-12-01,2025-03-01,184308,35,129540,,0.6942289447780643,0.693133240121265,,,0.029906171751532134,0.5026401111625752,0.5256639982690245,0.2505121968006835,0.5171221244403273,0.5166775244299674,0.609027521808576,0.5590644429093062,0.027499810536994705,0.5924810869229582,,,,,
lgbm_C_plus_flow_h60,lgbm,C_plus_flow,60,binary,F5,2023-03-01,2025-02-28,2025-03-01,2025-06-01,210228,35,132420,,0.6940374500439037,0.6924790669799286,,,0.03311006318270946,0.518275185017369,0.5205139009668933,0.2504214176874237,0.5175049086240749,0.5281000166061728,0.6487250473553839,0.5822304754930167,0.023874168650873242,0.6366560942455822,,,,,
lgbm_C_plus_flow_h60,lgbm,C_plus_flow,60,binary,F6,2023-03-01,2025-05-31,2025-06-01,2025-09-01,236724,35,132420,,0.6923539641529258,0.6921770317569074,,,0.03175489782054631,0.522020842772995,0.5223666587012448,0.24960207062461032,0.5161833559885214,0.531267382785943,0.6217486907965165,0.57295784035994,0.019307007511358748,0.6109273523636913,,,,,
lgbm_C_plus_flow_h60,lgbm,C_plus_flow,60,binary,F7,2023-03-01,2025-08-31,2025-09-01,2025-10-01,263220,35,43140,,0.6896362518841873,0.6931344125104256,,,0.0773060019997146,0.5025266573945294,0.5508204311082611,0.24824749612639394,0.5369031061659713,0.5354242159190303,0.5929701554499747,0.5627298196462966,0.01005338758611254,0.5565368567454798,,,,,
lgbm_D_plus_book_h15,lgbm,D_plus_book,15,binary,F1,2023-03-01,2024-02-29,2024-03-01,2024-06-01,105117,42,132465,,0.6907848497142408,0.6931185141219184,,,0.06231888766207046,0.5037859057109425,0.5412580479214464,0.2488168533621496,0.527565772090741,0.5300302254616975,0.5491953127341386,0.539442600510741,0.012462216759072175,0.5220020382742612,,,,,
lgbm_D_plus_book_h15,lgbm,D_plus_book,15,binary,F2,2023-03-01,2024-05-31,2024-06-01,2024-09-01,131613,42,132465,,0.6910705741750445,0.6931428242189998,,,0.0598692406927284,0.4985241384516665,0.5409929787231806,0.2489573131944382,0.5301324878269732,0.5259459755030621,0.5826127776852371,0.5528310426829707,0.01097189679077723,0.5522364398142906,,,,,
lgbm_D_plus_book_h15,lgbm,D_plus_book,15,binary,F3,2023-03-01,2024-08-31,2024-09-01,2024-12-01,158109,42,131025,,0.6900597504593178,0.6930974274714531,,,0.07046251504561717,0.5049875977866819,0.5446328849594466,0.24846071593199126,0.533028048082427,0.5346784187587897,0.5803433787745972,0.5565758100635586,0.006413990468341573,0.5481167716084717,,,,,
lgbm_D_plus_book_h15,lgbm,D_plus_book,15,binary,F4,2023-03-01,2024-11-30,2024-12-01,2025-03-01,184317,42,129585,,0.6926319484411675,0.6931423447265447,,,0.04080843914437768,0.5015549639232936,0.5296358007095587,0.24973729440908343,0.5208473202917004,0.5199340795165831,0.5824999230698218,0.5494416184719431,0.017367818247855826,0.5619091715862176,,,,,
lgbm_D_plus_book_h15,lgbm,D_plus_book,15,binary,F5,2023-03-01,2025-02-28,2025-03-01,2025-06-01,210237,42,132465,,0.6916663556217619,0.6930467858577042,,,0.04773587383551769,0.5070848903483939,0.5328936492059009,0.2492577024245425,0.5220246857660514,0.5239407937217504,0.6281579848446502,0.5713357210076979,0.014263925640946194,0.6079492696183898,,,,,
lgbm_D_plus_book_h15,lgbm,D_plus_book,15,binary,F6,2023-03-01,2025-05-31,2025-06-01,2025-09-01,236733,42,132465,,0.6918724062008392,0.6928742019962586,,,0.04810957861655164,0.5116823311818216,0.5317179293857814,0.24936122301551536,0.5223342014871853,0.5321379664498459,0.5503835939805253,0.5411070174929651,0.016035299168252554,0.5292265881553618,,,,,
lgbm_D_plus_book_h15,lgbm,D_plus_book,15,binary,F7,2023-03-01,2025-08-31,2025-09-01,2025-10-01,263229,42,43185,,0.6894724359458682,0.6931462472877765,,,0.08493713082243032,0.5006831075604955,0.5527009559505875,0.2481657827169842,0.5383813824244529,0.5335667953360659,0.6201091480899085,0.573592008727086,0.015196691359386002,0.5818918605997453,,,,,
lgbm_E_all_h15,lgbm,E_all,15,binary,F1,2023-03-01,2024-02-29,2024-03-01,2024-06-01,105117,47,132465,,0.6905739806439426,0.6931185141219184,,,0.065277108059922,0.5037859057109425,0.5426772756810657,0.24871137871953095,0.5277016570414826,0.5304893203315741,0.5437408217700123,0.537033337033337,0.01302898619096702,0.5163703619824105,,,,,
lgbm_E_all_h15,lgbm,E_all,15,binary,F2,2023-03-01,2024-05-31,2024-06-01,2024-09-01,131613,47,132465,,0.6910320794727512,0.6931428242189998,,,0.06130506310775791,0.4985241384516665,0.5409758966568644,0.24893939452187208,0.5267806590420111,0.5234753620752444,0.5659403061919833,0.5438802017012173,0.013716441381270468,0.538965009625184,,,,,
lgbm_E_all_h15,lgbm,E_all,15,binary,F3,2023-03-01,2024-08-31,2024-09-01,2024-12-01,158109,47,131025,,0.6903401951865983,0.6930974274714531,,,0.06810337044142988,0.5049875977866819,0.5429850637002027,0.24860024185611584,0.5309444762449914,0.5327763854079643,0.5783030559501859,0.5546069891148377,0.00791490199899682,0.5481396680022896,,,,,
lgbm_E_all_h15,lgbm,E_all,15,binary,F4,2023-03-01,2024-11-30,2024-12-01,2025-03-01,184317,47,129585,,0.6929618059243985,0.6931423447265447,,,0.03865098990970399,0.5015549639232936,0.5284106138673195,0.24989913242822423,0.5200293243816799,0.5192888570128132,0.5792842416223036,0.5476483123268144,0.018716491773188793,0.5595014855114404,,,,,
lgbm_E_all_h15,lgbm,E_all,15,binary,F5,2023-03-01,2025-02-28,2025-03-01,2025-06-01,210237,47,132465,,0.6916042150624758,0.6930467858577042,,,0.04620151234822213,0.5070848903483939,0.532893265929019,0.24922763678182402,0.5217906616842185,0.5246370463884988,0.6063033154188564,0.5625215817898037,0.014391368835499366,0.5860189484014645,,,,,
lgbm_E_all_h15,lgbm,E_all,15,binary,F6,2023-03-01,2025-05-31,2025-06-01,2025-09-01,236733,47,132465,,0.6919169321578635,0.6928742019962586,,,0.047008918931021416,0.5116823311818216,0.5311764417356072,0.24938389660340618,0.522553127241158,0.5319866269802085,0.5563883151372087,0.5439139245253085,0.016167666897228775,0.5351526818404861,,,,,
lgbm_E_all_h15,lgbm,E_all,15,binary,F7,2023-03-01,2025-08-31,2025-09-01,2025-10-01,263229,47,43185,,0.6894478421920529,0.6931462472877765,,,0.08372785566054866,0.5006831075604955,0.5523236184924061,0.2481543399768391,0.5371772606229015,0.5323033152882601,0.6230228471001757,0.5741013019668009,0.017822865798481084,0.5860136621512099,,,,,
lgbm_E_all_h30,lgbm,E_all,30,binary,F1,2023-03-01,2024-02-29,2024-03-01,2024-06-01,105114,47,132450,,0.6902422486341406,0.6930188366048314,,,0.0744165173885452,0.508010570026425,0.5464418073286572,0.24854320698698995,0.534722536806342,0.5385695205386104,0.5872989923609666,0.5618797099388596,0.01218005599252342,0.5539750849377123,,,,,
lgbm_E_all_h30,lgbm,E_all,30,binary,F2,2023-03-01,2024-05-31,2024-06-01,2024-09-01,131610,47,132450,,0.6924994506934505,0.6931467423224703,,,0.06003201436071773,0.500468101170253,0.5373885907436297,0.2496551406801964,0.526719516798792,0.523433331164183,0.606725300586842,0.56201003339808,0.020604410792885344,0.5801057002642507,,,,,
lgbm_E_all_h30,lgbm,E_all,30,binary,F3,2023-03-01,2024-08-31,2024-09-01,2024-12-01,158106,47,131010,,0.6903910356295958,0.6929589286213148,,,0.06955278661717675,0.5097015495000382,0.5430257615826202,0.2486216889376448,0.5302648652774598,0.5349784891644176,0.5996316041691626,0.5654629930378049,0.011271086137548991,0.5712999007709335,,,,,
lgbm_E_all_h30,lgbm,E_all,30,binary,F4,2023-03-01,2024-11-30,2024-12-01,2025-03-01,184314,47,129570,,0.6942748750147486,0.6931443184593842,,,0.036278740616394474,0.4988037354325847,0.5267899021370183,0.25053759086519894,0.5197267886084742,0.5156823555538138,0.6107999381092372,0.5592253915186888,0.02493328105975407,0.5908080574206992,,,,,
lgbm_E_all_h30,lgbm,E_all,30,binary,F5,2023-03-01,2025-02-28,2025-03-01,2025-06-01,210234,47,132450,,0.6922008723203602,0.6928542022079306,,,0.04289020589707182,0.5121026802567007,0.5287158684618651,0.24952196469827445,0.5212533031332578,0.5264576246826044,0.6480362092351242,0.580954269098599,0.019010689995839603,0.6303661759154398,,,,,
lgbm_E_all_h30,lgbm,E_all,30,binary,F6,2023-03-01,2025-05-31,2025-06-01,2025-09-01,236730,47,132450,,0.6914364864367459,0.6924952826134679,,,0.048271825484972185,0.5180520951302379,0.532247305901121,0.24914692393537977,0.5225745564363911,0.5352404154714658,0.5955462282849481,0.5637852417513435,0.01652406011537716,0.5764212910532276,,,,,
lgbm_E_all_h30,lgbm,E_all,30,binary,F7,2023-03-01,2025-08-31,2025-09-01,2025-10-01,263226,47,43170,,0.688568057040051,0.693143815115394,,,0.09188871913699614,0.501297197127635,0.5597949141962328,0.24771509432788769,0.5448691220755154,0.5379807142584899,0.6522341851115937,0.589623626717908,0.020898640332434094,0.6077600185313875,,,,,
lgbm_E_all_h5,lgbm,E_all,5,binary,F1,2023-03-01,2024-02-29,2024-03-01,2024-06-01,105119,47,132475,,0.6918923496701975,0.6931392678631599,,,0.052848864491239725,0.5019890545385922,0.5342700250495963,0.24937089186629768,0.5229816946593697,0.518215859030837,0.7075683072435001,0.5982670167386094,0.015312876981944541,0.6854123419513116,,,,,
lgbm_E_all_h5,lgbm,E_all,5,binary,F2,2023-03-01,2024-05-31,2024-06-01,2024-09-01,131615,47,132475,,0.6926914525423326,0.6931470203001078,,,0.04080172720334842,0.4997169277222117,0.5251583013193448,0.24976908731780886,0.5172598603510096,0.5147388426502392,0.5932326283987915,0.551205305449314,0.013366207880303821,0.5759199849028118,,,,,
lgbm_E_all_h5,lgbm,E_all,5,binary,F3,2023-03-01,2024-08-31,2024-09-01,2024-12-01,158111,47,131035,,0.6913678216005248,0.6931364511876832,,,0.05235888238546661,0.50231617506773,0.5332951549565312,0.24911218249374448,0.5224558324111879,0.5218910169948746,0.587851901368864,0.5529111681111166,0.005048168937348121,0.5658030297248826,,,,,
lgbm_E_all_h5,lgbm,E_all,5,binary,F4,2023-03-01,2024-11-30,2024-12-01,2025-03-01,184319,47,129595,,0.6924309499669788,0.6931470838339433,,,0.034397266107873706,0.5002199158918168,0.5254488366233302,0.24964077147640612,0.5180060959141942,0.5164393095768374,0.5723166630672878,0.5429441119224971,0.010306946064454906,0.5543423743199969,,,,,
lgbm_E_all_h5,lgbm,E_all,5,binary,F5,2023-03-01,2025-02-28,2025-03-01,2025-06-01,210239,47,132475,,0.6914928779544608,0.6931309400970994,,,0.04975902506590096,0.5028495942630685,0.5318581300751022,0.2491749961580523,0.5209888658237404,0.522098133064629,0.5600240186144262,0.5403964684324505,0.012161656341204238,0.5393772409888659,,,,,
lgbm_E_all_h5,lgbm,E_all,5,binary,F6,2023-03-01,2025-05-31,2025-06-01,2025-09-01,236735,47,132475,,0.6915205530389954,0.6931160677502244,,,0.048600093171970254,0.5039441404038498,0.531664653507003,0.2491882634108809,0.5213662955274581,0.5240956063066818,0.546210305572199,0.5349244885834367,0.0063382199116206435,0.5252085299113041,,,,,
lgbm_E_all_h5,lgbm,E_all,5,binary,F7,2023-03-01,2025-08-31,2025-09-01,2025-10-01,263231,47,43195,,0.6914443938365888,0.6931321282927577,,,0.06303795593406497,0.4972566269244125,0.5337724954137738,0.24915045729087992,0.5254080333371918,0.5199478381352133,0.5940220680664835,0.5545221435090617,0.010304774585114057,0.5680981595092025,,,,,
lgbm_E_all_h60,lgbm,E_all,60,binary,F1,2023-03-01,2024-02-29,2024-03-01,2024-06-01,105108,47,132420,,0.6888502751200228,0.6928692291536834,,,0.09237773293649411,0.5117882495091376,0.5534694169677568,0.24785316788101594,0.5390122338015405,0.5414576425780527,0.6481976066459105,0.5900390861103276,0.011554008075811414,0.612679353571968,,,,,
lgbm_E_all_h60,lgbm,E_all,60,binary,F2,2023-03-01,2024-05-31,2024-06-01,2024-09-01,131604,47,132420,,0.6930994980262747,0.6931312266056867,,,0.05887126813733928,0.49717565322458845,0.540373610614485,0.2499300611909584,0.5258118109046972,0.518925169729676,0.6338933106507079,0.5706764758167074,0.02714538910838536,0.6073251774656396,,,,,
lgbm_E_all_h60,lgbm,E_all,60,binary,F3,2023-03-01,2024-08-31,2024-09-01,2024-12-01,158100,47,130980,,0.6916173700398909,0.6928082444339908,,,0.054997233907953726,0.5130172545426783,0.5381512230863967,0.24922544562630958,0.5274622079706826,0.535713323454129,0.5917999851179403,0.5623616757998939,0.015622071632710031,0.5667277446938463,,,,,
lgbm_E_all_h60,lgbm,E_all,60,binary,F4,2023-03-01,2024-11-30,2024-12-01,2025-03-01,184308,47,129540,,0.6950153133566976,0.693133240121265,,,0.025111979052407307,0.5026401111625752,0.5241317392852961,0.25089309981793706,0.520071020534198,0.5194160661017396,0.604374001720113,0.5586836463790338,0.027801509275791433,0.584854099119963,,,,,
lgbm_E_all_h60,lgbm,E_all,60,binary,F5,2023-03-01,2025-02-28,2025-03-01,2025-06-01,210228,47,132420,,0.6933514062197763,0.6924790669799286,,,0.03532191385101558,0.518275185017369,0.5226155809543449,0.2500855882048305,0.5179504606554901,0.529399507250285,0.6293166253824858,0.5750500955310126,0.023892579012845857,0.6160927352363691,,,,,
lgbm_E_all_h60,lgbm,E_all,60,binary,F6,2023-03-01,2025-05-31,2025-06-01,2025-09-01,236724,47,132420,,0.6930752638244422,0.6921770317569074,,,0.03115089848910649,0.522020842772995,0.5226902444223622,0.2499586076150026,0.5166893218547047,0.5343317169877033,0.5770621763157133,0.5548755042425928,0.02519243131990186,0.5637668025977949,,,,,
lgbm_E_all_h60,lgbm,E_all,60,binary,F7,2023-03-01,2025-08-31,2025-09-01,2025-10-01,263220,47,43140,,0.6893807098877383,0.6931344125104256,,,0.08069623889585832,0.5025266573945294,0.5514414104210251,0.24812507344346246,0.5382707464070469,0.5327186198691255,0.660916093915771,0.589933093154915,0.022930112199964568,0.6234585071859063,,,,,
lgbmreg_E_all_h15,lgbm,E_all,15,reg,F1,2023-03-01,2024-02-29,2024-03-01,2024-06-01,105117,47,132465,,,,,,0.021860978627659514,,,,,,,,,,24.493017613248796,24.430507083617268,37.90759831236279,37.83210007269886,0.5060506548899709
lgbmreg_E_all_h15,lgbm,E_all,15,reg,F2,2023-03-01,2024-05-31,2024-06-01,2024-09-01,131613,47,132465,,,,,,0.0060188698552184235,,,,,,,,,,21.032977943618285,20.995509561435462,34.91844815076507,34.8714910353381,0.5029630468425622
lgbmreg_E_all_h15,lgbm,E_all,15,reg,F3,2023-03-01,2024-08-31,2024-09-01,2024-12-01,158109,47,131025,,,,,,0.0018950963173586662,,,,,,,,,,21.777182053633084,21.731313847262648,32.02961572316407,31.9605981420275,0.4977752337340202
lgbmreg_E_all_h15,lgbm,E_all,15,reg,F4,2023-03-01,2024-11-30,2024-12-01,2025-03-01,184317,47,129585,,,,,,0.024966152817758942,,,,,,,,,,27.18901421139597,27.16331665649792,42.2851809125988,42.14329754404259,0.5081066481460046
lgbmreg_E_all_h15,lgbm,E_all,15,reg,F5,2023-03-01,2025-02-28,2025-03-01,2025-06-01,210237,47,132465,,,,,,0.02519661855824652,,,,,,,,,,27.457659912804733,27.449400897744347,42.16596494293402,42.147429786627896,0.5076812742988714
lgbmreg_E_all_h15,lgbm,E_all,15,reg,F6,2023-03-01,2025-05-31,2025-06-01,2025-09-01,236733,47,132465,,,,,,0.010496504103953959,,,,,,,,,,23.665883220058785,23.651566535576354,34.69813521621146,34.711554252913984,0.4981542294190918
lgbmreg_E_all_h15,lgbm,E_all,15,reg,F7,2023-03-01,2025-08-31,2025-09-01,2025-10-01,263229,47,43185,,,,,,0.0027147509322445317,,,,,,,,,,17.517777797632657,17.501681543133074,25.60753445411798,25.58167407790607,0.5007294199374783
logit_A_price_h15,logit,A_price,15,binary,F1,2023-03-01,2024-02-29,2024-03-01,2024-06-01,105117,16,132465,,0.6925620436668396,0.6931185141219184,,,0.05393940574867808,0.5037859057109425,0.5368652753901381,0.24961398541927338,0.5251651379609709,0.5257303114474726,0.587092037042587,0.5547194121353278,0.011936142582254946,0.5625863435624504,,,,,
logit_A_price_h15,logit,A_price,15,binary,F2,2023-03-01,2024-05-31,2024-06-01,2024-09-01,131613,16,132465,,0.6917350888252258,0.6931428242189998,,,0.05832930845639059,0.4985241384516665,0.5388679245598724,0.2492344081401825,0.5275355754350206,0.5233445141744211,0.585944243378712,0.5528780550534746,0.009195371326672891,0.5581549843354848,,,,,
logit_A_price_h15,logit,A_price,15,binary,F3,2023-03-01,2024-08-31,2024-09-01,2024-12-01,158109,16,131025,,0.6903800368309021,0.6930974274714531,,,0.06694647155539996,0.5049875977866819,0.542565308593394,0.24861998856067657,0.5300973096737264,0.5329690032560208,0.561572408790013,0.5468969628283156,0.0045941169685908825,0.53208929593589,,,,,
logit_A_price_h15,logit,A_price,15,binary,F4,2023-03-01,2024-11-30,2024-12-01,2025-03-01,184317,16,129585,,0.6934196949005127,0.6931423447265447,,,0.028476990468326333,0.5015549639232936,0.522695468775274,0.2500680685043335,0.5158930431762936,0.515459829059829,0.5799458411545682,0.5458047046387535,0.016423739501805062,0.5643014237759,,,,,
logit_A_price_h15,logit,A_price,15,binary,F5,2023-03-01,2025-02-28,2025-03-01,2025-06-01,210237,16,132465,,0.6921073794364929,0.6930467858577042,,,0.04464709013095434,0.5070848903483939,0.5303928720920724,0.24946677684783936,0.5212622202091118,0.5250918810557968,0.58492504205684,0.5533958703062059,0.009031497329069634,0.5648661910693391,,,,,
logit_A_price_h15,logit,A_price,15,binary,F6,2023-03-01,2025-05-31,2025-06-01,2025-09-01,236733,16,132465,,0.692196249961853,0.6928742019962586,,,0.039669208502162774,0.5116823311818216,0.527605012447343,0.24951735138893127,0.5204695579964519,0.5305274022678728,0.5460017704337563,0.5381533696387154,0.012263796695365021,0.5266070282716189,,,,,
logit_A_price_h15,logit,A_price,15,binary,F7,2023-03-01,2025-08-31,2025-09-01,2025-10-01,263229,16,43185,,0.6910278797149658,0.6931462472877765,,,0.06812506956148313,0.5006831075604955,0.5415449585994996,0.24894124269485474,0.5311334954266528,0.5290904471544715,0.5778836370363518,0.552411689287767,0.017757542284879052,0.546856547412296,,,,,
logit_A_price_h30,logit,A_price,30,binary,F1,2023-03-01,2024-02-29,2024-03-01,2024-06-01,105114,16,132450,,0.6923279762268066,0.6930188366048314,,,0.061734078998195205,0.508010570026425,0.5411529402059885,0.24948379397392273,0.5325330313325783,0.534179438871633,0.6236512796124007,0.5754583727595617,0.011506010428065396,0.5930992827482069,,,,,
logit_A_price_h30,logit,A_price,30,binary,F2,2023-03-01,2024-05-31,2024-06-01,2024-09-01,131610,16,132450,,0.6921378374099731,0.6931467423224703,,,0.05347308953986293,0.500468101170253,0.5358010706820148,0.24944578111171722,0.524160060400151,0.5205736919118018,0.6225805964970507,0.5670259612676298,0.013777250575317269,0.5985352963382409,,,,,
logit_A_price_h30,logit,A_price,30,binary,F3,2023-03-01,2024-08-31,2024-09-01,2024-12-01,158106,16,131010,,0.6897151470184326,0.6929589286213148,,,0.06955512827973971,0.5097015495000382,0.5441716016812541,0.24829445779323578,0.5298068849706129,0.5342255607278883,0.6049478854678327,0.5673914264846339,0.005308661112784602,0.5771773147088008,,,,,
logit_A_price_h30,logit,A_price,30,binary,F4,2023-03-01,2024-11-30,2024-12-01,2025-03-01,184314,16,129570,,0.6934025883674622,0.6931443184593842,,,0.03520089009181471,0.4988037354325847,0.5256769580947405,0.25008532404899597,0.5170486995446477,0.5126269456807732,0.645118366083862,0.5712915513414266,0.018822283831801578,0.6277224666203597,,,,,
logit_A_price_h30,logit,A_price,30,binary,F5,2023-03-01,2025-02-28,2025-03-01,2025-06-01,210234,16,132450,,0.692642331123352,0.6928542022079306,,,0.03451948627785244,0.5121026802567007,0.5240412776965724,0.24973784387111664,0.5191694979237448,0.5255086958663842,0.6290175148906056,0.5726230740323187,0.016159125945396164,0.612970932427331,,,,,
logit_A_price_h30,logit,A_price,30,binary,F6,2023-03-01,2025-05-31,2025-06-01,2025-09-01,236730,16,132450,,0.6918861865997314,0.6924952826134679,,,0.03972560429626853,0.5180520951302379,0.5278170433428515,0.24936440587043762,0.5211476028690072,0.5338346844615905,0.5969307450157397,0.5636223527954755,0.012720872528510707,0.5792827482068705,,,,,
logit_A_price_h30,logit,A_price,30,binary,F7,2023-03-01,2025-08-31,2025-09-01,2025-10-01,263226,16,43170,,0.6907942295074463,0.693143815115394,,,0.07097436715102343,0.501297197127635,0.546028360481287,0.24882403016090393,0.5407922168172342,0.5359218694397216,0.6263111686151287,0.5776016364101253,0.03103141638728405,0.585846652768126,,,,,
logit_A_price_h5,logit,A_price,5,binary,F1,2023-03-01,2024-02-29,2024-03-01,2024-06-01,105119,16,132475,,0.6930282115936279,0.6931392678631599,,,0.041716976650075954,0.5019890545385922,0.5274693177693445,0.24990080296993256,0.521086997546707,0.5199477977161501,0.5991037728755959,0.5567262412140351,0.011089019283840717,0.5784110209473485,,,,,
logit_A_price_h5,logit,A_price,5,binary,F2,2023-03-01,2024-05-31,2024-06-01,2024-09-01,131615,16,132475,,0.6925414204597473,0.6931470203001078,,,0.04237731136095596,0.4997169277222117,0.5257669768348261,0.24966715276241302,0.5186865446310625,0.5172287079175736,0.552809667673716,0.5344276180323321,0.007678460084755344,0.5340932251368182,,,,,
logit_A_price_h5,logit,A_price,5,binary,F3,2023-03-01,2024-08-31,2024-09-01,2024-12-01,158111,16,131035,,0.6916550397872925,0.6931364511876832,,,0.05175487478335247,0.50231617506773,0.5332056655185892,0.24925380945205688,0.5231503033540658,0.5246545991872922,0.5394327038483159,0.5319410319410319,0.005482062499198472,0.5164650665852635,,,,,
logit_A_price_h5,logit,A_price,5,binary,F4,2023-03-01,2024-11-30,2024-12-01,2025-03-01,184319,16,129595,,0.6928853988647461,0.6931470838339433,,,0.0298748674228751,0.5002199158918168,0.5214044677591914,0.2498423159122467,0.5161850380030094,0.5150745930001702,0.5602844537685496,0.5367291749789422,0.008751195278923499,0.5441259307843667,,,,,
logit_A_price_h5,logit,A_price,5,binary,F5,2023-03-01,2025-02-28,2025-03-01,2025-06-01,210239,16,132475,,0.6921043992042542,0.6931309400970994,,,0.0425093722461918,0.5028495942630685,0.5260270887739394,0.24947308003902435,0.5168295904887714,0.518203527588085,0.55703670344517,0.536918869644485,0.00703916999546397,0.5405321758822419,,,,,
logit_A_price_h5,logit,A_price,5,binary,F6,2023-03-01,2025-05-31,2025-06-01,2025-09-01,236735,16,132475,,0.6919626593589783,0.6931160677502244,,,0.04476823439320273,0.5039441404038498,0.5283615523293639,0.24940764904022217,0.5189658426118136,0.522659738087772,0.5242959856201318,0.5234765832392375,0.0056942886209730825,0.5055217965653896,,,,,
logit_A_price_h5,logit,A_price,5,binary,F7,2023-03-01,2025-08-31,2025-09-01,2025-10-01,263231,16,43195,,0.6920570731163025,0.6931321282927577,,,0.050552893827502735,0.4972566269244125,0.5269979074859352,0.24945640563964844,0.5188794999421229,0.5160429038346454,0.5219051166255412,0.5189574556733485,0.006131189967046288,0.5029054288690821,,,,,
logit_A_price_h60,logit,A_price,60,binary,F1,2023-03-01,2024-02-29,2024-03-01,2024-06-01,105108,16,132420,,0.6915757060050964,0.6928692291536834,,,0.07244503125483494,0.5117882495091376,0.5444034068151291,0.24912558495998383,0.5359160247696723,0.5380601781001844,0.6588658865886589,0.5923665742448162,0.016632563471253983,0.6266953632381815,,,,,
logit_A_price_h60,logit,A_price,60,binary,F2,2023-03-01,2024-05-31,2024-06-01,2024-09-01,131604,16,132420,,0.6931443214416504,0.6931312266056867,,,0.04202094439159659,0.49717565322458845,0.5348206077209596,0.24990583956241608,0.524988672405981,0.5179728356051977,0.6423992952184215,0.5735149538603402,0.01965264960450541,0.6166062528318985,,,,,
logit_A_price_h60,logit,A_price,60,binary,F3,2023-03-01,2024-08-31,2024-09-01,2024-12-01,158100,16,130980,,0.689185619354248,0.6928082444339908,,,0.07197410275466243,0.5130172545426783,0.546799994188099,0.2480321079492569,0.5303939532753092,0.5373038366661418,0.6094054617159015,0.5710878827393363,0.010509110580584288,0.5818598259276225,,,,,
logit_A_price_h60,logit,A_price,60,binary,F4,2023-03-01,2024-11-30,2024-12-01,2025-03-01,184308,16,129540,,0.6937753558158875,0.693133240121265,,,0.026841684223973497,0.5026401111625752,0.5219884622938306,0.250308096408844,0.5126061448201328,0.5120302125845161,0.6455031330630299,0.5710714212925535,0.025824128375462736,0.6336652771344758,,,,,
logit_A_price_h60,logit,A_price,60,binary,F5,2023-03-01,2025-02-28,2025-03-01,2025-06-01,210228,16,132420,,0.6931881308555603,0.6924790669799286,,,0.029311171343936543,0.518275185017369,0.5179434309453349,0.25001096725463867,0.5159870110255248,0.5268872005783978,0.6477342270144252,0.5810942412141097,0.02098604724848674,0.6371469566530735,,,,,
logit_A_price_h60,logit,A_price,60,binary,F6,2023-03-01,2025-05-31,2025-06-01,2025-09-01,236724,16,132420,,0.6927422881126404,0.6921770317569074,,,0.03145824883877994,0.522020842772995,0.5216134717560866,0.24978755414485931,0.519377737501888,0.5345240194473134,0.6139224025692214,0.571478588742257,0.019506257589247584,0.5995619996979308,,,,,
logit_A_price_h60,logit,A_price,60,binary,F7,2023-03-01,2025-08-31,2025-09-01,2025-10-01,263220,16,43140,,0.6907126307487488,0.6931344125104256,,,0.0748196814841965,0.5025266573945294,0.5462097796725958,0.24878332018852234,0.5406583217431618,0.5364251358855042,0.6327782646801051,0.5806315076610514,0.02830226244227888,0.5927909133055169,,,,,
logit_B_price_volume_h15,logit,B_price_volume,15,binary,F1,2023-03-01,2024-02-29,2024-03-01,2024-06-01,105117,22,132465,,0.6923733353614807,0.6931185141219184,,,0.055670206493308304,0.5037859057109425,0.537378014206473,0.24952749907970428,0.5258445627146794,0.5279164710735572,0.5561183204962987,0.5416505513270526,0.011034859818978117,0.5306986751217303,,,,,
logit_B_price_volume_h15,logit,B_price_volume,15,binary,F2,2023-03-01,2024-05-31,2024-06-01,2024-09-01,131613,22,132465,,0.6918079853057861,0.6931428242189998,,,0.05898455555929286,0.4985241384516665,0.5392898947281953,0.24925316870212555,0.5277997961725739,0.525068656630577,0.5529930190650696,0.5386691841340552,0.006646487382855608,0.5250368021741593,,,,,
logit_B_price_volume_h15,logit,B_price_volume,15,binary,F3,2023-03-01,2024-08-31,2024-09-01,2024-12-01,158109,22,131025,,0.6903380751609802,0.6930974274714531,,,0.06712590360713609,0.5049875977866819,0.542644707435009,0.24860090017318726,0.5301812631177256,0.533966269607265,0.547411057038358,0.540605083657965,0.00415609998481006,0.51770272848693,,,,,
logit_B_price_volume_h15,logit,B_price_volume,15,binary,F4,2023-03-01,2024-11-30,2024-12-01,2025-03-01,184317,22,129585,,0.693426787853241,0.6931423447265447,,,0.027727933189561394,0.5015549639232936,0.5220262404220094,0.25007298588752747,0.5134853571015163,0.5137763829396215,0.5591746930485891,0.5355150997192978,0.017738434500903472,0.5458733649727978,,,,,
logit_B_price_volume_h15,logit,B_price_volume,15,binary,F5,2023-03-01,2025-02-28,2025-03-01,2025-06-01,210237,22,132465,,0.6921414136886597,0.6930467858577042,,,0.04398239783448227,0.5070848903483939,0.5300500163288948,0.24948041141033173,0.5213301626844827,0.5233377148384216,0.6282919712375876,0.5710323178610812,0.007206520473179066,0.6087796776507002,,,,,
logit_B_price_volume_h15,logit,B_price_volume,15,binary,F6,2023-03-01,2025-05-31,2025-06-01,2025-09-01,236733,22,132465,,0.6920590996742249,0.6928742019962586,,,0.03939982060797934,0.5116823311818216,0.5276304908005391,0.24944929778575897,0.5212169252255313,0.5281910626956814,0.6023310711124226,0.5628300039979597,0.009411698182243928,0.583505076812743,,,,,
logit_B_price_volume_h15,logit,B_price_volume,15,binary,F7,2023-03-01,2025-08-31,2025-09-01,2025-10-01,263229,22,43185,,0.6909315586090088,0.6931462472877765,,,0.07041193715184678,0.5006831075604955,0.543134185500963,0.24888922274112701,0.5315039944425147,0.527733439744613,0.6116455462029414,0.566599545863502,0.019282330304670626,0.5802940835938405,,,,,
logit_C_plus_flow_h15,logit,C_plus_flow,15,binary,F1,2023-03-01,2024-02-29,2024-03-01,2024-06-01,105117,35,132465,,0.6917794346809387,0.6931185141219184,,,0.055768350211093984,0.5037859057109425,0.5377763011016387,0.24927787482738495,0.5252179821084815,0.5253410020315015,0.5967572751520964,0.5587764837940228,0.013381232251461504,0.572271920884762,,,,,
logit_C_plus_flow_h15,logit,C_plus_flow,15,binary,F2,2023-03-01,2024-05-31,2024-06-01,2024-09-01,131613,35,132465,,0.6914136409759521,0.6931428242189998,,,0.05665253419230479,0.4985241384516665,0.5382722597038987,0.2490949034690857,0.5256256369607066,0.5232854376847039,0.5443160652361555,0.5335936108307108,0.008381016470723337,0.5185596195221379,,,,,
logit_C_plus_flow_h15,logit,C_plus_flow,15,binary,F3,2023-03-01,2024-08-31,2024-09-01,2024-12-01,158109,35,131025,,0.6906257271766663,0.6930974274714531,,,0.06265953570072826,0.5049875977866819,0.5400268378882846,0.2487023025751114,0.5285250906315588,0.5335441780874242,0.5277786174168002,0.5306457372527865,0.009435273453698451,0.49953062392673153,,,,,
logit_C_plus_flow_h15,logit,C_plus_flow,15,binary,F4,2023-03-01,2024-11-30,2024-12-01,2025-03-01,184317,35,129585,,0.693423867225647,0.6931423447265447,,,0.02967809733821131,0.5015549639232936,0.5230984863873642,0.25009968876838684,0.5156615348998727,0.5165851410220194,0.5345878081053635,0.5254323153350019,0.019218844323907636,0.5190338387930702,,,,,
logit_C_plus_flow_h15,logit,C_plus_flow,15,binary,F5,2023-03-01,2025-02-28,2025-03-01,2025-06-01,210237,35,132465,,0.6918176412582397,0.6930467858577042,,,0.046586336747288265,0.5070848903483939,0.5321339430108281,0.2493278533220291,0.523579813535651,0.5284310431715101,0.5619835941105537,0.5446911050668437,0.009911354893093423,0.539282074510248,,,,,
logit_C_plus_flow_h15,logit,C_plus_flow,15,binary,F6,2023-03-01,2025-05-31,2025-06-01,2025-09-01,236733,35,132465,,0.6927219033241272,0.6928742019962586,,,0.04468198626550813,0.5116823311818216,0.530034352760169,0.24939370155334473,0.5214962442909448,0.5306831985925523,0.5607406314547064,0.5452980293976284,0.011108934099738212,0.5406635715094553,,,,,
logit_C_plus_flow_h15,logit,C_plus_flow,15,binary,F7,2023-03-01,2025-08-31,2025-09-01,2025-10-01,263229,35,43185,,0.6906902194023132,0.6931462472877765,,,0.0684392490314241,0.5006831075604955,0.5432202911858308,0.2487713247537613,0.5331480838254024,0.530967823985756,0.5792711127555268,0.5540687000951096,0.011977467741750389,0.5462313303230288,,,,,
logit_C_plus_flow_h30,logit,C_plus_flow,30,binary,F1,2023-03-01,2024-02-29,2024-03-01,2024-06-01,105114,35,132450,,0.6918318271636963,0.6930188366048314,,,0.06376948669794379,0.508010570026425,0.540586061041996,0.24928832054138184,0.5285541713854285,0.5311114822761553,0.614362571708825,0.5697117538020521,0.014089054158607858,0.5876406191015477,,,,,
logit_C_plus_flow_h30,logit,C_plus_flow,30,binary,F2,2023-03-01,2024-05-31,2024-06-01,2024-09-01,131610,35,132450,,0.692482054233551,0.6931467423224703,,,0.05258568656339681,0.500468101170253,0.5331168110592293,0.24960149824619293,0.522876557191393,0.5205432125013288,0.5909756060766063,0.5535279031813654,0.017635292693460702,0.5681842204605512,,,,,
logit_C_plus_flow_h30,logit,C_plus_flow,30,binary,F3,2023-03-01,2024-08-31,2024-09-01,2024-12-01,158106,35,131010,,0.6902773976325989,0.6929589286213148,,,0.06239723601351601,0.5097015495000382,0.5395788659579577,0.24858511984348297,0.5287077322341805,0.5345642378283327,0.5827243320953636,0.5576063280981314,0.011617358435511494,0.5556217082665446,,,,,
logit_C_plus_flow_h30,logit,C_plus_flow,30,binary,F4,2023-03-01,2024-11-30,2024-12-01,2025-03-01,184314,35,129570,,0.692969560623169,0.6931443184593842,,,0.03974219434870593,0.4988037354325847,0.52772431577422,0.24987953901290894,0.5187003164312727,0.5145421903052064,0.6208262416834287,0.5627094874132249,0.019385117378887724,0.6018368449486764,,,,,
logit_C_plus_flow_h30,logit,C_plus_flow,30,binary,F5,2023-03-01,2025-02-28,2025-03-01,2025-06-01,210234,35,132450,,0.6922218799591064,0.6928542022079306,,,0.03838754066623874,0.5121026802567007,0.5272770950055602,0.24953219294548035,0.5222801057002643,0.5285983421250942,0.6204959603703485,0.5708724431664044,0.015357072361013314,0.6011325028312571,,,,,
logit_C_plus_flow_h30,logit,C_plus_flow,30,binary,F6,2023-03-01,2025-05-31,2025-06-01,2025-09-01,236730,35,132450,,0.6919212341308594,0.6924952826134679,,,0.04630800780239214,0.5180520951302379,0.5319787465546064,0.24914507567882538,0.5253076632691581,0.5363237321796769,0.6179025300221522,0.574230204037408,0.011815411848993101,0.5968516421291054,,,,,
logit_C_plus_flow_h30,logit,C_plus_flow,30,binary,F7,2023-03-01,2025-08-31,2025-09-01,2025-10-01,263226,35,43170,,0.6900923848152161,0.693143815115394,,,0.07014555807041274,0.501297197127635,0.5464998923856581,0.24847491085529327,0.5368774611999073,0.533306386418755,0.6096760778152581,0.5689398676182057,0.012635743111296055,0.5730831596015752,,,,,
logit_C_plus_flow_h5,logit,C_plus_flow,5,binary,F1,2023-03-01,2024-02-29,2024-03-01,2024-06-01,105119,35,132475,,0.6930893063545227,0.6931392678631599,,,0.04219557160321996,0.5019890545385922,0.5275105138299778,0.24994824826717377,0.5192677863747877,0.5157752033522307,0.6922452293950467,0.591120670283458,0.015765688940362434,0.6737422155123608,,,,,
logit_C_plus_flow_h5,logit,C_plus_flow,5,binary,F2,2023-03-01,2024-05-31,2024-06-01,2024-09-01,131615,35,132475,,0.6924433708190918,0.6931470203001078,,,0.04248128431215053,0.4997169277222117,0.5252954502718578,0.2496291697025299,0.5190639743347801,0.5174088275630441,0.5585045317220544,0.5371718316407328,0.007571632263907441,0.5394074353651632,,,,,
logit_C_plus_flow_h5,logit,C_plus_flow,5,binary,F3,2023-03-01,2024-08-31,2024-09-01,2024-12-01,158111,35,131035,,0.6914942264556885,0.6931364511876832,,,0.049229343514450956,0.50231617506773,0.5320438135008196,0.2491854578256607,0.5217308352730187,0.5228032594693954,0.5487762264322936,0.535474976280835,0.003112403065399476,0.5272713397183959,,,,,
logit_C_plus_flow_h5,logit,C_plus_flow,5,binary,F4,2023-03-01,2024-11-30,2024-12-01,2025-03-01,184319,35,129595,,0.6928092241287231,0.6931470838339433,,,0.029838202042917927,0.5002199158918168,0.5214897996960924,0.2498140186071396,0.5155985956248312,0.5147380226606085,0.5522321290840095,0.5328262908003036,0.01255350293069671,0.5366565068096762,,,,,
logit_C_plus_flow_h5,logit,C_plus_flow,5,binary,F5,2023-03-01,2025-02-28,2025-03-01,2025-06-01,210239,35,132475,,0.6919144988059998,0.6931309400970994,,,0.04276325158027418,0.5028495942630685,0.5274996634006904,0.24938243627548218,0.5174787695791658,0.519778492633558,0.5312016813030098,0.5254280071866602,0.008819887261949487,0.5139007359879223,,,,,
logit_C_plus_flow_h5,logit,C_plus_flow,5,binary,F6,2023-03-01,2025-05-31,2025-06-01,2025-09-01,236735,35,132475,,0.6919384002685547,0.6931160677502244,,,0.04660633965824774,0.5039441404038498,0.5297205140832963,0.24932023882865906,0.5192602377807134,0.5219458564167,0.5475584182144997,0.5344454516213925,0.005292902229236727,0.5286733345914324,,,,,
logit_C_plus_flow_h5,logit,C_plus_flow,5,binary,F7,2023-03-01,2025-08-31,2025-09-01,2025-10-01,263231,35,43195,,0.692075252532959,0.6931321282927577,,,0.04802798267780522,0.4972566269244125,0.5261267476932903,0.2494651824235916,0.5202917004282903,0.5177434456928839,0.5148749941803622,0.5163052358831905,0.007561372517711485,0.49450167843500403,,,,,
logit_C_plus_flow_h60,logit,C_plus_flow,60,binary,F1,2023-03-01,2024-02-29,2024-03-01,2024-06-01,105108,35,132420,,0.6915150284767151,0.6928692291536834,,,0.0784223950247439,0.5117882495091376,0.5468398609023459,0.24910308420658112,0.5310300558827972,0.5303305873542313,0.7314337991176166,0.6148560229718247,0.023561342362820304,0.7058601419725117,,,,,
logit_C_plus_flow_h60,logit,C_plus_flow,60,binary,F2,2023-03-01,2024-05-31,2024-06-01,2024-09-01,131604,35,132420,,0.6934612393379211,0.6931312266056867,,,0.04634234592231593,0.49717565322458845,0.535484011984509,0.2499493807554245,0.5266727080501434,0.5196720902997534,0.6335743362294185,0.5709983436229483,0.019467631104381013,0.6061471076876604,,,,,
logit_C_plus_flow_h60,logit,C_plus_flow,60,binary,F3,2023-03-01,2024-08-31,2024-09-01,2024-12-01,158100,35,130980,,0.6903789043426514,0.6928082444339908,,,0.06713639987042297,0.5130172545426783,0.5441379901157202,0.24831368029117584,0.5319361734615972,0.5384113564010229,0.6141230746335293,0.5737804072608959,0.009738830091899025,0.5851580393953275,,,,,
logit_C_plus_flow_h60,logit,C_plus_flow,60,binary,F4,2023-03-01,2024-11-30,2024-12-01,2025-03-01,184308,35,129540,,0.6932769417762756,0.693133240121265,,,0.02974778316306714,0.5026401111625752,0.525844664778576,0.25006386637687683,0.5162420873861355,0.515024939187695,0.6438444526354589,0.5722749300389052,0.025006546526204033,0.6283618959394781,,,,,
logit_C_plus_flow_h60,logit,C_plus_flow,60,binary,F5,2023-03-01,2025-02-28,2025-03-01,2025-06-01,210228,35,132420,,0.6930575966835022,0.6924790669799286,,,0.032571033312649336,0.518275185017369,0.5201105955248897,0.24994872510433197,0.5176937018577255,0.5282680688926609,0.6484773422701442,0.5822327753684334,0.019794158764907074,0.6362105422141671,,,,,
logit_C_plus_flow_h60,logit,C_plus_flow,60,binary,F6,2023-03-01,2025-05-31,2025-06-01,2025-09-01,236724,35,132420,,0.6923778057098389,0.6921770317569074,,,0.03604749746087283,0.522020842772995,0.5266103946322613,0.24960878491401672,0.524233499471379,0.5366008150777432,0.6495240575181552,0.5876870921930117,0.014347810189163302,0.6318758495695515,,,,,
logit_C_plus_flow_h60,logit,C_plus_flow,60,binary,F7,2023-03-01,2025-08-31,2025-09-01,2025-10-01,263220,35,43140,,0.6905013918876648,0.6931344125104256,,,0.07356853008660054,0.5025266573945294,0.5453365806101304,0.24868012964725494,0.5344228094575799,0.5311182258316414,0.6274735919553485,0.5752891670719588,0.01876671041086088,0.593694946685211,,,,,
logit_D_plus_book_h15,logit,D_plus_book,15,binary,F1,2023-03-01,2024-02-29,2024-03-01,2024-06-01,105117,42,132465,,0.6910103559494019,0.6931185141219184,,,0.06130252473700263,0.5037859057109425,0.5409758532101225,0.24891577661037445,0.5284565734344921,0.5302663095086242,0.5606437498126892,0.5450320851330386,0.01289932411803137,0.5326463594156947,,,,,
logit_D_plus_book_h15,logit,D_plus_book,15,binary,F2,2023-03-01,2024-05-31,2024-06-01,2024-09-01,131613,42,132465,,0.6920502781867981,0.6931428242189998,,,0.05286183302557374,0.4985241384516665,0.5367267384737398,0.24942463636398315,0.5263201600422753,0.5236039189247342,0.5527507306509987,0.5377826887661141,0.01273979286674519,0.5262748650586947,,,,,
logit_D_plus_book_h15,logit,D_plus_book,15,binary,F3,2023-03-01,2024-08-31,2024-09-01,2024-12-01,158109,42,131025,,0.6900513172149658,0.6930974274714531,,,0.07225591010376346,0.5049875977866819,0.5445815812144447,0.24841643869876862,0.5302270559053616,0.5338468309859155,0.5499350119396669,0.5417715110998615,0.007528811641104279,0.5202060675443617,,,,,
logit_D_plus_book_h15,logit,D_plus_book,15,binary,F4,2023-03-01,2024-11-30,2024-12-01,2025-03-01,184317,42,129585,,0.6933920979499817,0.6931423447265447,,,0.03202751105370428,0.5015549639232936,0.5245763995425267,0.2500961422920227,0.516687888258672,0.5178933664355566,0.5263716650767764,0.5220980984647315,0.02088376449440238,0.5097657907936876,,,,,
logit_D_plus_book_h15,logit,D_plus_book,15,binary,F5,2023-03-01,2025-02-28,2025-03-01,2025-06-01,210237,42,132465,,0.6914026737213135,0.6930467858577042,,,0.04811251914918885,0.5070848903483939,0.53266566273265,0.2491278350353241,0.5252557279281319,0.5274334016393443,0.613091959327686,0.5670460100102581,0.006359388547679267,0.5894387196617975,,,,,
logit_D_plus_book_h15,logit,D_plus_book,15,binary,F6,2023-03-01,2025-05-31,2025-06-01,2025-09-01,236733,42,132465,,0.6935154795646667,0.6928742019962586,,,0.04529959509296047,0.5116823311818216,0.530122719236809,0.24980023503303528,0.5206054429471936,0.5342395568150888,0.4922838595455887,0.5124043090673157,0.01831262320312698,0.4714981315819273,,,,,
logit_D_plus_book_h15,logit,D_plus_book,15,binary,F7,2023-03-01,2025-08-31,2025-09-01,2025-10-01,263229,42,43185,,0.690054178237915,0.6931462472877765,,,0.07791094558524556,0.5006831075604955,0.5478684002626949,0.24845264852046967,0.5372235729998842,0.5346601736184629,0.5839422810100823,0.5582156199571148,0.010389426110780992,0.5468333912238046,,,,,
logit_E_all_h15,logit,E_all,15,binary,F1,2023-03-01,2024-02-29,2024-03-01,2024-06-01,105117,47,132465,,0.6909987330436707,0.6931185141219184,,,0.061434928351918675,0.5037859057109425,0.5410105791325139,0.2489100843667984,0.5280111727626166,0.5297407219115404,0.5621122666107232,0.5454466142236052,0.012847011898722404,0.5345713962178689,,,,,
logit_E_all_h15,logit,E_all,15,binary,F2,2023-03-01,2024-05-31,2024-06-01,2024-09-01,131613,47,132465,,0.6919487118721008,0.6931428242189998,,,0.05449279962394588,0.4985241384516665,0.5373539501224947,0.24937474727630615,0.5273543955006983,0.5246917137259421,0.5515392885806442,0.537780632396477,0.012342583385980911,0.5240327633714567,,,,,
logit_E_all_h15,logit,E_all,15,binary,F3,2023-03-01,2024-08-31,2024-09-01,2024-12-01,158109,47,131025,,0.6902256011962891,0.6930974274714531,,,0.0701761724678621,0.5049875977866819,0.543506048444447,0.24850481748580933,0.5295325319595497,0.5333707152237749,0.5462926578605326,0.5397543584574607,0.008925427547553846,0.5172219042167525,,,,,
logit_E_all_h15,logit,E_all,15,binary,F4,2023-03-01,2024-11-30,2024-12-01,2025-03-01,184317,47,129585,,0.6934126019477844,0.6931423447265447,,,0.03155832541506459,0.5015549639232936,0.5243988278119536,0.2501072883605957,0.516711039086314,0.5179244854377755,0.5261562605778995,0.52200792239412,0.02091250264309307,0.5095265655747193,,,,,
logit_E_all_h15,logit,E_all,15,binary,F5,2023-03-01,2025-02-28,2025-03-01,2025-06-01,210237,47,132465,,0.6914068460464478,0.6930467858577042,,,0.047920588829413746,0.5070848903483939,0.5328906619946767,0.24912963807582855,0.5253236704035028,0.5280724010305639,0.6011225082252758,0.5622345684169486,0.0055099088334012985,0.5772317215868342,,,,,
logit_E_all_h15,logit,E_all,15,binary,F6,2023-03-01,2025-05-31,2025-06-01,2025-09-01,236733,47,132465,,0.6935793161392212,0.6928742019962586,,,0.044856183115754025,0.5116823311818216,0.5298265499740178,0.2498333603143692,0.5203789680292907,0.5342130278569932,0.4891856004721157,0.5107087572296626,0.01858656118762312,0.46855395764919033,,,,,
logit_E_all_h15,logit,E_all,15,binary,F7,2023-03-01,2025-08-31,2025-09-01,2025-10-01,263229,47,43185,,0.6901143789291382,0.6931462472877765,,,0.07739345635096528,0.5006831075604955,0.5476055018292849,0.24848221242427826,0.5381498205395392,0.5356187077864152,0.5831560447692166,0.5583774328543276,0.009599330697303095,0.5451198332754429,,,,,
logit_E_all_h30,logit,E_all,30,binary,F1,2023-03-01,2024-02-29,2024-03-01,2024-06-01,105114,47,132450,,0.691103994846344,0.6930188366048314,,,0.06734480988466611,0.508010570026425,0.5432532292162522,0.24895025789737701,0.5309097772744432,0.5358229906464121,0.5729720892904914,0.5537752177941209,0.013769979558606643,0.5432314080785202,,,,,
logit_E_all_h30,logit,E_all,30,binary,F2,2023-03-01,2024-05-31,2024-06-01,2024-09-01,131610,47,132450,,0.6932224631309509,0.6931467423224703,,,0.05135927610340004,0.500468101170253,0.5333421135104061,0.24998481571674347,0.5248697621744054,0.5221705467325529,0.5962104183324031,0.556739661766674,0.02046177429561572,0.5714307285768214,,,,,
logit_E_all_h30,logit,E_all,30,binary,F3,2023-03-01,2024-08-31,2024-09-01,2024-12-01,158106,47,131010,,0.6900044083595276,0.6929589286213148,,,0.07141991334219726,0.5097015495000382,0.543582366342743,0.24844758212566376,0.5324097397145257,0.537653048688934,0.589867617107943,0.5625513257210595,0.012042261878367296,0.5592015876650638,,,,,
logit_E_all_h30,logit,E_all,30,binary,F4,2023-03-01,2024-11-30,2024-12-01,2025-03-01,184314,47,129570,,0.6934254765510559,0.6931443184593842,,,0.04040966560241395,0.4988037354325847,0.527655510191128,0.25011441111564636,0.5212086131048854,0.5169772283839879,0.6108618288720409,0.5600119151471308,0.021470980537915723,0.5893879756116385,,,,,
logit_E_all_h30,logit,E_all,30,binary,F5,2023-03-01,2025-02-28,2025-03-01,2025-06-01,210234,47,132450,,0.6915247440338135,0.6928542022079306,,,0.04333638064376512,0.5121026802567007,0.529732362415397,0.24919010698795319,0.5227104567761419,0.5271123654965603,0.6608332841894203,0.5864466875568319,0.009659858730074232,0.6420158550396377,,,,,
logit_E_all_h30,logit,E_all,30,binary,F6,2023-03-01,2025-05-31,2025-06-01,2025-09-01,236730,47,132450,,0.6926653981208801,0.6924952826134679,,,0.04810924099321598,0.5180520951302379,0.5327411946760564,0.24950093030929565,0.5235258588146471,0.5398509298791518,0.5436195639500991,0.541728692697025,0.017844040606912023,0.5216685541713855,,,,,
logit_E_all_h30,logit,E_all,30,binary,F7,2023-03-01,2025-08-31,2025-09-01,2025-10-01,263226,47,43170,,0.6893320679664612,0.693143815115394,,,0.07901509408382855,0.501297197127635,0.5525617606056189,0.24809537827968597,0.5382673152652305,0.5344521542681943,0.6121713414352387,0.5706778091279158,0.013460144012621045,0.5741950428538337,,,,,
logit_E_all_h5,logit,E_all,5,binary,F1,2023-03-01,2024-02-29,2024-03-01,2024-06-01,105119,47,132475,,0.6926358938217163,0.6931392678631599,,,0.046133960376943325,0.5019890545385922,0.5294599528748211,0.24972812831401825,0.5207850537837327,0.5183063723408128,0.6422459812634397,0.5736581958845968,0.014464039949678792,0.622026797508964,,,,,
logit_E_all_h5,logit,E_all,5,binary,F2,2023-03-01,2024-05-31,2024-06-01,2024-09-01,131615,47,132475,,0.6933797597885132,0.6931470203001078,,,0.03438236624730052,0.4997169277222117,0.5211448203436884,0.25009825825691223,0.516006793734667,0.5141764329562933,0.570619335347432,0.5409294965883137,0.013001954503769371,0.5545725608605397,,,,,
logit_E_all_h5,logit,E_all,5,binary,F3,2023-03-01,2024-08-31,2024-09-01,2024-12-01,158111,47,131035,,0.691230058670044,0.6931364511876832,,,0.05453917357836666,0.50231617506773,0.5344062339973846,0.24905425310134888,0.5238753004922349,0.5242708834262114,0.5631485392200057,0.5430147301187346,0.00445112801496069,0.5395657648719807,,,,,
logit_E_all_h5,logit,E_all,5,binary,F4,2023-03-01,2024-11-30,2024-12-01,2025-03-01,184319,47,129595,,0.692819356918335,0.6931470838339433,,,0.03006760066728166,0.5002199158918168,0.5214976882997413,0.24982427060604095,0.5133840040125005,0.5129034619044134,0.5405084379724184,0.5263442515829083,0.01333812690198806,0.5271422508584436,,,,,
logit_E_all_h5,logit,E_all,5,binary,F5,2023-03-01,2025-02-28,2025-03-01,2025-06-01,210239,47,132475,,0.6917406320571899,0.6931309400970994,,,0.044387723201494485,0.5028495942630685,0.5281320793125757,0.2492978572845459,0.521003963011889,0.5203477141017385,0.6065450724311341,0.5601497244653936,0.0070296442531194185,0.586148329873561,,,,,
logit_E_all_h5,logit,E_all,5,binary,F6,2023-03-01,2025-05-31,2025-06-01,2025-09-01,236735,47,132475,,0.6921948790550232,0.6931160677502244,,,0.04444478961216259,0.5039441404038498,0.5290377113903124,0.24944667518138885,0.5204831100207586,0.5259020907373612,0.4920760934691432,0.5084270967142835,0.007641675640308847,0.4715304774485752,,,,,
logit_E_all_h5,logit,E_all,5,binary,F7,2023-03-01,2025-08-31,2025-09-01,2025-10-01,263231,47,43195,,0.6918540000915527,0.6931321282927577,,,0.05360489186887742,0.4972566269244125,0.5287902369370603,0.24935458600521088,0.5205926611876375,0.5177005372147482,0.5249313282741283,0.5212908594941976,0.007338703932316711,0.504201875217039,,,,,
logit_E_all_h60,logit,E_all,60,binary,F1,2023-03-01,2024-02-29,2024-03-01,2024-06-01,105108,47,132420,,0.6902205944061279,0.6928692291536834,,,0.08362385442526984,0.5117882495091376,0.5492763709086894,0.24849578738212585,0.534700196344963,0.5365323901535832,0.6670257189653391,0.594704818286466,0.01585519094469686,0.6362634043195892,,,,,
logit_E_all_h60,logit,E_all,60,binary,F2,2023-03-01,2024-05-31,2024-06-01,2024-09-01,131604,47,132420,,0.6944873332977295,0.6931312266056867,,,0.046155097587784605,0.49717565322458845,0.535633770259045,0.25048592686653137,0.5277601570759703,0.520781411273066,0.6284403669724771,0.5695681502181963,0.02463830913856048,0.5999546896239238,,,,,
logit_E_all_h60,logit,E_all,60,binary,F3,2023-03-01,2024-08-31,2024-09-01,2024-12-01,158100,47,130980,,0.690621018409729,0.6928082444339908,,,0.0716067591706919,0.5130172545426783,0.5460048109871387,0.24843311309814453,0.5355703160787907,0.5418750328999316,0.612783689262594,0.5751520781098315,0.01405282478821079,0.5801496411665903,,,,,
logit_E_all_h60,logit,E_all,60,binary,F4,2023-03-01,2024-11-30,2024-12-01,2025-03-01,184308,47,129540,,0.6937930583953857,0.693133240121265,,,0.031765546966487763,0.5026401111625752,0.526454392451717,0.2503243088722229,0.5175930214605527,0.5166664547061591,0.6239402875046074,0.5652588299951997,0.02869269099751978,0.6070016983171221,,,,,
logit_E_all_h60,logit,E_all,60,binary,F5,2023-03-01,2025-02-28,2025-03-01,2025-06-01,210228,47,132420,,0.692731499671936,0.6924790669799286,,,0.03451377889046941,0.518275185017369,0.5221228423797057,0.24978677928447723,0.5186678749433621,0.5295853693937781,0.6379717324785079,0.5787477033296763,0.015605621515867335,0.6243467754115692,,,,,
logit_E_all_h60,logit,E_all,60,binary,F6,2023-03-01,2025-05-31,2025-06-01,2025-09-01,236724,47,132420,,0.6933070421218872,0.6921770317569074,,,0.041340364334319826,0.522020842772995,0.5292824613689495,0.25006258487701416,0.5221945325479534,0.5419346521321855,0.547304921447791,0.5446065482916718,0.020671507849413857,0.5271937773750188,,,,,
logit_E_all_h60,logit,E_all,60,binary,F7,2023-03-01,2025-08-31,2025-09-01,2025-10-01,263220,47,43140,,0.6905984878540039,0.6931344125104256,,,0.0746954220808595,0.5025266573945294,0.5455016585287328,0.2487272024154663,0.5280250347705147,0.5256839971938577,0.6221689192305918,0.5698713479941695,0.029792948022284445,0.5947612424663885,,,,,
rf_A_price_h15,rf,A_price,15,binary,F1,2023-03-01,2024-02-29,2024-03-01,2024-06-01,35039,16,132465,,0.6913255581091213,0.6931185141219184,,,0.049538411407494036,0.5037859057109425,0.535874143649578,0.24908988115239503,0.5218737024874495,0.5236202415532794,0.5645547996523511,0.5433175902224465,0.013854936097378565,0.5431698939342468,,,,,
rf_A_price_h15,rf,A_price,15,binary,F2,2023-03-01,2024-05-31,2024-06-01,2024-09-01,43871,16,132465,,0.6898616529873661,0.6931428242189998,,,0.07347960724790203,0.4985241384516665,0.5479825239870495,0.24836001585332868,0.5357113199713132,0.5312581850263989,0.5835819313415207,0.5561921805770036,0.00816200834645308,0.5476239006530027,,,,,
rf_A_price_h15,rf,A_price,15,binary,F3,2023-03-01,2024-08-31,2024-09-01,2024-12-01,52703,16,131025,,0.6906408112115276,0.6930974274714531,,,0.062203553911378134,0.5049875977866819,0.540383506781421,0.24874980340227446,0.5280900591490174,0.5320154832609402,0.5442372215337182,0.5380569584317006,0.008545789644203666,0.5165884373211219,,,,,
rf_A_price_h15,rf,A_price,15,binary,F4,2023-03-01,2024-11-30,2024-12-01,2025-03-01,61439,16,129585,,0.6931233346990983,0.6931423447265447,,,0.033967319628810846,0.5015549639232936,0.5261839309543496,0.2499815728932666,0.5169271134776402,0.5170766488413547,0.5578976520909622,0.5367120834227607,0.02017407967973998,0.5411505961338118,,,,,
rf_A_price_h15,rf,A_price,15,binary,F5,2023-03-01,2025-02-28,2025-03-01,2025-06-01,70079,16,132465,,0.6912240663333206,0.6930467858577042,,,0.048985907108332734,0.5070848903483939,0.5350449438109867,0.2490403865013015,0.5246442456497943,0.5299533915819781,0.5535275639785027,0.5414840166023447,0.012670260917623343,0.529641792171517,,,,,
rf_A_price_h15,rf,A_price,15,binary,F6,2023-03-01,2025-05-31,2025-06-01,2025-09-01,78911,16,132465,,0.692210265331181,0.6928742019962586,,,0.04364293850978262,0.5116823311818216,0.5287903055534375,0.24953023674417635,0.519993960668856,0.5303196716573212,0.5413986426674535,0.5358018923023011,0.01859923840271068,0.5223719473068358,,,,,
rf_A_price_h15,rf,A_price,15,binary,F7,2023-03-01,2025-08-31,2025-09-01,2025-10-01,87743,16,43185,,0.6901711513198721,0.6931462472877765,,,0.07229447452144645,0.5006831075604955,0.543982675730527,0.2485158593648688,0.5317818687044112,0.5302991009681881,0.5674313199519009,0.548237186648197,0.006546288706707169,0.5357415769364363,,,,,
rf_B_price_volume_h15,rf,B_price_volume,15,binary,F1,2023-03-01,2024-02-29,2024-03-01,2024-06-01,35039,22,132465,,0.6911450280042403,0.6931185141219184,,,0.051907544382272984,0.5037859057109425,0.5368011651707456,0.24900061999463008,0.5238742309289246,0.5246607796683179,0.5840501093895166,0.5527648168370892,0.012812169819462376,0.5608122900388782,,,,,
rf_B_price_volume_h15,rf,B_price_volume,15,binary,F2,2023-03-01,2024-05-31,2024-06-01,2024-09-01,43871,22,132465,,0.6899112088634418,0.6931428242189998,,,0.07419272390850412,0.4985241384516665,0.5480749052670236,0.2483841548650215,0.5350092477258144,0.5295220119098256,0.6032527219589018,0.5639878529613715,0.010852472893796894,0.5679387007888876,,,,,
rf_B_price_volume_h15,rf,B_price_volume,15,binary,F3,2023-03-01,2024-08-31,2024-09-01,2024-12-01,52703,22,131025,,0.6905921595494797,0.6930974274714531,,,0.062384405886078624,0.5049875977866819,0.5405967352335893,0.24872550372082422,0.5282427017744705,0.5314695423400503,0.5556630293504217,0.5432970800331008,0.00670024051279307,0.5279755771799275,,,,,
rf_B_price_volume_h15,rf,B_price_volume,15,binary,F4,2023-03-01,2024-11-30,2024-12-01,2025-03-01,61439,22,129585,,0.6929107549279142,0.6931423447265447,,,0.035432487802787384,0.5015549639232936,0.5269495923358485,0.2498767652220006,0.5186634255507968,0.5181616525717455,0.5750530818229375,0.5451270383010998,0.019374393470246706,0.5566230659412741,,,,,
rf_B_price_volume_h15,rf,B_price_volume,15,binary,F5,2023-03-01,2025-02-28,2025-03-01,2025-06-01,70079,22,132465,,0.6912592505213563,0.6930467858577042,,,0.046893268062211516,0.5070848903483939,0.5342143276306793,0.24905813500010363,0.5225908730608085,0.5273651235642186,0.5639040657426568,0.5450228783562117,0.01381992299249537,0.5422186992790549,,,,,
rf_B_price_volume_h15,rf,B_price_volume,15,binary,F6,2023-03-01,2025-05-31,2025-06-01,2025-09-01,78911,22,132465,,0.6921688446352916,0.6928742019962586,,,0.0430319047496853,0.5116823311818216,0.5286244543745636,0.24950978649069452,0.520235533914619,0.5306848201585044,0.5394069046916494,0.5350103165196014,0.01779711862161321,0.5200920997999472,,,,,
rf_B_price_volume_h15,rf,B_price_volume,15,binary,F7,2023-03-01,2025-08-31,2025-09-01,2025-10-01,87743,22,43185,,0.690159469592371,0.6931462472877765,,,0.0738841406158119,0.5006831075604955,0.5447753486370288,0.24850921069863685,0.5319902744008336,0.5306007373671655,0.5657663490888909,0.5476195805447993,0.005973032445627884,0.5338659256686349,,,,,
rf_C_plus_flow_h15,rf,C_plus_flow,15,binary,F1,2023-03-01,2024-02-29,2024-03-01,2024-06-01,35039,35,132465,,0.6912419540618898,0.6931185141219184,,,0.05026024239464964,0.5037859057109425,0.5355634544182108,0.24904909374287812,0.5223794964707659,0.5230568638407705,0.5891149938562052,0.554124147262784,0.012741456800352732,0.567410259313781,,,,,
rf_C_plus_flow_h15,rf,C_plus_flow,15,binary,F2,2023-03-01,2024-05-31,2024-06-01,2024-09-01,43871,35,132465,,0.689863511567665,0.6931428242189998,,,0.07427157243038891,0.4985241384516665,0.5477554328536927,0.24836135933224918,0.5353187634469483,0.5304051762727039,0.5921225979375199,0.5595672519641094,0.008045873773282534,0.5565319140905145,,,,,
rf_C_plus_flow_h15,rf,C_plus_flow,15,binary,F3,2023-03-01,2024-08-31,2024-09-01,2024-12-01,52703,35,131025,,0.6907709596886873,0.6930974274714531,,,0.0593675019137526,0.5049875977866819,0.5385184524893718,0.24881549719586885,0.5267773325701202,0.5299364156860489,0.556751201523441,0.5430129716981132,0.008873393595077633,0.5305399732875405,,,,,
rf_C_plus_flow_h15,rf,C_plus_flow,15,binary,F4,2023-03-01,2024-11-30,2024-12-01,2025-03-01,61439,35,129585,,0.6928863163098423,0.6931423447265447,,,0.03554074570895898,0.5015549639232936,0.5263654564465837,0.24986460325588988,0.5183315970212602,0.5179639466309758,0.5716219958765425,0.5434717417221934,0.017472205793040173,0.5535131380946868,,,,,
rf_C_plus_flow_h15,rf,C_plus_flow,15,binary,F5,2023-03-01,2025-02-28,2025-03-01,2025-06-01,70079,35,132465,,0.6912076557605493,0.6930467858577042,,,0.04801449193060062,0.5070848903483939,0.5346808257570868,0.24903260208827024,0.52350432189635,0.5284071789119461,0.5610456893599917,0.5442375316807591,0.014976904669066666,0.538406371494357,,,,,
rf_C_plus_flow_h15,rf,C_plus_flow,15,binary,F6,2023-03-01,2025-05-31,2025-06-01,2025-09-01,78911,35,132465,,0.692112964003267,0.6928742019962586,,,0.04356531017118445,0.5116823311818216,0.5288585872936721,0.24948183679021474,0.521760465028498,0.5317535409140433,0.547255827677781,0.53939332247557,0.017893504677627934,0.5265994791076888,,,,,
rf_C_plus_flow_h15,rf,C_plus_flow,15,binary,F7,2023-03-01,2025-08-31,2025-09-01,2025-10-01,87743,35,43185,,0.6901777770936056,0.6931462472877765,,,0.07515749067731467,0.5006831075604955,0.5456474471233924,0.2485174561627603,0.5337269885376867,0.5317331511061758,0.5758024234575895,0.5528910205169199,0.0087765433044054,0.5421789973370383,,,,,
rf_D_plus_book_h15,rf,D_plus_book,15,binary,F1,2023-03-01,2024-02-29,2024-03-01,2024-06-01,35039,42,132465,,0.6908630195512212,0.6931185141219184,,,0.05654438180593597,0.5037859057109425,0.5391604894765769,0.24885977203187412,0.5249990563545087,0.5259067005476213,0.5799442563011359,0.5516052022091573,0.01154607797131769,0.5555505227796022,,,,,
rf_D_plus_book_h15,rf,D_plus_book,15,binary,F2,2023-03-01,2024-05-31,2024-06-01,2024-09-01,43871,42,132465,,0.6899660027138823,0.6931428242189998,,,0.07077690009911199,0.4985241384516665,0.546537963025611,0.2484128284713103,0.5341410938738534,0.5297204478329556,0.5839302209367476,0.5555059352310706,0.009434230701760195,0.5495413882912468,,,,,
rf_D_plus_book_h15,rf,D_plus_book,15,binary,F3,2023-03-01,2024-08-31,2024-09-01,2024-12-01,52703,42,131025,,0.6903556689010665,0.6930974274714531,,,0.06554507129272773,0.5049875977866819,0.5422466167471,0.24860839199051232,0.5298836099980919,0.5318685917555974,0.5762325061209684,0.5531624725246824,0.008815324334946613,0.5471093302804808,,,,,
rf_D_plus_book_h15,rf,D_plus_book,15,binary,F4,2023-03-01,2024-11-30,2024-12-01,2025-03-01,61439,42,129585,,0.6929659500881468,0.6931423447265447,,,0.035976194861951735,0.5015549639232936,0.5268333888318588,0.2499034128426366,0.5175521858239766,0.5175867261414325,0.5605902083269225,0.538230862410258,0.02016591506699565,0.5432264536790523,,,,,
rf_D_plus_book_h15,rf,D_plus_book,15,binary,F5,2023-03-01,2025-02-28,2025-03-01,2025-06-01,70079,42,132465,,0.6912427553279809,0.6930467858577042,,,0.047528523126517244,0.5070848903483939,0.5339348453660893,0.2490507737967377,0.5215113426188049,0.5277005879427853,0.5371514492861502,0.5323840790881257,0.015073673935550324,0.5161665345562979,,,,,
rf_D_plus_book_h15,rf,D_plus_book,15,binary,F6,2023-03-01,2025-05-31,2025-06-01,2025-09-01,78911,42,132465,,0.6921730290222458,0.6928742019962586,,,0.044501759953156354,0.5116823311818216,0.5295887006539375,0.2495116936487992,0.5216019325859661,0.5317600956620708,0.5445559161994689,0.5380819441508554,0.01998370718485558,0.5239950175518061,,,,,
rf_D_plus_book_h15,rf,D_plus_book,15,binary,F7,2023-03-01,2025-08-31,2025-09-01,2025-10-01,87743,42,43185,,0.6899639429676884,0.6931462472877765,,,0.08027425031756036,0.5006831075604955,0.5486280737292959,0.24840970493381706,0.5369456987379877,0.5328322624964642,0.6098418277680141,0.5687420474886239,0.012836392057601077,0.5730461965960403,,,,,
rf_E_all_h15,rf,E_all,15,binary,F1,2023-03-01,2024-02-29,2024-03-01,2024-06-01,35039,47,132465,,0.6908888583453426,0.6931185141219184,,,0.055041072401650064,0.5037859057109425,0.5386428812800397,0.2488728575080862,0.5246517948137244,0.5253591480080244,0.5847094434621033,0.5534477011779557,0.011972734123433889,0.5606990525799268,,,,,
rf_E_all_h15,rf,E_all,15,binary,F2,2023-03-01,2024-05-31,2024-06-01,2024-09-01,43871,47,132465,,0.6899123187580607,0.6931428242189998,,,0.07211114720041237,0.4985241384516665,0.5471583431244238,0.24838592443201452,0.5336654965462575,0.5290788073869991,0.5874131168890168,0.5567220408309712,0.008438292124902252,0.5534896010266863,,,,,
rf_E_all_h15,rf,E_all,15,binary,F3,2023-03-01,2024-08-31,2024-09-01,2024-12-01,52703,47,131025,,0.6905058684078167,0.6930974274714531,,,0.06383918370624783,0.5049875977866819,0.5411547754270256,0.2486830986691039,0.5293798893340965,0.531857993859041,0.5680863283257263,0.5493755435219492,0.008268510576338723,0.5393856134325511,,,,,
rf_E_all_h15,rf,E_all,15,binary,F4,2023-03-01,2024-11-30,2024-12-01,2025-03-01,61439,47,129585,,0.6930249036820058,0.6931423447265447,,,0.03600744658499272,0.5015549639232936,0.5264962414416835,0.2499327021067996,0.5168190762819771,0.5169855469474526,0.5575130012001108,0.5364849759037037,0.019181716778693278,0.5408727862021068,,,,,
rf_E_all_h15,rf,E_all,15,binary,F5,2023-03-01,2025-02-28,2025-03-01,2025-06-01,70079,47,132465,,0.6912123992544643,0.6930467858577042,,,0.04778536528166715,0.5070848903483939,0.5341508945087101,0.24903570085421803,0.5222813573396746,0.5282457159453965,0.5415283381221062,0.5348045666061413,0.015103870382457868,0.5198354282263239,,,,,
rf_E_all_h15,rf,E_all,15,binary,F6,2023-03-01,2025-05-31,2025-06-01,2025-09-01,78911,47,132465,,0.6922215423410512,0.6928742019962586,,,0.044101134322558654,0.5116823311818216,0.5291569458208998,0.24953598495416648,0.5215037934548749,0.5318089725036179,0.542165830628504,0.536937463471654,0.020446062033119515,0.5216472275695466,,,,,
rf_E_all_h15,rf,E_all,15,binary,F7,2023-03-01,2025-08-31,2025-09-01,2025-10-01,87743,47,43185,,0.6897890206340399,0.6931462472877765,,,0.08136286254103788,0.5006831075604955,0.5496224238210969,0.24832304184186896,0.5365751997221258,0.5324016271295662,0.6113680510591065,0.5691588986243569,0.01187097966714642,0.574945004052333,,,,,
tune_lgbm_E_h15_g0,lgbm,E_all,15,binary,F1,2023-03-01,2024-02-29,2024-03-01,2024-06-01,105117,47,132465,,0.6905739806439426,0.6931185141219184,,,0.065277108059922,0.5037859057109425,0.5426772756810657,0.24871137871953095,0.5277016570414826,0.5304893203315741,0.5437408217700123,0.537033337033337,0.01302898619096702,0.5163703619824105,,,,,
tune_lgbm_E_h15_g0,lgbm,E_all,15,binary,F2,2023-03-01,2024-05-31,2024-06-01,2024-09-01,131613,47,132465,,0.6910320794727512,0.6931428242189998,,,0.06130506310775791,0.4985241384516665,0.5409758966568644,0.24893939452187208,0.5267806590420111,0.5234753620752444,0.5659403061919833,0.5438802017012173,0.013716441381270468,0.538965009625184,,,,,
tune_lgbm_E_h15_g0,lgbm,E_all,15,binary,F3,2023-03-01,2024-08-31,2024-09-01,2024-12-01,158109,47,131025,,0.6903401951865983,0.6930974274714531,,,0.06810337044142988,0.5049875977866819,0.5429850637002027,0.24860024185611584,0.5309444762449914,0.5327763854079643,0.5783030559501859,0.5546069891148377,0.00791490199899682,0.5481396680022896,,,,,
tune_lgbm_E_h15_g0,lgbm,E_all,15,binary,F4,2023-03-01,2024-11-30,2024-12-01,2025-03-01,184317,47,129585,,0.6929618059243985,0.6931423447265447,,,0.03865098990970399,0.5015549639232936,0.5284106138673195,0.24989913242822423,0.5200293243816799,0.5192888570128132,0.5792842416223036,0.5476483123268144,0.018716491773188793,0.5595014855114404,,,,,
tune_lgbm_E_h15_g0,lgbm,E_all,15,binary,F5,2023-03-01,2025-02-28,2025-03-01,2025-06-01,210237,47,132465,,0.6916042150624758,0.6930467858577042,,,0.04620151234822213,0.5070848903483939,0.532893265929019,0.24922763678182402,0.5217906616842185,0.5246370463884988,0.6063033154188564,0.5625215817898037,0.014391368835499366,0.5860189484014645,,,,,
tune_lgbm_E_h15_g0,lgbm,E_all,15,binary,F6,2023-03-01,2025-05-31,2025-06-01,2025-09-01,236733,47,132465,,0.6919169321578635,0.6928742019962586,,,0.047008918931021416,0.5116823311818216,0.5311764417356072,0.24938389660340618,0.522553127241158,0.5319866269802085,0.5563883151372087,0.5439139245253085,0.016167666897228775,0.5351526818404861,,,,,
tune_lgbm_E_h15_g0,lgbm,E_all,15,binary,F7,2023-03-01,2025-08-31,2025-09-01,2025-10-01,263229,47,43185,,0.6894478421920529,0.6931462472877765,,,0.08372785566054866,0.5006831075604955,0.5523236184924061,0.2481543399768391,0.5371772606229015,0.5323033152882601,0.6230228471001757,0.5741013019668009,0.017822865798481084,0.5860136621512099,,,,,
tune_lgbm_E_h15_g1,lgbm,E_all,15,binary,F1,2023-03-01,2024-02-29,2024-03-01,2024-06-01,105117,47,132465,,0.6921961161754017,0.6931185141219184,,,0.06804678603882504,0.5037859057109425,0.5424825574661172,0.249488957989009,0.5282527460083796,0.5355694123168728,0.4787814307549375,0.5055857965694032,0.023621009885481072,0.45036802174159213,,,,,
tune_lgbm_E_h15_g1,lgbm,E_all,15,binary,F2,2023-03-01,2024-05-31,2024-06-01,2024-09-01,131613,47,132465,,0.6922125768621065,0.6931428242189998,,,0.0583067056537421,0.4985241384516665,0.5386470625882196,0.24951197161543937,0.5256482844524969,0.5232764386031229,0.5450277874524888,0.5339306774267721,0.021735211522213395,0.5192465934397765,,,,,
tune_lgbm_E_h15_g1,lgbm,E_all,15,binary,F3,2023-03-01,2024-08-31,2024-09-01,2024-12-01,158109,47,131025,,0.6913936322491425,0.6930974274714531,,,0.060313939434168094,0.5049875977866819,0.5391467863493564,0.24911893652667141,0.5275939706162946,0.530507239127017,0.5609829821962942,0.5453196506357753,0.016181511202830724,0.5339973287540546,,,,,
tune_lgbm_E_h15_g1,lgbm,E_all,15,binary,F4,2023-03-01,2024-11-30,2024-12-01,2025-03-01,184317,47,129585,,0.6936760671616485,0.6931423447265447,,,0.03871022865574697,0.5015549639232936,0.527921234742835,0.25024622609059133,0.5205772273025427,0.5201291409320606,0.5701141643844048,0.5439758063332207,0.023006071924946345,0.5497549870741212,,,,,
tune_lgbm_E_h15_g1,lgbm,E_all,15,binary,F5,2023-03-01,2025-02-28,2025-03-01,2025-06-01,210237,47,132465,,0.6927210082506189,0.6930467858577042,,,0.04591899552022367,0.5070848903483939,0.530657576308203,0.24977465459729686,0.5205752462914732,0.5241008235325072,0.5930982120260231,0.5564689038656284,0.021592284944688362,0.5738421469822217,,,,,
tune_lgbm_E_h15_g1,lgbm,E_all,15,binary,F6,2023-03-01,2025-05-31,2025-06-01,2025-09-01,236733,47,132465,,0.6927678266706697,0.6928742019962586,,,0.043628548097236396,0.5116823311818216,0.5290513539831327,0.2498008327076418,0.5196240516362813,0.5301595613154718,0.5377544998524638,0.5339300232181702,0.022371454046939878,0.5190125693579436,,,,,
tune_lgbm_E_h15_g1,lgbm,E_all,15,binary,F7,2023-03-01,2025-08-31,2025-09-01,2025-10-01,263229,47,43185,,0.6894324045744704,0.6931462472877765,,,0.08332988352123318,0.5006831075604955,0.552077515230693,0.2481467890419938,0.5384508509899271,0.5339275676543804,0.6150217371196004,0.5716127922971114,0.01621229154501875,0.5767280305661688,,,,,
tune_lgbm_E_h15_g2,lgbm,E_all,15,binary,F1,2023-03-01,2024-02-29,2024-03-01,2024-06-01,105117,47,132465,,0.6905660766304315,0.6931185141219184,,,0.060267731251059255,0.5037859057109425,0.5408926380910939,0.24871393637358746,0.5281772543690786,0.5302999942749184,0.555204243713849,0.5424664353376963,0.011091306273325227,0.5274449854678595,,,,,
tune_lgbm_E_h15_g2,lgbm,E_all,15,binary,F2,2023-03-01,2024-05-31,2024-06-01,2024-09-01,131613,47,132465,,0.690981761546681,0.6931428242189998,,,0.06104236029829982,0.4985241384516665,0.5406950186937496,0.24891654452331244,0.5269995847959839,0.5240623443171305,0.557535926828899,0.5402811610365978,0.013731069416769078,0.5303665119088061,,,,,
tune_lgbm_E_h15_g2,lgbm,E_all,15,binary,F3,2023-03-01,2024-08-31,2024-09-01,2024-12-01,158109,47,131025,,0.6903613646133409,0.6930974274714531,,,0.0683215142324476,0.5049875977866819,0.5431406724924479,0.2486100105649055,0.5303186414806335,0.5327796831155579,0.5681770093401445,0.5499093089930372,0.00891634654827651,0.538538446861286,,,,,
tune_lgbm_E_h15_g2,lgbm,E_all,15,binary,F4,2023-03-01,2024-11-30,2024-12-01,2025-03-01,184317,47,129585,,0.6931947389603135,0.6931423447265447,,,0.03715992163424154,0.5015549639232936,0.5276622092810164,0.2500132928004749,0.5192884978971332,0.5194101499058597,0.5560359417792412,0.5370993750510883,0.02102212104084626,0.536921711617857,,,,,
tune_lgbm_E_h15_g2,lgbm,E_all,15,binary,F5,2023-03-01,2025-02-28,2025-03-01,2025-06-01,210237,47,132465,,0.6913682633945805,0.6930467858577042,,,0.048018699013322785,0.5070848903483939,0.5341797474373342,0.24911091211701045,0.5228626429622919,0.5253356154759928,0.6122880409700615,0.5654887941702186,0.014245138814779798,0.5910164949231873,,,,,
tune_lgbm_E_h15_g2,lgbm,E_all,15,binary,F6,2023-03-01,2025-05-31,2025-06-01,2025-09-01,236733,47,132465,,0.6922232373011179,0.6928742019962586,,,0.044703855825483,0.5116823311818216,0.5299556549930909,0.2495365685654217,0.5206507379307742,0.5314903315932652,0.5332546473886102,0.5323710277276577,0.0191977307618566,0.5133808930660929,,,,,
tune_lgbm_E_h15_g2,lgbm,E_all,15,binary,F7,2023-03-01,2025-08-31,2025-09-01,2025-10-01,263229,47,43185,,0.6893680248183037,0.6931462472877765,,,0.08434607148519613,0.5006831075604955,0.5529047329345066,0.24811349885286388,0.538636100497858,0.5339409930438954,0.6177041901766719,0.5727763959173171,0.015483255893919048,0.5792288989232373,,,,,
tune_lgbm_E_h15_g3,lgbm,E_all,15,binary,F1,2023-03-01,2024-02-29,2024-03-01,2024-06-01,105117,47,132465,,0.6913383922619545,0.6931185141219184,,,0.06096528599715809,0.5037859057109425,0.5399432712681176,0.24909234678146255,0.5264258483372967,0.5303687964789802,0.5236611022866905,0.526993605983834,0.019360669516689473,0.49741441135394254,,,,,
tune_lgbm_E_h15_g3,lgbm,E_all,15,binary,F2,2023-03-01,2024-05-31,2024-06-01,2024-09-01,131613,47,132465,,0.6926333728156494,0.6931428242189998,,,0.05561237713036318,0.4985241384516665,0.5360268912273606,0.24972546257808656,0.5234892235684898,0.5208190541466758,0.5523267259263747,0.5361103557753787,0.02424673701374414,0.528683048352395,,,,,
tune_lgbm_E_h15_g3,lgbm,E_all,15,binary,F3,2023-03-01,2024-08-31,2024-09-01,2024-12-01,158109,47,131025,,0.6918172472182241,0.6930974274714531,,,0.05969123907749435,0.5049875977866819,0.5378895575150654,0.249326491134477,0.526670482732303,0.5309238384922765,0.5381615935676933,0.5345182160709728,0.017683514351991114,0.5118717801946193,,,,,
tune_lgbm_E_h15_g3,lgbm,E_all,15,binary,F4,2023-03-01,2024-11-30,2024-12-01,2025-03-01,184317,47,129585,,0.6941895212548185,0.6931423447265447,,,0.035707340714281555,0.5015549639232936,0.5264238626868208,0.25049701047286355,0.5186016900104179,0.5194484155349058,0.5366956949872296,0.5279312275816143,0.026554350343822565,0.5182081259405024,,,,,
tune_lgbm_E_h15_g3,lgbm,E_all,15,binary,F5,2023-03-01,2025-02-28,2025-03-01,2025-06-01,210237,47,132465,,0.6921906375745616,0.6930467858577042,,,0.04526170840132173,0.5070848903483939,0.5315224824311293,0.24951731610778766,0.522311553995395,0.5257853472479738,0.5910437540009825,0.5565079654328948,0.019659019911474722,0.5700222700335937,,,,,
tune_lgbm_E_h15_g3,lgbm,E_all,15,binary,F6,2023-03-01,2025-05-31,2025-06-01,2025-09-01,236733,47,132465,,0.6934257921492099,0.6928742019962586,,,0.04040384392870978,0.5116823311818216,0.5267267373062634,0.2501288713324504,0.5179405880798702,0.5302712376955596,0.5070669814104456,0.5184095811273511,0.024755619780685047,0.4892915109651606,,,,,
tune_lgbm_E_h15_g3,lgbm,E_all,15,binary,F7,2023-03-01,2025-08-31,2025-09-01,2025-10-01,263229,47,43185,,0.6890032123175309,0.6931462472877765,,,0.08761266398676439,0.5006831075604955,0.5546694624630926,0.24793299707064012,0.5354637026745398,0.5308412692140515,0.6213116270465266,0.5725244518314901,0.015144384035990964,0.5860136621512099,,,,,
tune_lgbm_E_h15_g4,lgbm,E_all,15,binary,F1,2023-03-01,2024-02-29,2024-03-01,2024-06-01,105117,47,132465,,0.6916384755041026,0.6931185141219184,,,0.06566576939730259,0.5037859057109425,0.542271087142486,0.24922693500343862,0.5276563620579021,0.53233143407182,0.5138010609284622,0.5229021312287926,0.02244110053758717,0.4862491979013324,,,,,
tune_lgbm_E_h15_g4,lgbm,E_all,15,binary,F2,2023-03-01,2024-05-31,2024-06-01,2024-09-01,131613,47,132465,,0.6925309115458382,0.6931428242189998,,,0.05430435537409882,0.4985241384516665,0.5361220505600367,0.24967466079642203,0.5243196316008002,0.5217553849250856,0.5494798370610415,0.5352588451354521,0.024337144579909237,0.5250141546823689,,,,,
tune_lgbm_E_h15_g4,lgbm,E_all,15,binary,F3,2023-03-01,2024-08-31,2024-09-01,2024-12-01,158109,47,131025,,0.6919246584156401,0.6930974274714531,,,0.058245503358393624,0.5049875977866819,0.5368437727754188,0.24938039585687338,0.5262278191184888,0.5295187505412974,0.5544237221533718,0.5416851244794897,0.017567295345422576,0.5287387903071933,,,,,
tune_lgbm_E_h15_g4,lgbm,E_all,15,binary,F4,2023-03-01,2024-11-30,2024-12-01,2025-03-01,184317,47,129585,,0.6937362252805791,0.6931423447265447,,,0.04003643574418413,0.5015549639232936,0.5280437332270957,0.2502768063924644,0.5203997376239534,0.5203589472027021,0.5594054835830999,0.5391762132502873,0.02491971089969676,0.5391904927267817,,,,,
tune_lgbm_E_h15_g4,lgbm,E_all,15,binary,F5,2023-03-01,2025-02-28,2025-03-01,2025-06-01,210237,47,132465,,0.6927392208326933,0.6930467858577042,,,0.04151972135836446,0.5070848903483939,0.5289389557017002,0.2497886417993393,0.5198882723738346,0.5231378948595408,0.6013309315031784,0.5595157291075065,0.021967190451548445,0.5828784962065451,,,,,
tune_lgbm_E_h15_g4,lgbm,E_all,15,binary,F6,2023-03-01,2025-05-31,2025-06-01,2025-09-01,236733,47,132465,,0.6930770920236429,0.6928742019962586,,,0.040968925368656574,0.5116823311818216,0.5269275144204408,0.24995636365416654,0.5194051258823086,0.5300320886814469,0.5361316022425494,0.533064397828957,0.02485075724379427,0.5175706790472955,,,,,
tune_lgbm_E_h15_g4,lgbm,E_all,15,binary,F7,2023-03-01,2025-08-31,2025-09-01,2025-10-01,263229,47,43185,,0.6894159368191671,0.6931462472877765,,,0.08321494530062733,0.5006831075604955,0.552035787363333,0.24813909464766795,0.5391918490216511,0.5345672073229485,0.6158079733604662,0.5723189340210617,0.014434378264470348,0.5767743429431516,,,,,
tune_lgbm_E_h15_g5,lgbm,E_all,15,binary,F1,2023-03-01,2024-02-29,2024-03-01,2024-06-01,105117,47,132465,,0.6969474382571708,0.6931185141219184,,,0.06442740897680152,0.5037859057109425,0.5405930797346568,0.2517142205640455,0.526531536632318,0.5338149607625207,0.4750052447028501,0.5026959307304386,0.044594116496887125,0.448284452496886,,,,,
tune_lgbm_E_h15_g5,lgbm,E_all,15,binary,F2,2023-03-01,2024-05-31,2024-06-01,2024-09-01,131613,47,132465,,0.6968226034004241,0.6931428242189998,,,0.04958565669633803,0.4985241384516665,0.531627875263802,0.251718947541624,0.5216547767334768,0.5198798137708429,0.5292638975120009,0.5245298875932346,0.041737411414274894,0.5075227418563394,,,,,
tune_lgbm_E_h15_g5,lgbm,E_all,15,binary,F3,2023-03-01,2024-08-31,2024-09-01,2024-12-01,158109,47,131025,,0.6954779980898798,0.6930974274714531,,,0.04738246204530337,0.5049875977866819,0.5299420894554299,0.2511016222348627,0.5216790688799847,0.5263015266026316,0.5283378170057129,0.5273177059764081,0.03493864033643043,0.5069414233924824,,,,,
tune_lgbm_E_h15_g5,lgbm,E_all,15,binary,F4,2023-03-01,2024-11-30,2024-12-01,2025-03-01,184317,47,129585,,0.6965856995399846,0.6931423447265447,,,0.03899090645888352,0.5015549639232936,0.5260938677034198,0.25163953932710786,0.5191032912759964,0.5194241681057626,0.5507123734498569,0.5346108750364069,0.03839180867659338,0.5317667939962187,,,,,
tune_lgbm_E_h15_g5,lgbm,E_all,15,binary,F5,2023-03-01,2025-02-28,2025-03-01,2025-06-01,210237,47,132465,,0.6960260572633891,0.6930467858577042,,,0.03878971722195718,0.5070848903483939,0.5256173544364804,0.25138202480747435,0.5170195900803986,0.5215851168827657,0.5743252296377901,0.5466861280768631,0.03969824228659977,0.5583588117615974,,,,,
tune_lgbm_E_h15_g5,lgbm,E_all,15,binary,F6,2023-03-01,2025-05-31,2025-06-01,2025-09-01,236733,47,132465,,0.6953331047916539,0.6928742019962586,,,0.0385526195078524,0.5116823311818216,0.524208121145822,0.25104780506533503,0.5157890763597932,0.527757860531816,0.5103865447034523,0.5189268651231165,0.03379853233340864,0.4948401464537802,,,,,
tune_lgbm_E_h15_g5,lgbm,E_all,15,binary,F7,2023-03-01,2025-08-31,2025-09-01,2025-10-01,263229,47,43185,,0.6902881013188353,0.6931462472877765,,,0.07520101421983796,0.5006831075604955,0.5474474356810985,0.24856717610286935,0.530716684033808,0.5280768593672354,0.589769679030617,0.5572208870439153,0.017981658701524492,0.5591756396897071,,,,,
tune_lgbm_E_h15_g6,lgbm,E_all,15,binary,F1,2023-03-01,2024-02-29,2024-03-01,2024-06-01,105117,47,132465,,0.6905660766304315,0.6931185141219184,,,0.060267731251059255,0.5037859057109425,0.5408926380910939,0.24871393637358746,0.5281772543690786,0.5302999942749184,0.555204243713849,0.5424664353376963,0.011091306273325227,0.5274449854678595,,,,,
tune_lgbm_E_h15_g6,lgbm,E_all,15,binary,F2,2023-03-01,2024-05-31,2024-06-01,2024-09-01,131613,47,132465,,0.69095910627556,0.6931428242189998,,,0.061832718816141045,0.4985241384516665,0.541079153181677,0.24890485471747906,0.5264711433208772,0.5236476352364764,0.5551281857140694,0.5389285819293758,0.01405561359738633,0.5284943192541426,,,,,
tune_lgbm_E_h15_g6,lgbm,E_all,15,binary,F3,2023-03-01,2024-08-31,2024-09-01,2024-12-01,158109,47,131025,,0.690406565914955,0.6930974274714531,,,0.06779998013504653,0.5049875977866819,0.5428347526380665,0.24863283419648124,0.5288303758824652,0.5315360198141005,0.5643684067345767,0.5474603977451821,0.009672345710556859,0.5361801182980347,,,,,
tune_lgbm_E_h15_g6,lgbm,E_all,15,binary,F4,2023-03-01,2024-11-30,2024-12-01,2025-03-01,184317,47,129585,,0.6930994153751592,0.6931423447265447,,,0.03966560750129635,0.5015549639232936,0.5287647992594572,0.24996514655842053,0.5195508739437434,0.5196516590742524,0.5563744345631905,0.5373864066993111,0.021134256028871787,0.5369988810433306,,,,,
tune_lgbm_E_h15_g6,lgbm,E_all,15,binary,F5,2023-03-01,2025-02-28,2025-03-01,2025-06-01,210237,47,132465,,0.6914801105545639,0.6930467858577042,,,0.04787083872141956,0.5070848903483939,0.5337162733450044,0.2491666441108037,0.5228248971426415,0.525227313246568,0.614014976701255,0.5661612799165391,0.014865679786215783,0.5928056467746197,,,,,
tune_lgbm_E_h15_g6,lgbm,E_all,15,binary,F6,2023-03-01,2025-05-31,2025-06-01,2025-09-01,236733,47,132465,,0.6925864292992316,0.6928742019962586,,,0.041957227671235574,0.5116823311818216,0.5281894650820819,0.24971688191256403,0.5189899218661533,0.5299291365263639,0.5306875184420183,0.5303080563479953,0.021227522337388782,0.5124146000830408,,,,,
tune_lgbm_E_h15_g6,lgbm,E_all,15,binary,F7,2023-03-01,2025-08-31,2025-09-01,2025-10-01,263229,47,43185,,0.6894863826553035,0.6931462472877765,,,0.08218802431346785,0.5006831075604955,0.551686141937816,0.24817245162543267,0.5359962950098414,0.5315940641455241,0.616316714457497,0.5708288712786463,0.011768907175405784,0.5804793331017715,,,,,
tune_lgbm_E_h15_g7,lgbm,E_all,15,binary,F1,2023-03-01,2024-02-29,2024-03-01,2024-06-01,105117,47,132465,,0.6913383922619545,0.6931185141219184,,,0.06096528599715809,0.5037859057109425,0.5399432712681176,0.24909234678146255,0.5264258483372967,0.5303687964789802,0.5236611022866905,0.526993605983834,0.019360669516689473,0.49741441135394254,,,,,
tune_lgbm_E_h15_g7,lgbm,E_all,15,binary,F2,2023-03-01,2024-05-31,2024-06-01,2024-09-01,131613,47,132465,,0.6925773317772221,0.6931428242189998,,,0.05652910874278377,0.4985241384516665,0.5365733383997076,0.2496964881831163,0.524538557354773,0.5219850602340276,0.5491921195693323,0.535243070928894,0.023356365293314557,0.5245083606990526,,,,,
tune_lgbm_E_h15_g7,lgbm,E_all,15,binary,F3,2023-03-01,2024-08-31,2024-09-01,2024-12-01,158109,47,131025,,0.6922493430352212,0.6930974274714531,,,0.058128479491256366,0.5049875977866819,0.5366330964846324,0.24953807884772608,0.5254340774661325,0.5299069627851141,0.5337031103587946,0.5317982621267111,0.020511295463406125,0.5086052280099218,,,,,
tune_lgbm_E_h15_g7,lgbm,E_all,15,binary,F4,2023-03-01,2024-11-30,2024-12-01,2025-03-01,184317,47,129585,,0.6944533214119698,0.6931423447265447,,,0.037495815419863056,0.5015549639232936,0.5268922702952862,0.2506236349699341,0.5189721032526913,0.5198164372131832,0.5367880112010339,0.5281659223374461,0.02797186441082393,0.5179303160087974,,,,,
tune_lgbm_E_h15_g7,lgbm,E_all,15,binary,F5,2023-03-01,2025-02-28,2025-03-01,2025-06-01,210237,47,132465,,0.692647407810258,0.6930467858577042,,,0.044502630400582915,0.5070848903483939,0.530252117932302,0.24974289095601032,0.5199562148492054,0.5236385713908613,0.5906417948221703,0.5551256847422291,0.023698199446151574,0.5719699543275583,,,,,
tune_lgbm_E_h15_g7,lgbm,E_all,15,binary,F6,2023-03-01,2025-05-31,2025-06-01,2025-09-01,236733,47,132465,,0.6945621430356815,0.6928742019962586,,,0.035580601056999714,0.5116823311818216,0.523592666533207,0.2506864466372956,0.5163250669988299,0.5287338517302271,0.503599881971083,0.515860901630673,0.028906756368271024,0.48735892499905636,,,,,
tune_lgbm_E_h15_g7,lgbm,E_all,15,binary,F7,2023-03-01,2025-08-31,2025-09-01,2025-10-01,263229,47,43185,,0.6895301359595626,0.6931462472877765,,,0.08074281100697556,0.5006831075604955,0.5503241855281167,0.24819458399220007,0.5338890818571264,0.5305279515805832,0.5999907501618722,0.5631253391209984,0.012763347282689753,0.5662382771795762,,,,,
